age,workclass,education,education_num,marital_status,occupation,relationship,race,sex,capital_gain,capital_loss,hours_per_week,native_country,income_over_50k,age_band,predicted_high_income
29,Private,Assoc-voc,11,Married-civ-spouse,Prof-specialty,Husband,White,Male,0,0,40,United-States,0,25-44,0
37,Private,1st-4th,2,Married-civ-spouse,Transport-moving,Husband,White,Male,0,0,40,Cuba,0,25-44,0
41,Private,Bachelors,13,Married-civ-spouse,Sales,Husband,White,Male,0,0,48,United-States,1,25-44,1
18,Private,12th,8,Never-married,Other-service,Own-child,White,Male,0,0,15,United-States,0,under25,0
20,Private,10th,6,Never-married,Handlers-cleaners,Own-child,White,Male,0,0,40,United-States,0,under25,0
38,Private,Some-college,10,Married-civ-spouse,Exec-managerial,Husband,White,Male,0,0,44,United-States,1,25-44,1
21,Private,Some-college,10,Never-married,Other-service,Own-child,Asian-Pac-Islander,Male,0,0,20,United-States,0,under25,0
29,Private,Assoc-voc,11,Never-married,Adm-clerical,Own-child,White,Female,0,0,40,United-States,0,25-44,0
30,Private,HS-grad,9,Married-civ-spouse,Handlers-cleaners,Husband,White,Male,0,0,40,United-States,1,25-44,0
58,Local-gov,Bachelors,13,Married-civ-spouse,Prof-specialty,Husband,Black,Male,0,0,40,United-States,0,45plus,1
44,Local-gov,Masters,14,Never-married,Prof-specialty,Not-in-family,White,Female,0,1669,40,United-States,0,25-44,0
37,Local-gov,Some-college,10,Married-civ-spouse,Transport-moving,Husband,White,Male,0,0,30,United-States,0,25-44,0
34,Private,HS-grad,9,Married-spouse-absent,Handlers-cleaners,Not-in-family,White,Male,0,0,40,Guatemala,0,25-44,0
23,Private,Some-college,10,Never-married,Other-service,Unmarried,White,Male,0,0,35,Mexico,0,under25,0
52,Self-emp-not-inc,HS-grad,9,Divorced,Sales,Not-in-family,White,Male,0,0,40,United-States,0,45plus,0
38,Private,Assoc-acdm,12,Never-married,Craft-repair,Not-in-family,White,Male,0,0,40,United-States,0,25-44,0
58,Private,Bachelors,13,Married-civ-spouse,Sales,Husband,White,Male,0,0,40,United-States,0,45plus,1
49,Self-emp-inc,Some-college,10,Married-civ-spouse,Craft-repair,Husband,Asian-Pac-Islander,Male,0,0,56,United-States,1,45plus,1
38,Private,HS-grad,9,Married-civ-spouse,Sales,Husband,White,Male,0,0,55,United-States,1,25-44,0
62,Private,HS-grad,9,Widowed,Adm-clerical,Not-in-family,White,Female,0,0,32,United-States,0,45plus,0
42,Private,Some-college,10,Never-married,Farming-fishing,Not-in-family,White,Male,0,0,28,United-States,0,25-44,0
53,Self-emp-not-inc,HS-grad,9,Married-civ-spouse,Sales,Husband,White,Male,0,0,50,United-States,0,45plus,0
35,Private,HS-grad,9,Divorced,Other-service,Not-in-family,White,Female,0,0,35,United-States,0,25-44,0
19,Private,HS-grad,9,Never-married,Sales,Own-child,White,Male,0,0,35,United-States,0,under25,0
25,Private,HS-grad,9,Never-married,Other-service,Unmarried,White,Female,0,0,34,United-States,0,under25,0
48,Private,Assoc-voc,11,Married-civ-spouse,Other-service,Husband,Asian-Pac-Islander,Male,0,0,56,Philippines,1,45plus,0
63,Private,HS-grad,9,Widowed,Other-service,Other-relative,White,Female,0,0,40,United-States,0,45plus,0
19,Private,HS-grad,9,Never-married,Adm-clerical,Not-in-family,White,Female,0,0,42,United-States,0,under25,0
55,Private,5th-6th,3,Married-civ-spouse,Machine-op-inspct,Husband,White,Male,0,0,40,Mexico,0,45plus,0
52,Private,Assoc-voc,11,Married-civ-spouse,Craft-repair,Husband,White,Male,0,1902,40,United-States,1,45plus,1
26,Private,HS-grad,9,Married-civ-spouse,Craft-repair,Husband,White,Male,0,0,48,United-States,0,25-44,0
20,Private,Some-college,10,Never-married,Adm-clerical,Own-child,White,Male,0,0,25,Nicaragua,0,under25,0
54,Private,HS-grad,9,Married-civ-spouse,Adm-clerical,Husband,White,Male,7298,0,60,United-States,1,45plus,1
50,Private,Bachelors,13,Divorced,Sales,Unmarried,Black,Male,0,0,40,United-States,0,45plus,0
34,Local-gov,HS-grad,9,Never-married,Prof-specialty,Unmarried,Black,Female,0,0,35,United-States,0,25-44,0
27,Private,Bachelors,13,Married-civ-spouse,Exec-managerial,Husband,White,Male,0,1977,50,United-States,1,25-44,1
70,Self-emp-not-inc,Prof-school,15,Married-civ-spouse,Prof-specialty,Husband,White,Male,0,0,25,United-States,0,45plus,1
28,Local-gov,HS-grad,9,Married-civ-spouse,Craft-repair,Husband,White,Male,0,0,40,United-States,0,25-44,0
25,Private,Bachelors,13,Never-married,Prof-specialty,Own-child,Asian-Pac-Islander,Male,0,0,40,Taiwan,0,under25,0
46,Private,Some-college,10,Divorced,Exec-managerial,Not-in-family,White,Male,0,0,40,United-States,0,45plus,0
29,Private,HS-grad,9,Never-married,Craft-repair,Other-relative,White,Male,0,0,40,United-States,0,25-44,0
28,Self-emp-not-inc,HS-grad,9,Divorced,Exec-managerial,Not-in-family,White,Female,0,0,40,United-States,0,25-44,0
26,Private,Bachelors,13,Never-married,Sales,Not-in-family,White,Female,0,0,40,United-States,0,25-44,0
25,Federal-gov,Some-college,10,Married-civ-spouse,Exec-managerial,Husband,White,Male,0,0,40,United-States,1,under25,0
44,Self-emp-not-inc,HS-grad,9,Divorced,Sales,Not-in-family,White,Male,0,0,50,United-States,0,25-44,0
36,Private,HS-grad,9,Married-civ-spouse,Handlers-cleaners,Husband,White,Male,0,0,40,United-States,0,25-44,0
80,Private,Prof-school,15,Married-civ-spouse,Prof-specialty,Husband,White,Male,0,0,35,United-States,1,45plus,1
21,Private,HS-grad,9,Never-married,Sales,Own-child,White,Female,0,0,30,United-States,0,under25,0
60,Private,7th-8th,4,Divorced,Machine-op-inspct,Not-in-family,White,Male,0,0,40,United-States,0,45plus,0
61,Private,HS-grad,9,Married-civ-spouse,Adm-clerical,Wife,Black,Female,0,0,40,United-States,0,45plus,0
47,Self-emp-not-inc,Prof-school,15,Married-civ-spouse,Prof-specialty,Husband,White,Male,0,1977,50,United-States,1,45plus,1
26,Private,Masters,14,Married-civ-spouse,Sales,Wife,White,Female,0,0,40,United-States,0,25-44,1
18,Private,Some-college,10,Never-married,Other-service,Own-child,White,Male,0,0,20,United-States,0,under25,0
24,Private,Some-college,10,Never-married,Sales,Not-in-family,White,Male,0,0,65,United-States,0,under25,0
37,Private,Some-college,10,Married-civ-spouse,Craft-repair,Husband,White,Male,5178,0,75,United-States,1,25-44,1
42,Private,Assoc-voc,11,Divorced,Tech-support,Not-in-family,White,Female,0,0,30,United-States,0,25-44,0
32,Private,Bachelors,13,Divorced,Sales,Not-in-family,White,Male,0,0,45,United-States,0,25-44,0
46,Private,Assoc-acdm,12,Married-civ-spouse,Craft-repair,Husband,White,Male,0,0,40,United-States,1,45plus,0
42,Private,Some-college,10,Divorced,Exec-managerial,Unmarried,White,Female,0,0,45,United-States,0,25-44,0
31,Private,HS-grad,9,Married-civ-spouse,Exec-managerial,Husband,White,Male,0,0,54,United-States,0,25-44,0
22,Private,Some-college,10,Never-married,Prof-specialty,Own-child,White,Female,0,0,10,United-States,0,under25,0
49,Private,HS-grad,9,Married-civ-spouse,Craft-repair,Husband,White,Male,3103,0,45,United-States,1,45plus,0
46,Local-gov,HS-grad,9,Divorced,Adm-clerical,Unmarried,White,Female,0,0,30,United-States,0,45plus,0
31,State-gov,Bachelors,13,Never-married,Prof-specialty,Not-in-family,White,Female,0,0,40,United-States,0,25-44,0
49,Self-emp-inc,Some-college,10,Married-civ-spouse,Prof-specialty,Wife,White,Female,0,0,65,United-States,1,45plus,0
51,Private,HS-grad,9,Married-civ-spouse,Adm-clerical,Wife,White,Female,7688,0,40,United-States,1,45plus,1
40,Private,HS-grad,9,Divorced,Adm-clerical,Unmarried,White,Female,0,0,38,United-States,0,25-44,0
60,Private,Assoc-acdm,12,Married-civ-spouse,Adm-clerical,Husband,White,Male,0,0,24,United-States,0,45plus,0
27,Self-emp-inc,HS-grad,9,Never-married,Sales,Own-child,White,Male,0,0,45,United-States,0,25-44,0
31,Private,Some-college,10,Married-civ-spouse,Exec-managerial,Husband,White,Male,0,0,40,United-States,0,25-44,0
35,Private,HS-grad,9,Never-married,Other-service,Own-child,White,Female,0,0,27,United-States,0,25-44,0
30,Private,HS-grad,9,Divorced,Craft-repair,Not-in-family,White,Male,0,0,30,United-States,0,25-44,0
68,Local-gov,Bachelors,13,Married-civ-spouse,Exec-managerial,Husband,White,Male,20051,0,40,United-States,1,45plus,1
45,Private,Assoc-voc,11,Divorced,Adm-clerical,Unmarried,Black,Female,0,0,40,United-States,0,25-44,0
35,Private,HS-grad,9,Divorced,Farming-fishing,Not-in-family,White,Male,0,0,70,United-States,0,25-44,0
30,Local-gov,Bachelors,13,Never-married,Prof-specialty,Not-in-family,Black,Female,0,0,40,Germany,0,25-44,0
38,Private,Some-college,10,Divorced,Adm-clerical,Unmarried,White,Female,0,0,40,United-States,0,25-44,0
27,Private,11th,7,Married-civ-spouse,Craft-repair,Husband,White,Male,0,1902,40,United-States,1,25-44,0
36,Private,Some-college,10,Married-civ-spouse,Craft-repair,Husband,White,Male,0,0,40,United-States,0,25-44,0
30,Self-emp-inc,HS-grad,9,Married-civ-spouse,Exec-managerial,Husband,White,Male,0,0,65,Canada,1,25-44,0
23,Private,Some-college,10,Never-married,Machine-op-inspct,Own-child,Black,Female,0,0,20,Jamaica,0,under25,0
21,Private,Some-college,10,Never-married,Tech-support,Not-in-family,White,Female,0,0,50,United-States,0,under25,0
69,Self-emp-not-inc,Some-college,10,Married-civ-spouse,Other-service,Wife,White,Female,0,0,15,United-States,0,45plus,0
31,Self-emp-inc,Some-college,10,Married-civ-spouse,Adm-clerical,Wife,White,Female,0,0,20,United-States,1,25-44,0
26,Private,Bachelors,13,Married-civ-spouse,Transport-moving,Husband,White,Male,0,0,40,United-States,1,25-44,0
67,Private,HS-grad,9,Married-civ-spouse,Sales,Husband,White,Male,0,0,40,Canada,1,45plus,0
42,Private,Bachelors,13,Married-civ-spouse,Prof-specialty,Husband,White,Male,7688,0,40,United-States,1,25-44,1
78,Self-emp-inc,HS-grad,9,Widowed,Sales,Not-in-family,White,Male,0,0,45,United-States,1,45plus,0
40,Federal-gov,Prof-school,15,Married-civ-spouse,Prof-specialty,Husband,White,Male,7688,0,40,United-States,1,25-44,1
44,Private,11th,7,Married-civ-spouse,Other-service,Husband,Black,Male,0,0,60,United-States,0,25-44,0
48,State-gov,Masters,14,Married-civ-spouse,Prof-specialty,Husband,White,Male,0,0,61,United-States,1,45plus,1
39,Private,HS-grad,9,Married-civ-spouse,Craft-repair,Husband,White,Male,0,0,40,United-States,1,25-44,0
42,Private,Masters,14,Divorced,Prof-specialty,Unmarried,White,Female,0,0,40,United-States,0,25-44,0
24,Private,Some-college,10,Never-married,Adm-clerical,Own-child,Black,Female,0,0,40,United-States,0,under25,0
57,Local-gov,Bachelors,13,Married-civ-spouse,Prof-specialty,Husband,Asian-Pac-Islander,Male,0,0,35,India,0,45plus,1
20,Self-emp-not-inc,10th,6,Never-married,Machine-op-inspct,Own-child,White,Male,0,0,40,United-States,0,under25,0
53,Private,Some-college,10,Married-civ-spouse,Craft-repair,Husband,White,Male,0,0,66,United-States,0,45plus,0
39,Self-emp-not-inc,HS-grad,9,Never-married,Craft-repair,Other-relative,Amer-Indian-Eskimo,Male,0,0,40,United-States,0,25-44,0
30,Private,Assoc-voc,11,Married-civ-spouse,Sales,Husband,White,Male,4064,0,40,United-States,0,25-44,0
63,State-gov,Some-college,10,Married-civ-spouse,Adm-clerical,Husband,White,Male,0,1740,40,United-States,0,45plus,0
19,Private,Bachelors,13,Never-married,Prof-specialty,Own-child,White,Female,0,0,30,United-States,0,under25,0
25,Private,Bachelors,13,Never-married,Sales,Own-child,White,Male,0,0,50,United-States,0,under25,0
42,Private,HS-grad,9,Widowed,Sales,Unmarried,Amer-Indian-Eskimo,Female,0,0,40,United-States,0,25-44,0
66,Private,Bachelors,13,Married-civ-spouse,Priv-house-serv,Other-relative,White,Male,0,0,99,United-States,0,45plus,0
54,Private,HS-grad,9,Married-civ-spouse,Machine-op-inspct,Husband,White,Male,0,0,40,United-States,0,45plus,0
42,Private,Bachelors,13,Never-married,Prof-specialty,Own-child,White,Female,0,0,12,England,0,25-44,0
49,Private,HS-grad,9,Married-civ-spouse,Craft-repair,Husband,White,Male,0,0,45,United-States,1,45plus,0
38,Self-emp-not-inc,Bachelors,13,Married-civ-spouse,Farming-fishing,Husband,White,Male,0,0,60,United-States,0,25-44,0
27,Private,Bachelors,13,Married-civ-spouse,Prof-specialty,Husband,White,Male,0,0,40,United-States,0,25-44,1
19,Private,12th,8,Never-married,Other-service,Own-child,White,Male,0,0,16,United-States,0,under25,0
69,Private,HS-grad,9,Divorced,Other-service,Not-in-family,White,Female,0,0,32,United-States,0,45plus,0
22,Private,HS-grad,9,Never-married,Handlers-cleaners,Own-child,Amer-Indian-Eskimo,Male,0,0,40,United-States,0,under25,0
45,State-gov,Bachelors,13,Married-civ-spouse,Exec-managerial,Husband,White,Male,7298,0,40,United-States,1,25-44,1
61,Private,Some-college,10,Married-civ-spouse,Adm-clerical,Husband,White,Male,0,0,40,United-States,1,45plus,0
29,Private,Some-college,10,Never-married,Sales,Unmarried,White,Female,0,0,25,United-States,0,25-44,0
23,Private,Some-college,10,Never-married,Other-service,Not-in-family,White,Female,0,0,30,United-States,0,under25,0
44,Private,HS-grad,9,Divorced,Machine-op-inspct,Unmarried,Black,Female,0,0,56,United-States,0,25-44,0
54,Local-gov,Bachelors,13,Never-married,Prof-specialty,Not-in-family,White,Male,0,0,50,United-States,0,45plus,0
46,Self-emp-inc,9th,5,Married-civ-spouse,Adm-clerical,Wife,White,Female,0,0,50,United-States,0,45plus,0
45,Self-emp-inc,Bachelors,13,Married-civ-spouse,Exec-managerial,Husband,White,Male,0,0,40,United-States,1,25-44,1
40,Self-emp-not-inc,Some-college,10,Never-married,Craft-repair,Not-in-family,White,Male,0,0,35,United-States,1,25-44,0
38,Private,Bachelors,13,Married-civ-spouse,Prof-specialty,Husband,White,Male,0,0,40,United-States,1,25-44,1
27,Private,Some-college,10,Married-civ-spouse,Farming-fishing,Husband,Other,Male,0,0,50,United-States,0,25-44,0
46,Private,HS-grad,9,Married-civ-spouse,Adm-clerical,Wife,White,Female,0,0,40,United-States,0,45plus,0
48,Self-emp-inc,Prof-school,15,Married-civ-spouse,Prof-specialty,Husband,White,Male,0,0,60,United-States,1,45plus,1
35,Private,Assoc-acdm,12,Never-married,Transport-moving,Not-in-family,Black,Male,0,0,30,Jamaica,0,25-44,0
33,Private,Prof-school,15,Never-married,Prof-specialty,Own-child,White,Male,0,0,42,United-States,1,25-44,0
54,Private,Some-college,10,Married-civ-spouse,Sales,Husband,White,Male,0,0,45,United-States,1,45plus,0
34,State-gov,HS-grad,9,Married-civ-spouse,Tech-support,Husband,White,Male,0,0,40,United-States,1,25-44,0
37,Private,Bachelors,13,Married-civ-spouse,Exec-managerial,Husband,White,Male,0,0,50,United-States,1,25-44,1
37,Private,HS-grad,9,Married-civ-spouse,Handlers-cleaners,Husband,White,Male,5178,0,40,United-States,1,25-44,1
30,Private,Some-college,10,Never-married,Exec-managerial,Not-in-family,White,Male,0,0,52,United-States,0,25-44,0
39,Private,9th,5,Divorced,Handlers-cleaners,Not-in-family,White,Male,0,0,50,United-States,0,25-44,0
53,Local-gov,Some-college,10,Divorced,Other-service,Not-in-family,White,Female,0,0,40,United-States,0,45plus,0
24,Private,HS-grad,9,Married-civ-spouse,Handlers-cleaners,Husband,White,Male,0,0,50,United-States,0,under25,0
27,Private,Assoc-acdm,12,Married-civ-spouse,Tech-support,Wife,White,Female,0,0,38,United-States,0,25-44,0
36,Private,Some-college,10,Divorced,Craft-repair,Not-in-family,White,Female,0,0,37,United-States,0,25-44,0
62,Private,7th-8th,4,Divorced,Tech-support,Unmarried,White,Female,0,0,38,Columbia,0,45plus,0
21,Private,HS-grad,9,Never-married,Transport-moving,Own-child,White,Male,0,0,40,United-States,0,under25,0
23,Private,HS-grad,9,Never-married,Tech-support,Other-relative,Asian-Pac-Islander,Male,0,0,40,Vietnam,0,under25,0
36,Private,Bachelors,13,Never-married,Exec-managerial,Own-child,White,Male,0,0,55,United-States,0,25-44,0
58,Private,Masters,14,Married-civ-spouse,Exec-managerial,Husband,White,Male,0,0,40,United-States,1,45plus,1
33,Self-emp-not-inc,HS-grad,9,Married-civ-spouse,Protective-serv,Husband,White,Male,0,0,30,United-States,0,25-44,0
34,Private,HS-grad,9,Married-civ-spouse,Machine-op-inspct,Wife,White,Female,0,0,40,United-States,0,25-44,0
33,Private,Bachelors,13,Married-civ-spouse,Handlers-cleaners,Husband,White,Male,0,0,40,United-States,0,25-44,1
30,Private,Some-college,10,Married-civ-spouse,Sales,Husband,White,Male,0,1672,45,United-States,0,25-44,0
26,Private,HS-grad,9,Never-married,Craft-repair,Other-relative,White,Male,0,0,40,United-States,0,25-44,0
63,Private,Bachelors,13,Married-civ-spouse,Prof-specialty,Husband,White,Male,15024,0,45,United-States,1,45plus,1
42,Private,HS-grad,9,Married-civ-spouse,Prof-specialty,Husband,White,Male,7688,0,50,United-States,1,25-44,1
47,Private,Assoc-voc,11,Never-married,Other-service,Not-in-family,White,Male,0,0,40,United-States,0,45plus,0
19,Private,HS-grad,9,Never-married,Other-service,Own-child,White,Male,0,0,24,United-States,0,under25,0
56,Private,Assoc-voc,11,Married-civ-spouse,Sales,Husband,White,Male,15024,0,40,United-States,1,45plus,1
31,Federal-gov,Bachelors,13,Divorced,Protective-serv,Not-in-family,White,Male,0,0,50,United-States,1,25-44,0
47,Private,Some-college,10,Married-civ-spouse,Tech-support,Husband,White,Male,7298,0,40,United-States,1,45plus,1
47,Private,HS-grad,9,Separated,Other-service,Other-relative,Black,Female,0,0,35,United-States,0,45plus,0
66,Private,Some-college,10,Married-civ-spouse,Transport-moving,Husband,White,Male,0,1258,20,United-States,0,45plus,0
26,Private,HS-grad,9,Never-married,Machine-op-inspct,Own-child,White,Male,0,0,40,United-States,0,25-44,0
26,Private,HS-grad,9,Never-married,Other-service,Not-in-family,White,Male,0,0,24,United-States,0,25-44,0
38,Private,Bachelors,13,Married-civ-spouse,Craft-repair,Husband,White,Male,0,0,45,United-States,0,25-44,1
42,Private,10th,6,Married-civ-spouse,Craft-repair,Husband,White,Male,0,0,40,United-States,0,25-44,0
49,Private,Bachelors,13,Married-civ-spouse,Exec-managerial,Husband,White,Male,7688,0,66,United-States,1,45plus,1
72,Federal-gov,HS-grad,9,Married-civ-spouse,Adm-clerical,Husband,White,Male,0,0,40,United-States,1,45plus,0
41,Private,HS-grad,9,Married-civ-spouse,Machine-op-inspct,Husband,White,Male,0,0,48,United-States,0,25-44,0
37,Private,Assoc-voc,11,Married-civ-spouse,Adm-clerical,Wife,Black,Female,0,0,48,United-States,1,25-44,0
44,Private,Some-college,10,Married-civ-spouse,Sales,Husband,White,Male,0,0,48,United-States,0,25-44,0
23,Private,Some-college,10,Never-married,Other-service,Not-in-family,White,Female,0,0,28,United-States,0,under25,0
40,Private,Some-college,10,Married-civ-spouse,Tech-support,Husband,White,Male,0,0,48,United-States,1,25-44,0
42,Private,HS-grad,9,Married-civ-spouse,Craft-repair,Husband,White,Male,0,0,55,United-States,0,25-44,0
38,Private,HS-grad,9,Married-civ-spouse,Machine-op-inspct,Wife,White,Female,0,0,40,United-States,0,25-44,0
39,Private,HS-grad,9,Married-civ-spouse,Machine-op-inspct,Husband,White,Male,2829,0,40,United-States,0,25-44,0
32,Private,HS-grad,9,Never-married,Sales,Not-in-family,White,Female,0,0,50,United-States,0,25-44,0
46,Private,Some-college,10,Married-civ-spouse,Transport-moving,Husband,White,Male,7298,0,45,United-States,1,45plus,1
24,State-gov,Assoc-acdm,12,Married-civ-spouse,Protective-serv,Husband,White,Male,0,0,50,United-States,0,under25,0
31,State-gov,Doctorate,16,Married-civ-spouse,Prof-specialty,Husband,White,Male,0,1977,70,United-States,1,25-44,1
25,Private,Some-college,10,Married-spouse-absent,Sales,Unmarried,White,Female,0,0,40,United-States,0,under25,0
20,Private,Assoc-voc,11,Never-married,Farming-fishing,Own-child,White,Male,0,0,40,United-States,0,under25,0
36,Private,Some-college,10,Married-civ-spouse,Craft-repair,Husband,White,Male,0,0,50,United-States,1,25-44,0
30,Private,HS-grad,9,Never-married,Craft-repair,Own-child,White,Male,0,1504,40,United-States,0,25-44,0
24,Private,Bachelors,13,Married-civ-spouse,Sales,Husband,Black,Male,0,0,30,United-States,0,under25,0
37,Private,Bachelors,13,Married-civ-spouse,Tech-support,Husband,White,Male,0,1977,40,United-States,1,25-44,1
45,Private,HS-grad,9,Married-civ-spouse,Machine-op-inspct,Husband,Black,Male,0,0,40,United-States,0,25-44,0
19,Local-gov,Some-college,10,Never-married,Other-service,Own-child,Black,Female,0,0,35,United-States,0,under25,0
39,Private,Bachelors,13,Divorced,Exec-managerial,Not-in-family,White,Female,13550,0,50,United-States,1,25-44,1
42,Local-gov,7th-8th,4,Married-civ-spouse,Craft-repair,Husband,White,Male,0,0,40,United-States,0,25-44,0
48,Private,5th-6th,3,Never-married,Priv-house-serv,Unmarried,White,Female,0,0,35,Nicaragua,0,45plus,0
54,Self-emp-not-inc,HS-grad,9,Married-civ-spouse,Craft-repair,Husband,White,Male,0,0,35,United-States,0,45plus,0
38,Private,HS-grad,9,Married-civ-spouse,Adm-clerical,Husband,White,Male,0,0,60,United-States,1,25-44,0
51,Self-emp-not-inc,Bachelors,13,Married-civ-spouse,Tech-support,Husband,White,Male,0,0,45,United-States,1,45plus,1
30,Private,HS-grad,9,Never-married,Handlers-cleaners,Own-child,White,Male,0,0,40,United-States,0,25-44,0
49,Local-gov,Masters,14,Widowed,Prof-specialty,Unmarried,White,Female,0,323,20,United-States,0,45plus,0
34,Private,Assoc-voc,11,Never-married,Craft-repair,Not-in-family,White,Female,0,0,40,United-States,0,25-44,0
72,Private,Bachelors,13,Married-civ-spouse,Sales,Husband,White,Male,1455,0,6,United-States,0,45plus,0
51,Local-gov,Bachelors,13,Married-civ-spouse,Prof-specialty,Husband,White,Male,0,0,45,United-States,0,45plus,1
17,Private,11th,7,Never-married,Sales,Own-child,White,Male,0,0,28,United-States,0,under25,0
40,Private,HS-grad,9,Widowed,Sales,Not-in-family,White,Female,0,0,40,United-States,0,25-44,0
29,Private,Bachelors,13,Never-married,Exec-managerial,Unmarried,Black,Female,0,0,40,United-States,0,25-44,0
21,Private,HS-grad,9,Never-married,Priv-house-serv,Not-in-family,White,Female,0,0,25,United-States,0,under25,0
65,Self-emp-not-inc,Some-college,10,Married-civ-spouse,Exec-managerial,Husband,White,Male,2290,0,40,United-States,0,45plus,0
51,Private,Bachelors,13,Married-civ-spouse,Handlers-cleaners,Husband,White,Male,0,0,40,United-States,0,45plus,1
43,Local-gov,Bachelors,13,Divorced,Prof-specialty,Unmarried,White,Female,0,0,55,United-States,0,25-44,0
37,Private,10th,6,Married-civ-spouse,Craft-repair,Husband,White,Male,0,0,40,United-States,0,25-44,0
36,Private,Assoc-acdm,12,Divorced,Other-service,Unmarried,White,Female,0,0,37,United-States,0,25-44,0
28,Self-emp-inc,Bachelors,13,Married-civ-spouse,Prof-specialty,Husband,White,Male,0,0,50,United-States,1,25-44,1
25,Private,Bachelors,13,Never-married,Other-service,Other-relative,White,Male,0,0,40,United-States,0,under25,0
55,Private,Some-college,10,Married-civ-spouse,Craft-repair,Husband,White,Male,5013,0,52,United-States,0,45plus,0
37,Private,HS-grad,9,Divorced,Sales,Not-in-family,White,Male,0,0,40,United-States,0,25-44,0
26,Private,Bachelors,13,Married-civ-spouse,Sales,Wife,White,Female,5178,0,42,United-States,1,25-44,1
30,Private,Some-college,10,Never-married,Handlers-cleaners,Unmarried,White,Female,0,0,40,United-States,0,25-44,0
31,Self-emp-inc,Some-college,10,Never-married,Exec-managerial,Own-child,White,Male,0,0,45,United-States,0,25-44,0
23,Private,Bachelors,13,Never-married,Prof-specialty,Own-child,White,Female,0,0,40,United-States,0,under25,0
63,Self-emp-not-inc,Assoc-voc,11,Married-civ-spouse,Other-service,Husband,White,Male,0,0,45,United-States,0,45plus,0
36,Private,Bachelors,13,Married-civ-spouse,Sales,Husband,White,Male,0,0,42,United-States,1,25-44,1
25,Local-gov,Some-college,10,Married-civ-spouse,Other-service,Husband,White,Male,0,0,40,United-States,0,under25,0
24,Private,10th,6,Married-civ-spouse,Machine-op-inspct,Wife,White,Female,0,0,40,United-States,0,under25,0
38,Private,Bachelors,13,Divorced,Adm-clerical,Unmarried,Asian-Pac-Islander,Female,0,213,40,Philippines,0,25-44,0
30,Local-gov,Masters,14,Married-civ-spouse,Prof-specialty,Husband,White,Male,0,1887,45,United-States,1,25-44,1
36,Private,Masters,14,Married-civ-spouse,Prof-specialty,Husband,Asian-Pac-Islander,Male,0,0,40,China,0,25-44,1
40,Private,Bachelors,13,Married-civ-spouse,Exec-managerial,Husband,White,Male,0,0,65,United-States,1,25-44,1
22,Private,HS-grad,9,Never-married,Other-service,Not-in-family,White,Male,0,0,40,United-States,0,under25,0
24,Private,HS-grad,9,Never-married,Craft-repair,Not-in-family,White,Male,0,0,50,United-States,0,under25,0
21,Self-emp-inc,Some-college,10,Never-married,Exec-managerial,Not-in-family,White,Male,0,0,40,United-States,0,under25,0
25,Private,HS-grad,9,Never-married,Craft-repair,Own-child,White,Male,0,0,40,United-States,0,under25,0
45,Private,HS-grad,9,Married-civ-spouse,Exec-managerial,Husband,White,Male,0,0,50,United-States,0,25-44,0
58,State-gov,Some-college,10,Widowed,Prof-specialty,Not-in-family,White,Female,0,0,20,United-States,0,45plus,0
40,Private,HS-grad,9,Never-married,Handlers-cleaners,Not-in-family,Black,Male,0,0,40,United-States,0,25-44,0
63,Private,10th,6,Widowed,Farming-fishing,Unmarried,White,Female,0,0,56,United-States,0,45plus,0
23,Private,HS-grad,9,Never-married,Sales,Own-child,White,Male,0,0,60,United-States,0,under25,0
25,Private,Bachelors,13,Never-married,Prof-specialty,Own-child,White,Female,0,0,21,United-States,0,under25,0
23,Private,Some-college,10,Married-civ-spouse,Craft-repair,Other-relative,White,Male,0,0,40,El-Salvador,0,under25,0
40,Self-emp-not-inc,Bachelors,13,Married-civ-spouse,Sales,Husband,White,Male,0,0,40,United-States,0,25-44,1
31,Private,11th,7,Never-married,Adm-clerical,Unmarried,White,Female,0,0,48,United-States,0,25-44,0
17,Private,10th,6,Never-married,Handlers-cleaners,Own-child,White,Male,0,0,20,United-States,0,under25,0
29,Local-gov,Masters,14,Married-civ-spouse,Prof-specialty,Husband,White,Male,0,0,40,United-States,0,25-44,1
49,State-gov,Doctorate,16,Never-married,Exec-managerial,Not-in-family,White,Female,0,2258,50,United-States,1,45plus,1
48,Private,Bachelors,13,Married-civ-spouse,Exec-managerial,Husband,White,Male,0,0,45,United-States,1,45plus,1
23,Private,Assoc-voc,11,Never-married,Sales,Unmarried,White,Female,0,0,60,United-States,0,under25,0
59,Private,Masters,14,Married-civ-spouse,Exec-managerial,Husband,Asian-Pac-Islander,Male,0,0,40,United-States,1,45plus,1
52,Self-emp-inc,HS-grad,9,Married-civ-spouse,Exec-managerial,Husband,White,Male,0,0,40,United-States,1,45plus,0
42,State-gov,Bachelors,13,Divorced,Prof-specialty,Not-in-family,Black,Male,0,0,40,United-States,0,25-44,0
25,State-gov,Masters,14,Never-married,Prof-specialty,Not-in-family,White,Female,0,0,37,United-States,0,under25,0
36,Local-gov,Some-college,10,Married-civ-spouse,Protective-serv,Husband,White,Male,0,0,40,United-States,1,25-44,0
32,Self-emp-inc,HS-grad,9,Married-civ-spouse,Exec-managerial,Husband,White,Male,0,0,40,United-States,1,25-44,0
69,Self-emp-not-inc,9th,5,Married-civ-spouse,Farming-fishing,Husband,White,Male,0,0,25,United-States,0,45plus,0
35,Self-emp-not-inc,9th,5,Married-civ-spouse,Craft-repair,Husband,White,Male,0,0,40,United-States,0,25-44,0
43,Private,Some-college,10,Never-married,Handlers-cleaners,Not-in-family,White,Male,0,0,40,United-States,0,25-44,0
55,Self-emp-inc,10th,6,Widowed,Transport-moving,Not-in-family,White,Male,0,0,40,United-States,0,45plus,0
35,Local-gov,HS-grad,9,Married-civ-spouse,Protective-serv,Husband,Black,Male,7298,0,35,United-States,1,25-44,1
48,State-gov,Bachelors,13,Married-civ-spouse,Exec-managerial,Husband,Black,Male,0,0,40,United-States,1,45plus,1
36,Private,Masters,14,Married-civ-spouse,Exec-managerial,Husband,White,Male,15024,0,50,United-States,1,25-44,1
21,Private,Some-college,10,Never-married,Sales,Own-child,White,Male,0,0,12,United-States,0,under25,0
63,Self-emp-inc,HS-grad,9,Married-civ-spouse,Exec-managerial,Husband,White,Male,0,0,40,United-States,1,45plus,0
23,Private,Some-college,10,Never-married,Other-service,Not-in-family,Asian-Pac-Islander,Male,0,0,40,Dominican-Republic,0,under25,0
33,Private,HS-grad,9,Married-civ-spouse,Craft-repair,Husband,White,Male,0,0,35,United-States,0,25-44,0
31,Private,Masters,14,Married-civ-spouse,Prof-specialty,Husband,White,Male,0,1902,43,United-States,1,25-44,1
17,Private,11th,7,Never-married,Prof-specialty,Own-child,White,Female,0,0,20,United-States,0,under25,0
29,Private,Bachelors,13,Married-civ-spouse,Other-service,Husband,White,Male,7298,0,42,United-States,1,25-44,1
21,Private,HS-grad,9,Never-married,Adm-clerical,Own-child,White,Female,0,0,40,United-States,0,under25,0
42,Private,Masters,14,Never-married,Exec-managerial,Not-in-family,White,Female,14084,0,50,United-States,1,25-44,1
32,Private,Assoc-voc,11,Married-civ-spouse,Craft-repair,Husband,White,Male,0,0,45,United-States,0,25-44,0
61,Private,7th-8th,4,Married-civ-spouse,Transport-moving,Husband,White,Male,0,1651,40,United-States,0,45plus,0
51,Local-gov,HS-grad,9,Divorced,Protective-serv,Not-in-family,White,Male,0,0,40,United-States,0,45plus,0
23,Private,Assoc-acdm,12,Never-married,Other-service,Own-child,White,Male,0,0,20,United-States,0,under25,0
44,Private,Assoc-voc,11,Married-civ-spouse,Transport-moving,Wife,White,Female,0,0,25,United-States,0,25-44,0
50,Private,HS-grad,9,Married-civ-spouse,Machine-op-inspct,Wife,White,Female,0,0,40,United-States,0,45plus,0
62,Private,HS-grad,9,Never-married,Adm-clerical,Not-in-family,White,Female,0,0,38,United-States,0,45plus,0
18,Private,Some-college,10,Never-married,Craft-repair,Not-in-family,White,Male,0,0,30,United-States,0,under25,0
57,Self-emp-not-inc,Some-college,10,Separated,Sales,Not-in-family,White,Male,0,0,35,United-States,0,45plus,0
37,Private,Bachelors,13,Married-civ-spouse,Craft-repair,Husband,White,Male,0,0,45,United-States,1,25-44,1
53,Self-emp-not-inc,Some-college,10,Married-civ-spouse,Farming-fishing,Husband,White,Male,0,0,50,United-States,0,45plus,0
57,Self-emp-not-inc,Some-college,10,Married-civ-spouse,Exec-managerial,Husband,White,Male,0,0,55,United-States,0,45plus,0
57,Private,Some-college,10,Married-civ-spouse,Craft-repair,Husband,White,Male,0,1672,45,United-States,0,45plus,0
43,Private,Bachelors,13,Divorced,Sales,Not-in-family,White,Male,0,0,40,United-States,1,25-44,0
34,Private,Some-college,10,Divorced,Adm-clerical,Unmarried,White,Female,0,0,40,United-States,0,25-44,0
37,Private,11th,7,Never-married,Machine-op-inspct,Not-in-family,White,Male,0,0,40,United-States,0,25-44,0
44,Private,Bachelors,13,Married-civ-spouse,Sales,Husband,White,Male,0,0,40,United-States,1,25-44,1
45,Private,Assoc-acdm,12,Divorced,Craft-repair,Not-in-family,White,Male,0,0,40,United-States,0,25-44,0
56,Private,Some-college,10,Married-spouse-absent,Transport-moving,Not-in-family,White,Male,0,0,40,United-States,0,45plus,0
64,Private,HS-grad,9,Married-civ-spouse,Exec-managerial,Husband,White,Male,0,0,5,United-States,0,45plus,0
38,Private,HS-grad,9,Married-civ-spouse,Machine-op-inspct,Husband,White,Male,0,0,48,United-States,0,25-44,0
47,Self-emp-inc,Bachelors,13,Never-married,Sales,Not-in-family,White,Male,3325,0,60,United-States,0,45plus,0
48,Private,Some-college,10,Married-civ-spouse,Craft-repair,Husband,White,Male,0,0,40,Germany,0,45plus,0
27,Private,Bachelors,13,Never-married,Prof-specialty,Not-in-family,Asian-Pac-Islander,Male,13550,0,40,United-States,1,25-44,1
38,Private,HS-grad,9,Separated,Priv-house-serv,Unmarried,Black,Female,0,0,30,United-States,0,25-44,0
58,Private,HS-grad,9,Married-civ-spouse,Exec-managerial,Husband,White,Male,0,0,50,United-States,1,45plus,0
70,Private,Bachelors,13,Divorced,Adm-clerical,Not-in-family,White,Male,0,0,40,United-States,0,45plus,0
53,Private,HS-grad,9,Married-civ-spouse,Other-service,Husband,White,Male,0,0,50,Germany,1,45plus,0
28,Private,HS-grad,9,Married-civ-spouse,Handlers-cleaners,Husband,Black,Male,0,0,40,United-States,0,25-44,0
54,Self-emp-not-inc,Prof-school,15,Married-civ-spouse,Prof-specialty,Husband,White,Male,5178,0,50,United-States,1,45plus,1
28,Self-emp-not-inc,HS-grad,9,Never-married,Other-service,Not-in-family,White,Male,0,0,40,United-States,0,25-44,0
30,Private,HS-grad,9,Married-civ-spouse,Handlers-cleaners,Husband,White,Male,0,0,40,United-States,1,25-44,0
17,Private,10th,6,Never-married,Other-service,Own-child,White,Male,0,0,15,United-States,0,under25,0
35,Private,Some-college,10,Married-civ-spouse,Adm-clerical,Husband,White,Male,0,0,38,United-States,0,25-44,0
34,Private,Bachelors,13,Married-civ-spouse,Sales,Husband,White,Male,0,0,60,United-States,1,25-44,1
25,Private,HS-grad,9,Never-married,Handlers-cleaners,Own-child,White,Male,0,0,40,United-States,0,under25,0
39,Self-emp-inc,Assoc-voc,11,Married-civ-spouse,Exec-managerial,Husband,White,Male,0,0,60,United-States,1,25-44,1
35,Private,Some-college,10,Divorced,Exec-managerial,Not-in-family,White,Female,0,0,40,United-States,1,25-44,0
35,Private,HS-grad,9,Divorced,Craft-repair,Not-in-family,White,Female,0,0,40,United-States,0,25-44,0
37,Private,Some-college,10,Married-civ-spouse,Adm-clerical,Husband,White,Male,0,0,40,United-States,0,25-44,0
25,Private,Some-college,10,Never-married,Handlers-cleaners,Not-in-family,White,Male,0,0,40,United-States,0,under25,0
32,Private,HS-grad,9,Divorced,Machine-op-inspct,Own-child,Black,Female,0,0,40,United-States,0,25-44,0
68,Private,Masters,14,Never-married,Prof-specialty,Not-in-family,White,Female,3273,0,40,United-States,0,45plus,0
47,Local-gov,HS-grad,9,Separated,Adm-clerical,Unmarried,Black,Female,0,0,40,United-States,0,45plus,0
37,Private,Bachelors,13,Married-civ-spouse,Other-service,Husband,Asian-Pac-Islander,Male,0,0,30,China,0,25-44,0
47,Self-emp-inc,Bachelors,13,Married-civ-spouse,Exec-managerial,Husband,White,Male,0,0,50,Cuba,1,45plus,1
29,Private,Assoc-voc,11,Divorced,Other-service,Unmarried,White,Female,0,0,45,Columbia,0,25-44,0
46,State-gov,Some-college,10,Never-married,Other-service,Own-child,Black,Female,0,0,40,United-States,0,45plus,0
40,Self-emp-inc,Bachelors,13,Married-civ-spouse,Exec-managerial,Husband,White,Male,0,0,50,United-States,1,25-44,1
42,Private,HS-grad,9,Divorced,Exec-managerial,Own-child,White,Male,0,0,40,United-States,0,25-44,0
24,State-gov,Some-college,10,Married-civ-spouse,Prof-specialty,Husband,White,Male,0,0,40,United-States,0,under25,0
20,Private,9th,5,Never-married,Handlers-cleaners,Own-child,White,Male,0,0,28,United-States,0,under25,0
36,Private,Some-college,10,Married-civ-spouse,Craft-repair,Husband,White,Male,0,0,60,United-States,1,25-44,0
37,Self-emp-inc,Assoc-voc,11,Married-civ-spouse,Sales,Husband,White,Male,0,0,60,United-States,1,25-44,0
41,Self-emp-not-inc,HS-grad,9,Married-civ-spouse,Farming-fishing,Wife,White,Female,0,0,40,United-States,0,25-44,0
65,Local-gov,Some-college,10,Divorced,Exec-managerial,Not-in-family,White,Female,0,0,40,United-States,0,45plus,0
21,Private,HS-grad,9,Never-married,Other-service,Own-child,White,Male,0,0,40,United-States,0,under25,0
50,Local-gov,Some-college,10,Married-civ-spouse,Craft-repair,Husband,White,Male,0,0,40,United-States,0,45plus,0
40,Local-gov,Some-college,10,Divorced,Transport-moving,Unmarried,White,Male,6849,0,40,United-States,0,25-44,0
29,Private,Some-college,10,Never-married,Sales,Own-child,Black,Male,0,0,80,United-States,0,25-44,0
60,Self-emp-not-inc,HS-grad,9,Married-civ-spouse,Craft-repair,Husband,White,Male,0,0,42,United-States,1,45plus,0
33,Private,HS-grad,9,Divorced,Craft-repair,Not-in-family,White,Male,0,0,60,United-States,0,25-44,0
44,Private,Assoc-voc,11,Separated,Craft-repair,Other-relative,White,Male,0,0,48,United-States,1,25-44,0
25,Private,Some-college,10,Never-married,Transport-moving,Not-in-family,White,Male,0,0,55,United-States,0,under25,0
22,Private,Some-college,10,Never-married,Craft-repair,Own-child,White,Male,0,0,40,United-States,0,under25,0
37,Self-emp-not-inc,Prof-school,15,Married-civ-spouse,Prof-specialty,Husband,White,Male,0,0,45,United-States,1,25-44,1
50,Private,HS-grad,9,Married-civ-spouse,Farming-fishing,Husband,White,Male,0,0,50,United-States,0,45plus,0
52,State-gov,Masters,14,Married-civ-spouse,Prof-specialty,Husband,White,Male,0,0,40,United-States,0,45plus,1
23,Private,Bachelors,13,Never-married,Sales,Not-in-family,White,Male,0,0,50,United-States,0,under25,0
31,Private,Some-college,10,Never-married,Other-service,Not-in-family,White,Male,0,0,40,United-States,0,25-44,0
26,Local-gov,10th,6,Married-civ-spouse,Other-service,Husband,White,Male,0,0,40,United-States,0,25-44,0
38,Private,HS-grad,9,Married-civ-spouse,Craft-repair,Husband,White,Male,0,0,50,United-States,0,25-44,0
43,Local-gov,Masters,14,Married-civ-spouse,Exec-managerial,Husband,White,Male,0,1977,60,United-States,1,25-44,1
30,Private,Some-college,10,Divorced,Adm-clerical,Unmarried,White,Female,0,0,10,United-States,0,25-44,0
42,Self-emp-not-inc,Doctorate,16,Never-married,Prof-specialty,Not-in-family,White,Female,0,0,45,United-States,0,25-44,0
54,Private,HS-grad,9,Married-civ-spouse,Craft-repair,Husband,White,Male,0,0,40,United-States,0,45plus,0
44,Private,Bachelors,13,Married-civ-spouse,Tech-support,Husband,White,Male,5178,0,40,United-States,1,25-44,1
35,Private,Bachelors,13,Never-married,Sales,Not-in-family,White,Male,0,0,40,United-States,1,25-44,0
22,Local-gov,Assoc-acdm,12,Never-married,Adm-clerical,Own-child,Black,Female,0,0,35,Haiti,0,under25,0
42,Private,HS-grad,9,Never-married,Craft-repair,Not-in-family,White,Male,3325,0,40,United-States,0,25-44,0
31,State-gov,Some-college,10,Never-married,Other-service,Own-child,White,Female,0,0,37,United-States,0,25-44,0
33,Private,HS-grad,9,Never-married,Machine-op-inspct,Not-in-family,White,Male,0,0,40,United-States,0,25-44,0
54,Self-emp-not-inc,Assoc-voc,11,Married-civ-spouse,Tech-support,Other-relative,White,Female,0,0,10,United-States,0,45plus,0
41,Private,HS-grad,9,Married-spouse-absent,Craft-repair,Unmarried,White,Female,0,0,40,United-States,0,25-44,0
18,Private,7th-8th,4,Never-married,Other-service,Other-relative,Asian-Pac-Islander,Female,0,0,40,Philippines,0,under25,0
36,State-gov,Bachelors,13,Never-married,Prof-specialty,Unmarried,Black,Female,0,0,40,United-States,0,25-44,0
37,Private,Bachelors,13,Married-civ-spouse,Prof-specialty,Husband,White,Male,0,0,40,United-States,0,25-44,1
59,Private,HS-grad,9,Married-civ-spouse,Adm-clerical,Husband,White,Male,2414,0,15,United-States,0,45plus,0
30,Private,Some-college,10,Never-married,Prof-specialty,Own-child,White,Male,0,0,40,Mexico,0,25-44,0
24,Private,Some-college,10,Never-married,Other-service,Not-in-family,White,Male,0,0,35,United-States,0,under25,0
23,Private,HS-grad,9,Never-married,Craft-repair,Not-in-family,White,Male,0,0,40,Puerto-Rico,0,under25,0
27,Private,Some-college,10,Never-married,Craft-repair,Own-child,White,Male,0,0,40,United-States,0,25-44,0
29,Self-emp-inc,HS-grad,9,Married-civ-spouse,Sales,Wife,White,Female,0,1977,25,United-States,1,25-44,0
27,Private,HS-grad,9,Never-married,Handlers-cleaners,Not-in-family,Black,Male,0,0,40,United-States,0,25-44,0
25,Private,HS-grad,9,Never-married,Adm-clerical,Own-child,White,Female,0,0,40,United-States,0,under25,0
27,Private,HS-grad,9,Never-married,Machine-op-inspct,Own-child,White,Female,0,0,40,United-States,0,25-44,0
21,Private,Some-college,10,Never-married,Adm-clerical,Own-child,Asian-Pac-Islander,Male,0,0,20,United-States,0,under25,0
26,Private,Some-college,10,Never-married,Craft-repair,Unmarried,Asian-Pac-Islander,Male,0,0,37,Taiwan,0,25-44,0
17,Private,10th,6,Never-married,Prof-specialty,Own-child,White,Male,0,0,20,United-States,0,under25,0
21,Private,Some-college,10,Never-married,Adm-clerical,Own-child,White,Female,0,0,15,United-States,0,under25,0
29,Private,Some-college,10,Married-civ-spouse,Adm-clerical,Husband,Amer-Indian-Eskimo,Male,0,0,40,United-States,0,25-44,0
40,Private,HS-grad,9,Married-civ-spouse,Machine-op-inspct,Husband,White,Male,0,0,40,United-States,1,25-44,0
33,Private,HS-grad,9,Married-civ-spouse,Machine-op-inspct,Husband,White,Male,0,0,40,United-States,0,25-44,0
23,Private,HS-grad,9,Never-married,Craft-repair,Own-child,White,Male,0,0,40,Columbia,0,under25,0
55,Federal-gov,Some-college,10,Married-civ-spouse,Adm-clerical,Wife,White,Female,0,0,40,United-States,1,45plus,0
45,Private,Bachelors,13,Married-civ-spouse,Machine-op-inspct,Husband,White,Male,0,0,40,United-States,1,25-44,1
33,Private,Prof-school,15,Married-civ-spouse,Prof-specialty,Husband,White,Male,0,0,40,United-States,1,25-44,1
41,Private,Assoc-acdm,12,Married-civ-spouse,Sales,Husband,White,Male,0,0,20,United-States,0,25-44,0
54,State-gov,Masters,14,Never-married,Prof-specialty,Not-in-family,White,Female,0,0,45,United-States,1,45plus,0
23,Private,Some-college,10,Never-married,Other-service,Own-child,White,Male,0,0,30,United-States,0,under25,0
90,Private,Bachelors,13,Married-civ-spouse,Sales,Husband,White,Male,9386,0,15,United-States,1,45plus,1
39,Private,Assoc-acdm,12,Married-civ-spouse,Exec-managerial,Husband,White,Male,0,0,50,United-States,1,25-44,1
51,Local-gov,Bachelors,13,Married-civ-spouse,Adm-clerical,Husband,White,Male,0,0,50,United-States,1,45plus,1
35,Self-emp-inc,Masters,14,Married-civ-spouse,Sales,Husband,White,Male,0,0,45,Mexico,1,25-44,1
19,Private,Some-college,10,Never-married,Other-service,Own-child,White,Female,0,0,25,United-States,0,under25,0
25,Private,HS-grad,9,Never-married,Adm-clerical,Own-child,Asian-Pac-Islander,Female,0,0,40,United-States,0,under25,0
35,Local-gov,HS-grad,9,Married-civ-spouse,Other-service,Husband,Amer-Indian-Eskimo,Male,0,0,40,United-States,0,25-44,0
49,Private,Some-college,10,Married-civ-spouse,Adm-clerical,Wife,White,Female,0,0,40,United-States,1,45plus,0
45,Private,Bachelors,13,Married-civ-spouse,Exec-managerial,Husband,White,Male,15024,0,40,United-States,1,25-44,1
25,Private,Some-college,10,Married-civ-spouse,Sales,Husband,White,Male,0,0,25,El-Salvador,0,under25,0
29,Private,Bachelors,13,Never-married,Prof-specialty,Not-in-family,White,Female,0,0,45,United-States,0,25-44,0
38,Private,Bachelors,13,Never-married,Exec-managerial,Not-in-family,White,Male,2202,0,45,United-States,0,25-44,0
17,Private,11th,7,Never-married,Sales,Own-child,White,Female,0,0,13,United-States,0,under25,0
45,Private,Some-college,10,Divorced,Sales,Unmarried,White,Female,0,0,40,United-States,0,25-44,0
56,Private,7th-8th,4,Divorced,Machine-op-inspct,Not-in-family,White,Female,0,0,20,Yugoslavia,0,45plus,0
18,Private,10th,6,Never-married,Other-service,Own-child,White,Female,0,0,30,United-States,0,under25,0
31,Private,HS-grad,9,Married-civ-spouse,Adm-clerical,Husband,Amer-Indian-Eskimo,Male,0,0,40,United-States,1,25-44,0
22,Private,Some-college,10,Never-married,Other-service,Not-in-family,White,Female,0,0,40,United-States,0,under25,0
22,Private,Some-college,10,Never-married,Adm-clerical,Own-child,White,Female,0,0,40,United-States,0,under25,0
29,Private,HS-grad,9,Divorced,Machine-op-inspct,Own-child,White,Female,0,0,40,United-States,0,25-44,0
40,Self-emp-not-inc,Some-college,10,Never-married,Machine-op-inspct,Not-in-family,White,Male,0,0,35,United-States,0,25-44,0
35,Private,HS-grad,9,Married-civ-spouse,Adm-clerical,Wife,White,Female,4386,0,35,United-States,1,25-44,0
51,State-gov,HS-grad,9,Married-civ-spouse,Craft-repair,Husband,White,Male,0,0,56,United-States,1,45plus,0
51,Private,Some-college,10,Divorced,Exec-managerial,Unmarried,White,Male,0,0,45,Scotland,0,45plus,0
21,Private,Some-college,10,Never-married,Sales,Own-child,White,Male,0,0,45,United-States,0,under25,0
29,Private,Assoc-voc,11,Never-married,Adm-clerical,Own-child,White,Female,0,0,35,United-States,0,25-44,0
56,Private,HS-grad,9,Married-civ-spouse,Sales,Husband,White,Male,0,0,40,United-States,1,45plus,0
38,Private,HS-grad,9,Separated,Sales,Unmarried,White,Female,0,0,10,United-States,0,25-44,0
43,Private,HS-grad,9,Separated,Handlers-cleaners,Unmarried,Black,Female,0,0,45,United-States,0,25-44,0
52,Local-gov,HS-grad,9,Married-civ-spouse,Protective-serv,Husband,White,Male,0,0,56,United-States,1,45plus,0
46,Local-gov,Bachelors,13,Married-civ-spouse,Prof-specialty,Husband,Asian-Pac-Islander,Male,0,0,40,Philippines,1,45plus,1
29,Private,HS-grad,9,Married-civ-spouse,Sales,Wife,White,Female,0,0,40,United-States,1,25-44,0
27,Private,HS-grad,9,Never-married,Adm-clerical,Not-in-family,White,Male,0,0,40,United-States,0,25-44,0
25,Self-emp-inc,Bachelors,13,Never-married,Adm-clerical,Own-child,Asian-Pac-Islander,Female,0,0,40,United-States,0,under25,0
17,Private,10th,6,Never-married,Handlers-cleaners,Own-child,White,Male,0,0,26,United-States,0,under25,0
25,Private,HS-grad,9,Married-civ-spouse,Sales,Husband,White,Male,0,0,40,United-States,0,under25,0
43,Private,Some-college,10,Married-civ-spouse,Adm-clerical,Husband,White,Male,0,0,40,United-States,0,25-44,0
27,Private,Prof-school,15,Married-civ-spouse,Prof-specialty,Wife,White,Female,0,0,50,United-States,1,25-44,1
49,Local-gov,Masters,14,Divorced,Exec-managerial,Not-in-family,White,Female,0,0,40,United-States,0,45plus,0
35,Private,Assoc-acdm,12,Never-married,Adm-clerical,Not-in-family,White,Female,0,0,35,United-States,0,25-44,0
39,Private,Bachelors,13,Married-civ-spouse,Prof-specialty,Wife,White,Female,0,0,36,United-States,1,25-44,1
45,Private,Bachelors,13,Married-civ-spouse,Prof-specialty,Husband,White,Male,0,0,55,United-States,0,25-44,1
33,Self-emp-not-inc,5th-6th,3,Married-civ-spouse,Craft-repair,Husband,White,Male,0,0,50,United-States,1,25-44,0
38,Private,12th,8,Married-civ-spouse,Craft-repair,Husband,White,Male,0,0,48,United-States,0,25-44,0
17,Private,11th,7,Never-married,Other-service,Own-child,White,Female,0,0,20,United-States,0,under25,0
34,Private,HS-grad,9,Married-civ-spouse,Other-service,Husband,White,Male,0,0,40,United-States,0,25-44,0
33,Private,Some-college,10,Never-married,Sales,Not-in-family,Black,Male,0,0,35,United-States,0,25-44,0
26,Local-gov,Bachelors,13,Never-married,Prof-specialty,Not-in-family,White,Female,0,0,40,United-States,0,25-44,0
37,State-gov,Assoc-voc,11,Never-married,Prof-specialty,Not-in-family,White,Male,8614,0,40,United-States,1,25-44,1
46,Federal-gov,Assoc-voc,11,Separated,Tech-support,Not-in-family,Other,Female,0,0,30,United-States,0,45plus,0
49,Private,Bachelors,13,Divorced,Exec-managerial,Unmarried,Black,Female,0,0,40,United-States,0,45plus,0
32,Private,HS-grad,9,Never-married,Transport-moving,Own-child,White,Female,0,0,35,United-States,0,25-44,0
38,Private,HS-grad,9,Married-civ-spouse,Adm-clerical,Husband,White,Male,0,0,40,United-States,1,25-44,0
26,Local-gov,HS-grad,9,Divorced,Adm-clerical,Unmarried,White,Female,0,0,25,United-States,0,25-44,0
54,Private,Masters,14,Widowed,Adm-clerical,Unmarried,White,Female,0,0,38,United-States,0,45plus,0
27,Private,Some-college,10,Never-married,Sales,Not-in-family,White,Male,0,0,40,United-States,0,25-44,0
34,Local-gov,HS-grad,9,Married-civ-spouse,Protective-serv,Husband,White,Male,0,0,57,United-States,1,25-44,0
30,Private,Bachelors,13,Married-civ-spouse,Exec-managerial,Husband,White,Male,0,0,55,United-States,0,25-44,1
34,Self-emp-inc,Masters,14,Never-married,Exec-managerial,Not-in-family,White,Female,4787,0,45,France,1,25-44,0
65,Private,HS-grad,9,Widowed,Other-service,Unmarried,White,Female,0,0,17,United-States,0,45plus,0
36,Private,Some-college,10,Married-civ-spouse,Exec-managerial,Husband,White,Male,7298,0,40,United-States,1,25-44,1
53,Private,HS-grad,9,Married-civ-spouse,Craft-repair,Husband,White,Male,0,0,40,United-States,1,45plus,0
47,Private,Bachelors,13,Married-civ-spouse,Prof-specialty,Husband,White,Male,0,0,50,United-States,0,45plus,1
32,Private,10th,6,Never-married,Craft-repair,Not-in-family,White,Male,0,0,50,United-States,0,25-44,0
30,Private,HS-grad,9,Divorced,Adm-clerical,Unmarried,White,Female,0,0,40,United-States,0,25-44,0
25,Private,HS-grad,9,Divorced,Handlers-cleaners,Own-child,White,Female,0,0,40,United-States,0,under25,0
45,Private,HS-grad,9,Divorced,Craft-repair,Not-in-family,White,Male,0,0,40,United-States,0,25-44,0
29,Private,Bachelors,13,Never-married,Sales,Not-in-family,White,Male,0,0,50,United-States,1,25-44,0
23,Private,HS-grad,9,Never-married,Other-service,Own-child,White,Male,0,0,40,United-States,0,under25,0
51,Private,Masters,14,Married-civ-spouse,Exec-managerial,Husband,White,Male,0,1887,47,United-States,1,45plus,1
49,Private,Some-college,10,Married-civ-spouse,Craft-repair,Husband,White,Male,0,0,40,United-States,1,45plus,0
29,Private,12th,8,Married-civ-spouse,Transport-moving,Husband,White,Male,0,0,40,Mexico,0,25-44,0
36,State-gov,Masters,14,Divorced,Prof-specialty,Unmarried,White,Male,5455,0,30,United-States,0,25-44,0
50,Private,HS-grad,9,Married-civ-spouse,Prof-specialty,Wife,White,Female,0,0,40,United-States,1,45plus,0
36,Private,12th,8,Married-civ-spouse,Craft-repair,Husband,Other,Male,0,0,40,United-States,0,25-44,0
58,Private,HS-grad,9,Divorced,Craft-repair,Not-in-family,White,Male,14344,0,48,United-States,1,45plus,1
23,Private,Bachelors,13,Never-married,Sales,Not-in-family,White,Female,0,0,40,United-States,0,under25,0
61,Private,Some-college,10,Married-civ-spouse,Tech-support,Husband,White,Male,0,0,25,United-States,0,45plus,0
61,Private,HS-grad,9,Married-civ-spouse,Adm-clerical,Husband,White,Male,0,0,40,United-States,0,45plus,0
29,Private,HS-grad,9,Married-spouse-absent,Other-service,Not-in-family,Other,Female,0,0,40,Columbia,0,25-44,0
31,Self-emp-not-inc,Assoc-voc,11,Married-civ-spouse,Craft-repair,Husband,White,Male,0,0,50,United-States,0,25-44,0
42,Private,Prof-school,15,Married-civ-spouse,Prof-specialty,Husband,White,Male,0,0,60,United-States,0,25-44,1
40,State-gov,Masters,14,Never-married,Exec-managerial,Not-in-family,White,Female,0,0,35,United-States,0,25-44,0
46,Private,HS-grad,9,Married-civ-spouse,Craft-repair,Husband,White,Male,0,0,40,United-States,0,45plus,0
30,Self-emp-not-inc,7th-8th,4,Married-civ-spouse,Farming-fishing,Husband,White,Male,0,0,40,Mexico,0,25-44,0
42,Private,Bachelors,13,Married-civ-spouse,Tech-support,Husband,White,Male,7298,0,45,United-States,1,25-44,1
61,Private,Masters,14,Married-civ-spouse,Prof-specialty,Husband,White,Male,0,0,50,United-States,0,45plus,1
40,Private,HS-grad,9,Married-civ-spouse,Other-service,Wife,White,Female,0,0,12,United-States,0,25-44,0
27,Local-gov,Bachelors,13,Never-married,Prof-specialty,Own-child,White,Male,0,0,35,United-States,0,25-44,0
43,Private,Some-college,10,Married-civ-spouse,Prof-specialty,Wife,White,Female,0,1887,50,United-States,1,25-44,1
33,Private,HS-grad,9,Married-civ-spouse,Farming-fishing,Husband,White,Male,0,0,50,United-States,0,25-44,0
40,Private,Some-college,10,Divorced,Exec-managerial,Not-in-family,White,Female,0,0,40,United-States,0,25-44,0
33,Private,9th,5,Separated,Adm-clerical,Not-in-family,White,Male,0,0,48,United-States,0,25-44,0
18,Private,Some-college,10,Never-married,Other-service,Not-in-family,White,Female,0,0,40,United-States,0,under25,0
25,Private,HS-grad,9,Never-married,Transport-moving,Not-in-family,White,Male,0,0,65,United-States,0,under25,0
32,Private,Assoc-voc,11,Never-married,Other-service,Not-in-family,White,Male,0,0,45,United-States,0,25-44,0
41,Self-emp-inc,HS-grad,9,Married-civ-spouse,Farming-fishing,Husband,White,Male,0,0,50,United-States,0,25-44,0
40,Private,Some-college,10,Divorced,Exec-managerial,Not-in-family,White,Female,0,0,40,United-States,0,25-44,0
21,Private,Some-college,10,Never-married,Other-service,Own-child,White,Male,0,0,40,United-States,0,under25,0
24,Private,HS-grad,9,Never-married,Craft-repair,Own-child,White,Male,0,1408,50,United-States,0,under25,0
26,Private,HS-grad,9,Married-civ-spouse,Craft-repair,Husband,White,Male,0,0,48,United-States,0,25-44,0
56,Private,10th,6,Married-civ-spouse,Sales,Wife,Asian-Pac-Islander,Female,0,0,30,Japan,1,45plus,0
30,Private,HS-grad,9,Married-civ-spouse,Transport-moving,Husband,White,Male,0,0,45,United-States,0,25-44,0
48,Private,Masters,14,Divorced,Exec-managerial,Unmarried,White,Female,0,0,40,United-States,1,45plus,0
46,Private,Masters,14,Married-civ-spouse,Exec-managerial,Husband,White,Male,0,0,55,United-States,1,45plus,1
45,Self-emp-not-inc,Bachelors,13,Married-civ-spouse,Farming-fishing,Husband,White,Male,0,1485,70,United-States,1,25-44,0
43,Local-gov,Masters,14,Married-civ-spouse,Prof-specialty,Wife,Black,Female,0,0,35,United-States,1,25-44,1
49,Private,9th,5,Separated,Handlers-cleaners,Own-child,White,Male,0,0,38,United-States,0,45plus,0
64,Private,HS-grad,9,Widowed,Priv-house-serv,Not-in-family,White,Female,0,0,15,United-States,0,45plus,0
35,Private,12th,8,Married-civ-spouse,Craft-repair,Husband,White,Male,0,0,84,United-States,0,25-44,0
44,Private,HS-grad,9,Divorced,Adm-clerical,Unmarried,Black,Female,0,0,40,United-States,0,25-44,0
62,Private,Bachelors,13,Married-civ-spouse,Exec-managerial,Husband,White,Male,0,0,40,United-States,1,45plus,1
29,Self-emp-not-inc,Some-college,10,Married-civ-spouse,Farming-fishing,Husband,White,Male,0,0,55,United-States,0,25-44,0
50,Self-emp-not-inc,Masters,14,Married-civ-spouse,Sales,Husband,White,Male,7688,0,55,United-States,1,45plus,1
51,Private,Bachelors,13,Separated,Sales,Not-in-family,White,Male,0,0,40,United-States,0,45plus,0
23,Federal-gov,HS-grad,9,Never-married,Prof-specialty,Not-in-family,White,Male,0,0,40,United-States,0,under25,0
57,Private,Masters,14,Married-spouse-absent,Prof-specialty,Not-in-family,White,Female,0,0,40,United-States,0,45plus,0
19,Private,HS-grad,9,Never-married,Other-service,Own-child,Black,Male,0,0,30,United-States,0,under25,0
44,Private,1st-4th,2,Married-civ-spouse,Protective-serv,Other-relative,White,Male,0,0,40,Mexico,0,25-44,0
56,Private,HS-grad,9,Never-married,Machine-op-inspct,Not-in-family,White,Male,0,0,32,United-States,0,45plus,0
33,Federal-gov,Assoc-acdm,12,Divorced,Exec-managerial,Unmarried,White,Male,0,0,50,United-States,1,25-44,0
50,Self-emp-not-inc,HS-grad,9,Married-civ-spouse,Farming-fishing,Husband,White,Male,0,0,84,United-States,1,45plus,0
36,State-gov,Bachelors,13,Married-civ-spouse,Protective-serv,Husband,White,Male,7298,0,55,United-States,1,25-44,1
35,Self-emp-inc,Bachelors,13,Married-civ-spouse,Exec-managerial,Husband,White,Male,0,0,50,United-States,1,25-44,1
23,Private,Bachelors,13,Never-married,Adm-clerical,Not-in-family,Asian-Pac-Islander,Female,0,0,20,United-States,0,under25,0
25,Private,Some-college,10,Never-married,Sales,Not-in-family,White,Male,0,0,45,United-States,0,under25,0
37,Private,Some-college,10,Never-married,Protective-serv,Own-child,Black,Male,0,0,30,United-States,0,25-44,0
37,Private,Some-college,10,Married-civ-spouse,Craft-repair,Husband,White,Male,0,0,35,United-States,1,25-44,0
53,Private,HS-grad,9,Married-civ-spouse,Transport-moving,Husband,White,Male,0,0,40,United-States,0,45plus,0
42,Private,HS-grad,9,Divorced,Transport-moving,Not-in-family,White,Male,0,0,40,United-States,0,25-44,0
33,Private,7th-8th,4,Never-married,Sales,Not-in-family,White,Male,0,0,43,Mexico,0,25-44,0
37,Private,HS-grad,9,Married-civ-spouse,Craft-repair,Husband,White,Male,0,0,52,United-States,1,25-44,0
32,State-gov,Masters,14,Never-married,Prof-specialty,Not-in-family,White,Male,0,0,10,United-States,0,25-44,0
26,Private,Some-college,10,Never-married,Adm-clerical,Own-child,White,Female,0,0,15,United-States,0,25-44,0
63,Self-emp-inc,Prof-school,15,Married-civ-spouse,Prof-specialty,Husband,White,Male,15024,0,50,United-States,1,45plus,1
45,Self-emp-inc,Prof-school,15,Married-civ-spouse,Prof-specialty,Husband,White,Male,0,1485,50,United-States,1,25-44,1
47,Private,HS-grad,9,Divorced,Sales,Unmarried,White,Female,0,0,45,United-States,0,45plus,0
17,Private,9th,5,Never-married,Handlers-cleaners,Own-child,White,Male,0,1719,15,United-States,0,under25,0
32,Local-gov,HS-grad,9,Divorced,Adm-clerical,Unmarried,White,Female,0,0,40,United-States,0,25-44,0
73,Self-emp-not-inc,Some-college,10,Married-civ-spouse,Exec-managerial,Husband,White,Male,0,0,35,United-States,0,45plus,0
52,Private,Assoc-voc,11,Divorced,Other-service,Unmarried,White,Female,0,0,40,United-States,0,45plus,0
26,State-gov,Some-college,10,Never-married,Other-service,Not-in-family,White,Male,0,0,20,United-States,0,25-44,0
37,Self-emp-not-inc,HS-grad,9,Married-civ-spouse,Farming-fishing,Husband,White,Male,0,0,50,United-States,0,25-44,0
47,Self-emp-not-inc,Bachelors,13,Divorced,Sales,Not-in-family,White,Female,0,0,50,United-States,0,45plus,0
44,Private,HS-grad,9,Married-civ-spouse,Exec-managerial,Husband,White,Male,0,0,40,Mexico,0,25-44,0
20,Private,Some-college,10,Separated,Other-service,Own-child,White,Female,0,0,30,United-States,0,under25,0
20,Private,Some-college,10,Never-married,Sales,Own-child,White,Female,0,0,30,United-States,0,under25,0
31,Private,HS-grad,9,Married-civ-spouse,Transport-moving,Husband,Amer-Indian-Eskimo,Male,0,0,40,United-States,0,25-44,0
18,Private,5th-6th,3,Never-married,Other-service,Other-relative,White,Male,0,0,54,Mexico,0,under25,0
34,Private,HS-grad,9,Never-married,Transport-moving,Not-in-family,White,Male,0,0,70,United-States,0,25-44,0
20,Private,Some-college,10,Never-married,Adm-clerical,Own-child,Asian-Pac-Islander,Female,0,0,30,United-States,0,under25,0
21,Private,HS-grad,9,Never-married,Handlers-cleaners,Own-child,White,Male,0,0,40,United-States,0,under25,0
17,Private,11th,7,Never-married,Sales,Own-child,White,Female,0,0,8,United-States,0,under25,0
58,Local-gov,5th-6th,3,Divorced,Other-service,Other-relative,Black,Female,0,0,40,Haiti,0,45plus,0
53,Private,HS-grad,9,Divorced,Sales,Not-in-family,White,Female,0,0,35,United-States,0,45plus,0
46,Private,Bachelors,13,Married-civ-spouse,Prof-specialty,Husband,White,Male,7688,0,45,United-States,1,45plus,1
17,Private,12th,8,Never-married,Other-service,Own-child,White,Female,0,0,16,United-States,0,under25,0
22,Local-gov,Some-college,10,Never-married,Prof-specialty,Own-child,White,Female,594,0,25,United-States,0,under25,0
34,Local-gov,HS-grad,9,Divorced,Protective-serv,Unmarried,White,Male,0,0,40,Portugal,0,25-44,0
66,Private,Some-college,10,Married-civ-spouse,Sales,Husband,White,Male,0,0,24,United-States,0,45plus,0
53,Private,Bachelors,13,Married-civ-spouse,Craft-repair,Husband,White,Male,0,0,40,United-States,1,45plus,1
41,Private,HS-grad,9,Married-civ-spouse,Craft-repair,Husband,White,Male,0,0,60,United-States,1,25-44,0
40,Federal-gov,Masters,14,Married-civ-spouse,Prof-specialty,Husband,White,Male,0,0,40,United-States,1,25-44,1
30,State-gov,Some-college,10,Married-civ-spouse,Prof-specialty,Wife,Black,Female,0,0,40,United-States,1,25-44,0
90,Self-emp-not-inc,HS-grad,9,Never-married,Exec-managerial,Not-in-family,White,Male,2964,0,12,United-States,0,45plus,0
29,Private,HS-grad,9,Married-civ-spouse,Protective-serv,Husband,White,Male,0,0,40,United-States,0,25-44,0
26,Self-emp-not-inc,Prof-school,15,Never-married,Prof-specialty,Own-child,White,Male,0,0,20,United-States,0,25-44,0
68,Private,Some-college,10,Never-married,Adm-clerical,Not-in-family,White,Female,0,0,40,United-States,0,45plus,0
31,Self-emp-inc,HS-grad,9,Never-married,Craft-repair,Not-in-family,White,Male,0,0,44,United-States,0,25-44,0
43,Local-gov,HS-grad,9,Married-civ-spouse,Protective-serv,Husband,White,Male,0,0,45,United-States,1,25-44,0
25,Private,HS-grad,9,Married-civ-spouse,Transport-moving,Husband,White,Male,0,0,40,United-States,0,under25,0
29,Private,HS-grad,9,Never-married,Handlers-cleaners,Not-in-family,Black,Female,0,0,40,United-States,0,25-44,0
22,Private,HS-grad,9,Never-married,Transport-moving,Not-in-family,White,Female,0,0,46,United-States,0,under25,0
60,Private,Some-college,10,Married-civ-spouse,Craft-repair,Husband,White,Male,0,0,65,United-States,0,45plus,0
49,Private,Assoc-voc,11,Never-married,Exec-managerial,Unmarried,White,Female,0,0,35,Columbia,0,45plus,0
57,Private,Assoc-voc,11,Never-married,Craft-repair,Not-in-family,White,Male,0,0,40,United-States,1,45plus,0
36,Private,Assoc-acdm,12,Married-civ-spouse,Sales,Wife,White,Female,0,0,40,United-States,0,25-44,0
28,Private,Some-college,10,Married-civ-spouse,Sales,Wife,White,Female,4064,0,25,United-States,0,25-44,0
40,Private,Masters,14,Never-married,Prof-specialty,Not-in-family,White,Female,3325,0,40,United-States,0,25-44,0
18,Private,HS-grad,9,Never-married,Adm-clerical,Own-child,White,Female,0,0,15,United-States,0,under25,0
23,Private,Bachelors,13,Never-married,Other-service,Not-in-family,White,Female,0,0,30,United-States,0,under25,0
32,Self-emp-inc,HS-grad,9,Married-civ-spouse,Craft-repair,Husband,White,Male,7688,0,40,United-States,1,25-44,1
28,Local-gov,Some-college,10,Never-married,Adm-clerical,Unmarried,Black,Female,0,0,40,United-States,0,25-44,0
39,Local-gov,Masters,14,Never-married,Prof-specialty,Not-in-family,White,Female,0,0,55,United-States,0,25-44,0
43,Private,Masters,14,Married-civ-spouse,Prof-specialty,Wife,Asian-Pac-Islander,Female,0,0,50,South,0,25-44,1
66,Private,Some-college,10,Married-civ-spouse,Tech-support,Husband,White,Male,0,0,40,United-States,1,45plus,0
44,Private,Bachelors,13,Never-married,Adm-clerical,Not-in-family,White,Female,0,1617,20,United-States,0,25-44,0
30,Private,HS-grad,9,Married-civ-spouse,Craft-repair,Husband,White,Male,0,1848,50,United-States,1,25-44,1
59,Self-emp-not-inc,10th,6,Married-civ-spouse,Exec-managerial,Wife,White,Female,0,0,36,United-States,0,45plus,0
43,Private,Bachelors,13,Married-civ-spouse,Exec-managerial,Husband,White,Male,7298,0,40,United-States,1,25-44,1
21,Private,Some-college,10,Married-civ-spouse,Exec-managerial,Husband,White,Male,0,2377,48,United-States,0,under25,0
28,Private,Some-college,10,Never-married,Sales,Not-in-family,White,Male,0,0,40,United-States,0,25-44,0
48,Self-emp-not-inc,HS-grad,9,Married-civ-spouse,Sales,Husband,White,Male,0,0,50,United-States,0,45plus,0
51,Private,HS-grad,9,Married-civ-spouse,Craft-repair,Husband,White,Male,0,0,40,United-States,0,45plus,0
27,Private,Bachelors,13,Never-married,Sales,Not-in-family,White,Male,0,0,40,United-States,0,25-44,0
47,Private,HS-grad,9,Divorced,Other-service,Not-in-family,Black,Female,0,0,14,United-States,0,45plus,0
53,Private,Masters,14,Married-civ-spouse,Prof-specialty,Husband,White,Male,7298,0,40,United-States,1,45plus,1
19,Self-emp-not-inc,Some-college,10,Never-married,Sales,Own-child,White,Female,0,0,16,United-States,0,under25,0
26,Local-gov,Some-college,10,Never-married,Protective-serv,Not-in-family,White,Male,0,0,40,Peru,0,25-44,0
58,Private,Bachelors,13,Never-married,Prof-specialty,Not-in-family,White,Female,0,0,62,Canada,0,45plus,0
34,Private,HS-grad,9,Married-civ-spouse,Exec-managerial,Husband,White,Male,0,0,60,United-States,1,25-44,0
32,Private,HS-grad,9,Never-married,Machine-op-inspct,Unmarried,White,Male,0,0,40,United-States,0,25-44,0
30,Private,HS-grad,9,Separated,Adm-clerical,Not-in-family,White,Female,0,0,40,United-States,0,25-44,0
63,Local-gov,HS-grad,9,Married-civ-spouse,Exec-managerial,Husband,White,Male,0,0,55,United-States,0,45plus,0
41,Private,Some-college,10,Separated,Craft-repair,Not-in-family,Black,Male,0,0,40,United-States,0,25-44,0
33,Private,Bachelors,13,Married-civ-spouse,Exec-managerial,Husband,White,Male,0,0,45,United-States,0,25-44,1
42,Private,Some-college,10,Divorced,Adm-clerical,Not-in-family,Black,Female,0,0,38,United-States,0,25-44,0
48,Private,Prof-school,15,Married-civ-spouse,Tech-support,Husband,White,Male,0,1977,40,United-States,1,45plus,1
29,Private,HS-grad,9,Never-married,Farming-fishing,Own-child,Black,Male,0,0,30,United-States,0,25-44,0
53,Self-emp-inc,Bachelors,13,Married-civ-spouse,Adm-clerical,Wife,Asian-Pac-Islander,Female,0,0,50,South,0,45plus,1
29,Private,Some-college,10,Married-spouse-absent,Sales,Own-child,Asian-Pac-Islander,Female,0,0,26,India,0,25-44,0
38,Private,11th,7,Divorced,Machine-op-inspct,Not-in-family,White,Male,0,0,65,United-States,0,25-44,0
25,Private,Bachelors,13,Never-married,Tech-support,Own-child,White,Male,0,0,40,United-States,0,under25,0
43,Self-emp-inc,HS-grad,9,Divorced,Craft-repair,Unmarried,White,Male,5455,0,50,United-States,0,25-44,0
22,Private,12th,8,Never-married,Transport-moving,Unmarried,White,Male,0,0,30,United-States,0,under25,0
43,Private,Assoc-voc,11,Married-civ-spouse,Craft-repair,Husband,White,Male,0,0,40,United-States,0,25-44,0
20,Private,HS-grad,9,Never-married,Sales,Not-in-family,White,Male,0,0,40,United-States,0,under25,0
34,Self-emp-not-inc,HS-grad,9,Never-married,Farming-fishing,Not-in-family,White,Male,0,0,40,United-States,0,25-44,0
27,Private,Some-college,10,Never-married,Adm-clerical,Not-in-family,White,Female,0,0,40,United-States,0,25-44,0
26,Private,Some-college,10,Married-civ-spouse,Craft-repair,Husband,White,Male,0,0,40,United-States,0,25-44,0
24,Private,Bachelors,13,Never-married,Exec-managerial,Own-child,Asian-Pac-Islander,Female,0,0,40,Philippines,0,under25,0
38,Private,Bachelors,13,Married-civ-spouse,Prof-specialty,Husband,White,Male,0,0,45,United-States,1,25-44,1
36,Private,Assoc-voc,11,Never-married,Tech-support,Not-in-family,White,Female,0,0,3,United-States,0,25-44,0
36,Self-emp-not-inc,HS-grad,9,Married-civ-spouse,Exec-managerial,Husband,White,Male,0,0,50,United-States,0,25-44,0
51,Private,HS-grad,9,Married-civ-spouse,Adm-clerical,Husband,White,Male,0,0,40,United-States,0,45plus,0
43,Private,Masters,14,Never-married,Prof-specialty,Not-in-family,White,Male,0,0,50,United-States,1,25-44,0
41,Private,HS-grad,9,Never-married,Exec-managerial,Not-in-family,White,Male,2174,0,40,United-States,0,25-44,0
20,Local-gov,HS-grad,9,Never-married,Other-service,Unmarried,Black,Female,0,0,40,United-States,0,under25,0
40,Private,12th,8,Divorced,Craft-repair,Not-in-family,White,Male,0,0,40,United-States,0,25-44,0
21,Private,Bachelors,13,Never-married,Other-service,Own-child,White,Female,0,0,20,United-States,0,under25,0
36,Private,HS-grad,9,Divorced,Machine-op-inspct,Unmarried,White,Male,0,0,40,United-States,0,25-44,0
48,Private,HS-grad,9,Widowed,Adm-clerical,Unmarried,White,Female,0,0,40,United-States,0,45plus,0
61,Private,HS-grad,9,Divorced,Sales,Unmarried,White,Female,0,2754,25,United-States,0,45plus,0
42,Private,11th,7,Married-civ-spouse,Other-service,Wife,White,Female,0,0,40,United-States,0,25-44,0
31,Private,10th,6,Married-civ-spouse,Sales,Husband,White,Male,0,0,40,United-States,0,25-44,0
29,Private,11th,7,Divorced,Machine-op-inspct,Unmarried,White,Female,0,0,40,United-States,0,25-44,0
45,Private,Bachelors,13,Married-civ-spouse,Exec-managerial,Husband,White,Male,15024,0,60,United-States,1,25-44,1
37,Private,Masters,14,Never-married,Prof-specialty,Not-in-family,White,Female,0,0,40,United-States,0,25-44,0
51,Private,Some-college,10,Divorced,Handlers-cleaners,Not-in-family,White,Female,0,0,40,Ireland,0,45plus,0
37,State-gov,Some-college,10,Married-civ-spouse,Other-service,Husband,White,Male,0,0,40,United-States,0,25-44,0
36,Private,Assoc-voc,11,Never-married,Adm-clerical,Not-in-family,White,Male,0,0,42,United-States,1,25-44,0
39,Private,Masters,14,Married-civ-spouse,Prof-specialty,Husband,Asian-Pac-Islander,Male,0,0,40,Philippines,1,25-44,1
40,Private,11th,7,Married-civ-spouse,Farming-fishing,Husband,White,Male,0,0,40,United-States,0,25-44,0
25,Private,Assoc-voc,11,Never-married,Tech-support,Unmarried,Black,Female,0,0,40,United-States,0,under25,0
24,Local-gov,Some-college,10,Never-married,Tech-support,Not-in-family,White,Male,14344,0,50,United-States,1,under25,1
37,Private,Bachelors,13,Separated,Other-service,Unmarried,Asian-Pac-Islander,Female,0,0,36,Philippines,0,25-44,0
23,Private,Bachelors,13,Never-married,Prof-specialty,Not-in-family,White,Female,0,0,60,United-States,0,under25,0
43,Private,Some-college,10,Divorced,Tech-support,Own-child,White,Female,0,1617,72,United-States,0,25-44,0
39,Private,Bachelors,13,Married-civ-spouse,Prof-specialty,Husband,White,Male,0,0,40,United-States,1,25-44,1
20,Private,Some-college,10,Never-married,Sales,Own-child,Asian-Pac-Islander,Male,0,0,8,India,0,under25,0
36,Local-gov,HS-grad,9,Never-married,Adm-clerical,Not-in-family,White,Male,0,0,40,United-States,0,25-44,0
22,State-gov,Some-college,10,Never-married,Other-service,Own-child,White,Female,0,0,15,United-States,0,under25,0
39,Private,HS-grad,9,Married-civ-spouse,Craft-repair,Husband,White,Male,0,0,45,United-States,0,25-44,0
43,State-gov,HS-grad,9,Divorced,Exec-managerial,Unmarried,White,Female,0,0,40,United-States,0,25-44,0
62,Private,10th,6,Divorced,Prof-specialty,Unmarried,White,Female,0,0,40,United-States,0,45plus,0
22,Private,Some-college,10,Never-married,Adm-clerical,Unmarried,White,Female,0,0,40,United-States,0,under25,0
50,State-gov,Assoc-voc,11,Married-civ-spouse,Prof-specialty,Husband,White,Male,0,0,40,United-States,0,45plus,1
45,Private,7th-8th,4,Divorced,Machine-op-inspct,Not-in-family,Black,Female,0,0,35,United-States,0,25-44,0
56,Self-emp-not-inc,Some-college,10,Married-civ-spouse,Craft-repair,Husband,White,Male,0,0,60,United-States,0,45plus,0
27,Private,HS-grad,9,Separated,Machine-op-inspct,Not-in-family,White,Male,0,0,43,United-States,0,25-44,0
46,Private,HS-grad,9,Married-civ-spouse,Transport-moving,Husband,White,Male,0,1902,70,Canada,1,45plus,1
28,Private,Some-college,10,Married-civ-spouse,Craft-repair,Husband,White,Male,0,0,40,United-States,0,25-44,0
36,Self-emp-not-inc,Bachelors,13,Married-civ-spouse,Exec-managerial,Husband,White,Male,4386,0,50,United-States,1,25-44,1
42,Self-emp-not-inc,Some-college,10,Married-civ-spouse,Craft-repair,Husband,White,Male,0,0,40,United-States,0,25-44,0
39,Private,HS-grad,9,Divorced,Other-service,Own-child,White,Male,0,0,40,United-States,0,25-44,0
21,Private,HS-grad,9,Never-married,Adm-clerical,Not-in-family,White,Female,0,0,30,United-States,0,under25,0
38,Private,Masters,14,Married-civ-spouse,Prof-specialty,Husband,White,Male,99999,0,65,United-States,1,25-44,1
38,Private,Some-college,10,Widowed,Exec-managerial,Not-in-family,White,Female,0,0,40,United-States,1,25-44,0
38,Private,Some-college,10,Never-married,Farming-fishing,Unmarried,White,Male,0,0,60,United-States,0,25-44,0
22,Private,11th,7,Never-married,Adm-clerical,Not-in-family,White,Male,0,0,40,United-States,0,under25,0
50,Private,HS-grad,9,Divorced,Exec-managerial,Unmarried,White,Male,0,0,38,United-States,0,45plus,0
59,Federal-gov,Masters,14,Never-married,Exec-managerial,Not-in-family,White,Male,0,0,40,United-States,0,45plus,0
26,Federal-gov,HS-grad,9,Never-married,Adm-clerical,Not-in-family,Black,Female,0,0,40,United-States,0,25-44,0
46,Private,Bachelors,13,Divorced,Sales,Not-in-family,White,Male,8614,0,40,United-States,1,45plus,1
25,Private,Some-college,10,Married-civ-spouse,Exec-managerial,Wife,Black,Female,0,0,40,United-States,1,under25,0
38,Private,Bachelors,13,Married-civ-spouse,Prof-specialty,Husband,White,Male,0,0,40,United-States,1,25-44,1
55,Private,HS-grad,9,Married-civ-spouse,Adm-clerical,Husband,White,Male,6418,0,50,United-States,1,45plus,1
45,Private,HS-grad,9,Never-married,Craft-repair,Own-child,White,Male,10520,0,48,United-States,1,25-44,1
58,Private,HS-grad,9,Widowed,Adm-clerical,Not-in-family,White,Female,0,0,27,United-States,0,45plus,0
18,Private,Some-college,10,Never-married,Sales,Own-child,White,Female,0,0,40,United-States,0,under25,0
20,Private,Some-college,10,Separated,Sales,Unmarried,Black,Female,0,0,40,United-States,0,under25,0
46,Private,Assoc-acdm,12,Married-civ-spouse,Adm-clerical,Husband,Asian-Pac-Islander,Male,0,0,40,India,0,45plus,0
47,Private,Bachelors,13,Married-civ-spouse,Craft-repair,Husband,White,Male,0,0,40,United-States,0,45plus,1
18,Private,HS-grad,9,Never-married,Other-service,Own-child,White,Female,0,0,20,United-States,0,under25,0
17,Local-gov,11th,7,Never-married,Other-service,Own-child,White,Female,0,0,16,United-States,0,under25,0
51,Private,Bachelors,13,Married-civ-spouse,Exec-managerial,Husband,White,Male,7688,0,40,United-States,1,45plus,1
19,Private,Some-college,10,Never-married,Tech-support,Not-in-family,White,Female,0,0,25,United-States,0,under25,0
47,Private,Assoc-voc,11,Divorced,Prof-specialty,Unmarried,White,Female,0,0,44,United-States,0,45plus,0
54,Local-gov,Masters,14,Married-civ-spouse,Prof-specialty,Husband,White,Male,0,1977,40,United-States,1,45plus,1
48,Private,HS-grad,9,Divorced,Craft-repair,Unmarried,White,Female,0,0,40,United-States,0,45plus,0
29,Private,5th-6th,3,Never-married,Other-service,Other-relative,White,Female,0,0,40,El-Salvador,0,25-44,0
43,Local-gov,HS-grad,9,Divorced,Protective-serv,Unmarried,White,Female,0,0,40,United-States,0,25-44,0
24,Private,HS-grad,9,Never-married,Other-service,Own-child,Black,Male,0,0,40,United-States,0,under25,0
25,Private,Some-college,10,Never-married,Tech-support,Unmarried,White,Female,0,0,24,United-States,0,under25,0
41,Private,HS-grad,9,Never-married,Craft-repair,Own-child,Black,Female,0,0,35,United-States,0,25-44,0
45,Private,12th,8,Married-civ-spouse,Craft-repair,Husband,White,Male,0,0,40,United-States,0,25-44,0
47,Local-gov,Some-college,10,Married-civ-spouse,Transport-moving,Husband,White,Male,0,1887,40,United-States,1,45plus,1
27,Private,HS-grad,9,Separated,Machine-op-inspct,Own-child,White,Female,0,0,40,United-States,0,25-44,0
41,Private,HS-grad,9,Married-civ-spouse,Craft-repair,Husband,White,Male,0,0,4,Peru,0,25-44,0
23,Local-gov,Bachelors,13,Never-married,Exec-managerial,Own-child,White,Female,0,0,12,United-States,0,under25,0
68,Private,HS-grad,9,Married-civ-spouse,Sales,Husband,White,Male,0,0,40,United-States,0,45plus,0
20,Private,HS-grad,9,Never-married,Adm-clerical,Own-child,Black,Female,0,0,20,United-States,0,under25,0
67,Private,Some-college,10,Widowed,Prof-specialty,Not-in-family,White,Female,0,0,16,United-States,0,45plus,0
31,Local-gov,HS-grad,9,Never-married,Transport-moving,Own-child,White,Male,0,0,40,United-States,0,25-44,0
65,Without-pay,7th-8th,4,Widowed,Farming-fishing,Unmarried,White,Female,0,0,50,United-States,0,45plus,0
52,Federal-gov,Bachelors,13,Married-civ-spouse,Tech-support,Husband,Black,Male,7688,0,40,United-States,1,45plus,1
74,Federal-gov,HS-grad,9,Widowed,Other-service,Not-in-family,White,Male,0,0,17,United-States,0,45plus,0
63,Private,11th,7,Never-married,Farming-fishing,Not-in-family,White,Male,0,0,12,United-States,0,45plus,0
27,Private,HS-grad,9,Married-civ-spouse,Transport-moving,Husband,White,Male,0,0,99,United-States,0,25-44,0
26,Private,Bachelors,13,Never-married,Prof-specialty,Own-child,White,Female,0,0,40,United-States,0,25-44,0
37,Private,Assoc-acdm,12,Never-married,Adm-clerical,Not-in-family,White,Female,0,0,40,United-States,0,25-44,0
66,Local-gov,Bachelors,13,Widowed,Prof-specialty,Not-in-family,Black,Female,0,2206,25,United-States,0,45plus,0
27,Private,Bachelors,13,Married-civ-spouse,Exec-managerial,Other-relative,White,Male,0,0,50,United-States,0,25-44,0
25,Private,HS-grad,9,Never-married,Adm-clerical,Unmarried,White,Female,0,0,40,United-States,0,under25,0
18,Private,11th,7,Never-married,Sales,Not-in-family,White,Female,0,0,30,United-States,0,under25,0
33,Federal-gov,Bachelors,13,Never-married,Adm-clerical,Own-child,White,Male,0,0,38,United-States,0,25-44,0
39,Private,HS-grad,9,Married-civ-spouse,Craft-repair,Husband,White,Male,7298,0,40,United-States,1,25-44,1
19,Private,Some-college,10,Never-married,Sales,Own-child,White,Female,0,0,30,United-States,0,under25,0
40,Private,Assoc-voc,11,Never-married,Machine-op-inspct,Own-child,White,Male,0,0,40,United-States,0,25-44,0
41,Private,Some-college,10,Married-civ-spouse,Sales,Husband,White,Male,0,0,50,United-States,1,25-44,0
41,Federal-gov,Bachelors,13,Married-civ-spouse,Adm-clerical,Husband,White,Male,0,0,40,United-States,0,25-44,1
58,Private,HS-grad,9,Married-civ-spouse,Adm-clerical,Wife,White,Female,0,0,40,United-States,1,45plus,0
55,Private,5th-6th,3,Widowed,Machine-op-inspct,Unmarried,White,Female,0,0,40,United-States,0,45plus,0
41,Private,Bachelors,13,Married-civ-spouse,Exec-managerial,Husband,White,Male,0,1902,60,United-States,1,25-44,1
34,Private,Some-college,10,Married-civ-spouse,Exec-managerial,Husband,White,Male,0,0,55,United-States,0,25-44,1
21,Local-gov,Some-college,10,Never-married,Adm-clerical,Own-child,White,Male,0,0,40,United-States,0,under25,0
32,Private,HS-grad,9,Married-civ-spouse,Exec-managerial,Wife,White,Female,0,0,50,United-States,1,25-44,0
47,Private,Some-college,10,Married-civ-spouse,Craft-repair,Husband,White,Male,0,0,40,United-States,0,45plus,0
33,Private,HS-grad,9,Divorced,Farming-fishing,Not-in-family,White,Male,0,0,40,United-States,0,25-44,0
35,Private,Bachelors,13,Married-civ-spouse,Exec-managerial,Husband,White,Male,7688,0,50,United-States,1,25-44,1
28,Private,Some-college,10,Separated,Tech-support,Unmarried,White,Male,0,0,40,United-States,1,25-44,0
37,Private,Assoc-acdm,12,Married-civ-spouse,Craft-repair,Husband,White,Male,0,0,45,United-States,0,25-44,0
39,State-gov,HS-grad,9,Married-civ-spouse,Adm-clerical,Wife,White,Female,0,0,40,United-States,0,25-44,0
42,Private,Assoc-voc,11,Married-civ-spouse,Prof-specialty,Husband,Black,Male,0,0,40,United-States,1,25-44,1
31,Private,Assoc-acdm,12,Divorced,Other-service,Not-in-family,White,Female,0,0,32,United-States,0,25-44,0
26,Private,Assoc-acdm,12,Never-married,Sales,Own-child,White,Male,0,0,30,United-States,0,25-44,0
37,Private,HS-grad,9,Married-civ-spouse,Craft-repair,Husband,White,Male,0,0,35,United-States,0,25-44,0
26,Private,HS-grad,9,Never-married,Craft-repair,Own-child,White,Male,0,0,40,United-States,0,25-44,0
20,State-gov,Some-college,10,Never-married,Adm-clerical,Own-child,White,Female,0,0,10,United-States,0,under25,0
23,Private,HS-grad,9,Never-married,Other-service,Not-in-family,White,Female,0,0,40,United-States,0,under25,0
49,Private,Some-college,10,Married-civ-spouse,Craft-repair,Husband,White,Male,0,1485,40,United-States,1,45plus,0
25,Private,Assoc-acdm,12,Divorced,Tech-support,Own-child,White,Female,0,1594,25,United-States,0,under25,0
42,Private,Some-college,10,Never-married,Transport-moving,Unmarried,Black,Female,0,0,40,United-States,0,25-44,0
21,Private,HS-grad,9,Never-married,Adm-clerical,Own-child,White,Male,0,0,40,United-States,0,under25,0
31,Private,HS-grad,9,Never-married,Other-service,Not-in-family,White,Female,0,0,30,United-States,0,25-44,0
65,Self-emp-not-inc,HS-grad,9,Married-civ-spouse,Farming-fishing,Husband,White,Male,10605,0,60,United-States,1,45plus,1
28,Private,HS-grad,9,Never-married,Transport-moving,Not-in-family,White,Male,0,0,45,United-States,0,25-44,0
36,Self-emp-not-inc,Bachelors,13,Married-civ-spouse,Prof-specialty,Husband,White,Male,0,0,45,United-States,1,25-44,1
48,Private,HS-grad,9,Married-civ-spouse,Farming-fishing,Husband,White,Male,0,0,43,United-States,0,45plus,0
28,Private,HS-grad,9,Married-civ-spouse,Exec-managerial,Husband,Black,Male,15024,0,40,United-States,1,25-44,1
35,Self-emp-not-inc,Bachelors,13,Married-civ-spouse,Prof-specialty,Husband,White,Male,0,0,40,United-States,0,25-44,1
56,Private,Bachelors,13,Married-civ-spouse,Craft-repair,Husband,White,Male,0,0,40,United-States,0,45plus,1
47,Local-gov,Some-college,10,Never-married,Adm-clerical,Not-in-family,Black,Male,0,0,40,United-States,0,45plus,0
48,Private,HS-grad,9,Separated,Adm-clerical,Unmarried,White,Female,914,0,40,United-States,0,45plus,0
38,Self-emp-not-inc,10th,6,Married-civ-spouse,Sales,Husband,White,Male,0,1887,40,United-States,1,25-44,1
37,Private,HS-grad,9,Married-civ-spouse,Farming-fishing,Husband,White,Male,0,0,40,United-States,0,25-44,0
19,Private,12th,8,Never-married,Machine-op-inspct,Own-child,White,Male,0,0,40,United-States,0,under25,0
25,Private,HS-grad,9,Never-married,Handlers-cleaners,Own-child,White,Male,0,0,40,United-States,0,under25,0
49,Private,Some-college,10,Widowed,Sales,Unmarried,White,Female,0,0,30,United-States,0,45plus,0
60,Self-emp-not-inc,Some-college,10,Married-civ-spouse,Sales,Husband,White,Male,0,0,50,United-States,0,45plus,0
17,Private,10th,6,Never-married,Sales,Own-child,White,Male,0,0,20,United-States,0,under25,0
52,Private,HS-grad,9,Divorced,Transport-moving,Not-in-family,White,Male,0,0,40,United-States,0,45plus,0
20,Private,Some-college,10,Never-married,Adm-clerical,Own-child,White,Female,0,0,46,United-States,0,under25,0
32,Local-gov,Bachelors,13,Never-married,Prof-specialty,Not-in-family,White,Male,0,0,35,United-States,0,25-44,0
45,Private,9th,5,Married-civ-spouse,Transport-moving,Husband,White,Male,0,0,40,United-States,0,25-44,0
29,Federal-gov,Assoc-voc,11,Married-civ-spouse,Tech-support,Husband,White,Male,0,0,42,United-States,1,25-44,0
39,Local-gov,HS-grad,9,Never-married,Exec-managerial,Own-child,Amer-Indian-Eskimo,Female,0,0,40,United-States,0,25-44,0
29,Private,Some-college,10,Never-married,Prof-specialty,Not-in-family,White,Male,0,0,15,United-States,0,25-44,0
38,Self-emp-inc,Assoc-acdm,12,Divorced,Exec-managerial,Unmarried,White,Male,0,0,45,United-States,0,25-44,0
18,Private,12th,8,Never-married,Other-service,Own-child,White,Female,0,0,32,United-States,0,under25,0
51,Private,Bachelors,13,Married-civ-spouse,Exec-managerial,Husband,White,Male,0,0,55,United-States,0,45plus,1
46,Private,Some-college,10,Married-civ-spouse,Craft-repair,Other-relative,Asian-Pac-Islander,Male,0,0,40,India,0,45plus,0
21,Private,Some-college,10,Never-married,Prof-specialty,Own-child,White,Male,0,0,10,United-States,0,under25,0
53,Local-gov,HS-grad,9,Divorced,Exec-managerial,Not-in-family,White,Male,0,0,40,United-States,0,45plus,0
49,Private,HS-grad,9,Married-civ-spouse,Farming-fishing,Husband,White,Male,0,0,40,United-States,0,45plus,0
56,Private,HS-grad,9,Married-civ-spouse,Transport-moving,Husband,White,Male,0,0,40,United-States,0,45plus,0
36,Private,11th,7,Divorced,Transport-moving,Not-in-family,White,Male,0,0,40,United-States,0,25-44,0
19,Private,11th,7,Never-married,Sales,Own-child,White,Female,0,0,25,United-States,0,under25,0
44,Private,HS-grad,9,Married-civ-spouse,Exec-managerial,Husband,White,Male,0,0,60,United-States,1,25-44,0
34,Private,Assoc-voc,11,Married-civ-spouse,Adm-clerical,Husband,Black,Male,0,0,45,United-States,1,25-44,0
32,Private,Bachelors,13,Married-civ-spouse,Prof-specialty,Husband,White,Male,0,2415,48,United-States,1,25-44,1
55,Private,HS-grad,9,Married-civ-spouse,Transport-moving,Husband,Black,Male,3411,0,40,Jamaica,0,45plus,0
40,Private,Bachelors,13,Never-married,Sales,Own-child,White,Male,0,0,40,United-States,0,25-44,0
32,Private,Some-college,10,Married-civ-spouse,Craft-repair,Husband,White,Male,0,0,55,Greece,0,25-44,0
35,Self-emp-not-inc,HS-grad,9,Married-civ-spouse,Farming-fishing,Husband,White,Male,0,0,55,United-States,0,25-44,0
33,Self-emp-not-inc,Bachelors,13,Married-civ-spouse,Craft-repair,Husband,White,Male,0,0,40,United-States,1,25-44,0
20,Private,HS-grad,9,Never-married,Other-service,Own-child,White,Female,0,0,25,United-States,0,under25,0
23,Private,Some-college,10,Never-married,Other-service,Own-child,Asian-Pac-Islander,Female,0,0,23,United-States,0,under25,0
22,Private,Bachelors,13,Never-married,Adm-clerical,Own-child,White,Female,0,0,40,United-States,0,under25,0
37,Private,Some-college,10,Divorced,Other-service,Unmarried,White,Female,0,0,30,United-States,0,25-44,0
69,Self-emp-not-inc,HS-grad,9,Married-civ-spouse,Exec-managerial,Husband,White,Male,9386,0,12,United-States,1,45plus,1
28,Private,10th,6,Widowed,Adm-clerical,Unmarried,White,Female,0,2238,35,United-States,0,25-44,0
56,Self-emp-not-inc,HS-grad,9,Married-civ-spouse,Transport-moving,Husband,White,Male,0,0,90,United-States,0,45plus,0
38,Private,Some-college,10,Divorced,Adm-clerical,Unmarried,Black,Female,0,0,40,United-States,0,25-44,0
30,Private,HS-grad,9,Married-civ-spouse,Handlers-cleaners,Husband,White,Male,0,0,40,United-States,0,25-44,0
60,Self-emp-inc,11th,7,Married-civ-spouse,Transport-moving,Husband,White,Male,0,0,40,United-States,1,45plus,0
56,Private,HS-grad,9,Married-civ-spouse,Exec-managerial,Husband,White,Male,0,0,40,United-States,1,45plus,0
44,Self-emp-inc,Bachelors,13,Married-civ-spouse,Farming-fishing,Husband,White,Male,15024,0,65,United-States,1,25-44,1
27,Local-gov,HS-grad,9,Never-married,Protective-serv,Own-child,White,Male,0,0,38,United-States,0,25-44,0
42,Self-emp-inc,12th,8,Divorced,Craft-repair,Not-in-family,White,Male,0,0,10,United-States,0,25-44,0
29,Private,Some-college,10,Married-civ-spouse,Craft-repair,Husband,White,Male,0,0,50,United-States,0,25-44,0
32,Private,Some-college,10,Divorced,Adm-clerical,Unmarried,White,Female,0,0,40,United-States,0,25-44,0
30,Private,Prof-school,15,Married-civ-spouse,Prof-specialty,Husband,Asian-Pac-Islander,Male,0,0,20,India,1,25-44,0
52,Private,Bachelors,13,Married-civ-spouse,Prof-specialty,Husband,White,Male,0,0,38,United-States,1,45plus,1
37,Private,HS-grad,9,Divorced,Other-service,Not-in-family,Black,Female,0,0,30,United-States,0,25-44,0
42,Private,Assoc-acdm,12,Divorced,Prof-specialty,Unmarried,White,Female,8614,0,40,United-States,1,25-44,1
57,Local-gov,HS-grad,9,Divorced,Protective-serv,Not-in-family,White,Female,0,0,40,United-States,0,45plus,0
50,Private,7th-8th,4,Married-civ-spouse,Transport-moving,Husband,White,Male,0,1579,65,Canada,0,45plus,0
61,Private,Some-college,10,Divorced,Other-service,Not-in-family,White,Female,0,0,40,United-States,0,45plus,0
53,Private,11th,7,Married-civ-spouse,Craft-repair,Husband,White,Male,0,0,40,United-States,0,45plus,0
54,Private,Bachelors,13,Divorced,Sales,Not-in-family,Black,Female,0,0,60,United-States,0,45plus,0
18,Private,Some-college,10,Never-married,Tech-support,Own-child,White,Male,2176,0,20,United-States,0,under25,0
37,Private,HS-grad,9,Married-civ-spouse,Adm-clerical,Wife,White,Female,0,0,40,United-States,0,25-44,0
54,Self-emp-inc,Bachelors,13,Married-civ-spouse,Exec-managerial,Husband,White,Male,7298,0,55,United-States,1,45plus,1
24,Private,Some-college,10,Never-married,Other-service,Own-child,White,Male,0,0,20,Canada,0,under25,0
47,Private,HS-grad,9,Married-civ-spouse,Handlers-cleaners,Husband,White,Male,4064,0,60,United-States,0,45plus,0
33,Private,Assoc-voc,11,Married-civ-spouse,Machine-op-inspct,Husband,White,Male,0,0,50,United-States,0,25-44,0
43,Private,HS-grad,9,Separated,Exec-managerial,Not-in-family,White,Female,0,0,48,United-States,0,25-44,0
21,Private,12th,8,Never-married,Handlers-cleaners,Own-child,White,Male,0,0,32,United-States,0,under25,0
33,Private,HS-grad,9,Never-married,Machine-op-inspct,Unmarried,White,Male,0,0,40,United-States,0,25-44,0
31,Private,Bachelors,13,Married-civ-spouse,Exec-managerial,Husband,White,Male,0,0,40,United-States,1,25-44,1
26,Private,Bachelors,13,Never-married,Prof-specialty,Own-child,White,Female,0,0,40,United-States,0,25-44,0
32,Private,Prof-school,15,Never-married,Prof-specialty,Not-in-family,White,Male,0,0,40,United-States,0,25-44,0
27,Private,Assoc-voc,11,Married-civ-spouse,Transport-moving,Husband,White,Male,0,0,50,United-States,0,25-44,0
47,Private,HS-grad,9,Married-civ-spouse,Exec-managerial,Wife,White,Female,0,0,30,United-States,1,45plus,0
29,Private,Bachelors,13,Never-married,Prof-specialty,Not-in-family,Other,Female,0,1590,40,United-States,0,25-44,0
34,Private,Assoc-acdm,12,Divorced,Adm-clerical,Own-child,White,Female,0,0,35,United-States,0,25-44,0
61,Private,Preschool,1,Married-spouse-absent,Other-service,Not-in-family,Asian-Pac-Islander,Male,0,0,40,China,0,45plus,0
39,Private,Bachelors,13,Married-civ-spouse,Exec-managerial,Husband,White,Male,0,1887,50,United-States,1,25-44,1
23,Private,Some-college,10,Never-married,Adm-clerical,Other-relative,Black,Male,0,0,22,United-States,0,under25,0
25,Private,Some-college,10,Married-civ-spouse,Handlers-cleaners,Husband,White,Male,0,0,16,United-States,0,under25,0
26,Private,Bachelors,13,Never-married,Sales,Other-relative,White,Male,0,0,40,United-States,0,25-44,0
28,Private,Assoc-acdm,12,Divorced,Adm-clerical,Not-in-family,White,Female,0,0,40,United-States,0,25-44,0
18,Private,Some-college,10,Never-married,Adm-clerical,Own-child,White,Female,0,0,25,United-States,0,under25,0
39,Private,Masters,14,Never-married,Exec-managerial,Not-in-family,White,Male,0,1974,40,United-States,0,25-44,0
36,Private,11th,7,Never-married,Protective-serv,Not-in-family,Black,Male,13550,0,40,United-States,1,25-44,0
22,Private,HS-grad,9,Never-married,Adm-clerical,Unmarried,White,Male,0,0,40,United-States,0,under25,0
65,Private,10th,6,Divorced,Handlers-cleaners,Not-in-family,White,Female,0,0,28,United-States,0,45plus,0
46,Private,Bachelors,13,Divorced,Prof-specialty,Not-in-family,Black,Female,0,0,40,United-States,0,45plus,0
36,Private,HS-grad,9,Never-married,Other-service,Not-in-family,Black,Female,0,0,40,United-States,0,25-44,0
52,Private,HS-grad,9,Separated,Craft-repair,Not-in-family,White,Male,0,0,40,United-States,0,45plus,0
32,Local-gov,Bachelors,13,Separated,Prof-specialty,Not-in-family,White,Female,0,0,50,United-States,1,25-44,0
27,Private,Masters,14,Never-married,Exec-managerial,Own-child,White,Female,0,0,40,United-States,0,25-44,0
29,Private,Bachelors,13,Married-civ-spouse,Craft-repair,Husband,White,Male,0,0,50,United-States,1,25-44,1
25,Private,11th,7,Separated,Craft-repair,Own-child,White,Male,0,0,40,United-States,0,under25,0
34,Private,Bachelors,13,Married-civ-spouse,Sales,Wife,White,Female,0,0,40,United-States,1,25-44,1
37,Private,Masters,14,Divorced,Exec-managerial,Not-in-family,White,Male,0,0,65,United-States,0,25-44,0
39,Private,Bachelors,13,Married-civ-spouse,Exec-managerial,Husband,White,Male,0,0,50,United-States,1,25-44,1
57,Self-emp-inc,Masters,14,Married-civ-spouse,Sales,Husband,White,Male,99999,0,40,United-States,1,45plus,1
39,Local-gov,Masters,14,Married-civ-spouse,Prof-specialty,Wife,White,Female,0,1977,20,United-States,1,25-44,1
32,Private,Some-college,10,Married-civ-spouse,Protective-serv,Husband,White,Male,0,0,46,Dominican-Republic,0,25-44,0
37,Private,Doctorate,16,Married-civ-spouse,Prof-specialty,Husband,White,Male,0,0,99,France,1,25-44,1
23,Private,11th,7,Never-married,Farming-fishing,Other-relative,White,Female,0,0,40,Puerto-Rico,0,under25,0
51,Federal-gov,HS-grad,9,Married-civ-spouse,Exec-managerial,Husband,White,Male,0,0,57,United-States,1,45plus,1
20,Private,Some-college,10,Married-civ-spouse,Sales,Husband,White,Male,0,0,30,United-States,0,under25,0
20,Private,Some-college,10,Never-married,Priv-house-serv,Own-child,White,Female,0,0,20,United-States,0,under25,0
43,Private,Bachelors,13,Divorced,Prof-specialty,Unmarried,White,Female,0,0,24,Outlying-US(Guam-USVI-etc),0,25-44,0
49,Local-gov,9th,5,Widowed,Handlers-cleaners,Unmarried,White,Male,0,2231,40,United-States,1,45plus,0
47,Private,HS-grad,9,Married-civ-spouse,Transport-moving,Husband,White,Male,0,0,55,United-States,1,45plus,0
17,Private,11th,7,Never-married,Craft-repair,Own-child,White,Male,594,0,40,United-States,0,under25,0
41,Federal-gov,Bachelors,13,Married-civ-spouse,Prof-specialty,Husband,White,Male,0,0,38,United-States,1,25-44,1
52,Local-gov,Masters,14,Married-civ-spouse,Exec-managerial,Husband,White,Male,7298,0,60,United-States,1,45plus,1
31,Private,HS-grad,9,Divorced,Adm-clerical,Not-in-family,White,Male,0,0,40,United-States,0,25-44,0
35,Private,Some-college,10,Divorced,Sales,Not-in-family,White,Female,0,0,35,United-States,0,25-44,0
52,Private,HS-grad,9,Divorced,Sales,Not-in-family,White,Male,0,0,40,United-States,0,45plus,0
41,Federal-gov,Some-college,10,Married-civ-spouse,Exec-managerial,Husband,Black,Male,0,0,40,United-States,1,25-44,1
45,Private,Some-college,10,Married-civ-spouse,Transport-moving,Husband,White,Male,7298,0,50,United-States,1,25-44,1
53,Private,HS-grad,9,Widowed,Machine-op-inspct,Unmarried,Black,Female,0,0,38,United-States,0,45plus,0
68,Private,HS-grad,9,Never-married,Sales,Not-in-family,White,Female,0,0,40,United-States,0,45plus,0
37,Private,HS-grad,9,Married-civ-spouse,Machine-op-inspct,Husband,White,Male,0,0,40,Portugal,0,25-44,0
32,Private,HS-grad,9,Married-civ-spouse,Sales,Husband,Asian-Pac-Islander,Male,0,0,40,Hong,0,25-44,0
43,State-gov,Some-college,10,Divorced,Adm-clerical,Unmarried,White,Female,0,0,40,United-States,0,25-44,0
35,Private,HS-grad,9,Married-civ-spouse,Craft-repair,Husband,White,Male,0,0,40,United-States,0,25-44,0
51,Private,HS-grad,9,Married-civ-spouse,Machine-op-inspct,Husband,White,Male,0,0,45,United-States,1,45plus,0
33,Private,7th-8th,4,Married-civ-spouse,Farming-fishing,Husband,White,Male,0,0,45,Mexico,0,25-44,0
46,Private,HS-grad,9,Married-civ-spouse,Transport-moving,Husband,White,Male,15024,0,44,United-States,1,45plus,1
38,Private,Some-college,10,Separated,Prof-specialty,Unmarried,White,Female,0,0,40,Germany,0,25-44,0
40,Private,Some-college,10,Married-civ-spouse,Sales,Other-relative,White,Male,0,0,40,United-States,0,25-44,0
66,State-gov,Some-college,10,Divorced,Exec-managerial,Not-in-family,White,Female,0,0,55,United-States,0,45plus,0
39,Private,HS-grad,9,Divorced,Priv-house-serv,Unmarried,White,Female,0,0,22,United-States,0,25-44,0
37,Private,Some-college,10,Never-married,Exec-managerial,Not-in-family,White,Female,0,0,40,United-States,0,25-44,0
48,Private,Bachelors,13,Divorced,Exec-managerial,Not-in-family,White,Male,0,0,47,United-States,0,45plus,0
51,Federal-gov,Assoc-acdm,12,Married-civ-spouse,Tech-support,Husband,Black,Male,0,0,40,United-States,0,45plus,0
32,Private,HS-grad,9,Married-civ-spouse,Craft-repair,Husband,White,Male,0,0,40,United-States,0,25-44,0
38,Private,Assoc-voc,11,Married-civ-spouse,Craft-repair,Husband,White,Male,0,0,40,United-States,1,25-44,0
50,Self-emp-inc,Bachelors,13,Married-civ-spouse,Sales,Husband,Asian-Pac-Islander,Male,0,0,60,South,1,45plus,1
23,Private,Some-college,10,Never-married,Sales,Not-in-family,White,Male,0,0,40,United-States,0,under25,0
25,Private,Bachelors,13,Never-married,Sales,Not-in-family,White,Female,0,1876,40,United-States,0,under25,0
71,Self-emp-not-inc,HS-grad,9,Widowed,Adm-clerical,Not-in-family,White,Female,0,0,35,United-States,0,45plus,0
33,Self-emp-not-inc,Some-college,10,Never-married,Craft-repair,Own-child,White,Male,0,0,48,United-States,0,25-44,0
27,Private,Some-college,10,Never-married,Adm-clerical,Own-child,Black,Male,0,0,40,United-States,0,25-44,0
72,Private,Some-college,10,Married-civ-spouse,Protective-serv,Husband,Black,Male,0,0,40,United-States,0,45plus,0
46,Private,Bachelors,13,Married-civ-spouse,Sales,Husband,White,Male,0,0,40,United-States,0,45plus,1
27,Private,HS-grad,9,Never-married,Handlers-cleaners,Other-relative,Asian-Pac-Islander,Male,0,0,40,United-States,0,25-44,0
42,Federal-gov,Assoc-acdm,12,Divorced,Adm-clerical,Not-in-family,White,Female,0,0,40,United-States,0,25-44,0
43,Private,10th,6,Married-civ-spouse,Craft-repair,Husband,Asian-Pac-Islander,Male,0,0,42,China,0,25-44,0
38,Private,HS-grad,9,Married-civ-spouse,Craft-repair,Husband,White,Male,0,0,44,United-States,0,25-44,0
42,Self-emp-not-inc,HS-grad,9,Married-civ-spouse,Transport-moving,Husband,White,Male,0,0,40,United-States,0,25-44,0
31,Private,Bachelors,13,Never-married,Adm-clerical,Own-child,White,Female,0,0,40,United-States,0,25-44,0
68,Private,9th,5,Divorced,Farming-fishing,Not-in-family,Black,Male,0,0,20,United-States,0,45plus,0
27,Private,Some-college,10,Married-civ-spouse,Sales,Husband,Asian-Pac-Islander,Male,0,0,55,South,0,25-44,0
38,Private,Some-college,10,Never-married,Other-service,Own-child,Black,Female,0,0,40,United-States,0,25-44,0
43,Private,Bachelors,13,Married-civ-spouse,Sales,Husband,White,Male,0,0,40,United-States,1,25-44,1
25,Private,HS-grad,9,Never-married,Other-service,Own-child,White,Female,0,0,10,United-States,0,under25,0
45,Self-emp-not-inc,Some-college,10,Married-civ-spouse,Craft-repair,Husband,White,Male,0,1485,40,United-States,1,25-44,0
71,Local-gov,Bachelors,13,Widowed,Prof-specialty,Unmarried,White,Female,0,0,6,United-States,0,45plus,0
43,Private,Assoc-acdm,12,Married-civ-spouse,Tech-support,Husband,White,Male,0,0,40,United-States,0,25-44,0
79,Private,7th-8th,4,Widowed,Priv-house-serv,Not-in-family,White,Female,2964,0,30,United-States,0,45plus,0
56,State-gov,HS-grad,9,Married-civ-spouse,Transport-moving,Husband,White,Male,0,0,38,United-States,1,45plus,0
23,Private,Assoc-acdm,12,Never-married,Sales,Own-child,Black,Female,0,0,36,United-States,0,under25,0
24,Private,Bachelors,13,Never-married,Exec-managerial,Not-in-family,White,Female,0,0,40,United-States,0,under25,0
17,Private,11th,7,Never-married,Protective-serv,Own-child,White,Female,0,0,30,United-States,0,under25,0
62,Self-emp-not-inc,Bachelors,13,Married-civ-spouse,Exec-managerial,Husband,White,Male,0,0,40,United-States,0,45plus,1
47,Private,HS-grad,9,Married-civ-spouse,Prof-specialty,Husband,White,Male,5013,0,24,United-States,0,45plus,0
27,Private,Bachelors,13,Never-married,Tech-support,Not-in-family,White,Male,0,0,40,United-States,0,25-44,0
61,Private,HS-grad,9,Married-civ-spouse,Machine-op-inspct,Husband,White,Male,0,0,40,United-States,0,45plus,0
22,Private,Some-college,10,Never-married,Exec-managerial,Unmarried,Black,Female,0,0,40,Jamaica,0,under25,0
29,Private,Assoc-voc,11,Never-married,Adm-clerical,Not-in-family,White,Female,0,0,40,United-States,0,25-44,0
24,Private,Assoc-acdm,12,Never-married,Sales,Not-in-family,White,Male,0,0,35,United-States,0,under25,0
35,Private,11th,7,Divorced,Machine-op-inspct,Unmarried,White,Female,0,0,40,United-States,0,25-44,0
28,Local-gov,Bachelors,13,Never-married,Prof-specialty,Not-in-family,White,Female,0,0,40,United-States,0,25-44,0
66,Private,9th,5,Separated,Other-service,Not-in-family,Black,Female,0,0,30,United-States,0,45plus,0
20,Private,Some-college,10,Never-married,Farming-fishing,Own-child,White,Male,0,0,60,United-States,0,under25,0
34,Private,HS-grad,9,Married-civ-spouse,Craft-repair,Husband,White,Male,0,0,44,United-States,0,25-44,0
26,Private,5th-6th,3,Married-civ-spouse,Craft-repair,Husband,White,Male,0,1628,50,United-States,0,25-44,0
38,Federal-gov,Prof-school,15,Married-civ-spouse,Prof-specialty,Husband,White,Male,0,0,50,United-States,1,25-44,1
64,Local-gov,HS-grad,9,Widowed,Other-service,Unmarried,White,Female,0,0,40,United-States,0,45plus,0
36,Private,Some-college,10,Married-civ-spouse,Exec-managerial,Husband,White,Male,0,0,45,United-States,0,25-44,1
30,Private,HS-grad,9,Married-civ-spouse,Handlers-cleaners,Husband,White,Male,0,0,60,United-States,0,25-44,0
36,Local-gov,Assoc-voc,11,Married-civ-spouse,Transport-moving,Husband,Amer-Indian-Eskimo,Male,0,0,40,United-States,0,25-44,0
46,Private,Assoc-acdm,12,Widowed,Prof-specialty,Unmarried,White,Female,0,0,27,United-States,0,45plus,0
57,Self-emp-not-inc,Some-college,10,Married-civ-spouse,Tech-support,Husband,White,Male,0,0,38,United-States,1,45plus,0
20,Private,11th,7,Never-married,Other-service,Own-child,White,Female,0,0,40,United-States,0,under25,0
23,Private,Bachelors,13,Never-married,Prof-specialty,Not-in-family,White,Male,0,0,50,United-States,0,under25,0
39,Private,HS-grad,9,Divorced,Exec-managerial,Unmarried,White,Female,0,0,45,United-States,0,25-44,0
47,Self-emp-not-inc,HS-grad,9,Married-civ-spouse,Exec-managerial,Husband,White,Male,0,0,50,United-States,1,45plus,0
22,Private,Bachelors,13,Never-married,Adm-clerical,Own-child,White,Male,0,0,20,United-States,0,under25,0
80,Private,Masters,14,Widowed,Prof-specialty,Not-in-family,White,Female,0,0,10,United-States,0,45plus,0
33,Private,Assoc-acdm,12,Married-civ-spouse,Handlers-cleaners,Husband,White,Male,0,0,40,United-States,0,25-44,0
42,Private,Masters,14,Never-married,Prof-specialty,Not-in-family,White,Female,0,0,40,United-States,0,25-44,0
39,Self-emp-not-inc,HS-grad,9,Married-civ-spouse,Farming-fishing,Wife,White,Female,0,0,50,United-States,0,25-44,0
58,State-gov,Masters,14,Married-civ-spouse,Exec-managerial,Husband,White,Male,0,0,40,United-States,1,45plus,1
37,Self-emp-not-inc,HS-grad,9,Never-married,Farming-fishing,Not-in-family,White,Male,0,0,86,United-States,0,25-44,0
23,Private,Some-college,10,Never-married,Other-service,Own-child,White,Female,0,0,40,United-States,0,under25,0
60,State-gov,Doctorate,16,Married-civ-spouse,Prof-specialty,Husband,White,Male,0,1902,40,United-States,1,45plus,1
28,Private,Bachelors,13,Married-civ-spouse,Sales,Husband,White,Male,0,0,45,United-States,1,25-44,1
32,Private,Some-college,10,Married-civ-spouse,Transport-moving,Husband,White,Male,0,0,50,United-States,0,25-44,0
39,Private,HS-grad,9,Married-civ-spouse,Adm-clerical,Wife,Black,Female,0,0,50,United-States,0,25-44,0
62,Private,Assoc-voc,11,Married-civ-spouse,Prof-specialty,Husband,White,Male,7298,0,50,United-States,1,45plus,1
29,Private,Some-college,10,Never-married,Adm-clerical,Own-child,Black,Male,0,0,40,United-States,0,25-44,0
52,Private,HS-grad,9,Divorced,Other-service,Not-in-family,White,Female,0,0,38,United-States,0,45plus,0
32,Self-emp-not-inc,HS-grad,9,Married-civ-spouse,Craft-repair,Husband,White,Male,0,0,50,United-States,0,25-44,0
59,Private,11th,7,Married-civ-spouse,Transport-moving,Husband,Amer-Indian-Eskimo,Male,0,0,40,United-States,0,45plus,0
22,Private,Assoc-acdm,12,Never-married,Handlers-cleaners,Own-child,White,Male,0,0,40,United-States,0,under25,0
23,Private,HS-grad,9,Never-married,Craft-repair,Not-in-family,White,Male,0,0,40,United-States,0,under25,0
47,Private,11th,7,Divorced,Handlers-cleaners,Not-in-family,White,Male,0,0,40,United-States,0,45plus,0
61,Private,HS-grad,9,Widowed,Adm-clerical,Unmarried,White,Female,0,0,24,United-States,0,45plus,0
48,Private,9th,5,Married-civ-spouse,Craft-repair,Husband,White,Male,0,0,44,United-States,0,45plus,0
21,Private,Some-college,10,Never-married,Other-service,Other-relative,White,Male,0,0,16,United-States,0,under25,0
37,Private,12th,8,Divorced,Craft-repair,Own-child,White,Male,0,0,35,United-States,0,25-44,0
17,Private,11th,7,Never-married,Adm-clerical,Own-child,White,Male,0,0,40,United-States,0,under25,0
34,Private,Bachelors,13,Married-civ-spouse,Sales,Husband,White,Male,0,0,50,United-States,0,25-44,1
20,Private,11th,7,Never-married,Transport-moving,Own-child,White,Male,0,0,15,United-States,0,under25,0
23,Private,HS-grad,9,Married-civ-spouse,Machine-op-inspct,Husband,White,Male,0,0,40,United-States,0,under25,0
49,State-gov,Bachelors,13,Divorced,Prof-specialty,Not-in-family,White,Male,0,0,40,United-States,0,45plus,0
20,Private,Some-college,10,Never-married,Exec-managerial,Own-child,White,Female,0,0,20,United-States,0,under25,0
46,Self-emp-inc,Masters,14,Married-civ-spouse,Sales,Husband,White,Male,0,1977,60,United-States,1,45plus,1
34,Private,Prof-school,15,Married-civ-spouse,Prof-specialty,Husband,White,Male,0,0,55,United-States,1,25-44,1
65,Private,HS-grad,9,Never-married,Machine-op-inspct,Not-in-family,White,Male,0,0,10,United-States,0,45plus,0
53,Self-emp-not-inc,Masters,14,Married-civ-spouse,Exec-managerial,Husband,White,Male,0,1977,40,United-States,1,45plus,1
20,Private,Some-college,10,Never-married,Machine-op-inspct,Not-in-family,White,Female,2176,0,40,United-States,0,under25,0
34,State-gov,Masters,14,Married-civ-spouse,Machine-op-inspct,Husband,White,Male,0,1848,40,United-States,1,25-44,1
24,Federal-gov,HS-grad,9,Never-married,Adm-clerical,Not-in-family,White,Female,0,1974,40,United-States,0,under25,0
33,Local-gov,Bachelors,13,Divorced,Protective-serv,Unmarried,White,Female,0,0,60,Germany,0,25-44,0
38,Local-gov,HS-grad,9,Married-civ-spouse,Adm-clerical,Wife,White,Female,0,0,35,United-States,1,25-44,0
47,Federal-gov,Some-college,10,Married-civ-spouse,Adm-clerical,Husband,Black,Male,0,0,40,United-States,1,45plus,0
61,Private,Doctorate,16,Married-civ-spouse,Prof-specialty,Husband,White,Male,0,0,40,United-States,1,45plus,1
28,Private,HS-grad,9,Never-married,Sales,Unmarried,White,Female,0,0,70,United-States,0,25-44,0
18,Private,11th,7,Never-married,Handlers-cleaners,Not-in-family,Black,Male,0,0,40,United-States,0,under25,0
44,Private,Prof-school,15,Never-married,Prof-specialty,Not-in-family,White,Male,14084,0,40,United-States,1,25-44,1
35,Self-emp-inc,Assoc-acdm,12,Married-civ-spouse,Sales,Husband,White,Male,0,1887,45,United-States,1,25-44,1
34,Private,Some-college,10,Married-civ-spouse,Exec-managerial,Husband,White,Male,0,0,40,United-States,0,25-44,0
31,Private,HS-grad,9,Divorced,Exec-managerial,Unmarried,Black,Female,0,0,40,United-States,0,25-44,0
45,Self-emp-not-inc,HS-grad,9,Married-civ-spouse,Exec-managerial,Husband,White,Male,0,0,25,United-States,0,25-44,0
55,Private,9th,5,Never-married,Handlers-cleaners,Other-relative,Black,Male,0,0,37,United-States,0,45plus,0
22,Private,Some-college,10,Never-married,Sales,Other-relative,White,Female,0,0,18,United-States,0,under25,0
21,Private,Some-college,10,Never-married,Prof-specialty,Own-child,White,Female,0,0,10,United-States,0,under25,0
40,Local-gov,Bachelors,13,Married-civ-spouse,Prof-specialty,Husband,White,Male,7688,0,40,United-States,1,25-44,1
28,Private,HS-grad,9,Never-married,Machine-op-inspct,Not-in-family,White,Male,0,0,50,United-States,0,25-44,0
79,Private,Doctorate,16,Married-civ-spouse,Prof-specialty,Husband,White,Male,20051,0,35,El-Salvador,1,45plus,1
28,Private,HS-grad,9,Married-civ-spouse,Adm-clerical,Husband,Black,Male,0,0,40,United-States,0,25-44,0
35,Private,HS-grad,9,Divorced,Handlers-cleaners,Own-child,White,Male,0,0,35,United-States,0,25-44,0
52,Private,Assoc-voc,11,Married-civ-spouse,Prof-specialty,Husband,White,Male,15024,0,40,United-States,1,45plus,1
23,Private,Bachelors,13,Never-married,Prof-specialty,Own-child,White,Male,0,0,50,United-States,0,under25,0
41,Private,Assoc-acdm,12,Divorced,Sales,Unmarried,White,Male,0,0,40,United-States,0,25-44,0
25,Private,9th,5,Married-civ-spouse,Machine-op-inspct,Husband,White,Male,0,0,40,Mexico,0,under25,0
18,Private,Some-college,10,Never-married,Prof-specialty,Own-child,White,Female,0,0,40,United-States,0,under25,0
50,Local-gov,Bachelors,13,Never-married,Prof-specialty,Own-child,White,Female,0,0,40,United-States,1,45plus,0
57,Private,Masters,14,Married-civ-spouse,Prof-specialty,Husband,White,Male,0,0,60,United-States,1,45plus,1
23,Private,Some-college,10,Married-civ-spouse,Tech-support,Husband,White,Male,0,0,40,United-States,0,under25,0
32,Self-emp-not-inc,HS-grad,9,Married-civ-spouse,Machine-op-inspct,Husband,White,Male,0,0,40,United-States,0,25-44,0
24,Private,HS-grad,9,Married-civ-spouse,Craft-repair,Husband,White,Male,0,0,60,Mexico,1,under25,0
48,Self-emp-inc,Assoc-voc,11,Married-civ-spouse,Exec-managerial,Husband,White,Male,0,0,50,United-States,1,45plus,1
52,Private,Masters,14,Married-civ-spouse,Prof-specialty,Husband,White,Male,0,0,50,United-States,1,45plus,1
34,Self-emp-not-inc,HS-grad,9,Married-civ-spouse,Farming-fishing,Husband,White,Male,0,0,70,United-States,0,25-44,0
29,Private,Some-college,10,Never-married,Craft-repair,Own-child,White,Male,0,0,40,United-States,0,25-44,0
52,Private,HS-grad,9,Widowed,Priv-house-serv,Other-relative,White,Female,0,0,40,United-States,0,45plus,0
23,Private,Bachelors,13,Never-married,Sales,Not-in-family,White,Female,0,0,40,United-States,0,under25,0
20,Self-emp-not-inc,Assoc-voc,11,Never-married,Farming-fishing,Own-child,White,Male,0,0,40,United-States,0,under25,0
48,Private,11th,7,Never-married,Machine-op-inspct,Unmarried,White,Male,0,0,40,Puerto-Rico,0,45plus,0
32,State-gov,HS-grad,9,Divorced,Other-service,Not-in-family,White,Female,0,0,25,United-States,0,25-44,0
40,Private,HS-grad,9,Married-civ-spouse,Other-service,Husband,White,Male,0,0,45,United-States,0,25-44,0
27,Private,HS-grad,9,Never-married,Other-service,Own-child,White,Male,0,0,40,Mexico,0,25-44,0
41,Private,HS-grad,9,Married-spouse-absent,Transport-moving,Unmarried,Black,Male,0,0,50,United-States,0,25-44,0
20,Private,HS-grad,9,Never-married,Other-service,Not-in-family,Black,Female,0,0,40,United-States,0,under25,0
21,Private,Some-college,10,Never-married,Prof-specialty,Own-child,White,Female,0,0,10,United-States,0,under25,0
23,Private,Assoc-voc,11,Never-married,Adm-clerical,Not-in-family,White,Female,0,0,40,United-States,0,under25,0
25,State-gov,Some-college,10,Married-civ-spouse,Protective-serv,Husband,White,Male,0,0,40,United-States,0,under25,0
20,State-gov,HS-grad,9,Never-married,Other-service,Other-relative,Other,Male,0,0,40,United-States,0,under25,0
19,State-gov,Some-college,10,Never-married,Prof-specialty,Own-child,White,Male,0,0,25,United-States,0,under25,0
31,Federal-gov,Assoc-voc,11,Never-married,Prof-specialty,Own-child,White,Male,0,0,40,United-States,0,25-44,0
20,Private,HS-grad,9,Never-married,Handlers-cleaners,Own-child,White,Male,0,0,40,United-States,0,under25,0
45,Private,HS-grad,9,Separated,Craft-repair,Unmarried,Black,Female,0,0,40,United-States,0,25-44,0
47,Private,Assoc-voc,11,Married-civ-spouse,Exec-managerial,Wife,White,Female,0,0,45,United-States,1,45plus,1
44,Private,Some-college,10,Divorced,Exec-managerial,Other-relative,White,Female,0,0,45,United-States,0,25-44,0
60,Private,HS-grad,9,Married-civ-spouse,Protective-serv,Husband,White,Male,0,2042,34,United-States,0,45plus,0
40,Self-emp-not-inc,Masters,14,Separated,Exec-managerial,Unmarried,White,Female,0,0,20,United-States,0,25-44,0
36,Private,Masters,14,Never-married,Prof-specialty,Not-in-family,White,Female,0,0,40,United-States,0,25-44,0
57,Private,Bachelors,13,Married-civ-spouse,Exec-managerial,Husband,White,Male,0,0,40,United-States,0,45plus,1
47,Local-gov,Some-college,10,Married-civ-spouse,Other-service,Husband,White,Male,0,0,40,United-States,1,45plus,0
35,Private,HS-grad,9,Married-civ-spouse,Transport-moving,Husband,White,Male,5178,0,90,United-States,1,25-44,1
20,Private,HS-grad,9,Never-married,Transport-moving,Other-relative,White,Male,0,0,40,United-States,0,under25,0
47,Private,Some-college,10,Married-civ-spouse,Exec-managerial,Husband,White,Male,0,0,45,United-States,0,45plus,1
32,Federal-gov,Prof-school,15,Married-civ-spouse,Prof-specialty,Husband,White,Male,15024,0,50,United-States,1,25-44,1
27,Private,Some-college,10,Married-civ-spouse,Sales,Husband,White,Male,0,0,50,United-States,0,25-44,0
25,Private,Some-college,10,Never-married,Tech-support,Own-child,White,Female,0,0,40,United-States,0,under25,0
38,Private,HS-grad,9,Divorced,Craft-repair,Unmarried,White,Male,0,0,50,United-States,0,25-44,0
24,Private,Some-college,10,Never-married,Sales,Own-child,White,Male,0,0,10,Greece,0,under25,0
45,Private,11th,7,Widowed,Other-service,Unmarried,White,Female,0,0,40,United-States,0,25-44,0
59,Local-gov,Bachelors,13,Never-married,Adm-clerical,Not-in-family,White,Male,0,0,38,United-States,0,45plus,0
64,Private,11th,7,Married-civ-spouse,Craft-repair,Husband,White,Male,0,0,48,United-States,0,45plus,0
24,Private,11th,7,Never-married,Farming-fishing,Unmarried,White,Male,2463,0,40,United-States,0,under25,0
40,Private,HS-grad,9,Married-civ-spouse,Sales,Husband,White,Male,0,0,72,United-States,1,25-44,0
57,Self-emp-not-inc,HS-grad,9,Married-civ-spouse,Craft-repair,Husband,White,Male,0,0,50,United-States,1,45plus,0
48,Private,HS-grad,9,Married-civ-spouse,Craft-repair,Husband,White,Male,0,0,40,Italy,1,45plus,0
59,Private,HS-grad,9,Married-civ-spouse,Handlers-cleaners,Husband,White,Male,0,0,40,United-States,1,45plus,0
36,Private,Bachelors,13,Married-civ-spouse,Prof-specialty,Husband,White,Male,0,0,40,United-States,1,25-44,1
25,Local-gov,Bachelors,13,Never-married,Prof-specialty,Not-in-family,White,Female,0,0,40,United-States,0,under25,0
38,Private,10th,6,Married-civ-spouse,Craft-repair,Husband,Black,Male,0,0,45,United-States,0,25-44,0
26,Private,Bachelors,13,Never-married,Sales,Not-in-family,White,Male,0,0,48,United-States,0,25-44,0
23,Private,Bachelors,13,Never-married,Other-service,Own-child,White,Female,0,0,25,United-States,0,under25,0
39,Private,9th,5,Married-civ-spouse,Handlers-cleaners,Husband,White,Male,0,0,40,United-States,0,25-44,0
39,Self-emp-not-inc,Assoc-voc,11,Married-civ-spouse,Farming-fishing,Husband,White,Male,0,0,60,United-States,0,25-44,0
44,Private,HS-grad,9,Married-spouse-absent,Adm-clerical,Unmarried,Black,Female,0,0,40,United-States,0,25-44,0
46,Private,Assoc-acdm,12,Divorced,Sales,Not-in-family,White,Female,0,0,25,Germany,0,45plus,0
28,Private,Bachelors,13,Married-civ-spouse,Adm-clerical,Husband,White,Male,0,1887,40,United-States,1,25-44,1
45,Private,Some-college,10,Divorced,Handlers-cleaners,Unmarried,White,Female,0,0,40,United-States,0,25-44,0
18,Private,HS-grad,9,Never-married,Adm-clerical,Own-child,White,Male,0,0,25,United-States,0,under25,0
29,Self-emp-not-inc,HS-grad,9,Married-civ-spouse,Craft-repair,Husband,White,Male,0,0,37,United-States,0,25-44,0
31,Private,Bachelors,13,Divorced,Prof-specialty,Not-in-family,White,Female,0,0,40,United-States,0,25-44,0
37,Private,HS-grad,9,Divorced,Adm-clerical,Unmarried,White,Female,0,0,45,United-States,0,25-44,0
28,Private,HS-grad,9,Married-civ-spouse,Craft-repair,Husband,White,Male,0,0,40,United-States,0,25-44,0
29,Private,HS-grad,9,Never-married,Sales,Not-in-family,White,Female,0,0,25,United-States,0,25-44,0
23,Private,10th,6,Never-married,Other-service,Unmarried,White,Male,0,0,60,Mexico,0,under25,0
36,State-gov,Prof-school,15,Never-married,Prof-specialty,Not-in-family,White,Male,0,0,40,United-States,0,25-44,0
58,Self-emp-not-inc,9th,5,Separated,Craft-repair,Not-in-family,White,Male,0,0,40,United-States,0,45plus,0
36,Private,Some-college,10,Divorced,Adm-clerical,Unmarried,White,Female,0,0,40,United-States,0,25-44,0
33,Private,7th-8th,4,Married-civ-spouse,Farming-fishing,Husband,White,Male,0,0,40,Mexico,0,25-44,0
46,Private,HS-grad,9,Never-married,Other-service,Not-in-family,White,Female,0,0,28,United-States,0,45plus,0
23,Local-gov,Some-college,10,Never-married,Adm-clerical,Own-child,White,Female,0,0,20,United-States,0,under25,0
50,Local-gov,HS-grad,9,Married-civ-spouse,Protective-serv,Husband,White,Male,0,0,40,United-States,0,45plus,0
36,Private,12th,8,Never-married,Exec-managerial,Not-in-family,White,Male,4650,0,50,United-States,0,25-44,0
34,Private,12th,8,Married-civ-spouse,Other-service,Husband,White,Male,0,0,40,Dominican-Republic,0,25-44,0
36,Private,7th-8th,4,Married-civ-spouse,Farming-fishing,Husband,White,Male,0,0,35,Mexico,0,25-44,0
40,Private,Some-college,10,Divorced,Adm-clerical,Unmarried,White,Female,0,0,40,United-States,0,25-44,0
36,Private,HS-grad,9,Married-civ-spouse,Transport-moving,Husband,White,Male,0,0,50,United-States,0,25-44,0
49,Self-emp-not-inc,Bachelors,13,Married-civ-spouse,Craft-repair,Husband,White,Male,0,0,50,United-States,0,45plus,1
35,Private,HS-grad,9,Never-married,Machine-op-inspct,Not-in-family,White,Female,0,0,40,United-States,0,25-44,0
60,Self-emp-inc,HS-grad,9,Divorced,Craft-repair,Not-in-family,White,Male,0,0,40,United-States,0,45plus,0
19,Private,10th,6,Never-married,Farming-fishing,Own-child,White,Male,0,0,25,United-States,0,under25,0
23,Private,HS-grad,9,Never-married,Machine-op-inspct,Own-child,White,Male,0,0,40,United-States,0,under25,0
53,Private,HS-grad,9,Widowed,Machine-op-inspct,Not-in-family,Black,Female,0,0,40,United-States,0,45plus,0
44,Private,11th,7,Divorced,Machine-op-inspct,Unmarried,Other,Female,0,0,46,Puerto-Rico,0,25-44,0
57,Private,HS-grad,9,Married-civ-spouse,Transport-moving,Husband,White,Male,0,0,40,United-States,0,45plus,0
24,Private,Some-college,10,Never-married,Adm-clerical,Not-in-family,Black,Female,0,0,35,United-States,0,under25,0
21,Private,HS-grad,9,Never-married,Machine-op-inspct,Not-in-family,White,Male,0,0,44,United-States,0,under25,0
47,Private,HS-grad,9,Married-civ-spouse,Sales,Husband,Black,Male,0,0,40,United-States,0,45plus,0
50,Private,HS-grad,9,Married-civ-spouse,Adm-clerical,Husband,White,Male,7298,0,45,United-States,1,45plus,1
28,Private,HS-grad,9,Never-married,Other-service,Own-child,White,Male,0,0,40,United-States,0,25-44,0
32,Private,HS-grad,9,Married-civ-spouse,Exec-managerial,Husband,White,Male,0,0,40,Ireland,0,25-44,0
54,Private,HS-grad,9,Married-civ-spouse,Sales,Husband,White,Male,0,1848,40,United-States,1,45plus,1
26,Private,Some-college,10,Married-civ-spouse,Exec-managerial,Wife,White,Female,0,0,40,United-States,0,25-44,0
40,Local-gov,HS-grad,9,Married-civ-spouse,Other-service,Other-relative,White,Male,3137,0,40,United-States,0,25-44,0
35,Private,HS-grad,9,Divorced,Craft-repair,Not-in-family,White,Male,0,0,40,United-States,0,25-44,0
20,Private,Some-college,10,Never-married,Adm-clerical,Own-child,White,Female,0,0,40,United-States,0,under25,0
60,Private,Prof-school,15,Married-civ-spouse,Prof-specialty,Husband,White,Male,0,0,70,Germany,1,45plus,1
20,Private,HS-grad,9,Never-married,Craft-repair,Own-child,White,Male,0,0,30,United-States,0,under25,0
57,Private,Some-college,10,Never-married,Craft-repair,Not-in-family,Black,Female,0,0,40,United-States,0,45plus,0
25,Private,Some-college,10,Married-civ-spouse,Adm-clerical,Husband,Black,Male,0,1902,36,United-States,1,under25,0
58,Private,5th-6th,3,Divorced,Machine-op-inspct,Not-in-family,Black,Male,0,0,40,United-States,0,45plus,0
32,Private,Masters,14,Married-civ-spouse,Exec-managerial,Husband,White,Male,0,0,40,United-States,1,25-44,1
33,Self-emp-inc,HS-grad,9,Married-civ-spouse,Sales,Husband,White,Male,0,0,50,United-States,1,25-44,0
43,Self-emp-not-inc,HS-grad,9,Married-civ-spouse,Adm-clerical,Wife,White,Female,0,0,20,United-States,1,25-44,0
46,Private,Bachelors,13,Married-civ-spouse,Exec-managerial,Husband,White,Male,0,1902,50,United-States,1,45plus,1
58,Self-emp-not-inc,HS-grad,9,Widowed,Farming-fishing,Not-in-family,White,Male,0,0,80,United-States,0,45plus,0
41,Private,HS-grad,9,Married-civ-spouse,Machine-op-inspct,Husband,White,Male,0,0,40,United-States,0,25-44,0
50,Self-emp-not-inc,HS-grad,9,Married-civ-spouse,Sales,Husband,Black,Male,0,0,40,United-States,0,45plus,0
34,Private,Some-college,10,Married-civ-spouse,Sales,Wife,White,Female,4386,0,20,United-States,0,25-44,0
17,Private,11th,7,Never-married,Handlers-cleaners,Own-child,White,Male,0,0,10,United-States,0,under25,0
41,Private,HS-grad,9,Never-married,Adm-clerical,Not-in-family,White,Female,0,0,40,United-States,0,25-44,0
52,Private,Some-college,10,Divorced,Adm-clerical,Not-in-family,White,Female,0,0,40,United-States,0,45plus,0
54,Private,Masters,14,Married-civ-spouse,Exec-managerial,Husband,Asian-Pac-Islander,Male,0,0,45,United-States,1,45plus,1
26,Private,Bachelors,13,Never-married,Sales,Not-in-family,Asian-Pac-Islander,Male,0,0,20,South,0,25-44,0
51,Federal-gov,HS-grad,9,Divorced,Adm-clerical,Not-in-family,White,Female,0,0,8,United-States,0,45plus,0
40,Private,Bachelors,13,Married-civ-spouse,Exec-managerial,Husband,White,Male,0,1977,50,United-States,1,25-44,1
58,Private,HS-grad,9,Divorced,Sales,Other-relative,White,Female,0,0,40,United-States,0,45plus,0
49,Self-emp-inc,Assoc-voc,11,Married-civ-spouse,Exec-managerial,Husband,White,Male,0,0,60,United-States,1,45plus,1
33,Private,HS-grad,9,Never-married,Handlers-cleaners,Own-child,White,Male,4416,0,40,United-States,0,25-44,0
17,Private,12th,8,Never-married,Prof-specialty,Own-child,White,Male,0,0,7,United-States,0,under25,0
25,Private,HS-grad,9,Never-married,Craft-repair,Not-in-family,White,Male,0,0,75,United-States,0,under25,0
39,Private,Some-college,10,Divorced,Adm-clerical,Unmarried,Amer-Indian-Eskimo,Female,0,0,40,United-States,0,25-44,0
43,Self-emp-inc,HS-grad,9,Never-married,Exec-managerial,Not-in-family,Black,Male,0,0,55,United-States,0,25-44,0
56,Self-emp-not-inc,Masters,14,Divorced,Sales,Unmarried,White,Female,0,2339,60,United-States,0,45plus,1
47,Private,10th,6,Married-civ-spouse,Sales,Husband,White,Male,0,2179,52,United-States,0,45plus,0
54,Private,Assoc-acdm,12,Divorced,Exec-managerial,Unmarried,White,Female,0,0,55,United-States,1,45plus,0
38,Private,Masters,14,Married-civ-spouse,Prof-specialty,Husband,White,Male,0,0,50,United-States,1,25-44,1
36,Private,11th,7,Never-married,Craft-repair,Own-child,White,Male,0,0,40,United-States,0,25-44,0
51,Self-emp-not-inc,HS-grad,9,Married-civ-spouse,Craft-repair,Husband,White,Male,0,0,70,United-States,0,45plus,0
61,Private,9th,5,Married-civ-spouse,Machine-op-inspct,Husband,White,Male,0,0,40,United-States,0,45plus,0
29,Private,Bachelors,13,Never-married,Prof-specialty,Not-in-family,White,Male,4650,0,40,United-States,0,25-44,0
35,Private,HS-grad,9,Married-civ-spouse,Sales,Husband,Asian-Pac-Islander,Male,0,1887,50,Iran,1,25-44,1
36,Private,HS-grad,9,Married-civ-spouse,Transport-moving,Husband,White,Male,0,2002,40,United-States,0,25-44,0
30,Local-gov,Some-college,10,Never-married,Adm-clerical,Not-in-family,White,Male,0,0,40,United-States,0,25-44,0
19,Private,HS-grad,9,Never-married,Adm-clerical,Own-child,White,Female,0,0,40,United-States,0,under25,0
23,Private,HS-grad,9,Never-married,Sales,Not-in-family,White,Female,2463,0,40,United-States,0,under25,0
39,Private,Some-college,10,Divorced,Tech-support,Not-in-family,White,Female,0,0,40,Poland,0,25-44,0
54,Private,Assoc-voc,11,Married-civ-spouse,Exec-managerial,Husband,White,Male,0,0,40,United-States,1,45plus,1
18,Private,HS-grad,9,Never-married,Other-service,Own-child,White,Male,0,0,35,United-States,0,under25,0
33,Self-emp-inc,HS-grad,9,Never-married,Other-service,Unmarried,Asian-Pac-Islander,Male,0,0,40,Vietnam,0,25-44,0
34,Private,HS-grad,9,Never-married,Machine-op-inspct,Unmarried,Black,Male,0,0,40,United-States,0,25-44,0
41,Private,Prof-school,15,Married-civ-spouse,Exec-managerial,Wife,White,Female,0,0,50,Japan,1,25-44,1
23,Private,HS-grad,9,Never-married,Farming-fishing,Own-child,White,Male,0,0,40,United-States,0,under25,0
27,Private,Bachelors,13,Never-married,Prof-specialty,Not-in-family,White,Female,0,0,48,United-States,0,25-44,0
34,Private,HS-grad,9,Married-civ-spouse,Craft-repair,Husband,White,Male,0,0,40,United-States,0,25-44,0
63,Self-emp-inc,Assoc-voc,11,Married-civ-spouse,Exec-managerial,Husband,White,Male,0,0,40,United-States,1,45plus,1
59,Private,Doctorate,16,Never-married,Prof-specialty,Not-in-family,White,Male,0,0,50,United-States,0,45plus,0
24,Private,Bachelors,13,Never-married,Tech-support,Not-in-family,White,Female,0,0,50,United-States,0,under25,0
45,Private,HS-grad,9,Married-civ-spouse,Craft-repair,Husband,White,Male,0,0,50,United-States,1,25-44,0
25,Private,HS-grad,9,Never-married,Sales,Own-child,Amer-Indian-Eskimo,Male,6849,0,40,United-States,0,under25,0
42,Private,Doctorate,16,Married-civ-spouse,Prof-specialty,Husband,White,Male,0,1902,50,United-States,1,25-44,1
66,Self-emp-not-inc,HS-grad,9,Widowed,Craft-repair,Not-in-family,White,Male,0,0,20,United-States,0,45plus,0
37,Self-emp-not-inc,HS-grad,9,Never-married,Farming-fishing,Unmarried,White,Male,0,0,50,United-States,0,25-44,0
23,Private,Bachelors,13,Never-married,Sales,Not-in-family,Asian-Pac-Islander,Male,0,0,50,Taiwan,0,under25,0
69,Self-emp-not-inc,Prof-school,15,Married-civ-spouse,Prof-specialty,Husband,White,Male,99999,0,40,United-States,1,45plus,1
43,Private,Masters,14,Widowed,Exec-managerial,Unmarried,White,Male,4934,0,40,United-States,1,25-44,0
39,Self-emp-inc,HS-grad,9,Married-civ-spouse,Exec-managerial,Husband,White,Male,0,0,40,United-States,1,25-44,0
19,Private,Some-college,10,Never-married,Other-service,Own-child,White,Female,0,0,15,United-States,0,under25,0
25,Private,HS-grad,9,Never-married,Other-service,Other-relative,White,Male,0,0,30,United-States,0,under25,0
48,Private,HS-grad,9,Divorced,Exec-managerial,Not-in-family,White,Female,0,2258,40,United-States,1,45plus,0
39,Local-gov,HS-grad,9,Married-civ-spouse,Craft-repair,Husband,White,Male,0,0,40,United-States,0,25-44,0
28,Private,HS-grad,9,Never-married,Handlers-cleaners,Own-child,White,Male,0,0,30,United-States,0,25-44,0
47,State-gov,Masters,14,Married-civ-spouse,Exec-managerial,Husband,White,Male,0,0,47,United-States,1,45plus,1
38,Private,Some-college,10,Divorced,Exec-managerial,Unmarried,Black,Male,0,0,60,United-States,0,25-44,0
39,Private,Prof-school,15,Married-civ-spouse,Prof-specialty,Wife,White,Female,7688,0,60,United-States,1,25-44,1
39,Self-emp-not-inc,Bachelors,13,Separated,Craft-repair,Own-child,White,Male,0,0,35,United-States,0,25-44,0
63,Private,HS-grad,9,Married-civ-spouse,Adm-clerical,Husband,Black,Male,0,0,40,United-States,0,45plus,0
22,Private,HS-grad,9,Married-civ-spouse,Other-service,Husband,White,Male,0,0,40,United-States,0,under25,0
75,Private,Assoc-voc,11,Widowed,Adm-clerical,Not-in-family,White,Female,0,0,20,Columbia,0,45plus,0
35,Self-emp-not-inc,12th,8,Never-married,Other-service,Not-in-family,Black,Female,0,0,40,Trinadad&Tobago,0,25-44,0
26,Local-gov,HS-grad,9,Never-married,Other-service,Unmarried,Black,Female,0,0,25,United-States,0,25-44,0
30,Private,11th,7,Married-civ-spouse,Craft-repair,Husband,White,Male,0,0,40,United-States,0,25-44,0
36,Private,Masters,14,Married-civ-spouse,Prof-specialty,Husband,Other,Male,0,0,40,Iran,1,25-44,1
31,Local-gov,10th,6,Never-married,Transport-moving,Other-relative,White,Male,0,1741,40,United-States,0,25-44,0
21,Private,Some-college,10,Never-married,Sales,Own-child,White,Male,0,0,40,United-States,0,under25,0
36,Private,HS-grad,9,Separated,Sales,Unmarried,Black,Female,0,0,17,United-States,0,25-44,0
45,Private,Prof-school,15,Married-civ-spouse,Prof-specialty,Husband,White,Male,0,0,60,United-States,1,25-44,1
18,Private,11th,7,Never-married,Other-service,Other-relative,White,Male,0,0,20,United-States,0,under25,0
64,Self-emp-not-inc,5th-6th,3,Married-civ-spouse,Farming-fishing,Husband,White,Male,0,0,70,Canada,0,45plus,0
24,Federal-gov,Bachelors,13,Never-married,Prof-specialty,Not-in-family,White,Male,0,1741,45,United-States,0,under25,0
34,Private,HS-grad,9,Never-married,Tech-support,Own-child,Asian-Pac-Islander,Male,14084,0,35,China,1,25-44,0
50,Federal-gov,HS-grad,9,Never-married,Adm-clerical,Unmarried,Black,Female,0,0,12,United-States,0,45plus,0
24,Private,Some-college,10,Never-married,Craft-repair,Own-child,White,Male,0,0,15,United-States,0,under25,0
68,Private,Preschool,1,Never-married,Machine-op-inspct,Not-in-family,White,Male,0,0,10,United-States,0,45plus,0
17,Private,11th,7,Never-married,Handlers-cleaners,Own-child,White,Male,0,0,12,United-States,0,under25,0
25,Private,HS-grad,9,Married-civ-spouse,Transport-moving,Husband,White,Male,0,0,60,United-States,0,under25,0
32,Local-gov,Some-college,10,Never-married,Adm-clerical,Unmarried,Black,Female,0,0,40,United-States,0,25-44,0
29,Self-emp-not-inc,HS-grad,9,Never-married,Farming-fishing,Own-child,White,Male,0,0,65,United-States,0,25-44,0
34,Private,Assoc-voc,11,Married-civ-spouse,Prof-specialty,Husband,White,Male,7298,0,45,United-States,1,25-44,1
49,State-gov,HS-grad,9,Divorced,Exec-managerial,Unmarried,White,Female,0,0,44,United-States,0,45plus,0
28,Local-gov,Assoc-acdm,12,Married-civ-spouse,Adm-clerical,Wife,White,Female,0,0,40,United-States,1,25-44,0
43,State-gov,HS-grad,9,Divorced,Adm-clerical,Unmarried,White,Female,0,0,50,United-States,1,25-44,0
33,Private,Some-college,10,Never-married,Other-service,Not-in-family,White,Male,0,0,35,United-States,0,25-44,0
35,Local-gov,Some-college,10,Married-civ-spouse,Protective-serv,Husband,White,Male,0,0,50,United-States,0,25-44,0
37,Private,HS-grad,9,Divorced,Tech-support,Own-child,White,Male,0,0,45,United-States,0,25-44,0
43,Self-emp-not-inc,HS-grad,9,Divorced,Craft-repair,Unmarried,Amer-Indian-Eskimo,Male,0,0,30,United-States,0,25-44,0
27,Private,11th,7,Divorced,Machine-op-inspct,Unmarried,White,Female,0,0,40,United-States,0,25-44,0
49,Self-emp-not-inc,HS-grad,9,Divorced,Other-service,Unmarried,White,Female,0,0,40,United-States,0,45plus,0
23,Private,HS-grad,9,Never-married,Adm-clerical,Not-in-family,White,Female,0,0,50,United-States,0,under25,0
55,Private,HS-grad,9,Married-civ-spouse,Tech-support,Husband,White,Male,0,0,20,United-States,0,45plus,0
45,Self-emp-inc,Prof-school,15,Married-civ-spouse,Prof-specialty,Husband,White,Male,15024,0,43,United-States,1,25-44,1
32,Private,HS-grad,9,Married-civ-spouse,Craft-repair,Husband,White,Male,0,0,50,United-States,0,25-44,0
26,Private,Some-college,10,Married-spouse-absent,Craft-repair,Other-relative,Black,Female,0,0,35,Dominican-Republic,0,25-44,0
29,Private,HS-grad,9,Divorced,Craft-repair,Not-in-family,White,Female,0,0,50,United-States,0,25-44,0
53,Self-emp-not-inc,HS-grad,9,Married-civ-spouse,Craft-repair,Husband,White,Male,0,0,60,United-States,0,45plus,0
42,Self-emp-not-inc,HS-grad,9,Married-civ-spouse,Sales,Husband,White,Male,0,0,12,United-States,0,25-44,0
53,Private,HS-grad,9,Married-civ-spouse,Machine-op-inspct,Husband,White,Male,0,0,48,United-States,0,45plus,0
18,Private,11th,7,Never-married,Other-service,Unmarried,White,Female,0,0,28,United-States,0,under25,0
50,Private,HS-grad,9,Married-civ-spouse,Sales,Husband,White,Male,0,0,80,United-States,0,45plus,0
63,Private,HS-grad,9,Widowed,Adm-clerical,Unmarried,White,Female,0,0,40,United-States,0,45plus,0
25,Private,Bachelors,13,Never-married,Sales,Own-child,White,Female,0,0,40,United-States,0,under25,0
30,Private,11th,7,Divorced,Handlers-cleaners,Own-child,White,Male,0,0,40,United-States,0,25-44,0
37,Self-emp-inc,Doctorate,16,Married-civ-spouse,Prof-specialty,Husband,Black,Male,0,0,99,United-States,1,25-44,1
28,Private,HS-grad,9,Married-civ-spouse,Sales,Husband,White,Male,0,1628,40,United-States,0,25-44,0
33,Private,HS-grad,9,Never-married,Craft-repair,Not-in-family,White,Male,0,0,45,United-States,0,25-44,0
69,Self-emp-not-inc,Assoc-voc,11,Married-civ-spouse,Sales,Husband,White,Male,0,0,8,United-States,0,45plus,0
48,Federal-gov,Some-college,10,Never-married,Adm-clerical,Not-in-family,Black,Male,0,0,40,United-States,0,45plus,0
21,State-gov,Some-college,10,Never-married,Craft-repair,Own-child,White,Male,0,0,35,United-States,0,under25,0
56,Private,Bachelors,13,Married-civ-spouse,Adm-clerical,Husband,White,Male,0,0,30,Canada,0,45plus,0
33,Private,HS-grad,9,Divorced,Handlers-cleaners,Unmarried,White,Male,0,0,30,United-States,0,25-44,0
57,Private,Some-college,10,Never-married,Handlers-cleaners,Own-child,Black,Male,0,0,40,United-States,0,45plus,0
30,Private,Assoc-voc,11,Never-married,Craft-repair,Own-child,White,Male,0,0,40,United-States,1,25-44,0
25,Private,Some-college,10,Married-civ-spouse,Craft-repair,Husband,White,Male,0,0,40,United-States,0,under25,0
39,Private,HS-grad,9,Divorced,Craft-repair,Own-child,White,Male,2174,0,40,United-States,0,25-44,0
48,Private,Some-college,10,Married-civ-spouse,Sales,Husband,White,Male,0,0,50,United-States,1,45plus,0
22,Private,12th,8,Never-married,Protective-serv,Own-child,Black,Male,0,0,35,United-States,0,under25,0
25,Private,Some-college,10,Married-civ-spouse,Transport-moving,Husband,White,Male,0,0,35,United-States,0,under25,0
48,Self-emp-not-inc,Bachelors,13,Married-civ-spouse,Prof-specialty,Husband,White,Male,0,0,40,United-States,0,45plus,1
20,Private,Some-college,10,Never-married,Adm-clerical,Own-child,White,Male,0,0,40,United-States,0,under25,0
51,Private,HS-grad,9,Never-married,Craft-repair,Not-in-family,White,Male,0,0,40,United-States,1,45plus,0
30,Self-emp-inc,Bachelors,13,Never-married,Exec-managerial,Own-child,White,Male,0,0,43,United-States,0,25-44,0
17,Private,Some-college,10,Never-married,Craft-repair,Own-child,White,Male,0,0,16,United-States,0,under25,0
24,Private,Bachelors,13,Married-AF-spouse,Prof-specialty,Wife,White,Female,0,0,40,United-States,1,under25,0
33,Private,Some-college,10,Never-married,Machine-op-inspct,Not-in-family,Black,Male,0,0,40,United-States,0,25-44,0
30,Private,Some-college,10,Married-civ-spouse,Farming-fishing,Husband,White,Male,0,0,40,United-States,0,25-44,0
33,Private,Some-college,10,Divorced,Other-service,Not-in-family,White,Female,0,0,50,United-States,0,25-44,0
21,Private,11th,7,Never-married,Craft-repair,Not-in-family,White,Male,0,0,35,United-States,0,under25,0
28,Private,Bachelors,13,Married-civ-spouse,Exec-managerial,Husband,White,Male,0,0,45,United-States,0,25-44,1
40,Private,Some-college,10,Divorced,Machine-op-inspct,Own-child,White,Male,0,0,32,United-States,0,25-44,0
40,Private,Assoc-acdm,12,Divorced,Exec-managerial,Not-in-family,White,Female,0,0,40,United-States,1,25-44,0
50,Local-gov,HS-grad,9,Married-civ-spouse,Adm-clerical,Husband,Black,Male,0,0,40,United-States,0,45plus,0
51,Local-gov,Some-college,10,Married-civ-spouse,Adm-clerical,Wife,White,Female,0,0,40,United-States,0,45plus,0
38,Private,HS-grad,9,Never-married,Transport-moving,Not-in-family,White,Female,0,0,40,United-States,0,25-44,0
45,Private,Some-college,10,Married-civ-spouse,Craft-repair,Husband,White,Male,0,0,40,United-States,0,25-44,0
34,Private,Masters,14,Married-civ-spouse,Craft-repair,Husband,White,Male,0,0,40,Mexico,0,25-44,0
20,Private,Some-college,10,Never-married,Sales,Own-child,Asian-Pac-Islander,Male,0,0,30,Philippines,0,under25,0
58,Private,Some-college,10,Married-civ-spouse,Sales,Husband,White,Male,0,0,40,United-States,0,45plus,0
49,Local-gov,Masters,14,Married-civ-spouse,Protective-serv,Husband,White,Male,0,0,40,United-States,1,45plus,1
42,State-gov,Bachelors,13,Married-civ-spouse,Exec-managerial,Husband,White,Male,0,0,50,United-States,1,25-44,1
25,Private,Bachelors,13,Married-civ-spouse,Sales,Husband,White,Male,0,0,50,United-States,0,under25,1
32,Self-emp-inc,HS-grad,9,Married-civ-spouse,Craft-repair,Husband,White,Male,5178,0,45,United-States,1,25-44,1
36,Private,HS-grad,9,Married-civ-spouse,Transport-moving,Husband,Black,Male,0,0,45,United-States,0,25-44,0
46,Private,Some-college,10,Separated,Sales,Not-in-family,White,Male,0,0,42,United-States,0,45plus,0
81,State-gov,1st-4th,2,Widowed,Other-service,Not-in-family,White,Female,0,0,20,United-States,0,45plus,0
45,State-gov,Masters,14,Divorced,Protective-serv,Not-in-family,White,Male,0,0,50,United-States,0,25-44,0
30,Private,Assoc-acdm,12,Married-civ-spouse,Craft-repair,Husband,White,Male,0,0,40,United-States,0,25-44,0
58,Self-emp-inc,Some-college,10,Widowed,Sales,Not-in-family,White,Female,0,0,20,United-States,1,45plus,0
44,Federal-gov,Assoc-acdm,12,Divorced,Adm-clerical,Not-in-family,Black,Female,0,1741,40,United-States,0,25-44,0
50,Self-emp-inc,Prof-school,15,Married-civ-spouse,Prof-specialty,Husband,White,Male,0,2415,60,United-States,1,45plus,1
17,Private,11th,7,Never-married,Other-service,Own-child,Black,Male,0,0,20,United-States,0,under25,0
51,Self-emp-not-inc,Masters,14,Divorced,Exec-managerial,Unmarried,White,Male,25236,0,50,United-States,1,45plus,1
30,Private,Assoc-voc,11,Married-civ-spouse,Exec-managerial,Husband,White,Male,0,0,50,United-States,1,25-44,0
46,Private,10th,6,Never-married,Machine-op-inspct,Not-in-family,Black,Male,0,0,40,United-States,0,45plus,0
61,Private,Some-college,10,Married-civ-spouse,Craft-repair,Husband,White,Male,0,0,40,United-States,0,45plus,0
53,Private,HS-grad,9,Married-civ-spouse,Machine-op-inspct,Husband,White,Male,0,0,40,United-States,0,45plus,0
56,Self-emp-inc,Bachelors,13,Married-civ-spouse,Sales,Husband,White,Male,15024,0,50,United-States,1,45plus,1
21,Private,Some-college,10,Never-married,Adm-clerical,Not-in-family,White,Female,0,0,27,United-States,0,under25,0
37,State-gov,Bachelors,13,Never-married,Prof-specialty,Not-in-family,White,Female,0,0,40,United-States,0,25-44,0
21,Private,Some-college,10,Never-married,Other-service,Own-child,White,Male,0,0,32,United-States,0,under25,0
57,Self-emp-not-inc,Masters,14,Married-civ-spouse,Tech-support,Husband,White,Male,0,0,38,United-States,1,45plus,1
51,Private,HS-grad,9,Widowed,Other-service,Not-in-family,White,Female,0,0,24,United-States,0,45plus,0
21,Private,Some-college,10,Never-married,Other-service,Own-child,White,Female,0,0,10,United-States,0,under25,0
41,Private,Some-college,10,Married-civ-spouse,Sales,Husband,White,Male,0,0,51,United-States,0,25-44,0
36,Private,Some-college,10,Divorced,Exec-managerial,Unmarried,Black,Female,0,0,38,United-States,0,25-44,0
48,State-gov,HS-grad,9,Married-civ-spouse,Adm-clerical,Husband,White,Male,0,0,35,United-States,1,45plus,0
32,Local-gov,Assoc-acdm,12,Married-civ-spouse,Protective-serv,Husband,White,Male,0,0,56,England,1,25-44,0
28,Private,Prof-school,15,Never-married,Prof-specialty,Not-in-family,White,Female,0,0,50,United-States,0,25-44,0
29,Private,HS-grad,9,Never-married,Farming-fishing,Unmarried,White,Male,0,0,35,United-States,0,25-44,0
53,Private,Bachelors,13,Married-civ-spouse,Machine-op-inspct,Wife,Asian-Pac-Islander,Female,0,0,40,China,0,45plus,1
36,Private,Some-college,10,Married-civ-spouse,Machine-op-inspct,Husband,White,Male,0,0,48,United-States,0,25-44,0
59,Private,Bachelors,13,Married-civ-spouse,Craft-repair,Husband,White,Male,0,0,60,United-States,1,45plus,1
43,State-gov,Masters,14,Married-civ-spouse,Exec-managerial,Husband,White,Male,0,0,40,United-States,1,25-44,1
43,Self-emp-inc,Bachelors,13,Married-civ-spouse,Sales,Husband,White,Male,0,0,45,United-States,1,25-44,1
62,Self-emp-inc,Masters,14,Married-civ-spouse,Sales,Husband,White,Male,0,0,35,United-States,0,45plus,1
26,Private,HS-grad,9,Never-married,Adm-clerical,Not-in-family,White,Male,0,0,53,United-States,0,25-44,0
60,Private,10th,6,Divorced,Machine-op-inspct,Not-in-family,White,Female,0,0,40,United-States,0,45plus,0
56,Private,Masters,14,Never-married,Sales,Not-in-family,White,Male,0,0,50,United-States,0,45plus,0
22,Private,Some-college,10,Married-AF-spouse,Other-service,Wife,White,Female,0,0,40,United-States,1,under25,0
27,Private,Bachelors,13,Never-married,Tech-support,Unmarried,Black,Female,0,0,40,United-States,0,25-44,0
59,Private,HS-grad,9,Widowed,Priv-house-serv,Not-in-family,White,Female,0,0,40,United-States,0,45plus,0
50,Private,Masters,14,Married-civ-spouse,Exec-managerial,Wife,White,Female,0,1485,40,United-States,0,45plus,1
27,Private,Some-college,10,Never-married,Transport-moving,Other-relative,White,Male,0,0,40,United-States,0,25-44,0
33,Private,HS-grad,9,Divorced,Other-service,Unmarried,White,Female,0,0,40,United-States,0,25-44,0
45,Private,Assoc-acdm,12,Divorced,Machine-op-inspct,Own-child,White,Male,0,0,40,United-States,0,25-44,0
33,Private,Bachelors,13,Separated,Exec-managerial,Not-in-family,Black,Female,0,0,45,United-States,0,25-44,0
51,Private,Bachelors,13,Divorced,Sales,Not-in-family,White,Male,0,0,50,United-States,1,45plus,0
37,Private,Bachelors,13,Married-civ-spouse,Prof-specialty,Husband,White,Male,7688,0,50,United-States,1,25-44,1
35,Private,Bachelors,13,Married-civ-spouse,Sales,Husband,White,Male,0,0,40,United-States,1,25-44,1
26,Self-emp-not-inc,HS-grad,9,Never-married,Farming-fishing,Own-child,White,Male,0,0,60,United-States,0,25-44,0
31,Private,Bachelors,13,Married-civ-spouse,Prof-specialty,Husband,White,Male,0,0,60,United-States,1,25-44,1
24,Private,Bachelors,13,Never-married,Exec-managerial,Own-child,White,Male,0,0,40,United-States,0,under25,0
50,Private,HS-grad,9,Married-civ-spouse,Handlers-cleaners,Husband,White,Male,0,0,40,United-States,1,45plus,0
51,Private,Bachelors,13,Married-civ-spouse,Prof-specialty,Husband,White,Male,0,0,40,United-States,0,45plus,1
26,Private,11th,7,Separated,Craft-repair,Other-relative,White,Male,2907,0,50,United-States,0,25-44,0
26,Private,Prof-school,15,Married-civ-spouse,Prof-specialty,Husband,White,Male,0,1977,40,United-States,1,25-44,1
23,Private,Bachelors,13,Never-married,Adm-clerical,Own-child,White,Female,0,0,40,United-States,0,under25,0
17,Private,12th,8,Never-married,Adm-clerical,Own-child,White,Female,0,0,25,United-States,0,under25,0
33,Private,HS-grad,9,Married-civ-spouse,Sales,Husband,White,Male,0,1672,55,United-States,0,25-44,0
35,Local-gov,HS-grad,9,Married-civ-spouse,Craft-repair,Husband,White,Male,0,0,40,Cuba,1,25-44,0
37,Private,Bachelors,13,Never-married,Prof-specialty,Not-in-family,Black,Female,0,0,40,United-States,0,25-44,0
26,Private,7th-8th,4,Married-civ-spouse,Machine-op-inspct,Husband,Other,Male,0,0,40,United-States,0,25-44,0
43,Private,HS-grad,9,Separated,Transport-moving,Not-in-family,White,Male,0,0,40,United-States,0,25-44,0
58,Private,Assoc-voc,11,Married-civ-spouse,Craft-repair,Husband,White,Male,0,0,40,United-States,0,45plus,0
25,Private,Assoc-voc,11,Married-civ-spouse,Craft-repair,Husband,White,Male,0,0,45,United-States,0,under25,0
35,Private,Bachelors,13,Never-married,Adm-clerical,Not-in-family,White,Female,0,0,43,United-States,0,25-44,0
24,Private,Some-college,10,Never-married,Sales,Own-child,White,Female,0,0,15,United-States,0,under25,0
69,State-gov,Prof-school,15,Married-civ-spouse,Adm-clerical,Husband,White,Male,0,0,34,United-States,1,45plus,1
19,Private,1st-4th,2,Never-married,Machine-op-inspct,Other-relative,White,Male,0,0,40,Mexico,0,under25,0
22,Private,HS-grad,9,Never-married,Farming-fishing,Not-in-family,White,Male,0,0,50,United-States,0,under25,0
18,Private,9th,5,Never-married,Machine-op-inspct,Own-child,White,Male,0,0,40,Mexico,0,under25,0
28,Local-gov,HS-grad,9,Separated,Adm-clerical,Not-in-family,White,Female,5721,0,40,United-States,0,25-44,0
59,Local-gov,Some-college,10,Widowed,Other-service,Not-in-family,White,Female,0,0,40,Poland,0,45plus,0
26,Private,HS-grad,9,Married-civ-spouse,Machine-op-inspct,Husband,White,Male,0,0,40,United-States,0,25-44,0
45,Private,HS-grad,9,Never-married,Machine-op-inspct,Own-child,White,Female,0,0,40,United-States,0,25-44,0
19,Private,Some-college,10,Never-married,Other-service,Own-child,White,Female,0,0,12,United-States,0,under25,0
63,Private,Some-college,10,Married-civ-spouse,Craft-repair,Husband,White,Male,10566,0,45,United-States,0,45plus,1
47,Private,Assoc-voc,11,Never-married,Prof-specialty,Not-in-family,White,Female,0,0,40,United-States,0,45plus,0
31,Private,HS-grad,9,Divorced,Other-service,Unmarried,White,Female,0,0,99,United-States,1,25-44,0
24,Local-gov,Some-college,10,Married-civ-spouse,Protective-serv,Husband,White,Male,0,0,72,United-States,1,under25,0
38,Private,Bachelors,13,Divorced,Prof-specialty,Unmarried,White,Female,0,0,56,United-States,0,25-44,0
19,Private,Some-college,10,Never-married,Adm-clerical,Other-relative,Black,Female,0,0,38,United-States,0,under25,0
26,Private,HS-grad,9,Never-married,Sales,Own-child,White,Male,0,0,40,United-States,0,25-44,0
41,Private,Some-college,10,Divorced,Other-service,Not-in-family,White,Female,0,0,36,United-States,1,25-44,0
32,Private,Assoc-voc,11,Married-civ-spouse,Tech-support,Husband,White,Male,0,0,45,United-States,1,25-44,0
53,Federal-gov,HS-grad,9,Married-civ-spouse,Adm-clerical,Husband,White,Male,0,0,40,United-States,0,45plus,0
33,Private,Some-college,10,Never-married,Adm-clerical,Not-in-family,White,Female,0,0,38,United-States,0,25-44,0
41,Private,HS-grad,9,Divorced,Sales,Unmarried,Black,Female,0,0,38,United-States,0,25-44,0
27,Private,Bachelors,13,Never-married,Prof-specialty,Not-in-family,White,Female,0,0,20,United-States,0,25-44,0
45,Private,HS-grad,9,Never-married,Handlers-cleaners,Other-relative,White,Male,0,0,40,United-States,0,25-44,0
22,Private,HS-grad,9,Married-civ-spouse,Machine-op-inspct,Husband,White,Male,0,0,40,United-States,0,under25,0
20,Private,HS-grad,9,Never-married,Adm-clerical,Own-child,White,Female,0,0,40,United-States,0,under25,0
51,Self-emp-not-inc,HS-grad,9,Never-married,Sales,Not-in-family,White,Male,0,0,40,United-States,0,45plus,0
24,Private,Bachelors,13,Never-married,Prof-specialty,Own-child,White,Male,0,0,30,United-States,0,under25,0
32,Private,Bachelors,13,Never-married,Protective-serv,Not-in-family,Black,Male,0,0,30,United-States,0,25-44,0
22,Private,Some-college,10,Never-married,Adm-clerical,Not-in-family,White,Female,0,0,30,United-States,0,under25,0
40,Private,Some-college,10,Married-civ-spouse,Exec-managerial,Husband,White,Male,0,0,40,United-States,0,25-44,1
32,Private,Some-college,10,Married-civ-spouse,Exec-managerial,Husband,White,Male,0,0,40,United-States,1,25-44,0
21,Private,HS-grad,9,Never-married,Adm-clerical,Own-child,White,Male,0,0,40,United-States,0,under25,0
42,Self-emp-not-inc,Prof-school,15,Married-civ-spouse,Prof-specialty,Husband,White,Male,0,1902,50,United-States,1,25-44,1
27,Private,10th,6,Never-married,Other-service,Not-in-family,White,Male,0,0,40,United-States,0,25-44,0
45,Local-gov,Masters,14,Never-married,Prof-specialty,Not-in-family,White,Female,0,0,40,United-States,0,25-44,0
25,Private,7th-8th,4,Never-married,Sales,Other-relative,White,Male,0,0,45,Guatemala,0,under25,0
44,Self-emp-not-inc,HS-grad,9,Married-civ-spouse,Farming-fishing,Husband,White,Male,0,0,40,United-States,1,25-44,0
27,Private,11th,7,Never-married,Exec-managerial,Unmarried,White,Female,0,0,45,United-States,0,25-44,0
56,Private,7th-8th,4,Divorced,Transport-moving,Unmarried,White,Male,0,0,40,United-States,0,45plus,0
37,Private,HS-grad,9,Divorced,Craft-repair,Not-in-family,White,Male,0,0,49,United-States,0,25-44,0
30,Private,Some-college,10,Never-married,Craft-repair,Other-relative,White,Male,0,0,55,Ecuador,0,25-44,0
25,Self-emp-not-inc,Some-college,10,Married-civ-spouse,Craft-repair,Husband,White,Male,3103,0,50,United-States,1,under25,0
18,Private,Some-college,10,Never-married,Sales,Own-child,White,Male,0,0,28,United-States,0,under25,0
54,Private,Bachelors,13,Divorced,Prof-specialty,Not-in-family,White,Male,0,1340,40,United-States,0,45plus,0
58,Self-emp-inc,Doctorate,16,Married-civ-spouse,Prof-specialty,Husband,White,Male,0,0,24,United-States,1,45plus,1
43,Private,Some-college,10,Never-married,Other-service,Not-in-family,White,Male,2174,0,45,United-States,0,25-44,0
38,Self-emp-not-inc,HS-grad,9,Married-civ-spouse,Transport-moving,Husband,White,Male,0,0,40,United-States,1,25-44,0
42,Private,HS-grad,9,Married-civ-spouse,Craft-repair,Husband,White,Male,0,0,40,United-States,1,25-44,0
36,Local-gov,Bachelors,13,Married-civ-spouse,Prof-specialty,Husband,White,Male,0,1887,40,United-States,1,25-44,1
49,Private,HS-grad,9,Married-civ-spouse,Sales,Husband,White,Male,0,0,50,United-States,1,45plus,0
26,Private,HS-grad,9,Never-married,Craft-repair,Not-in-family,White,Male,0,0,40,United-States,0,25-44,0
42,Private,HS-grad,9,Married-civ-spouse,Craft-repair,Husband,White,Male,0,0,40,United-States,0,25-44,0
47,Local-gov,Some-college,10,Married-spouse-absent,Craft-repair,Other-relative,White,Male,0,0,45,United-States,0,45plus,0
37,Private,Some-college,10,Married-civ-spouse,Exec-managerial,Husband,Black,Male,0,0,80,United-States,1,25-44,1
31,Private,Assoc-voc,11,Married-civ-spouse,Sales,Husband,White,Male,0,0,40,United-States,1,25-44,0
75,Self-emp-not-inc,HS-grad,9,Married-civ-spouse,Farming-fishing,Husband,White,Male,0,0,20,United-States,0,45plus,0
42,Private,5th-6th,3,Married-civ-spouse,Craft-repair,Husband,White,Male,0,0,60,United-States,0,25-44,0
42,Private,Prof-school,15,Married-civ-spouse,Prof-specialty,Husband,White,Male,7298,0,35,United-States,1,25-44,1
23,Federal-gov,HS-grad,9,Never-married,Armed-Forces,Not-in-family,White,Male,0,0,8,United-States,0,under25,0
65,Self-emp-not-inc,Some-college,10,Widowed,Exec-managerial,Unmarried,White,Female,0,0,45,United-States,0,45plus,0
60,Private,HS-grad,9,Married-civ-spouse,Transport-moving,Husband,White,Male,0,0,60,United-States,1,45plus,0
44,Private,Some-college,10,Separated,Exec-managerial,Not-in-family,White,Male,0,1980,45,England,0,25-44,0
39,State-gov,Assoc-acdm,12,Married-civ-spouse,Protective-serv,Husband,White,Male,0,0,52,United-States,0,25-44,0
26,Self-emp-not-inc,Masters,14,Never-married,Prof-specialty,Not-in-family,White,Female,0,0,50,United-States,0,25-44,0
40,Private,5th-6th,3,Married-civ-spouse,Other-service,Husband,Other,Male,4064,0,40,Mexico,0,25-44,0
63,Private,Masters,14,Married-civ-spouse,Tech-support,Husband,White,Male,5013,0,40,United-States,0,45plus,1
36,Self-emp-not-inc,HS-grad,9,Never-married,Farming-fishing,Not-in-family,White,Male,0,0,70,United-States,1,25-44,0
30,Private,HS-grad,9,Separated,Other-service,Unmarried,White,Female,0,0,30,United-States,0,25-44,0
40,Federal-gov,HS-grad,9,Married-civ-spouse,Adm-clerical,Wife,White,Female,0,0,20,United-States,1,25-44,0
53,State-gov,Masters,14,Divorced,Prof-specialty,Not-in-family,White,Female,0,0,40,United-States,0,45plus,0
20,Private,Some-college,10,Never-married,Sales,Own-child,White,Female,0,0,20,United-States,0,under25,0
49,Private,10th,6,Married-civ-spouse,Machine-op-inspct,Husband,White,Male,0,0,50,United-States,0,45plus,0
60,Private,Masters,14,Married-civ-spouse,Exec-managerial,Husband,White,Male,0,0,60,United-States,1,45plus,1
39,Private,Prof-school,15,Married-civ-spouse,Prof-specialty,Husband,White,Male,0,0,45,United-States,1,25-44,1
23,Private,HS-grad,9,Never-married,Craft-repair,Not-in-family,White,Male,0,0,30,United-States,0,under25,0
18,Private,11th,7,Never-married,Prof-specialty,Own-child,White,Female,0,0,40,United-States,0,under25,0
60,Self-emp-not-inc,HS-grad,9,Never-married,Farming-fishing,Unmarried,White,Male,0,0,42,United-States,0,45plus,0
55,Private,Bachelors,13,Married-civ-spouse,Exec-managerial,Husband,White,Male,15024,0,55,United-States,1,45plus,1
42,State-gov,Assoc-acdm,12,Divorced,Other-service,Not-in-family,White,Female,0,0,40,United-States,0,25-44,0
56,Private,HS-grad,9,Married-civ-spouse,Craft-repair,Husband,White,Male,3103,0,40,United-States,1,45plus,0
37,Local-gov,HS-grad,9,Never-married,Other-service,Not-in-family,White,Male,0,0,40,United-States,0,25-44,0
47,Private,HS-grad,9,Married-civ-spouse,Transport-moving,Husband,White,Male,0,0,40,United-States,0,45plus,0
33,Private,Assoc-acdm,12,Divorced,Machine-op-inspct,Not-in-family,White,Female,0,0,42,United-States,0,25-44,0
22,Private,Some-college,10,Never-married,Adm-clerical,Own-child,White,Female,0,0,20,United-States,0,under25,0
46,Local-gov,Assoc-acdm,12,Married-civ-spouse,Exec-managerial,Husband,White,Male,0,0,44,United-States,1,45plus,1
37,Federal-gov,Some-college,10,Divorced,Adm-clerical,Unmarried,Black,Female,0,0,40,United-States,0,25-44,0
20,Private,Some-college,10,Never-married,Adm-clerical,Own-child,White,Female,0,0,15,United-States,0,under25,0
47,Private,Bachelors,13,Never-married,Adm-clerical,Own-child,White,Male,0,0,40,United-States,0,45plus,0
30,Private,HS-grad,9,Divorced,Prof-specialty,Own-child,White,Female,0,0,40,United-States,0,25-44,0
37,Private,HS-grad,9,Married-civ-spouse,Transport-moving,Husband,White,Male,0,0,40,United-States,0,25-44,0
35,Local-gov,Assoc-acdm,12,Married-civ-spouse,Protective-serv,Husband,White,Male,0,0,52,United-States,0,25-44,0
19,Private,HS-grad,9,Never-married,Other-service,Own-child,White,Female,0,0,52,United-States,0,under25,0
37,Self-emp-inc,Assoc-acdm,12,Married-civ-spouse,Sales,Husband,White,Male,0,1887,40,United-States,1,25-44,1
20,Private,HS-grad,9,Never-married,Sales,Not-in-family,White,Female,0,0,38,United-States,0,under25,0
26,Self-emp-not-inc,Bachelors,13,Divorced,Exec-managerial,Not-in-family,White,Male,0,1876,38,United-States,0,25-44,0
59,Private,Some-college,10,Married-civ-spouse,Adm-clerical,Wife,White,Female,0,0,40,United-States,1,45plus,0
28,Private,HS-grad,9,Divorced,Other-service,Unmarried,White,Female,0,0,35,United-States,0,25-44,0
51,Self-emp-inc,Bachelors,13,Married-civ-spouse,Exec-managerial,Husband,White,Male,0,0,25,United-States,0,45plus,1
30,Private,Bachelors,13,Divorced,Other-service,Not-in-family,White,Male,0,0,40,United-States,0,25-44,0
51,Private,HS-grad,9,Separated,Handlers-cleaners,Unmarried,White,Female,0,0,40,United-States,0,45plus,0
46,Private,Some-college,10,Divorced,Sales,Unmarried,White,Female,0,0,40,United-States,0,45plus,0
36,Private,Assoc-voc,11,Married-civ-spouse,Adm-clerical,Husband,White,Male,0,0,40,United-States,1,25-44,0
51,Private,HS-grad,9,Married-civ-spouse,Protective-serv,Husband,White,Male,0,0,40,United-States,0,45plus,0
23,Private,HS-grad,9,Never-married,Adm-clerical,Own-child,White,Female,0,0,16,United-States,0,under25,0
25,Private,Bachelors,13,Never-married,Handlers-cleaners,Unmarried,Black,Male,0,0,40,United-States,0,under25,0
19,Private,HS-grad,9,Never-married,Handlers-cleaners,Own-child,White,Female,0,0,25,United-States,0,under25,0
30,Private,Masters,14,Never-married,Prof-specialty,Not-in-family,White,Male,0,0,40,Ireland,0,25-44,0
21,Private,Some-college,10,Never-married,Sales,Own-child,White,Female,0,0,15,United-States,0,under25,0
64,Private,HS-grad,9,Widowed,Adm-clerical,Unmarried,White,Female,0,0,8,United-States,0,45plus,0
26,Private,HS-grad,9,Never-married,Handlers-cleaners,Not-in-family,White,Male,0,0,20,Mexico,0,25-44,0
40,Private,HS-grad,9,Married-civ-spouse,Prof-specialty,Husband,White,Male,0,1902,40,United-States,1,25-44,1
36,Private,Some-college,10,Divorced,Sales,Not-in-family,White,Female,3325,0,45,United-States,0,25-44,0
33,Private,Bachelors,13,Never-married,Tech-support,Not-in-family,White,Female,0,0,45,United-States,1,25-44,0
24,Private,HS-grad,9,Never-married,Machine-op-inspct,Unmarried,Black,Female,0,0,40,United-States,0,under25,0
34,Private,11th,7,Married-civ-spouse,Handlers-cleaners,Husband,White,Male,0,0,40,United-States,0,25-44,0
20,Private,Some-college,10,Never-married,Farming-fishing,Not-in-family,White,Female,0,0,40,United-States,0,under25,0
29,Private,HS-grad,9,Married-civ-spouse,Other-service,Husband,White,Male,0,0,35,United-States,0,25-44,0
25,Private,HS-grad,9,Never-married,Other-service,Not-in-family,White,Female,0,0,40,United-States,0,under25,0
41,Private,Bachelors,13,Married-civ-spouse,Tech-support,Husband,White,Male,0,0,45,United-States,1,25-44,1
39,Private,HS-grad,9,Divorced,Exec-managerial,Unmarried,White,Female,0,0,40,United-States,0,25-44,0
28,Private,HS-grad,9,Married-civ-spouse,Exec-managerial,Husband,White,Male,0,0,40,United-States,0,25-44,0
48,Local-gov,7th-8th,4,Married-civ-spouse,Transport-moving,Husband,White,Male,0,1902,40,United-States,0,45plus,0
45,Private,Bachelors,13,Married-civ-spouse,Exec-managerial,Husband,White,Male,0,0,50,United-States,1,25-44,1
53,Private,HS-grad,9,Never-married,Craft-repair,Not-in-family,White,Male,0,0,40,United-States,0,45plus,0
41,Private,Some-college,10,Never-married,Craft-repair,Not-in-family,White,Male,0,1408,40,United-States,0,25-44,0
44,Private,Some-college,10,Married-civ-spouse,Adm-clerical,Wife,White,Female,0,0,35,United-States,0,25-44,0
20,Private,Some-college,10,Never-married,Other-service,Other-relative,White,Female,4416,0,25,United-States,0,under25,0
44,Private,1st-4th,2,Married-civ-spouse,Other-service,Wife,Asian-Pac-Islander,Female,0,0,40,Vietnam,0,25-44,0
25,Private,HS-grad,9,Married-civ-spouse,Craft-repair,Husband,White,Male,0,0,40,United-States,0,under25,0
24,Private,Some-college,10,Never-married,Exec-managerial,Not-in-family,White,Male,0,0,42,United-States,0,under25,0
56,Self-emp-inc,9th,5,Married-civ-spouse,Transport-moving,Husband,White,Male,0,0,99,United-States,0,45plus,0
68,Private,Bachelors,13,Married-civ-spouse,Exec-managerial,Husband,White,Male,0,0,40,United-States,1,45plus,1
34,Private,9th,5,Separated,Farming-fishing,Unmarried,Black,Male,0,0,40,United-States,0,25-44,0
25,Private,1st-4th,2,Married-civ-spouse,Farming-fishing,Husband,White,Male,0,0,96,Mexico,0,under25,0
21,Private,HS-grad,9,Never-married,Handlers-cleaners,Own-child,White,Female,0,0,35,United-States,0,under25,0
47,Private,Prof-school,15,Married-civ-spouse,Sales,Husband,White,Male,0,0,45,United-States,1,45plus,1
62,Self-emp-not-inc,Some-college,10,Married-civ-spouse,Exec-managerial,Husband,White,Male,0,0,10,United-States,0,45plus,0
42,Local-gov,Masters,14,Divorced,Prof-specialty,Unmarried,White,Female,0,0,45,United-States,0,25-44,0
56,Private,9th,5,Divorced,Adm-clerical,Not-in-family,White,Male,0,0,40,United-States,0,45plus,0
30,Private,HS-grad,9,Never-married,Exec-managerial,Not-in-family,White,Male,0,1876,45,United-States,0,25-44,0
26,Private,Masters,14,Never-married,Tech-support,Other-relative,White,Male,0,0,25,United-States,0,25-44,0
27,Private,Bachelors,13,Married-civ-spouse,Craft-repair,Husband,White,Male,0,0,40,United-States,0,25-44,0
36,State-gov,Some-college,10,Married-civ-spouse,Exec-managerial,Wife,White,Female,7298,0,39,United-States,1,25-44,1
20,State-gov,Assoc-acdm,12,Never-married,Other-service,Own-child,White,Male,0,1719,20,United-States,0,under25,0
32,Private,Masters,14,Separated,Exec-managerial,Not-in-family,White,Male,0,2824,55,United-States,1,25-44,1
31,Private,10th,6,Never-married,Adm-clerical,Unmarried,White,Female,0,0,40,United-States,0,25-44,0
46,Private,Prof-school,15,Married-civ-spouse,Prof-specialty,Husband,White,Male,0,0,40,United-States,1,45plus,1
38,Private,HS-grad,9,Married-civ-spouse,Craft-repair,Husband,White,Male,0,1740,48,United-States,0,25-44,0
19,Private,Some-college,10,Never-married,Exec-managerial,Own-child,Black,Male,0,0,30,United-States,0,under25,0
30,Self-emp-inc,HS-grad,9,Divorced,Exec-managerial,Not-in-family,White,Male,4650,0,40,United-States,0,25-44,0
43,Private,HS-grad,9,Separated,Sales,Not-in-family,White,Female,0,0,30,United-States,0,25-44,0
41,Private,HS-grad,9,Married-civ-spouse,Sales,Husband,White,Male,0,0,40,United-States,0,25-44,0
36,Private,Some-college,10,Married-civ-spouse,Prof-specialty,Husband,White,Male,0,0,20,United-States,1,25-44,0
62,Federal-gov,HS-grad,9,Widowed,Adm-clerical,Unmarried,White,Female,0,0,40,United-States,0,45plus,0
22,Private,Assoc-voc,11,Never-married,Craft-repair,Not-in-family,White,Male,0,0,30,United-States,0,under25,0
39,Federal-gov,Assoc-voc,11,Married-civ-spouse,Prof-specialty,Husband,White,Male,0,0,50,United-States,0,25-44,1
56,Private,Some-college,10,Married-civ-spouse,Transport-moving,Husband,Black,Male,0,0,40,United-States,0,45plus,0
90,Private,HS-grad,9,Married-civ-spouse,Machine-op-inspct,Husband,White,Male,0,0,40,United-States,0,45plus,0
20,Private,HS-grad,9,Never-married,Machine-op-inspct,Unmarried,White,Female,0,0,45,United-States,0,under25,0
31,Private,12th,8,Never-married,Sales,Not-in-family,White,Male,4650,0,50,United-States,0,25-44,0
23,Private,Some-college,10,Never-married,Exec-managerial,Not-in-family,White,Male,0,0,45,United-States,0,under25,0
45,Private,Doctorate,16,Never-married,Prof-specialty,Not-in-family,White,Male,99999,0,30,United-States,1,25-44,1
30,Private,Bachelors,13,Married-civ-spouse,Exec-managerial,Husband,Asian-Pac-Islander,Male,0,0,40,Hong,1,25-44,1
19,Private,Some-college,10,Never-married,Other-service,Own-child,White,Female,0,0,25,United-States,0,under25,0
27,Private,HS-grad,9,Married-civ-spouse,Transport-moving,Husband,White,Male,0,1902,45,United-States,0,25-44,0
29,Private,HS-grad,9,Married-civ-spouse,Craft-repair,Husband,Amer-Indian-Eskimo,Male,0,0,40,United-States,0,25-44,0
17,Private,11th,7,Never-married,Handlers-cleaners,Own-child,White,Male,0,0,17,United-States,0,under25,0
48,Private,Bachelors,13,Divorced,Priv-house-serv,Not-in-family,White,Female,0,0,44,Germany,0,45plus,0
37,Private,Bachelors,13,Married-civ-spouse,Adm-clerical,Husband,White,Male,0,0,40,United-States,0,25-44,1
28,Private,HS-grad,9,Never-married,Prof-specialty,Unmarried,Black,Male,0,0,40,United-States,0,25-44,0
41,Local-gov,Assoc-voc,11,Never-married,Other-service,Not-in-family,White,Male,0,0,40,United-States,0,25-44,0
70,Self-emp-inc,9th,5,Divorced,Sales,Not-in-family,White,Male,0,0,45,United-States,0,45plus,0
66,Private,Bachelors,13,Married-civ-spouse,Other-service,Husband,White,Male,0,0,40,United-States,1,45plus,0
43,Private,Some-college,10,Separated,Transport-moving,Unmarried,White,Male,4934,0,51,United-States,1,25-44,0
34,Local-gov,Masters,14,Married-civ-spouse,Exec-managerial,Husband,White,Male,0,0,40,United-States,1,25-44,1
37,Federal-gov,Some-college,10,Never-married,Other-service,Own-child,White,Male,0,0,40,Japan,0,25-44,0
18,Private,Some-college,10,Never-married,Handlers-cleaners,Own-child,White,Male,0,0,30,United-States,0,under25,0
33,Private,Some-college,10,Married-civ-spouse,Craft-repair,Husband,White,Male,0,0,60,United-States,1,25-44,0
40,State-gov,Bachelors,13,Never-married,Prof-specialty,Unmarried,White,Female,0,0,20,United-States,0,25-44,0
25,Private,HS-grad,9,Never-married,Other-service,Own-child,White,Male,0,0,30,United-States,0,under25,0
57,Private,Assoc-acdm,12,Divorced,Prof-specialty,Not-in-family,Black,Female,0,0,40,United-States,0,45plus,0
43,Private,Bachelors,13,Married-civ-spouse,Exec-managerial,Husband,White,Male,0,1977,50,United-States,1,25-44,1
22,Private,Some-college,10,Married-civ-spouse,Exec-managerial,Husband,White,Male,0,0,45,United-States,0,under25,0
36,Private,HS-grad,9,Divorced,Craft-repair,Own-child,White,Male,0,0,40,United-States,0,25-44,0
52,Private,HS-grad,9,Divorced,Sales,Not-in-family,White,Female,0,0,40,United-States,0,45plus,0
47,Private,HS-grad,9,Divorced,Other-service,Not-in-family,White,Male,0,0,32,United-States,0,45plus,0
31,Private,7th-8th,4,Divorced,Machine-op-inspct,Unmarried,White,Female,0,0,40,United-States,0,25-44,0
18,Self-emp-not-inc,HS-grad,9,Never-married,Farming-fishing,Own-child,White,Male,0,0,11,United-States,0,under25,0
37,Private,HS-grad,9,Married-civ-spouse,Adm-clerical,Wife,White,Female,0,0,40,United-States,1,25-44,0
50,Private,1st-4th,2,Separated,Prof-specialty,Unmarried,Black,Female,0,0,40,United-States,0,45plus,0
48,Local-gov,HS-grad,9,Married-civ-spouse,Exec-managerial,Husband,Black,Male,7298,0,38,United-States,1,45plus,1
60,Private,Assoc-acdm,12,Married-civ-spouse,Sales,Husband,White,Male,0,0,30,United-States,0,45plus,0
26,Private,HS-grad,9,Married-civ-spouse,Craft-repair,Husband,White,Male,0,0,40,United-States,0,25-44,0
38,Private,Bachelors,13,Married-civ-spouse,Craft-repair,Husband,White,Male,0,0,40,United-States,0,25-44,1
33,Local-gov,HS-grad,9,Married-civ-spouse,Protective-serv,Husband,White,Male,0,0,40,United-States,0,25-44,0
43,Private,HS-grad,9,Divorced,Adm-clerical,Unmarried,White,Female,0,0,40,United-States,0,25-44,0
60,Private,5th-6th,3,Married-civ-spouse,Craft-repair,Husband,White,Male,0,0,45,Italy,0,45plus,0
26,Private,Some-college,10,Never-married,Priv-house-serv,Not-in-family,White,Female,0,0,50,Hungary,0,25-44,0
37,Private,HS-grad,9,Never-married,Handlers-cleaners,Unmarried,White,Female,3887,0,40,Nicaragua,0,25-44,0
45,State-gov,Bachelors,13,Divorced,Protective-serv,Not-in-family,White,Female,0,0,40,United-States,0,25-44,0
38,Private,HS-grad,9,Separated,Other-service,Own-child,White,Male,0,0,35,United-States,0,25-44,0
49,Private,Bachelors,13,Divorced,Prof-specialty,Not-in-family,White,Female,0,0,50,United-States,0,45plus,0
39,Private,Some-college,10,Married-civ-spouse,Sales,Husband,White,Male,3103,0,50,United-States,1,25-44,0
32,State-gov,HS-grad,9,Never-married,Exec-managerial,Not-in-family,White,Male,0,0,50,United-States,0,25-44,0
52,Self-emp-not-inc,Prof-school,15,Married-civ-spouse,Prof-specialty,Husband,White,Male,99999,0,45,United-States,1,45plus,1
33,Private,Bachelors,13,Married-spouse-absent,Other-service,Unmarried,White,Female,0,0,24,United-States,0,25-44,0
45,Private,HS-grad,9,Separated,Machine-op-inspct,Unmarried,Black,Female,0,0,40,United-States,0,25-44,0
45,Private,7th-8th,4,Separated,Other-service,Unmarried,White,Female,0,0,40,Mexico,0,25-44,0
58,Private,Some-college,10,Married-civ-spouse,Sales,Husband,White,Male,0,0,45,United-States,1,45plus,0
59,Private,7th-8th,4,Never-married,Farming-fishing,Unmarried,White,Male,4865,0,40,United-States,0,45plus,0
34,Self-emp-not-inc,HS-grad,9,Divorced,Farming-fishing,Not-in-family,White,Male,0,0,40,United-States,0,25-44,0
19,Private,11th,7,Married-civ-spouse,Craft-repair,Husband,White,Male,0,0,60,United-States,0,under25,0
42,Private,HS-grad,9,Married-civ-spouse,Handlers-cleaners,Husband,White,Male,0,0,40,United-States,1,25-44,0
17,Private,11th,7,Never-married,Adm-clerical,Own-child,White,Female,0,0,20,United-States,0,under25,0
43,Private,HS-grad,9,Married-civ-spouse,Machine-op-inspct,Husband,Black,Male,0,0,40,Germany,1,25-44,0
28,Private,Doctorate,16,Never-married,Adm-clerical,Own-child,White,Male,0,0,18,United-States,0,25-44,0
48,Private,HS-grad,9,Married-civ-spouse,Craft-repair,Husband,White,Male,0,0,40,United-States,1,45plus,0
52,Self-emp-inc,Masters,14,Married-civ-spouse,Prof-specialty,Husband,White,Male,15024,0,60,United-States,1,45plus,1
65,Private,HS-grad,9,Widowed,Other-service,Unmarried,Black,Female,0,0,20,Jamaica,0,45plus,0
27,Private,HS-grad,9,Never-married,Other-service,Other-relative,Black,Female,0,0,30,United-States,0,25-44,0
17,Private,9th,5,Never-married,Machine-op-inspct,Own-child,White,Male,0,0,20,United-States,0,under25,0
36,Private,Bachelors,13,Married-civ-spouse,Exec-managerial,Husband,White,Male,0,0,50,United-States,1,25-44,1
62,Local-gov,HS-grad,9,Divorced,Other-service,Not-in-family,Black,Female,0,0,35,United-States,0,45plus,0
33,Private,Assoc-voc,11,Married-civ-spouse,Tech-support,Wife,White,Female,0,0,40,United-States,1,25-44,0
35,Private,Bachelors,13,Divorced,Prof-specialty,Unmarried,White,Female,0,0,32,United-States,0,25-44,0
48,State-gov,Bachelors,13,Never-married,Exec-managerial,Not-in-family,White,Female,0,0,50,United-States,0,45plus,0
51,Self-emp-inc,Some-college,10,Separated,Sales,Not-in-family,White,Female,0,0,40,United-States,0,45plus,0
19,Private,HS-grad,9,Never-married,Sales,Own-child,White,Female,0,0,8,United-States,0,under25,0
56,State-gov,HS-grad,9,Widowed,Adm-clerical,Unmarried,Asian-Pac-Islander,Female,0,0,40,United-States,0,45plus,0
49,Private,HS-grad,9,Married-civ-spouse,Adm-clerical,Husband,White,Male,0,0,40,United-States,1,45plus,0
40,Private,Some-college,10,Divorced,Adm-clerical,Unmarried,White,Female,0,0,40,United-States,0,25-44,0
42,Self-emp-not-inc,Bachelors,13,Married-civ-spouse,Farming-fishing,Husband,White,Male,0,0,65,United-States,0,25-44,0
26,Private,Bachelors,13,Married-civ-spouse,Prof-specialty,Wife,White,Female,0,0,45,United-States,1,25-44,1
40,Private,Assoc-acdm,12,Married-civ-spouse,Exec-managerial,Husband,White,Male,0,0,50,United-States,1,25-44,1
39,Private,Some-college,10,Married-civ-spouse,Handlers-cleaners,Husband,White,Male,0,0,50,United-States,0,25-44,0
33,Private,Some-college,10,Never-married,Prof-specialty,Not-in-family,White,Female,3674,0,16,United-States,0,25-44,0
44,Private,HS-grad,9,Married-civ-spouse,Craft-repair,Husband,White,Male,0,0,45,United-States,0,25-44,0
39,Private,10th,6,Never-married,Other-service,Unmarried,White,Female,0,0,25,Mexico,0,25-44,0
20,Federal-gov,HS-grad,9,Never-married,Other-service,Not-in-family,White,Female,0,0,40,United-States,0,under25,0
18,Private,11th,7,Never-married,Other-service,Own-child,White,Male,0,0,12,United-States,0,under25,0
26,Private,Some-college,10,Never-married,Adm-clerical,Own-child,White,Male,2597,0,40,United-States,0,25-44,0
50,Self-emp-not-inc,Assoc-voc,11,Never-married,Other-service,Not-in-family,White,Male,0,0,50,United-States,0,45plus,0
56,Self-emp-not-inc,Bachelors,13,Married-civ-spouse,Adm-clerical,Husband,White,Male,0,0,40,United-States,1,45plus,1
48,Private,Some-college,10,Married-civ-spouse,Prof-specialty,Husband,White,Male,0,0,40,United-States,0,45plus,0
27,Private,HS-grad,9,Married-civ-spouse,Handlers-cleaners,Husband,White,Male,0,0,40,Mexico,0,25-44,0
29,Private,Some-college,10,Married-civ-spouse,Exec-managerial,Husband,White,Male,0,1887,50,United-States,1,25-44,1
39,Private,Bachelors,13,Married-civ-spouse,Handlers-cleaners,Wife,White,Female,0,0,40,Poland,1,25-44,1
53,Local-gov,Some-college,10,Married-civ-spouse,Protective-serv,Husband,White,Male,4386,0,40,United-States,1,45plus,0
52,Private,11th,7,Married-civ-spouse,Craft-repair,Husband,White,Male,0,0,40,United-States,1,45plus,0
33,Private,HS-grad,9,Separated,Other-service,Unmarried,White,Female,0,0,40,United-States,0,25-44,0
35,Private,Some-college,10,Married-civ-spouse,Sales,Husband,White,Male,0,0,50,United-States,0,25-44,0
18,Private,11th,7,Never-married,Sales,Own-child,White,Male,0,0,15,United-States,0,under25,0
44,Private,HS-grad,9,Divorced,Craft-repair,Not-in-family,White,Female,14344,0,40,United-States,1,25-44,1
22,Private,10th,6,Separated,Other-service,Unmarried,White,Female,0,0,35,United-States,0,under25,0
51,Private,10th,6,Married-civ-spouse,Other-service,Husband,White,Male,0,0,40,Mexico,0,45plus,0
40,State-gov,Prof-school,15,Married-civ-spouse,Prof-specialty,Husband,White,Male,0,0,38,United-States,1,25-44,1
18,Private,12th,8,Never-married,Sales,Own-child,White,Female,0,0,35,United-States,0,under25,0
60,Private,HS-grad,9,Married-civ-spouse,Other-service,Husband,White,Male,0,0,40,United-States,0,45plus,0
31,Private,Bachelors,13,Never-married,Craft-repair,Not-in-family,Asian-Pac-Islander,Male,0,0,40,Vietnam,0,25-44,0
31,Private,HS-grad,9,Divorced,Exec-managerial,Not-in-family,White,Male,0,0,50,United-States,0,25-44,0
58,Local-gov,Assoc-acdm,12,Widowed,Adm-clerical,Not-in-family,Black,Female,0,0,40,United-States,0,45plus,0
53,Private,Some-college,10,Divorced,Craft-repair,Not-in-family,White,Male,0,0,20,United-States,0,45plus,0
52,Private,Bachelors,13,Married-civ-spouse,Prof-specialty,Husband,White,Male,0,0,40,United-States,1,45plus,1
58,Local-gov,1st-4th,2,Widowed,Handlers-cleaners,Unmarried,Black,Male,0,0,40,United-States,0,45plus,0
37,Private,Bachelors,13,Never-married,Prof-specialty,Not-in-family,White,Male,0,0,45,United-States,1,25-44,0
29,Private,Assoc-voc,11,Married-civ-spouse,Craft-repair,Husband,White,Male,0,0,50,United-States,0,25-44,0
42,Local-gov,Some-college,10,Married-civ-spouse,Craft-repair,Husband,Black,Male,0,0,40,United-States,0,25-44,0
47,Private,12th,8,Married-spouse-absent,Exec-managerial,Not-in-family,White,Female,0,0,55,United-States,0,45plus,0
59,Self-emp-not-inc,7th-8th,4,Married-civ-spouse,Craft-repair,Husband,White,Male,0,0,40,United-States,0,45plus,0
49,Private,Assoc-acdm,12,Married-civ-spouse,Sales,Wife,White,Female,0,1902,40,United-States,1,45plus,1
49,Self-emp-not-inc,Assoc-acdm,12,Divorced,Exec-managerial,Not-in-family,White,Male,0,0,25,United-States,0,45plus,0
39,Self-emp-inc,Assoc-acdm,12,Married-civ-spouse,Sales,Husband,White,Male,5178,0,48,United-States,1,25-44,1
61,Private,HS-grad,9,Widowed,Craft-repair,Not-in-family,Black,Female,0,1669,50,United-States,0,45plus,0
35,Private,Bachelors,13,Married-civ-spouse,Sales,Husband,White,Male,0,0,40,United-States,1,25-44,1
25,Private,HS-grad,9,Never-married,Exec-managerial,Own-child,White,Male,0,0,25,United-States,0,under25,0
49,State-gov,Some-college,10,Never-married,Adm-clerical,Not-in-family,White,Female,0,0,40,United-States,0,45plus,0
25,Private,Some-college,10,Married-civ-spouse,Adm-clerical,Husband,White,Male,0,0,40,United-States,0,under25,0
23,Private,Some-college,10,Never-married,Tech-support,Own-child,White,Male,0,0,40,United-States,0,under25,0
48,Self-emp-not-inc,HS-grad,9,Married-civ-spouse,Farming-fishing,Husband,White,Male,0,0,98,United-States,0,45plus,0
24,Private,Bachelors,13,Never-married,Sales,Own-child,Black,Male,0,0,40,United-States,0,under25,0
45,Private,HS-grad,9,Widowed,Craft-repair,Not-in-family,White,Female,0,0,40,United-States,0,25-44,0
49,Private,Bachelors,13,Divorced,Exec-managerial,Not-in-family,Black,Female,27828,0,60,United-States,1,45plus,1
62,Private,Some-college,10,Divorced,Adm-clerical,Unmarried,White,Female,0,0,30,United-States,0,45plus,0
29,Private,Bachelors,13,Married-civ-spouse,Other-service,Husband,White,Male,0,0,40,United-States,0,25-44,0
46,Private,Assoc-acdm,12,Married-civ-spouse,Exec-managerial,Husband,White,Male,15024,0,50,United-States,1,45plus,1
18,Private,HS-grad,9,Never-married,Other-service,Own-child,White,Female,0,0,30,United-States,0,under25,0
46,Private,Some-college,10,Never-married,Machine-op-inspct,Not-in-family,White,Female,0,0,45,United-States,0,45plus,0
48,Local-gov,Some-college,10,Married-civ-spouse,Exec-managerial,Wife,White,Female,5178,0,40,United-States,1,45plus,1
39,Private,Bachelors,13,Married-civ-spouse,Sales,Husband,White,Male,0,0,50,United-States,1,25-44,1
60,State-gov,Bachelors,13,Married-civ-spouse,Exec-managerial,Husband,White,Male,0,0,40,United-States,1,45plus,1
18,Private,HS-grad,9,Never-married,Other-service,Own-child,White,Female,0,0,8,United-States,0,under25,0
36,Private,10th,6,Never-married,Handlers-cleaners,Not-in-family,White,Male,0,0,40,United-States,0,25-44,0
45,Private,Bachelors,13,Married-civ-spouse,Prof-specialty,Husband,Asian-Pac-Islander,Male,0,0,40,China,0,25-44,1
42,Self-emp-not-inc,Bachelors,13,Married-civ-spouse,Farming-fishing,Husband,White,Male,0,0,45,United-States,0,25-44,0
35,Private,HS-grad,9,Married-civ-spouse,Sales,Husband,White,Male,0,0,40,United-States,0,25-44,0
56,Private,HS-grad,9,Married-civ-spouse,Machine-op-inspct,Husband,White,Male,0,0,40,United-States,0,45plus,0
68,Private,7th-8th,4,Widowed,Machine-op-inspct,Not-in-family,White,Female,0,0,10,United-States,0,45plus,0
31,Private,10th,6,Divorced,Sales,Other-relative,White,Female,0,0,40,United-States,0,25-44,0
42,Local-gov,Masters,14,Divorced,Prof-specialty,Unmarried,White,Female,0,0,40,United-States,0,25-44,0
53,Private,Masters,14,Married-civ-spouse,Adm-clerical,Wife,White,Female,0,0,40,United-States,1,45plus,1
38,Private,Bachelors,13,Married-civ-spouse,Sales,Husband,White,Male,0,0,44,United-States,0,25-44,1
47,Self-emp-inc,HS-grad,9,Married-civ-spouse,Exec-managerial,Husband,White,Male,0,0,40,United-States,1,45plus,0
35,Self-emp-not-inc,5th-6th,3,Married-civ-spouse,Other-service,Wife,White,Female,0,0,15,Mexico,0,25-44,0
31,Local-gov,Masters,14,Married-civ-spouse,Prof-specialty,Husband,White,Male,0,0,90,United-States,1,25-44,1
20,Private,Some-college,10,Never-married,Adm-clerical,Own-child,White,Male,0,0,30,United-States,0,under25,0
55,Private,Bachelors,13,Married-civ-spouse,Sales,Husband,White,Male,0,0,50,United-States,1,45plus,1
49,Local-gov,Bachelors,13,Married-civ-spouse,Protective-serv,Husband,Black,Male,15024,0,40,United-States,1,45plus,1
62,Self-emp-not-inc,HS-grad,9,Married-civ-spouse,Transport-moving,Husband,White,Male,0,0,30,United-States,0,45plus,0
50,Private,HS-grad,9,Divorced,Prof-specialty,Unmarried,Black,Female,0,0,40,United-States,0,45plus,0
40,Private,HS-grad,9,Never-married,Handlers-cleaners,Own-child,White,Male,0,0,40,Ireland,0,25-44,0
50,Self-emp-inc,Bachelors,13,Widowed,Sales,Unmarried,White,Male,0,0,65,United-States,1,45plus,0
20,Private,Some-college,10,Never-married,Tech-support,Own-child,White,Male,0,0,15,United-States,0,under25,0
42,Private,10th,6,Married-civ-spouse,Exec-managerial,Husband,White,Male,0,0,40,United-States,0,25-44,0
31,Private,HS-grad,9,Never-married,Farming-fishing,Not-in-family,White,Male,2907,0,99,United-States,0,25-44,0
47,Private,HS-grad,9,Divorced,Other-service,Not-in-family,White,Female,0,0,40,United-States,0,45plus,0
43,Self-emp-not-inc,HS-grad,9,Married-civ-spouse,Craft-repair,Husband,White,Male,0,0,40,United-States,0,25-44,0
31,Self-emp-not-inc,Assoc-voc,11,Married-civ-spouse,Exec-managerial,Husband,White,Male,3137,0,50,United-States,0,25-44,0
21,Private,HS-grad,9,Married-civ-spouse,Sales,Husband,Other,Male,0,0,35,United-States,0,under25,0
17,Private,12th,8,Never-married,Sales,Own-child,White,Female,0,0,15,United-States,0,under25,0
23,Private,Some-college,10,Divorced,Other-service,Own-child,White,Female,0,0,24,United-States,0,under25,0
59,Private,HS-grad,9,Widowed,Adm-clerical,Unmarried,White,Female,0,0,60,United-States,0,45plus,0
26,Private,Bachelors,13,Never-married,Prof-specialty,Own-child,Asian-Pac-Islander,Female,0,0,40,United-States,0,25-44,0
41,Private,HS-grad,9,Never-married,Other-service,Own-child,White,Male,0,0,40,Peru,0,25-44,0
46,Private,Assoc-voc,11,Married-civ-spouse,Craft-repair,Husband,Black,Male,0,0,40,United-States,1,45plus,0
39,Private,HS-grad,9,Married-civ-spouse,Adm-clerical,Husband,White,Male,0,0,40,United-States,1,25-44,0
40,Private,HS-grad,9,Separated,Other-service,Unmarried,White,Female,0,0,47,United-States,0,25-44,0
30,Private,HS-grad,9,Married-civ-spouse,Machine-op-inspct,Husband,White,Male,0,0,45,United-States,0,25-44,0
44,Private,Some-college,10,Married-civ-spouse,Exec-managerial,Wife,White,Female,0,0,60,United-States,0,25-44,1
53,Private,HS-grad,9,Married-civ-spouse,Craft-repair,Husband,White,Male,0,0,40,United-States,1,45plus,0
48,Private,Assoc-acdm,12,Divorced,Other-service,Not-in-family,White,Male,0,0,44,United-States,0,45plus,0
42,Private,HS-grad,9,Married-civ-spouse,Sales,Husband,White,Male,0,0,40,United-States,0,25-44,0
38,Private,Masters,14,Married-civ-spouse,Exec-managerial,Husband,White,Male,0,0,65,United-States,1,25-44,1
30,Private,Assoc-acdm,12,Never-married,Prof-specialty,Not-in-family,White,Female,0,0,40,United-States,0,25-44,0
43,Private,10th,6,Married-civ-spouse,Handlers-cleaners,Husband,White,Male,0,0,40,United-States,0,25-44,0
55,Private,Bachelors,13,Married-civ-spouse,Exec-managerial,Husband,White,Male,15024,0,42,United-States,1,45plus,1
24,Private,Some-college,10,Never-married,Other-service,Not-in-family,White,Female,0,0,53,United-States,0,under25,0
36,Private,HS-grad,9,Married-civ-spouse,Craft-repair,Husband,White,Male,0,0,40,United-States,0,25-44,0
56,Private,7th-8th,4,Married-civ-spouse,Other-service,Husband,Black,Male,0,0,40,United-States,0,45plus,0
40,State-gov,Masters,14,Married-civ-spouse,Prof-specialty,Husband,White,Male,0,0,35,United-States,1,25-44,1
50,Private,HS-grad,9,Married-civ-spouse,Exec-managerial,Husband,White,Male,0,0,50,United-States,1,45plus,0
46,Private,Bachelors,13,Never-married,Exec-managerial,Not-in-family,White,Male,0,0,55,United-States,1,45plus,0
34,Self-emp-not-inc,Masters,14,Married-civ-spouse,Farming-fishing,Husband,White,Male,0,0,60,United-States,0,25-44,0
18,Private,HS-grad,9,Never-married,Machine-op-inspct,Own-child,White,Female,0,0,40,United-States,0,under25,0
34,Private,Some-college,10,Married-civ-spouse,Craft-repair,Husband,White,Male,0,1651,38,United-States,0,25-44,0
44,Private,Some-college,10,Separated,Machine-op-inspct,Not-in-family,Black,Male,0,0,40,United-States,0,25-44,0
31,Private,Bachelors,13,Never-married,Prof-specialty,Unmarried,White,Male,0,0,40,United-States,0,25-44,0
20,Private,11th,7,Never-married,Craft-repair,Own-child,White,Male,0,0,20,United-States,0,under25,0
58,Private,5th-6th,3,Married-civ-spouse,Machine-op-inspct,Husband,White,Male,0,0,40,Italy,0,45plus,0
54,Private,Assoc-acdm,12,Married-civ-spouse,Sales,Husband,White,Male,0,0,45,United-States,0,45plus,0
27,Private,HS-grad,9,Never-married,Sales,Own-child,Black,Male,0,0,60,United-States,0,25-44,0
19,Private,HS-grad,9,Never-married,Other-service,Own-child,Black,Male,0,0,25,United-States,0,under25,0
29,Private,HS-grad,9,Married-civ-spouse,Machine-op-inspct,Husband,White,Male,3137,0,48,Ireland,0,25-44,0
33,Private,Some-college,10,Married-civ-spouse,Craft-repair,Husband,White,Male,7298,0,50,United-States,1,25-44,1
43,Self-emp-not-inc,Bachelors,13,Never-married,Sales,Not-in-family,White,Male,0,0,45,United-States,0,25-44,0
42,Private,HS-grad,9,Married-civ-spouse,Sales,Wife,White,Female,0,0,40,United-States,1,25-44,0
59,Private,Bachelors,13,Separated,Adm-clerical,Unmarried,White,Male,0,0,60,United-States,0,45plus,0
25,Private,HS-grad,9,Never-married,Craft-repair,Own-child,White,Male,0,0,40,United-States,0,under25,0
57,Private,HS-grad,9,Married-civ-spouse,Craft-repair,Husband,White,Male,15024,0,40,United-States,1,45plus,1
25,Private,HS-grad,9,Never-married,Craft-repair,Not-in-family,White,Male,0,0,40,United-States,0,under25,0
45,Private,Bachelors,13,Divorced,Prof-specialty,Not-in-family,White,Male,0,0,50,United-States,1,25-44,0
33,Private,HS-grad,9,Married-civ-spouse,Machine-op-inspct,Husband,White,Male,0,0,40,United-States,1,25-44,0
45,Private,Some-college,10,Divorced,Craft-repair,Unmarried,White,Male,0,0,99,United-States,0,25-44,0
44,Private,Some-college,10,Divorced,Sales,Not-in-family,White,Male,0,0,40,United-States,0,25-44,0
29,Private,Some-college,10,Never-married,Sales,Not-in-family,White,Male,0,0,30,United-States,0,25-44,0
41,State-gov,Masters,14,Married-civ-spouse,Prof-specialty,Husband,White,Male,0,0,40,United-States,0,25-44,1
40,Private,10th,6,Never-married,Other-service,Unmarried,Black,Female,0,0,40,United-States,0,25-44,0
58,Private,HS-grad,9,Divorced,Other-service,Unmarried,White,Female,0,0,35,United-States,0,45plus,0
49,Local-gov,Masters,14,Married-civ-spouse,Prof-specialty,Husband,White,Male,7298,0,40,United-States,1,45plus,1
39,Private,Bachelors,13,Married-civ-spouse,Sales,Husband,White,Male,3464,0,40,United-States,0,25-44,1
41,Local-gov,Assoc-acdm,12,Married-civ-spouse,Exec-managerial,Husband,Black,Male,0,0,50,United-States,1,25-44,1
58,Local-gov,Bachelors,13,Never-married,Prof-specialty,Not-in-family,White,Female,0,0,40,United-States,0,45plus,0
49,Private,Masters,14,Married-civ-spouse,Prof-specialty,Husband,White,Male,0,0,50,United-States,1,45plus,1
30,Self-emp-not-inc,11th,7,Never-married,Farming-fishing,Own-child,Black,Male,0,0,40,United-States,0,25-44,0
50,Private,Assoc-acdm,12,Married-civ-spouse,Sales,Wife,White,Female,3942,0,40,United-States,0,45plus,0
34,Federal-gov,Bachelors,13,Never-married,Exec-managerial,Unmarried,Asian-Pac-Islander,Male,1471,0,40,Cambodia,0,25-44,0
48,Self-emp-inc,Some-college,10,Divorced,Exec-managerial,Not-in-family,White,Male,0,0,40,United-States,0,45plus,0
37,Private,Bachelors,13,Never-married,Transport-moving,Not-in-family,White,Male,0,0,46,United-States,0,25-44,0
24,Private,Bachelors,13,Never-married,Tech-support,Own-child,White,Male,0,0,40,United-States,0,under25,0
44,Private,Some-college,10,Married-civ-spouse,Adm-clerical,Wife,White,Female,0,2415,6,United-States,1,25-44,1
40,Private,Masters,14,Married-civ-spouse,Exec-managerial,Husband,White,Male,0,0,50,United-States,1,25-44,1
37,Private,HS-grad,9,Married-civ-spouse,Machine-op-inspct,Husband,White,Male,0,0,46,United-States,0,25-44,0
43,Local-gov,Bachelors,13,Married-civ-spouse,Craft-repair,Husband,White,Male,0,0,40,United-States,0,25-44,1
39,Private,Bachelors,13,Married-civ-spouse,Sales,Husband,White,Male,15024,0,50,United-States,1,25-44,1
46,Self-emp-not-inc,Some-college,10,Married-civ-spouse,Sales,Husband,White,Male,0,0,60,United-States,1,45plus,0
32,Self-emp-not-inc,HS-grad,9,Separated,Sales,Not-in-family,White,Male,0,0,50,United-States,0,25-44,0
33,Private,Bachelors,13,Married-civ-spouse,Sales,Husband,White,Male,0,0,40,United-States,0,25-44,1
27,Private,Some-college,10,Divorced,Adm-clerical,Unmarried,Black,Female,0,0,36,United-States,0,25-44,0
28,Private,Bachelors,13,Married-civ-spouse,Exec-managerial,Husband,White,Male,0,0,45,United-States,0,25-44,1
24,Private,Assoc-voc,11,Never-married,Adm-clerical,Own-child,Asian-Pac-Islander,Female,0,0,20,United-States,0,under25,0
22,Self-emp-not-inc,HS-grad,9,Never-married,Farming-fishing,Own-child,White,Male,0,0,40,United-States,0,under25,0
28,Private,Bachelors,13,Married-civ-spouse,Exec-managerial,Wife,White,Female,0,0,50,United-States,1,25-44,1
36,Private,HS-grad,9,Married-civ-spouse,Machine-op-inspct,Wife,White,Female,0,0,50,United-States,0,25-44,0
32,Private,Some-college,10,Never-married,Craft-repair,Not-in-family,White,Female,0,0,40,United-States,0,25-44,0
30,Private,HS-grad,9,Married-civ-spouse,Sales,Own-child,Asian-Pac-Islander,Female,0,0,40,United-States,0,25-44,0
51,Private,HS-grad,9,Married-civ-spouse,Machine-op-inspct,Wife,White,Female,0,0,40,United-States,0,45plus,0
47,Private,HS-grad,9,Married-civ-spouse,Craft-repair,Husband,White,Male,0,0,48,United-States,0,45plus,0
28,Local-gov,Assoc-acdm,12,Widowed,Prof-specialty,Unmarried,White,Male,0,0,40,United-States,0,25-44,0
28,Private,HS-grad,9,Never-married,Other-service,Unmarried,White,Female,0,0,28,United-States,0,25-44,0
30,Private,Bachelors,13,Married-civ-spouse,Adm-clerical,Wife,White,Female,0,0,40,United-States,0,25-44,0
40,Self-emp-not-inc,Bachelors,13,Never-married,Exec-managerial,Not-in-family,White,Male,0,0,50,United-States,0,25-44,0
20,Private,HS-grad,9,Never-married,Handlers-cleaners,Own-child,White,Male,0,0,15,United-States,0,under25,0
25,Private,Bachelors,13,Married-civ-spouse,Exec-managerial,Wife,White,Female,0,0,30,United-States,1,under25,0
76,Self-emp-not-inc,7th-8th,4,Never-married,Farming-fishing,Not-in-family,White,Male,0,0,30,United-States,0,45plus,0
68,Private,Some-college,10,Married-civ-spouse,Adm-clerical,Husband,White,Male,0,0,40,United-States,0,45plus,0
31,Private,Some-college,10,Married-civ-spouse,Handlers-cleaners,Husband,White,Male,0,0,40,United-States,0,25-44,0
23,Private,Assoc-acdm,12,Never-married,Adm-clerical,Not-in-family,White,Male,0,0,12,United-States,0,under25,0
28,Local-gov,Some-college,10,Never-married,Protective-serv,Own-child,White,Male,0,0,40,United-States,0,25-44,0
21,Private,Some-college,10,Never-married,Sales,Own-child,White,Female,0,0,20,United-States,0,under25,0
59,Local-gov,Some-college,10,Married-civ-spouse,Craft-repair,Husband,White,Male,0,0,40,United-States,0,45plus,0
64,Self-emp-not-inc,HS-grad,9,Married-civ-spouse,Craft-repair,Husband,White,Male,2635,0,24,Italy,0,45plus,0
21,Private,Some-college,10,Never-married,Protective-serv,Not-in-family,Black,Female,99999,0,40,United-States,1,under25,0
51,Private,Assoc-voc,11,Married-civ-spouse,Tech-support,Husband,White,Male,7298,0,40,United-States,1,45plus,1
31,Self-emp-not-inc,Some-college,10,Married-civ-spouse,Other-service,Wife,White,Female,0,0,30,United-States,0,25-44,0
28,Private,Assoc-acdm,12,Married-civ-spouse,Sales,Husband,White,Male,0,0,30,United-States,0,25-44,0
44,Private,Some-college,10,Married-civ-spouse,Sales,Husband,White,Male,0,0,60,United-States,0,25-44,0
45,Local-gov,Masters,14,Married-civ-spouse,Prof-specialty,Husband,White,Male,0,0,50,United-States,1,25-44,1
44,Private,HS-grad,9,Widowed,Exec-managerial,Unmarried,Black,Female,0,0,40,United-States,0,25-44,0
50,Private,Bachelors,13,Divorced,Exec-managerial,Unmarried,White,Female,0,0,40,United-States,0,45plus,0
39,Private,HS-grad,9,Married-civ-spouse,Craft-repair,Husband,White,Male,0,0,40,United-States,1,25-44,0
44,Private,HS-grad,9,Married-civ-spouse,Other-service,Husband,White,Male,0,0,25,Mexico,0,25-44,0
46,Self-emp-not-inc,Some-college,10,Divorced,Exec-managerial,Not-in-family,White,Male,0,0,50,United-States,0,45plus,0
35,Private,Masters,14,Married-civ-spouse,Prof-specialty,Wife,White,Female,15024,0,50,United-States,1,25-44,1
37,Local-gov,Some-college,10,Married-civ-spouse,Tech-support,Wife,White,Female,7298,0,36,United-States,1,25-44,1
47,Private,HS-grad,9,Divorced,Exec-managerial,Unmarried,Black,Female,0,0,40,United-States,1,45plus,0
26,Self-emp-inc,HS-grad,9,Separated,Sales,Unmarried,White,Female,0,0,20,Honduras,0,25-44,0
64,Private,Bachelors,13,Divorced,Exec-managerial,Unmarried,White,Male,27828,0,50,United-States,1,45plus,1
31,Private,Masters,14,Never-married,Prof-specialty,Not-in-family,White,Female,14084,0,50,United-States,1,25-44,1
46,Private,HS-grad,9,Divorced,Adm-clerical,Not-in-family,White,Female,0,0,44,United-States,0,45plus,0
21,Private,Assoc-acdm,12,Never-married,Other-service,Own-child,White,Female,0,0,30,United-States,0,under25,0
17,Private,7th-8th,4,Never-married,Craft-repair,Not-in-family,White,Male,0,0,45,United-States,0,under25,0
19,Private,HS-grad,9,Never-married,Handlers-cleaners,Own-child,White,Male,0,0,35,United-States,0,under25,0
47,Private,Some-college,10,Married-civ-spouse,Sales,Husband,White,Male,0,0,50,United-States,1,45plus,0
31,Private,HS-grad,9,Divorced,Craft-repair,Not-in-family,White,Male,0,0,45,United-States,0,25-44,0
59,Private,Some-college,10,Married-civ-spouse,Sales,Husband,White,Male,4064,0,40,United-States,0,45plus,0
28,Private,HS-grad,9,Married-civ-spouse,Craft-repair,Husband,White,Male,0,0,50,United-States,0,25-44,0
64,Private,HS-grad,9,Widowed,Prof-specialty,Not-in-family,White,Female,0,0,23,United-States,0,45plus,0
17,Private,10th,6,Never-married,Other-service,Own-child,White,Female,0,0,30,United-States,0,under25,0
29,Private,Bachelors,13,Married-civ-spouse,Exec-managerial,Wife,White,Female,0,0,42,United-States,1,25-44,1
40,Private,Bachelors,13,Separated,Adm-clerical,Unmarried,Black,Male,0,0,35,United-States,0,25-44,0
50,Private,HS-grad,9,Married-civ-spouse,Craft-repair,Husband,White,Male,5013,0,45,United-States,0,45plus,0
45,Private,Masters,14,Married-civ-spouse,Tech-support,Husband,White,Male,0,0,18,United-States,1,25-44,1
30,Private,HS-grad,9,Married-civ-spouse,Tech-support,Husband,White,Male,0,0,40,United-States,0,25-44,0
41,Private,Masters,14,Married-civ-spouse,Prof-specialty,Husband,White,Male,0,0,40,United-States,1,25-44,1
27,Private,HS-grad,9,Never-married,Transport-moving,Not-in-family,White,Male,0,0,70,United-States,0,25-44,0
23,Private,Some-college,10,Never-married,Adm-clerical,Own-child,White,Male,0,0,15,United-States,0,under25,0
41,Federal-gov,Prof-school,15,Married-civ-spouse,Prof-specialty,Husband,White,Male,0,0,50,India,1,25-44,1
44,Private,Some-college,10,Separated,Adm-clerical,Unmarried,White,Female,0,0,40,United-States,0,25-44,0
55,Private,Masters,14,Married-civ-spouse,Prof-specialty,Husband,White,Male,0,0,40,United-States,1,45plus,1
52,Private,Masters,14,Married-civ-spouse,Sales,Husband,White,Male,0,0,40,United-States,0,45plus,1
44,Local-gov,12th,8,Married-civ-spouse,Craft-repair,Husband,White,Male,0,0,55,United-States,0,25-44,0
57,Self-emp-not-inc,1st-4th,2,Widowed,Craft-repair,Other-relative,White,Female,0,1602,45,Columbia,0,45plus,0
58,Private,HS-grad,9,Married-civ-spouse,Transport-moving,Husband,White,Male,0,0,40,United-States,1,45plus,0
31,Private,10th,6,Married-civ-spouse,Machine-op-inspct,Husband,White,Male,0,0,40,United-States,0,25-44,0
25,Self-emp-not-inc,Some-college,10,Never-married,Farming-fishing,Own-child,White,Female,0,0,50,United-States,0,under25,0
38,Private,Some-college,10,Married-civ-spouse,Sales,Wife,White,Female,0,0,40,United-States,1,25-44,0
20,Private,Some-college,10,Never-married,Craft-repair,Own-child,White,Male,0,0,40,United-States,0,under25,0
43,State-gov,Some-college,10,Divorced,Adm-clerical,Not-in-family,Black,Female,0,0,40,United-States,0,25-44,0
30,Private,Some-college,10,Never-married,Craft-repair,Own-child,White,Male,0,0,40,United-States,0,25-44,0
42,Self-emp-not-inc,HS-grad,9,Married-civ-spouse,Farming-fishing,Husband,Asian-Pac-Islander,Male,0,0,40,Cambodia,1,25-44,0
30,Local-gov,Assoc-voc,11,Never-married,Protective-serv,Not-in-family,White,Male,0,0,40,United-States,0,25-44,0
35,Private,HS-grad,9,Never-married,Sales,Not-in-family,White,Male,0,0,25,United-States,0,25-44,0
37,Self-emp-not-inc,HS-grad,9,Divorced,Craft-repair,Not-in-family,White,Male,0,0,40,United-States,0,25-44,0
33,Private,Assoc-acdm,12,Married-civ-spouse,Craft-repair,Husband,White,Male,0,0,45,Portugal,0,25-44,0
19,Self-emp-not-inc,HS-grad,9,Never-married,Other-service,Own-child,White,Male,0,0,53,United-States,0,under25,0
39,Self-emp-inc,Bachelors,13,Married-civ-spouse,Exec-managerial,Husband,White,Male,15024,0,50,United-States,1,25-44,1
43,State-gov,Some-college,10,Divorced,Exec-managerial,Unmarried,White,Male,0,0,40,United-States,0,25-44,0
17,Private,11th,7,Never-married,Other-service,Own-child,White,Male,0,0,20,United-States,0,under25,0
38,Private,Prof-school,15,Never-married,Prof-specialty,Not-in-family,White,Female,0,0,50,United-States,1,25-44,0
37,Private,Some-college,10,Married-civ-spouse,Machine-op-inspct,Husband,White,Male,0,0,70,United-States,0,25-44,0
31,Self-emp-not-inc,Bachelors,13,Married-civ-spouse,Prof-specialty,Husband,White,Male,0,1902,50,Puerto-Rico,1,25-44,1
48,Private,HS-grad,9,Never-married,Other-service,Not-in-family,White,Female,0,0,32,Columbia,0,45plus,0
26,Private,HS-grad,9,Never-married,Craft-repair,Not-in-family,White,Male,0,0,25,United-States,0,25-44,0
45,Private,HS-grad,9,Married-civ-spouse,Machine-op-inspct,Husband,White,Male,0,0,45,United-States,1,25-44,0
37,Private,Bachelors,13,Married-civ-spouse,Exec-managerial,Husband,White,Male,0,0,40,United-States,1,25-44,1
65,Private,Some-college,10,Married-civ-spouse,Exec-managerial,Husband,White,Male,0,0,40,United-States,0,45plus,0
48,Private,Masters,14,Married-civ-spouse,Exec-managerial,Husband,White,Male,0,0,40,United-States,1,45plus,1
44,Private,Bachelors,13,Married-civ-spouse,Prof-specialty,Husband,White,Male,0,0,40,United-States,1,25-44,1
39,Private,Bachelors,13,Married-civ-spouse,Prof-specialty,Wife,White,Female,7688,0,32,United-States,1,25-44,1
23,Private,Assoc-acdm,12,Never-married,Adm-clerical,Not-in-family,White,Male,0,0,40,United-States,0,under25,0
46,Private,10th,6,Divorced,Craft-repair,Not-in-family,White,Male,0,0,40,United-States,0,45plus,0
51,Private,HS-grad,9,Married-civ-spouse,Craft-repair,Husband,White,Male,0,0,40,United-States,0,45plus,0
27,Private,HS-grad,9,Never-married,Machine-op-inspct,Unmarried,Black,Male,0,0,40,United-States,0,25-44,0
61,Private,HS-grad,9,Divorced,Adm-clerical,Not-in-family,Asian-Pac-Islander,Female,0,0,40,Japan,0,45plus,0
47,Private,Some-college,10,Divorced,Other-service,Unmarried,White,Female,0,0,40,United-States,0,45plus,0
23,Private,HS-grad,9,Never-married,Machine-op-inspct,Own-child,White,Male,0,0,40,United-States,0,under25,0
61,Private,Some-college,10,Married-civ-spouse,Sales,Husband,White,Male,0,0,40,United-States,0,45plus,0
37,Private,HS-grad,9,Never-married,Farming-fishing,Not-in-family,Black,Male,0,0,40,United-States,0,25-44,0
63,Private,9th,5,Married-civ-spouse,Farming-fishing,Husband,Black,Male,0,0,40,United-States,0,45plus,0
37,Private,Bachelors,13,Never-married,Exec-managerial,Not-in-family,White,Male,0,0,45,United-States,0,25-44,0
36,Private,Masters,14,Married-civ-spouse,Sales,Husband,White,Male,0,0,50,United-States,1,25-44,1
50,Self-emp-not-inc,Masters,14,Married-civ-spouse,Sales,Husband,White,Male,7688,0,45,United-States,1,45plus,1
26,Private,Some-college,10,Never-married,Craft-repair,Not-in-family,White,Male,0,0,40,United-States,0,25-44,0
35,Self-emp-not-inc,HS-grad,9,Married-civ-spouse,Craft-repair,Husband,White,Male,2829,0,45,United-States,0,25-44,0
45,Private,HS-grad,9,Married-civ-spouse,Craft-repair,Husband,White,Male,5013,0,40,United-States,0,25-44,0
26,Private,HS-grad,9,Never-married,Other-service,Other-relative,Black,Female,0,0,40,United-States,0,25-44,0
70,Local-gov,Some-college,10,Widowed,Adm-clerical,Not-in-family,White,Female,0,0,17,United-States,0,45plus,0
39,Private,Masters,14,Married-civ-spouse,Exec-managerial,Husband,White,Male,0,0,55,United-States,1,25-44,1
21,Private,HS-grad,9,Never-married,Adm-clerical,Not-in-family,White,Female,0,0,40,United-States,0,under25,0
71,Local-gov,HS-grad,9,Widowed,Exec-managerial,Other-relative,White,Female,0,0,33,United-States,0,45plus,0
30,Private,HS-grad,9,Married-civ-spouse,Craft-repair,Husband,White,Male,0,0,50,United-States,0,25-44,0
36,Private,Bachelors,13,Married-civ-spouse,Prof-specialty,Husband,White,Male,0,1902,50,United-States,1,25-44,1
22,Private,HS-grad,9,Never-married,Craft-repair,Own-child,White,Male,0,0,40,United-States,0,under25,0
20,Private,Some-college,10,Never-married,Other-service,Not-in-family,White,Female,0,0,20,United-States,0,under25,0
51,Private,HS-grad,9,Married-civ-spouse,Exec-managerial,Husband,White,Male,7298,0,40,United-States,1,45plus,1
36,State-gov,Masters,14,Never-married,Prof-specialty,Not-in-family,White,Male,0,0,40,United-States,0,25-44,0
67,Private,10th,6,Married-civ-spouse,Transport-moving,Husband,Amer-Indian-Eskimo,Male,0,0,20,United-States,0,45plus,0
42,Private,Masters,14,Divorced,Tech-support,Unmarried,Black,Female,4687,0,35,United-States,1,25-44,0
26,State-gov,HS-grad,9,Never-married,Craft-repair,Unmarried,White,Male,0,0,50,United-States,0,25-44,0
25,Private,Some-college,10,Married-civ-spouse,Machine-op-inspct,Husband,White,Male,0,0,40,United-States,0,under25,0
40,Private,Some-college,10,Married-civ-spouse,Prof-specialty,Husband,White,Male,0,0,40,United-States,1,25-44,0
74,Private,HS-grad,9,Married-civ-spouse,Other-service,Husband,White,Male,0,0,30,United-States,0,45plus,0
37,Private,Bachelors,13,Married-civ-spouse,Other-service,Wife,Asian-Pac-Islander,Female,0,0,30,United-States,1,25-44,0
26,Private,Bachelors,13,Never-married,Exec-managerial,Not-in-family,White,Male,0,0,40,United-States,0,25-44,0
33,Private,Some-college,10,Never-married,Adm-clerical,Unmarried,Other,Female,0,0,38,United-States,0,25-44,0
28,Private,Bachelors,13,Never-married,Machine-op-inspct,Not-in-family,White,Male,0,0,40,United-States,0,25-44,0
65,Self-emp-inc,HS-grad,9,Married-civ-spouse,Exec-managerial,Husband,White,Male,0,0,40,United-States,0,45plus,0
34,Private,Some-college,10,Never-married,Adm-clerical,Not-in-family,White,Male,0,0,40,United-States,0,25-44,0
49,Local-gov,Masters,14,Married-civ-spouse,Adm-clerical,Husband,White,Male,0,0,40,Italy,1,45plus,1
55,State-gov,HS-grad,9,Divorced,Adm-clerical,Not-in-family,White,Female,0,1617,40,United-States,0,45plus,0
44,Private,Masters,14,Married-civ-spouse,Prof-specialty,Wife,White,Female,0,0,45,United-States,0,25-44,1
27,Local-gov,Assoc-acdm,12,Never-married,Prof-specialty,Not-in-family,White,Female,0,0,40,United-States,0,25-44,0
24,Federal-gov,HS-grad,9,Never-married,Armed-Forces,Own-child,White,Male,0,0,40,United-States,0,under25,0
34,Private,HS-grad,9,Divorced,Transport-moving,Own-child,White,Female,0,0,40,United-States,0,25-44,0
57,Private,Masters,14,Married-civ-spouse,Exec-managerial,Husband,Black,Male,0,1977,40,United-States,1,45plus,1
28,Private,Bachelors,13,Never-married,Prof-specialty,Not-in-family,Asian-Pac-Islander,Male,0,0,40,Hong,0,25-44,0
24,Private,HS-grad,9,Never-married,Exec-managerial,Not-in-family,White,Female,0,0,40,United-States,0,under25,0
46,Private,Bachelors,13,Never-married,Other-service,Not-in-family,White,Male,0,0,40,United-States,0,45plus,0
37,Private,HS-grad,9,Never-married,Other-service,Own-child,White,Male,0,0,40,United-States,0,25-44,0
19,Private,12th,8,Never-married,Handlers-cleaners,Own-child,Amer-Indian-Eskimo,Male,0,0,20,United-States,0,under25,0
48,Private,HS-grad,9,Separated,Adm-clerical,Not-in-family,White,Female,0,2001,40,United-States,0,45plus,0
49,Local-gov,Some-college,10,Divorced,Adm-clerical,Not-in-family,White,Female,0,0,44,United-States,0,45plus,0
19,Private,HS-grad,9,Married-civ-spouse,Craft-repair,Wife,White,Female,0,0,40,United-States,0,under25,0
66,Private,Bachelors,13,Married-civ-spouse,Sales,Husband,White,Male,0,0,5,United-States,1,45plus,0
40,Private,Some-college,10,Divorced,Prof-specialty,Unmarried,Black,Female,0,0,38,United-States,0,25-44,0
48,Local-gov,Masters,14,Never-married,Prof-specialty,Unmarried,White,Female,0,1380,40,United-States,0,45plus,0
32,State-gov,Masters,14,Married-civ-spouse,Prof-specialty,Husband,White,Male,0,0,50,United-States,0,25-44,1
53,Private,HS-grad,9,Married-civ-spouse,Exec-managerial,Husband,White,Male,0,0,40,United-States,0,45plus,0
38,Private,Some-college,10,Married-civ-spouse,Exec-managerial,Husband,White,Male,0,0,55,United-States,1,25-44,1
36,Private,Some-college,10,Never-married,Sales,Not-in-family,White,Male,0,0,50,United-States,0,25-44,0
45,Private,HS-grad,9,Divorced,Adm-clerical,Unmarried,White,Female,0,0,28,United-States,0,25-44,0
55,Private,HS-grad,9,Divorced,Craft-repair,Unmarried,Black,Male,0,0,48,United-States,1,45plus,0
22,Private,Some-college,10,Never-married,Other-service,Not-in-family,White,Male,0,0,15,United-States,0,under25,0
37,Private,Bachelors,13,Married-civ-spouse,Tech-support,Husband,White,Male,0,0,50,United-States,1,25-44,1
19,Local-gov,HS-grad,9,Never-married,Craft-repair,Own-child,White,Male,0,0,40,United-States,0,under25,0
33,Private,Some-college,10,Divorced,Tech-support,Unmarried,White,Female,0,0,40,United-States,0,25-44,0
24,Private,HS-grad,9,Never-married,Handlers-cleaners,Own-child,Black,Male,0,0,40,United-States,0,under25,0
40,Federal-gov,Assoc-voc,11,Married-civ-spouse,Prof-specialty,Wife,White,Female,0,0,65,United-States,1,25-44,1
36,Private,Bachelors,13,Married-civ-spouse,Prof-specialty,Husband,White,Male,7688,0,40,United-States,1,25-44,1
29,Private,Bachelors,13,Never-married,Sales,Own-child,White,Male,0,0,40,United-States,0,25-44,0
19,Private,HS-grad,9,Never-married,Sales,Not-in-family,White,Female,0,0,30,United-States,0,under25,0
34,Private,HS-grad,9,Divorced,Adm-clerical,Not-in-family,Black,Male,0,0,42,United-States,0,25-44,0
48,Private,Some-college,10,Married-civ-spouse,Sales,Husband,Black,Male,0,0,8,United-States,0,45plus,0
26,Private,Masters,14,Never-married,Other-service,Own-child,White,Female,0,0,40,United-States,0,25-44,0
19,Private,12th,8,Never-married,Handlers-cleaners,Not-in-family,White,Male,0,0,40,United-States,0,under25,0
31,Private,HS-grad,9,Divorced,Transport-moving,Not-in-family,White,Male,0,0,40,United-States,0,25-44,0
35,Private,Some-college,10,Married-civ-spouse,Prof-specialty,Husband,White,Male,0,0,40,United-States,0,25-44,0
43,Private,Bachelors,13,Married-civ-spouse,Exec-managerial,Husband,White,Male,0,0,40,United-States,0,25-44,1
19,Private,Some-college,10,Never-married,Protective-serv,Own-child,White,Male,0,0,8,United-States,0,under25,0
59,Self-emp-not-inc,HS-grad,9,Married-civ-spouse,Exec-managerial,Husband,White,Male,0,0,40,United-States,0,45plus,0
55,State-gov,Bachelors,13,Married-civ-spouse,Prof-specialty,Husband,White,Male,0,0,15,United-States,0,45plus,0
25,Private,Masters,14,Never-married,Prof-specialty,Own-child,White,Female,0,0,40,United-States,1,under25,0
60,Private,11th,7,Widowed,Transport-moving,Unmarried,Black,Male,0,0,40,United-States,0,45plus,0
25,Private,Bachelors,13,Married-civ-spouse,Tech-support,Husband,White,Male,5178,0,40,United-States,1,under25,1
35,Private,HS-grad,9,Married-civ-spouse,Farming-fishing,Husband,White,Male,0,0,40,United-States,0,25-44,0
29,Self-emp-not-inc,HS-grad,9,Never-married,Transport-moving,Unmarried,Black,Male,0,0,45,United-States,0,25-44,0
19,Without-pay,HS-grad,9,Never-married,Farming-fishing,Own-child,White,Male,0,0,10,United-States,0,under25,0
29,Private,HS-grad,9,Married-civ-spouse,Adm-clerical,Wife,White,Female,0,0,20,United-States,0,25-44,0
31,Private,HS-grad,9,Married-civ-spouse,Machine-op-inspct,Husband,White,Male,0,0,40,United-States,1,25-44,0
31,Local-gov,Assoc-acdm,12,Married-civ-spouse,Adm-clerical,Wife,White,Female,0,0,35,United-States,0,25-44,0
27,Private,Doctorate,16,Never-married,Adm-clerical,Own-child,White,Female,0,0,40,United-States,0,25-44,0
45,Self-emp-inc,Prof-school,15,Married-civ-spouse,Prof-specialty,Husband,White,Male,0,0,55,United-States,1,25-44,1
36,Self-emp-not-inc,HS-grad,9,Never-married,Craft-repair,Not-in-family,White,Male,0,0,40,United-States,0,25-44,0
63,Federal-gov,HS-grad,9,Widowed,Handlers-cleaners,Not-in-family,Black,Male,0,0,40,United-States,0,45plus,0
43,Self-emp-not-inc,Bachelors,13,Married-civ-spouse,Craft-repair,Husband,White,Male,0,0,40,United-States,1,25-44,1
41,Private,Assoc-acdm,12,Married-civ-spouse,Machine-op-inspct,Husband,White,Male,0,0,40,United-States,0,25-44,0
35,Private,HS-grad,9,Divorced,Adm-clerical,Not-in-family,White,Female,0,0,45,United-States,0,25-44,0
36,Private,Some-college,10,Divorced,Other-service,Unmarried,White,Female,0,0,40,Mexico,0,25-44,0
22,Private,Some-college,10,Never-married,Transport-moving,Own-child,White,Female,0,0,30,United-States,0,under25,0
24,Self-emp-not-inc,Bachelors,13,Never-married,Sales,Not-in-family,White,Male,0,0,40,United-States,0,under25,0
27,State-gov,Bachelors,13,Never-married,Prof-specialty,Not-in-family,White,Male,0,0,50,United-States,0,25-44,0
27,Private,Some-college,10,Married-civ-spouse,Other-service,Husband,White,Male,0,0,40,United-States,0,25-44,0
23,State-gov,Bachelors,13,Never-married,Adm-clerical,Own-child,White,Male,0,0,40,United-States,0,under25,0
32,Private,7th-8th,4,Married-civ-spouse,Craft-repair,Husband,White,Male,0,0,35,United-States,0,25-44,0
38,Private,HS-grad,9,Married-civ-spouse,Transport-moving,Husband,White,Male,0,0,45,United-States,0,25-44,0
50,Private,11th,7,Married-civ-spouse,Transport-moving,Husband,White,Male,0,0,40,United-States,0,45plus,0
39,Private,Some-college,10,Never-married,Machine-op-inspct,Other-relative,Asian-Pac-Islander,Male,0,0,40,Philippines,0,25-44,0
30,Local-gov,HS-grad,9,Married-civ-spouse,Protective-serv,Husband,White,Male,0,0,40,United-States,1,25-44,0
48,Self-emp-inc,10th,6,Married-civ-spouse,Farming-fishing,Husband,White,Male,0,0,80,United-States,0,45plus,0
34,Private,HS-grad,9,Divorced,Adm-clerical,Own-child,White,Male,0,0,40,United-States,0,25-44,0
37,Local-gov,HS-grad,9,Divorced,Adm-clerical,Unmarried,White,Female,0,0,40,United-States,0,25-44,0
20,Private,Some-college,10,Never-married,Other-service,Not-in-family,White,Female,0,0,25,United-States,0,under25,0
31,Private,HS-grad,9,Never-married,Handlers-cleaners,Own-child,Asian-Pac-Islander,Female,0,0,40,Vietnam,0,25-44,0
62,Private,Assoc-voc,11,Married-civ-spouse,Tech-support,Husband,White,Male,0,0,40,United-States,1,45plus,0
20,Private,Some-college,10,Never-married,Exec-managerial,Own-child,White,Female,0,0,10,United-States,0,under25,0
45,Private,HS-grad,9,Married-civ-spouse,Protective-serv,Husband,Black,Male,0,0,40,United-States,1,25-44,0
26,Private,Assoc-voc,11,Divorced,Craft-repair,Own-child,White,Male,0,0,40,United-States,0,25-44,0
45,Private,HS-grad,9,Married-civ-spouse,Handlers-cleaners,Husband,White,Male,0,1628,45,United-States,0,25-44,0
30,Private,HS-grad,9,Never-married,Craft-repair,Not-in-family,Black,Female,0,0,45,United-States,0,25-44,0
24,Private,Bachelors,13,Never-married,Transport-moving,Unmarried,Black,Female,0,0,40,United-States,0,under25,0
28,Private,10th,6,Never-married,Transport-moving,Unmarried,White,Male,0,0,30,United-States,0,25-44,0
84,Local-gov,Assoc-voc,11,Widowed,Adm-clerical,Not-in-family,White,Female,0,0,14,United-States,0,45plus,0
36,Local-gov,Some-college,10,Never-married,Exec-managerial,Unmarried,Black,Female,0,0,48,United-States,0,25-44,0
51,Private,Masters,14,Married-civ-spouse,Sales,Husband,White,Male,15024,0,50,United-States,1,45plus,1
52,Self-emp-inc,Bachelors,13,Married-civ-spouse,Sales,Husband,White,Male,0,0,60,United-States,0,45plus,1
28,Private,HS-grad,9,Married-civ-spouse,Machine-op-inspct,Wife,White,Female,0,0,40,United-States,0,25-44,0
45,Private,Masters,14,Married-civ-spouse,Exec-managerial,Husband,White,Male,0,0,50,United-States,1,25-44,1
22,Private,Assoc-acdm,12,Never-married,Adm-clerical,Not-in-family,White,Female,0,0,25,United-States,0,under25,0
41,Private,Prof-school,15,Married-civ-spouse,Prof-specialty,Husband,White,Male,0,2415,40,United-States,1,25-44,1
22,Private,9th,5,Never-married,Handlers-cleaners,Own-child,Asian-Pac-Islander,Male,0,0,40,Philippines,0,under25,0
53,Self-emp-not-inc,HS-grad,9,Married-civ-spouse,Sales,Husband,White,Male,0,0,70,United-States,0,45plus,0
40,Private,HS-grad,9,Separated,Other-service,Not-in-family,White,Female,0,0,40,United-States,0,25-44,0
41,Private,Some-college,10,Married-civ-spouse,Tech-support,Husband,White,Male,0,0,40,United-States,1,25-44,0
24,Private,Bachelors,13,Never-married,Adm-clerical,Other-relative,Asian-Pac-Islander,Female,0,0,16,United-States,0,under25,0
34,Private,HS-grad,9,Never-married,Priv-house-serv,Not-in-family,White,Female,0,0,40,Mexico,0,25-44,0
35,Private,12th,8,Divorced,Craft-repair,Not-in-family,White,Male,0,0,50,United-States,1,25-44,0
43,Self-emp-not-inc,Prof-school,15,Married-civ-spouse,Prof-specialty,Husband,White,Male,0,0,60,United-States,1,25-44,1
43,Self-emp-not-inc,9th,5,Married-civ-spouse,Craft-repair,Husband,White,Male,0,0,40,United-States,0,25-44,0
31,Private,12th,8,Never-married,Sales,Own-child,White,Male,0,0,32,United-States,0,25-44,0
40,Private,HS-grad,9,Divorced,Craft-repair,Not-in-family,White,Male,0,0,50,United-States,0,25-44,0
25,Private,Assoc-acdm,12,Never-married,Prof-specialty,Not-in-family,White,Female,0,0,40,United-States,0,under25,0
78,Private,5th-6th,3,Married-civ-spouse,Transport-moving,Husband,Asian-Pac-Islander,Male,0,0,36,United-States,0,45plus,0
46,Private,7th-8th,4,Married-civ-spouse,Craft-repair,Husband,White,Male,0,0,47,United-States,0,45plus,0
63,Private,Bachelors,13,Married-civ-spouse,Prof-specialty,Wife,White,Female,7688,0,36,United-States,1,45plus,1
52,Self-emp-inc,Some-college,10,Married-civ-spouse,Craft-repair,Husband,White,Male,0,0,40,United-States,0,45plus,0
56,Private,HS-grad,9,Divorced,Other-service,Unmarried,Black,Female,0,0,40,Jamaica,0,45plus,0
36,Private,HS-grad,9,Divorced,Machine-op-inspct,Unmarried,White,Female,0,0,38,United-States,0,25-44,0
49,Private,9th,5,Divorced,Other-service,Not-in-family,Black,Male,0,0,37,United-States,0,45plus,0
26,Private,Bachelors,13,Never-married,Craft-repair,Not-in-family,White,Male,0,0,45,United-States,1,25-44,0
24,State-gov,Masters,14,Married-spouse-absent,Prof-specialty,Not-in-family,Asian-Pac-Islander,Female,0,0,10,China,0,under25,0
35,Private,Bachelors,13,Married-civ-spouse,Sales,Husband,White,Male,0,0,40,United-States,1,25-44,1
51,Self-emp-not-inc,Masters,14,Married-civ-spouse,Exec-managerial,Husband,White,Male,0,0,42,United-States,1,45plus,1
31,Private,HS-grad,9,Never-married,Sales,Own-child,White,Female,0,1594,30,United-States,0,25-44,0
36,Private,Assoc-acdm,12,Divorced,Exec-managerial,Not-in-family,White,Male,0,0,48,United-States,0,25-44,0
72,Self-emp-not-inc,HS-grad,9,Married-civ-spouse,Sales,Husband,White,Male,0,0,30,United-States,0,45plus,0
32,Private,HS-grad,9,Never-married,Adm-clerical,Not-in-family,White,Female,0,0,42,United-States,0,25-44,0
22,Private,Some-college,10,Married-civ-spouse,Craft-repair,Husband,White,Male,2407,0,40,United-States,0,under25,0
49,Private,HS-grad,9,Married-civ-spouse,Sales,Husband,White,Male,0,0,60,United-States,1,45plus,0
60,Private,Assoc-voc,11,Married-civ-spouse,Craft-repair,Husband,White,Male,0,0,60,United-States,0,45plus,0
60,Private,9th,5,Married-civ-spouse,Machine-op-inspct,Husband,White,Male,2228,0,37,United-States,0,45plus,0
53,Private,Some-college,10,Married-civ-spouse,Craft-repair,Husband,White,Male,0,0,40,United-States,0,45plus,0
29,Private,HS-grad,9,Married-civ-spouse,Sales,Husband,White,Male,0,0,60,United-States,1,25-44,0
73,Private,Bachelors,13,Married-civ-spouse,Prof-specialty,Husband,White,Male,0,0,30,United-States,0,45plus,0
61,Federal-gov,Some-college,10,Married-civ-spouse,Adm-clerical,Husband,White,Male,0,1887,40,United-States,1,45plus,1
47,Private,HS-grad,9,Never-married,Craft-repair,Not-in-family,White,Male,0,0,40,United-States,0,45plus,0
34,Self-emp-not-inc,HS-grad,9,Married-civ-spouse,Prof-specialty,Husband,White,Male,0,0,51,United-States,0,25-44,0
58,Private,Some-college,10,Married-civ-spouse,Sales,Husband,White,Male,0,0,40,United-States,1,45plus,0
18,Self-emp-not-inc,11th,7,Never-married,Other-service,Own-child,White,Female,594,0,4,United-States,0,under25,0
47,Self-emp-inc,Assoc-acdm,12,Married-civ-spouse,Exec-managerial,Husband,White,Male,0,0,50,United-States,1,45plus,1
40,Private,HS-grad,9,Separated,Machine-op-inspct,Unmarried,White,Male,0,0,40,United-States,0,25-44,0
29,Private,HS-grad,9,Married-spouse-absent,Adm-clerical,Own-child,White,Female,0,0,40,United-States,0,25-44,0
50,Self-emp-inc,HS-grad,9,Divorced,Exec-managerial,Unmarried,White,Female,0,0,40,United-States,0,45plus,0
25,Local-gov,Bachelors,13,Never-married,Prof-specialty,Not-in-family,White,Female,0,0,40,United-States,0,under25,0
23,Private,HS-grad,9,Never-married,Adm-clerical,Unmarried,White,Female,0,0,45,United-States,0,under25,0
40,State-gov,Bachelors,13,Married-civ-spouse,Prof-specialty,Other-relative,White,Male,0,0,40,United-States,0,25-44,0
29,Private,HS-grad,9,Never-married,Transport-moving,Own-child,White,Male,0,0,40,United-States,0,25-44,0
27,Private,Assoc-voc,11,Married-civ-spouse,Other-service,Husband,White,Male,0,0,60,United-States,0,25-44,0
49,Local-gov,HS-grad,9,Married-civ-spouse,Protective-serv,Husband,White,Male,0,0,40,United-States,1,45plus,0
51,Private,Some-college,10,Married-civ-spouse,Prof-specialty,Husband,White,Male,0,0,45,United-States,1,45plus,1
47,Federal-gov,Bachelors,13,Married-spouse-absent,Exec-managerial,Not-in-family,White,Male,0,0,60,United-States,1,45plus,0
23,Private,7th-8th,4,Never-married,Craft-repair,Own-child,Black,Male,0,0,40,United-States,0,under25,0
44,Private,HS-grad,9,Married-civ-spouse,Transport-moving,Husband,White,Male,0,0,40,United-States,1,25-44,0
37,Private,Assoc-acdm,12,Never-married,Adm-clerical,Not-in-family,White,Female,0,0,40,United-States,0,25-44,0
26,Private,Some-college,10,Never-married,Other-service,Own-child,White,Female,0,0,24,United-States,0,25-44,0
57,Private,Some-college,10,Divorced,Sales,Not-in-family,White,Female,0,0,48,United-States,0,45plus,0
29,Self-emp-not-inc,Assoc-acdm,12,Widowed,Sales,Unmarried,White,Female,0,0,40,United-States,1,25-44,0
31,Private,HS-grad,9,Divorced,Machine-op-inspct,Unmarried,White,Female,0,0,40,United-States,0,25-44,0
27,Private,Some-college,10,Never-married,Adm-clerical,Own-child,White,Female,0,0,40,United-States,0,25-44,0
43,Self-emp-not-inc,Assoc-voc,11,Married-civ-spouse,Craft-repair,Husband,White,Male,0,0,40,United-States,0,25-44,0
31,Private,Bachelors,13,Married-civ-spouse,Exec-managerial,Husband,White,Male,0,0,70,United-States,1,25-44,1
50,Local-gov,Bachelors,13,Married-civ-spouse,Prof-specialty,Wife,White,Female,0,0,40,United-States,1,45plus,1
22,Private,Some-college,10,Never-married,Sales,Own-child,White,Male,0,0,40,United-States,0,under25,0
77,Self-emp-inc,Doctorate,16,Married-civ-spouse,Farming-fishing,Husband,White,Male,20051,0,40,United-States,1,45plus,1
29,Self-emp-not-inc,HS-grad,9,Never-married,Craft-repair,Not-in-family,White,Male,0,0,45,United-States,0,25-44,0
58,Private,HS-grad,9,Married-civ-spouse,Craft-repair,Husband,White,Male,0,0,40,United-States,1,45plus,0
45,Private,Bachelors,13,Married-civ-spouse,Tech-support,Husband,White,Male,0,0,50,United-States,1,25-44,1
25,Local-gov,Bachelors,13,Never-married,Prof-specialty,Own-child,White,Male,0,0,40,United-States,0,under25,0
24,Private,Some-college,10,Never-married,Adm-clerical,Not-in-family,White,Female,0,0,40,United-States,0,under25,0
36,Self-emp-not-inc,Some-college,10,Married-civ-spouse,Other-service,Wife,White,Female,0,0,50,United-States,0,25-44,0
38,Private,HS-grad,9,Divorced,Craft-repair,Unmarried,White,Male,0,0,40,United-States,0,25-44,0
29,Private,Some-college,10,Never-married,Other-service,Other-relative,White,Female,0,0,20,United-States,0,25-44,0
39,Private,10th,6,Divorced,Other-service,Unmarried,Black,Female,0,0,40,United-States,0,25-44,0
38,Private,Masters,14,Married-civ-spouse,Exec-managerial,Husband,White,Male,0,0,60,Cuba,1,25-44,1
54,Private,10th,6,Married-civ-spouse,Machine-op-inspct,Husband,White,Male,0,0,60,United-States,0,45plus,0
20,Private,HS-grad,9,Never-married,Handlers-cleaners,Not-in-family,White,Male,0,0,45,United-States,0,under25,0
51,Local-gov,HS-grad,9,Married-civ-spouse,Transport-moving,Husband,Amer-Indian-Eskimo,Male,0,0,40,United-States,0,45plus,0
31,Private,Bachelors,13,Married-civ-spouse,Sales,Husband,White,Male,0,0,40,United-States,1,25-44,1
35,Private,Masters,14,Never-married,Prof-specialty,Own-child,White,Male,0,0,44,United-States,1,25-44,0
31,Private,Some-college,10,Never-married,Craft-repair,Not-in-family,White,Male,0,0,46,United-States,0,25-44,0
28,Private,HS-grad,9,Never-married,Other-service,Not-in-family,White,Female,0,0,46,United-States,0,25-44,0
60,Federal-gov,Some-college,10,Married-civ-spouse,Adm-clerical,Husband,White,Male,7298,0,40,United-States,1,45plus,1
64,Private,12th,8,Married-civ-spouse,Craft-repair,Husband,White,Male,0,0,40,Columbia,0,45plus,0
37,Private,11th,7,Never-married,Handlers-cleaners,Not-in-family,Black,Male,0,0,40,United-States,0,25-44,0
32,Private,HS-grad,9,Divorced,Adm-clerical,Unmarried,White,Male,3887,0,40,United-States,0,25-44,0
52,Self-emp-not-inc,HS-grad,9,Married-civ-spouse,Transport-moving,Husband,White,Male,0,0,22,United-States,0,45plus,0
25,Private,HS-grad,9,Never-married,Sales,Not-in-family,White,Male,0,0,45,United-States,0,under25,0
42,Private,Some-college,10,Divorced,Craft-repair,Own-child,White,Male,0,0,40,United-States,0,25-44,0
31,Private,Bachelors,13,Married-civ-spouse,Adm-clerical,Husband,White,Male,0,0,40,United-States,1,25-44,1
58,Private,HS-grad,9,Widowed,Craft-repair,Unmarried,White,Male,0,0,40,United-States,0,45plus,0
42,Private,Doctorate,16,Never-married,Prof-specialty,Not-in-family,White,Male,0,0,50,United-States,0,25-44,0
36,Local-gov,Assoc-voc,11,Married-civ-spouse,Protective-serv,Husband,White,Male,0,0,53,United-States,1,25-44,0
51,Private,Bachelors,13,Married-civ-spouse,Adm-clerical,Wife,White,Female,7688,0,20,United-States,1,45plus,1
54,Private,Bachelors,13,Widowed,Sales,Unmarried,White,Female,0,0,40,United-States,0,45plus,0
60,Local-gov,Some-college,10,Married-civ-spouse,Adm-clerical,Wife,White,Female,0,0,35,United-States,0,45plus,0
18,Private,11th,7,Never-married,Handlers-cleaners,Own-child,White,Male,0,0,40,United-States,0,under25,0
23,Private,Some-college,10,Never-married,Prof-specialty,Not-in-family,White,Female,0,0,45,United-States,0,under25,0
43,Private,HS-grad,9,Separated,Machine-op-inspct,Not-in-family,White,Female,0,0,40,United-States,0,25-44,0
26,Self-emp-not-inc,Some-college,10,Never-married,Prof-specialty,Own-child,White,Female,0,0,35,United-States,0,25-44,0
20,Private,HS-grad,9,Never-married,Other-service,Own-child,White,Female,0,0,20,United-States,0,under25,0
40,Private,Assoc-voc,11,Married-civ-spouse,Tech-support,Husband,White,Male,0,0,40,United-States,1,25-44,0
64,Self-emp-inc,1st-4th,2,Married-civ-spouse,Sales,Husband,White,Male,0,0,20,United-States,0,45plus,0
64,Private,Some-college,10,Widowed,Adm-clerical,Unmarried,White,Female,0,0,12,United-States,0,45plus,0
28,State-gov,Bachelors,13,Never-married,Exec-managerial,Not-in-family,White,Male,0,0,55,United-States,0,25-44,0
31,Private,Assoc-voc,11,Married-civ-spouse,Craft-repair,Husband,White,Male,3464,0,38,United-States,0,25-44,0
51,Private,HS-grad,9,Married-civ-spouse,Transport-moving,Husband,White,Male,0,0,40,United-States,0,45plus,0
60,Self-emp-not-inc,9th,5,Married-civ-spouse,Farming-fishing,Husband,White,Male,0,1672,84,United-States,0,45plus,0
39,Local-gov,Assoc-acdm,12,Married-civ-spouse,Craft-repair,Wife,White,Female,0,0,50,United-States,1,25-44,0
23,Private,Some-college,10,Never-married,Sales,Not-in-family,White,Female,0,0,30,United-States,0,under25,0
38,Private,Assoc-voc,11,Married-civ-spouse,Other-service,Husband,White,Male,0,0,40,United-States,0,25-44,0
54,Private,Bachelors,13,Married-civ-spouse,Exec-managerial,Husband,White,Male,0,0,40,United-States,1,45plus,1
61,Private,9th,5,Married-civ-spouse,Craft-repair,Husband,White,Male,0,0,40,United-States,0,45plus,0
21,Private,HS-grad,9,Never-married,Adm-clerical,Unmarried,White,Female,0,0,40,United-States,0,under25,0
37,Self-emp-not-inc,Prof-school,15,Married-civ-spouse,Prof-specialty,Husband,White,Male,0,0,40,Cuba,1,25-44,1
32,Private,Some-college,10,Married-civ-spouse,Transport-moving,Husband,White,Male,0,0,60,United-States,1,25-44,0
30,Private,Some-college,10,Married-civ-spouse,Craft-repair,Husband,White,Male,0,0,40,United-States,0,25-44,0
26,Private,HS-grad,9,Separated,Craft-repair,Unmarried,Black,Female,0,1594,40,United-States,0,25-44,0
47,State-gov,Some-college,10,Married-civ-spouse,Other-service,Husband,White,Male,0,0,38,United-States,0,45plus,0
30,Federal-gov,Bachelors,13,Never-married,Prof-specialty,Not-in-family,White,Male,0,0,40,United-States,1,25-44,0
39,Private,HS-grad,9,Never-married,Farming-fishing,Unmarried,White,Male,0,0,40,United-States,0,25-44,0
42,Private,5th-6th,3,Married-civ-spouse,Machine-op-inspct,Wife,White,Female,0,0,38,Mexico,0,25-44,0
22,Private,Bachelors,13,Never-married,Adm-clerical,Own-child,White,Female,0,0,40,United-States,0,under25,0
51,Local-gov,HS-grad,9,Married-civ-spouse,Exec-managerial,Wife,White,Female,0,0,32,United-States,0,45plus,0
32,Private,Some-college,10,Never-married,Adm-clerical,Not-in-family,White,Female,4101,0,50,United-States,0,25-44,0
18,Private,HS-grad,9,Never-married,Handlers-cleaners,Own-child,White,Male,0,0,40,United-States,0,under25,0
37,Private,Bachelors,13,Married-civ-spouse,Exec-managerial,Husband,White,Male,0,0,50,United-States,1,25-44,1
44,Private,Bachelors,13,Never-married,Prof-specialty,Not-in-family,White,Male,0,0,40,United-States,0,25-44,0
44,Federal-gov,Some-college,10,Married-civ-spouse,Tech-support,Husband,White,Male,0,0,40,United-States,0,25-44,0
64,Private,HS-grad,9,Married-civ-spouse,Other-service,Husband,White,Male,0,0,20,United-States,0,45plus,0
37,Private,9th,5,Married-civ-spouse,Machine-op-inspct,Wife,Black,Female,0,0,48,United-States,0,25-44,0
47,Self-emp-not-inc,Some-college,10,Divorced,Other-service,Unmarried,White,Female,0,0,45,United-States,0,45plus,0
35,Private,Bachelors,13,Divorced,Sales,Not-in-family,White,Female,0,0,40,United-States,0,25-44,0
52,Private,HS-grad,9,Married-civ-spouse,Farming-fishing,Husband,Other,Male,0,0,49,Mexico,0,45plus,0
22,Private,HS-grad,9,Never-married,Handlers-cleaners,Own-child,White,Male,0,0,40,United-States,0,under25,0
24,Private,HS-grad,9,Married-civ-spouse,Sales,Husband,White,Male,0,0,40,Mexico,0,under25,0
35,Private,HS-grad,9,Never-married,Sales,Not-in-family,White,Male,0,0,45,United-States,0,25-44,0
47,Self-emp-not-inc,Some-college,10,Married-civ-spouse,Craft-repair,Husband,White,Male,0,0,40,United-States,0,45plus,0
45,Private,HS-grad,9,Never-married,Machine-op-inspct,Not-in-family,White,Male,0,0,40,United-States,0,25-44,0
35,State-gov,Masters,14,Married-civ-spouse,Prof-specialty,Husband,White,Male,0,0,75,United-States,0,25-44,1
35,Private,Assoc-voc,11,Married-civ-spouse,Sales,Husband,White,Male,0,0,50,Germany,1,25-44,0
49,Private,HS-grad,9,Divorced,Other-service,Unmarried,White,Female,0,0,35,United-States,0,45plus,0
32,Private,Bachelors,13,Never-married,Tech-support,Not-in-family,Asian-Pac-Islander,Female,0,0,40,Philippines,0,25-44,0
63,Private,HS-grad,9,Married-civ-spouse,Craft-repair,Husband,White,Male,0,0,48,United-States,0,45plus,0
41,Private,Some-college,10,Divorced,Craft-repair,Not-in-family,White,Male,0,0,40,United-States,1,25-44,0
26,Private,Masters,14,Never-married,Prof-specialty,Not-in-family,Asian-Pac-Islander,Male,0,0,20,India,0,25-44,0
29,Private,Bachelors,13,Never-married,Adm-clerical,Not-in-family,Asian-Pac-Islander,Female,0,0,40,Japan,0,25-44,0
20,Private,Some-college,10,Never-married,Adm-clerical,Unmarried,Black,Female,0,0,35,United-States,0,under25,0
66,Private,HS-grad,9,Never-married,Other-service,Other-relative,Black,Female,0,0,3,United-States,0,45plus,0
30,Self-emp-not-inc,Some-college,10,Never-married,Craft-repair,Not-in-family,White,Male,0,0,45,United-States,0,25-44,0
65,Self-emp-not-inc,Prof-school,15,Never-married,Prof-specialty,Not-in-family,White,Male,1086,0,60,United-States,0,45plus,1
44,Private,Bachelors,13,Married-civ-spouse,Prof-specialty,Husband,White,Male,0,0,60,United-States,0,25-44,1
48,Local-gov,HS-grad,9,Never-married,Exec-managerial,Own-child,White,Female,0,0,40,United-States,0,45plus,0
26,Private,Some-college,10,Married-civ-spouse,Handlers-cleaners,Husband,White,Male,0,0,40,United-States,1,25-44,0
29,Self-emp-not-inc,HS-grad,9,Married-civ-spouse,Craft-repair,Husband,White,Male,0,0,40,United-States,0,25-44,0
36,Private,Some-college,10,Divorced,Other-service,Unmarried,White,Female,0,0,40,United-States,0,25-44,0
55,Private,7th-8th,4,Married-civ-spouse,Transport-moving,Husband,White,Male,0,0,50,United-States,0,45plus,0
46,State-gov,HS-grad,9,Married-civ-spouse,Tech-support,Husband,White,Male,0,0,40,United-States,0,45plus,0
33,Private,Some-college,10,Never-married,Adm-clerical,Unmarried,White,Female,0,0,40,United-States,0,25-44,0
43,Private,HS-grad,9,Never-married,Craft-repair,Not-in-family,White,Male,0,0,45,United-States,0,25-44,0
47,Private,Bachelors,13,Widowed,Priv-house-serv,Unmarried,White,Female,25236,0,35,United-States,1,45plus,1
33,Private,5th-6th,3,Married-spouse-absent,Transport-moving,Unmarried,Other,Male,0,0,20,El-Salvador,0,25-44,0
23,Private,Bachelors,13,Never-married,Adm-clerical,Own-child,White,Female,0,0,30,United-States,0,under25,0
45,Local-gov,HS-grad,9,Married-civ-spouse,Craft-repair,Husband,White,Male,0,0,40,United-States,1,25-44,0
35,Private,10th,6,Married-civ-spouse,Craft-repair,Husband,White,Male,0,0,40,United-States,0,25-44,0
28,Private,Some-college,10,Separated,Handlers-cleaners,Not-in-family,Black,Male,0,0,40,United-States,0,25-44,0
38,Self-emp-not-inc,Masters,14,Married-civ-spouse,Prof-specialty,Husband,Black,Male,99999,0,60,United-States,1,25-44,1
38,Self-emp-not-inc,Bachelors,13,Married-civ-spouse,Craft-repair,Husband,White,Male,0,0,35,United-States,0,25-44,0
27,Private,HS-grad,9,Divorced,Adm-clerical,Own-child,Black,Female,0,0,40,United-States,0,25-44,0
31,Private,Bachelors,13,Never-married,Sales,Not-in-family,White,Female,0,0,65,United-States,1,25-44,0
25,Local-gov,Bachelors,13,Never-married,Prof-specialty,Not-in-family,White,Female,0,0,40,United-States,0,under25,0
56,Private,9th,5,Divorced,Craft-repair,Not-in-family,White,Male,0,0,40,United-States,0,45plus,0
33,Local-gov,Assoc-acdm,12,Divorced,Protective-serv,Not-in-family,White,Male,0,0,56,United-States,0,25-44,0
36,Private,HS-grad,9,Never-married,Adm-clerical,Other-relative,White,Female,2907,0,40,Nicaragua,0,25-44,0
45,Local-gov,Some-college,10,Married-civ-spouse,Exec-managerial,Husband,White,Male,0,0,40,United-States,1,25-44,0
18,Private,9th,5,Never-married,Other-service,Own-child,Black,Male,0,0,35,United-States,0,under25,0
40,Private,Some-college,10,Never-married,Exec-managerial,Not-in-family,White,Male,0,0,50,United-States,0,25-44,0
21,Private,Some-college,10,Never-married,Sales,Own-child,Asian-Pac-Islander,Male,0,0,20,Vietnam,0,under25,0
26,Private,Some-college,10,Divorced,Exec-managerial,Not-in-family,White,Female,0,0,40,United-States,0,25-44,0
30,Private,Bachelors,13,Married-civ-spouse,Craft-repair,Husband,White,Male,0,0,40,United-States,0,25-44,1
56,Private,HS-grad,9,Widowed,Other-service,Unmarried,Black,Female,594,0,20,United-States,0,45plus,0
24,Private,Bachelors,13,Never-married,Tech-support,Not-in-family,White,Male,0,0,35,United-States,0,under25,0
24,Private,Bachelors,13,Never-married,Prof-specialty,Unmarried,White,Female,0,0,40,United-States,0,under25,0
43,Local-gov,Masters,14,Never-married,Tech-support,Not-in-family,Black,Female,8614,0,47,United-States,1,25-44,1
43,Private,HS-grad,9,Never-married,Adm-clerical,Unmarried,White,Female,0,0,40,United-States,0,25-44,0
39,Private,Masters,14,Divorced,Prof-specialty,Own-child,White,Female,1506,0,40,United-States,0,25-44,0
21,Private,Some-college,10,Married-civ-spouse,Other-service,Husband,White,Male,0,0,40,United-States,0,under25,0
28,Private,HS-grad,9,Married-civ-spouse,Sales,Husband,White,Male,0,1628,60,United-States,0,25-44,0
74,Self-emp-not-inc,HS-grad,9,Married-civ-spouse,Sales,Husband,White,Male,0,0,40,United-States,1,45plus,0
21,Private,Some-college,10,Never-married,Sales,Own-child,White,Male,0,0,20,United-States,0,under25,0
54,Private,Some-college,10,Married-civ-spouse,Tech-support,Husband,White,Male,7688,0,40,United-States,1,45plus,1
20,Private,Some-college,10,Never-married,Adm-clerical,Not-in-family,White,Female,0,0,40,United-States,0,under25,0
30,Private,HS-grad,9,Divorced,Transport-moving,Not-in-family,White,Male,0,0,55,United-States,0,25-44,0
19,Local-gov,HS-grad,9,Never-married,Adm-clerical,Own-child,Black,Female,0,0,40,United-States,0,under25,0
23,Private,HS-grad,9,Never-married,Handlers-cleaners,Not-in-family,White,Male,0,0,40,United-States,0,under25,0
52,Self-emp-inc,Prof-school,15,Married-civ-spouse,Prof-specialty,Husband,White,Male,99999,0,35,United-States,1,45plus,1
31,Private,Assoc-acdm,12,Divorced,Other-service,Unmarried,Amer-Indian-Eskimo,Female,0,0,40,United-States,0,25-44,0
44,Private,Assoc-voc,11,Separated,Prof-specialty,Not-in-family,White,Female,0,0,40,Dominican-Republic,0,25-44,0
52,Private,HS-grad,9,Widowed,Sales,Not-in-family,White,Female,0,0,40,United-States,0,45plus,0
39,Private,5th-6th,3,Married-civ-spouse,Other-service,Husband,White,Male,0,0,40,Mexico,0,25-44,0
23,Private,Bachelors,13,Never-married,Adm-clerical,Not-in-family,Asian-Pac-Islander,Female,0,0,40,United-States,0,under25,0
22,Private,Assoc-acdm,12,Never-married,Protective-serv,Own-child,White,Male,0,0,60,United-States,0,under25,0
39,Private,11th,7,Married-civ-spouse,Machine-op-inspct,Husband,White,Male,0,0,40,United-States,0,25-44,0
29,Private,Bachelors,13,Never-married,Adm-clerical,Own-child,Asian-Pac-Islander,Female,2202,0,40,Taiwan,0,25-44,0
29,State-gov,HS-grad,9,Never-married,Other-service,Not-in-family,Asian-Pac-Islander,Male,0,0,40,Thailand,0,25-44,0
28,Private,Bachelors,13,Never-married,Adm-clerical,Not-in-family,White,Female,0,0,20,United-States,0,25-44,0
41,Local-gov,Some-college,10,Married-civ-spouse,Craft-repair,Husband,White,Male,0,0,40,United-States,0,25-44,0
57,Local-gov,Bachelors,13,Married-civ-spouse,Prof-specialty,Husband,White,Male,0,1902,40,United-States,1,45plus,1
32,Private,Bachelors,13,Married-civ-spouse,Exec-managerial,Husband,White,Male,15024,0,45,United-States,1,25-44,1
26,Private,HS-grad,9,Never-married,Transport-moving,Not-in-family,White,Male,0,0,40,United-States,0,25-44,0
40,Private,HS-grad,9,Married-civ-spouse,Craft-repair,Husband,White,Male,0,0,40,United-States,0,25-44,0
17,Private,10th,6,Never-married,Other-service,Own-child,White,Male,0,0,10,Canada,0,under25,0
31,Private,Bachelors,13,Married-civ-spouse,Prof-specialty,Husband,White,Male,0,0,40,United-States,1,25-44,1
47,Private,10th,6,Married-spouse-absent,Transport-moving,Not-in-family,Black,Male,0,0,45,United-States,0,45plus,0
48,State-gov,Masters,14,Divorced,Prof-specialty,Not-in-family,White,Male,0,0,40,United-States,1,45plus,0
20,Private,Some-college,10,Never-married,Adm-clerical,Own-child,Other,Female,0,0,40,United-States,0,under25,0
38,Private,HS-grad,9,Never-married,Adm-clerical,Unmarried,White,Female,0,0,40,United-States,0,25-44,0
37,Private,Masters,14,Married-civ-spouse,Exec-managerial,Husband,White,Male,0,0,50,Ecuador,1,25-44,1
19,Private,HS-grad,9,Never-married,Other-service,Not-in-family,White,Male,0,0,35,United-States,0,under25,0
61,Private,Masters,14,Married-civ-spouse,Sales,Husband,White,Male,3103,0,50,United-States,0,45plus,1
38,Private,Bachelors,13,Married-civ-spouse,Sales,Husband,White,Male,0,0,42,United-States,1,25-44,1
31,Private,HS-grad,9,Never-married,Transport-moving,Not-in-family,White,Male,0,0,50,United-States,0,25-44,0
35,State-gov,HS-grad,9,Divorced,Prof-specialty,Unmarried,White,Female,0,0,40,United-States,0,25-44,0
29,Private,HS-grad,9,Married-civ-spouse,Other-service,Husband,White,Male,0,0,40,United-States,0,25-44,0
33,Private,HS-grad,9,Married-civ-spouse,Craft-repair,Husband,White,Male,0,0,40,United-States,0,25-44,0
30,Private,7th-8th,4,Married-civ-spouse,Craft-repair,Husband,White,Male,2829,0,40,United-States,0,25-44,0
20,Private,HS-grad,9,Never-married,Handlers-cleaners,Own-child,White,Male,0,0,45,United-States,0,under25,0
32,Private,Some-college,10,Married-civ-spouse,Craft-repair,Husband,White,Male,0,0,40,United-States,0,25-44,0
51,Private,Some-college,10,Married-civ-spouse,Sales,Husband,White,Male,0,0,40,United-States,1,45plus,0
55,Private,Some-college,10,Married-civ-spouse,Craft-repair,Husband,Black,Male,15024,0,40,United-States,1,45plus,1
22,Private,Assoc-acdm,12,Never-married,Transport-moving,Not-in-family,White,Male,0,0,45,United-States,0,under25,0
40,Private,HS-grad,9,Married-civ-spouse,Machine-op-inspct,Husband,White,Male,0,0,40,United-States,1,25-44,0
40,Private,11th,7,Married-civ-spouse,Transport-moving,Husband,White,Male,0,0,55,United-States,0,25-44,0
37,Local-gov,Bachelors,13,Married-civ-spouse,Prof-specialty,Wife,White,Female,15024,0,50,United-States,1,25-44,1
57,Private,5th-6th,3,Separated,Machine-op-inspct,Not-in-family,White,Female,0,0,40,United-States,0,45plus,0
34,Private,Some-college,10,Married-civ-spouse,Adm-clerical,Husband,White,Male,0,0,40,United-States,0,25-44,0
36,Private,Assoc-acdm,12,Married-civ-spouse,Exec-managerial,Husband,White,Male,0,0,44,United-States,1,25-44,1
18,Private,HS-grad,9,Never-married,Adm-clerical,Own-child,White,Female,0,0,20,United-States,0,under25,0
20,Private,HS-grad,9,Never-married,Adm-clerical,Own-child,White,Female,0,0,10,United-States,0,under25,0
22,Private,HS-grad,9,Never-married,Machine-op-inspct,Own-child,White,Male,0,0,40,United-States,0,under25,0
31,Private,HS-grad,9,Never-married,Adm-clerical,Own-child,White,Female,0,0,8,United-States,0,25-44,0
34,Private,Bachelors,13,Never-married,Other-service,Not-in-family,White,Male,0,0,40,El-Salvador,0,25-44,0
47,Private,HS-grad,9,Married-civ-spouse,Machine-op-inspct,Husband,White,Male,5178,0,40,United-States,1,45plus,1
58,Private,HS-grad,9,Widowed,Sales,Not-in-family,White,Female,0,0,35,United-States,1,45plus,0
35,Private,HS-grad,9,Never-married,Handlers-cleaners,Own-child,White,Male,0,0,60,United-States,0,25-44,0
32,Private,HS-grad,9,Never-married,Machine-op-inspct,Unmarried,Black,Female,0,0,40,United-States,0,25-44,0
38,Private,HS-grad,9,Married-civ-spouse,Craft-repair,Husband,White,Male,0,0,55,United-States,0,25-44,0
23,Private,HS-grad,9,Divorced,Exec-managerial,Unmarried,White,Female,0,0,40,United-States,0,under25,0
37,Private,Assoc-voc,11,Divorced,Prof-specialty,Not-in-family,White,Female,0,0,40,United-States,0,25-44,0
39,Private,HS-grad,9,Married-civ-spouse,Exec-managerial,Husband,White,Male,0,0,40,United-States,1,25-44,0
30,Self-emp-not-inc,Some-college,10,Married-spouse-absent,Craft-repair,Own-child,White,Male,0,0,60,United-States,1,25-44,0
46,State-gov,Some-college,10,Married-civ-spouse,Protective-serv,Husband,Black,Male,0,0,70,United-States,1,45plus,0
48,Private,Bachelors,13,Married-civ-spouse,Exec-managerial,Husband,Black,Male,0,0,40,United-States,1,45plus,1
67,Local-gov,Masters,14,Divorced,Adm-clerical,Not-in-family,White,Female,2009,0,40,United-States,0,45plus,0
27,Private,Bachelors,13,Never-married,Exec-managerial,Not-in-family,White,Male,0,0,45,United-States,0,25-44,0
37,Private,HS-grad,9,Married-civ-spouse,Craft-repair,Husband,White,Male,0,0,70,United-States,0,25-44,0
31,Private,HS-grad,9,Never-married,Handlers-cleaners,Other-relative,Black,Female,0,0,35,United-States,0,25-44,0
24,Private,Bachelors,13,Never-married,Prof-specialty,Not-in-family,White,Male,0,0,10,Hungary,0,under25,0
19,Private,Some-college,10,Never-married,Other-service,Own-child,White,Female,0,0,20,United-States,0,under25,0
35,Private,Some-college,10,Divorced,Sales,Unmarried,White,Female,0,0,30,United-States,0,25-44,0
56,Private,HS-grad,9,Divorced,Prof-specialty,Not-in-family,White,Female,4101,0,40,United-States,0,45plus,0
24,Private,Bachelors,13,Never-married,Adm-clerical,Own-child,White,Female,0,0,40,United-States,0,under25,0
41,Private,HS-grad,9,Divorced,Craft-repair,Unmarried,White,Female,1506,0,50,United-States,0,25-44,0
30,Private,Masters,14,Married-civ-spouse,Prof-specialty,Husband,Asian-Pac-Islander,Male,0,0,50,India,1,25-44,1
36,Private,Some-college,10,Never-married,Adm-clerical,Not-in-family,White,Male,2463,0,40,United-States,0,25-44,0
24,Private,HS-grad,9,Never-married,Craft-repair,Not-in-family,White,Male,0,0,42,United-States,0,under25,0
22,Private,Some-college,10,Never-married,Sales,Not-in-family,White,Female,0,0,42,United-States,0,under25,0
23,Private,11th,7,Married-civ-spouse,Exec-managerial,Husband,White,Male,0,0,55,United-States,0,under25,0
21,Private,Some-college,10,Never-married,Adm-clerical,Not-in-family,White,Male,0,0,65,United-States,0,under25,0
33,Private,Prof-school,15,Married-civ-spouse,Prof-specialty,Husband,White,Male,0,1977,50,United-States,1,25-44,1
23,Private,Masters,14,Never-married,Prof-specialty,Not-in-family,White,Male,0,0,40,United-States,0,under25,0
23,Private,Bachelors,13,Never-married,Sales,Own-child,White,Male,0,0,20,United-States,0,under25,0
54,Local-gov,HS-grad,9,Married-civ-spouse,Craft-repair,Husband,White,Male,0,0,40,United-States,1,45plus,0
34,Private,Some-college,10,Separated,Craft-repair,Not-in-family,White,Male,0,0,45,United-States,0,25-44,0
34,Private,Bachelors,13,Married-civ-spouse,Tech-support,Husband,White,Male,0,0,40,United-States,1,25-44,1
39,Private,Some-college,10,Divorced,Prof-specialty,Not-in-family,White,Female,0,0,45,United-States,1,25-44,0
42,Private,Some-college,10,Married-civ-spouse,Craft-repair,Husband,White,Male,0,0,50,United-States,1,25-44,0
19,Private,Some-college,10,Never-married,Adm-clerical,Own-child,White,Male,0,0,10,United-States,0,under25,0
48,Private,HS-grad,9,Married-civ-spouse,Craft-repair,Husband,White,Male,0,1579,40,United-States,0,45plus,0
36,Local-gov,Assoc-voc,11,Never-married,Prof-specialty,Not-in-family,White,Female,0,0,40,United-States,0,25-44,0
22,Private,Some-college,10,Never-married,Handlers-cleaners,Not-in-family,White,Female,0,0,30,United-States,0,under25,0
46,Private,Some-college,10,Divorced,Exec-managerial,Not-in-family,White,Female,0,0,40,United-States,0,45plus,0
35,Private,HS-grad,9,Divorced,Sales,Unmarried,White,Female,0,0,40,United-States,0,25-44,0
58,Private,Bachelors,13,Married-civ-spouse,Exec-managerial,Husband,White,Male,0,0,40,United-States,1,45plus,1
26,Private,HS-grad,9,Never-married,Craft-repair,Other-relative,White,Male,0,0,60,United-States,0,25-44,0
42,Self-emp-not-inc,Assoc-voc,11,Married-civ-spouse,Prof-specialty,Husband,White,Male,0,0,40,United-States,0,25-44,0
23,Private,Some-college,10,Never-married,Machine-op-inspct,Not-in-family,White,Male,0,0,40,United-States,0,under25,0
44,State-gov,Prof-school,15,Married-civ-spouse,Prof-specialty,Husband,White,Male,15024,0,75,United-States,1,25-44,1
20,Private,HS-grad,9,Never-married,Handlers-cleaners,Own-child,White,Male,0,0,35,United-States,0,under25,0
32,Private,HS-grad,9,Never-married,Adm-clerical,Not-in-family,White,Female,0,0,40,United-States,0,25-44,0
45,Private,10th,6,Married-civ-spouse,Sales,Husband,White,Male,0,0,40,United-States,0,25-44,0
59,Private,7th-8th,4,Never-married,Other-service,Other-relative,White,Male,0,0,32,United-States,0,45plus,0
25,Private,Assoc-acdm,12,Never-married,Sales,Not-in-family,White,Male,0,0,48,United-States,0,under25,0
22,Private,HS-grad,9,Never-married,Other-service,Not-in-family,White,Female,0,0,40,United-States,0,under25,0
26,Private,9th,5,Married-civ-spouse,Craft-repair,Husband,White,Male,0,0,35,United-States,0,25-44,0
41,Private,Some-college,10,Never-married,Transport-moving,Not-in-family,Black,Male,0,0,43,United-States,0,25-44,0
51,Self-emp-not-inc,HS-grad,9,Married-civ-spouse,Exec-managerial,Husband,White,Male,0,0,30,United-States,0,45plus,0
56,Private,Bachelors,13,Married-civ-spouse,Machine-op-inspct,Husband,White,Male,0,0,40,United-States,0,45plus,1
26,Private,Bachelors,13,Never-married,Exec-managerial,Not-in-family,White,Male,0,0,10,United-States,0,25-44,0
42,Private,Some-college,10,Never-married,Exec-managerial,Not-in-family,White,Female,0,2444,40,United-States,1,25-44,0
38,State-gov,Bachelors,13,Divorced,Prof-specialty,Not-in-family,White,Female,0,0,40,United-States,0,25-44,0
30,Private,12th,8,Married-civ-spouse,Craft-repair,Husband,White,Male,0,0,50,United-States,0,25-44,0
41,Private,Assoc-voc,11,Married-civ-spouse,Transport-moving,Husband,White,Male,0,0,55,United-States,0,25-44,0
40,Private,Bachelors,13,Never-married,Exec-managerial,Not-in-family,White,Male,0,0,30,Canada,0,25-44,0
46,Private,Some-college,10,Married-civ-spouse,Exec-managerial,Husband,White,Male,0,0,50,United-States,1,45plus,1
32,Local-gov,Some-college,10,Married-civ-spouse,Other-service,Husband,White,Male,0,0,40,United-States,0,25-44,0
37,Private,HS-grad,9,Married-civ-spouse,Machine-op-inspct,Husband,White,Male,0,0,40,United-States,0,25-44,0
58,Federal-gov,Some-college,10,Widowed,Prof-specialty,Unmarried,Amer-Indian-Eskimo,Female,0,0,40,United-States,0,45plus,0
33,Local-gov,Some-college,10,Never-married,Adm-clerical,Unmarried,Black,Female,0,0,18,United-States,0,25-44,0
28,Private,HS-grad,9,Married-civ-spouse,Machine-op-inspct,Husband,White,Male,2885,0,40,United-States,0,25-44,0
30,Private,HS-grad,9,Married-civ-spouse,Exec-managerial,Husband,White,Male,0,0,50,United-States,0,25-44,0
24,Private,Some-college,10,Married-civ-spouse,Adm-clerical,Wife,Asian-Pac-Islander,Female,0,0,40,Laos,0,under25,0
23,Private,HS-grad,9,Never-married,Machine-op-inspct,Own-child,White,Male,0,0,30,United-States,0,under25,0
38,Private,HS-grad,9,Married-civ-spouse,Craft-repair,Husband,White,Male,0,0,45,United-States,0,25-44,0
33,Self-emp-not-inc,Some-college,10,Married-civ-spouse,Prof-specialty,Wife,White,Female,0,0,60,United-States,1,25-44,0
50,State-gov,Prof-school,15,Married-civ-spouse,Exec-managerial,Husband,White,Male,0,0,52,United-States,1,45plus,1
19,State-gov,Some-college,10,Never-married,Adm-clerical,Own-child,White,Female,0,0,10,United-States,0,under25,0
26,Private,Some-college,10,Separated,Sales,Own-child,Amer-Indian-Eskimo,Male,2597,0,48,United-States,0,25-44,0
35,Private,Bachelors,13,Married-civ-spouse,Prof-specialty,Husband,Asian-Pac-Islander,Male,0,0,40,Philippines,1,25-44,1
55,Private,HS-grad,9,Divorced,Machine-op-inspct,Not-in-family,White,Female,0,0,40,United-States,0,45plus,0
35,Private,Some-college,10,Married-civ-spouse,Craft-repair,Husband,White,Male,5013,0,40,United-States,0,25-44,0
36,Private,HS-grad,9,Married-civ-spouse,Machine-op-inspct,Husband,White,Male,0,0,40,United-States,1,25-44,0
22,Private,Some-college,10,Never-married,Other-service,Other-relative,Black,Male,0,0,20,United-States,0,under25,0
72,Private,HS-grad,9,Married-civ-spouse,Handlers-cleaners,Husband,White,Male,0,0,20,United-States,0,45plus,0
44,Private,HS-grad,9,Divorced,Adm-clerical,Unmarried,Black,Female,0,0,40,United-States,0,25-44,0
28,Private,Bachelors,13,Never-married,Prof-specialty,Not-in-family,Black,Male,0,0,40,United-States,0,25-44,0
54,Private,HS-grad,9,Married-civ-spouse,Craft-repair,Husband,White,Male,0,0,40,United-States,0,45plus,0
42,Private,Bachelors,13,Married-civ-spouse,Sales,Wife,White,Female,0,0,40,Puerto-Rico,0,25-44,1
22,Private,HS-grad,9,Never-married,Transport-moving,Not-in-family,White,Male,0,0,70,United-States,0,under25,0
46,Self-emp-not-inc,HS-grad,9,Married-civ-spouse,Exec-managerial,Husband,White,Male,0,0,40,United-States,0,45plus,0
41,Private,Some-college,10,Never-married,Craft-repair,Not-in-family,White,Female,0,0,40,United-States,0,25-44,0
42,Private,HS-grad,9,Married-civ-spouse,Handlers-cleaners,Husband,Black,Male,0,0,40,United-States,0,25-44,0
56,Private,HS-grad,9,Divorced,Adm-clerical,Other-relative,Amer-Indian-Eskimo,Female,0,0,35,United-States,0,45plus,0
17,Private,11th,7,Never-married,Other-service,Own-child,White,Female,0,0,25,United-States,0,under25,0
42,Self-emp-not-inc,Prof-school,15,Married-civ-spouse,Farming-fishing,Husband,White,Male,0,0,65,United-States,1,25-44,0
28,Local-gov,HS-grad,9,Married-civ-spouse,Craft-repair,Husband,White,Male,0,0,40,United-States,0,25-44,0
21,Private,Some-college,10,Never-married,Other-service,Own-child,White,Male,0,0,40,United-States,0,under25,0
20,Private,Some-college,10,Never-married,Handlers-cleaners,Other-relative,White,Male,0,0,20,United-States,0,under25,0
45,Private,Some-college,10,Divorced,Exec-managerial,Not-in-family,White,Female,0,0,40,United-States,0,25-44,0
22,Private,Assoc-acdm,12,Never-married,Sales,Not-in-family,White,Female,0,0,15,United-States,0,under25,0
26,Private,HS-grad,9,Never-married,Farming-fishing,Own-child,White,Male,0,0,40,United-States,0,25-44,0
64,Self-emp-not-inc,HS-grad,9,Widowed,Other-service,Other-relative,White,Female,0,0,40,United-States,0,45plus,0
36,Private,Bachelors,13,Married-civ-spouse,Prof-specialty,Wife,White,Female,0,0,50,Iran,1,25-44,1
32,Private,Some-college,10,Married-civ-spouse,Exec-managerial,Husband,White,Male,0,0,50,Germany,0,25-44,0
23,Private,Bachelors,13,Never-married,Other-service,Own-child,White,Female,0,0,30,United-States,0,under25,0
20,Private,Some-college,10,Never-married,Other-service,Own-child,White,Female,0,0,20,United-States,0,under25,0
54,Federal-gov,Some-college,10,Married-civ-spouse,Craft-repair,Husband,White,Male,0,0,40,United-States,0,45plus,0
21,Private,HS-grad,9,Never-married,Craft-repair,Not-in-family,Black,Male,0,0,32,United-States,0,under25,0
40,Private,Bachelors,13,Married-spouse-absent,Exec-managerial,Not-in-family,White,Male,0,0,40,United-States,1,25-44,0
29,Private,HS-grad,9,Never-married,Handlers-cleaners,Not-in-family,White,Male,0,1408,40,United-States,0,25-44,0
29,Private,HS-grad,9,Married-civ-spouse,Craft-repair,Husband,White,Male,0,0,40,United-States,0,25-44,0
34,Local-gov,Bachelors,13,Married-civ-spouse,Prof-specialty,Husband,White,Male,0,0,60,United-States,0,25-44,1
48,Private,Masters,14,Married-civ-spouse,Exec-managerial,Husband,White,Male,15024,0,40,United-States,1,45plus,1
34,Private,Bachelors,13,Married-civ-spouse,Sales,Husband,White,Male,0,0,45,Jamaica,0,25-44,1
22,Private,HS-grad,9,Never-married,Handlers-cleaners,Unmarried,White,Male,0,0,35,United-States,0,under25,0
50,Private,HS-grad,9,Married-civ-spouse,Craft-repair,Husband,White,Male,7688,0,40,United-States,1,45plus,1
37,Local-gov,HS-grad,9,Married-civ-spouse,Protective-serv,Husband,White,Male,7688,0,35,United-States,1,25-44,1
24,Private,Bachelors,13,Never-married,Machine-op-inspct,Own-child,Black,Female,0,0,40,United-States,0,under25,0
39,Federal-gov,Assoc-acdm,12,Never-married,Exec-managerial,Not-in-family,White,Male,0,0,42,United-States,0,25-44,0
33,Private,12th,8,Never-married,Craft-repair,Own-child,Black,Male,0,0,40,United-States,0,25-44,0
30,Private,Bachelors,13,Married-civ-spouse,Prof-specialty,Husband,White,Male,0,0,45,United-States,1,25-44,1
30,Local-gov,7th-8th,4,Married-civ-spouse,Transport-moving,Husband,White,Male,0,0,40,United-States,0,25-44,0
64,Self-emp-not-inc,Assoc-voc,11,Married-civ-spouse,Farming-fishing,Husband,White,Male,0,0,55,United-States,0,45plus,0
62,Self-emp-not-inc,5th-6th,3,Married-civ-spouse,Farming-fishing,Husband,White,Male,0,0,30,United-States,0,45plus,0
20,Private,Some-college,10,Never-married,Adm-clerical,Other-relative,White,Female,0,0,20,United-States,0,under25,0
30,Private,Assoc-voc,11,Married-civ-spouse,Tech-support,Wife,White,Female,0,0,35,Germany,0,25-44,0
20,Private,Some-college,10,Never-married,Handlers-cleaners,Not-in-family,White,Male,0,0,24,United-States,0,under25,0
30,Private,Bachelors,13,Never-married,Sales,Not-in-family,White,Male,0,0,65,United-States,0,25-44,0
28,Private,Bachelors,13,Never-married,Adm-clerical,Own-child,White,Male,0,0,40,United-States,0,25-44,0
34,Self-emp-not-inc,HS-grad,9,Married-civ-spouse,Exec-managerial,Husband,White,Male,0,0,70,United-States,0,25-44,0
34,State-gov,Assoc-voc,11,Never-married,Prof-specialty,Not-in-family,White,Female,0,0,40,United-States,0,25-44,0
25,Private,Bachelors,13,Never-married,Tech-support,Own-child,White,Female,0,0,40,United-States,0,under25,0
23,Private,HS-grad,9,Never-married,Handlers-cleaners,Other-relative,Black,Male,0,0,40,United-States,0,under25,0
19,Local-gov,HS-grad,9,Never-married,Adm-clerical,Own-child,White,Male,0,0,35,United-States,0,under25,0
48,Self-emp-not-inc,HS-grad,9,Married-civ-spouse,Craft-repair,Husband,White,Male,0,0,30,Peru,0,45plus,0
36,Private,HS-grad,9,Never-married,Machine-op-inspct,Not-in-family,White,Male,0,0,40,United-States,0,25-44,0
27,Private,Bachelors,13,Never-married,Sales,Not-in-family,Black,Female,0,0,40,United-States,0,25-44,0
21,Private,HS-grad,9,Never-married,Sales,Not-in-family,White,Female,0,0,40,United-States,0,under25,0
18,Self-emp-inc,HS-grad,9,Never-married,Farming-fishing,Own-child,White,Female,0,0,8,United-States,0,under25,0
44,Self-emp-not-inc,HS-grad,9,Married-civ-spouse,Craft-repair,Husband,White,Male,3137,0,50,United-States,0,25-44,0
39,Private,HS-grad,9,Married-civ-spouse,Craft-repair,Husband,White,Male,0,0,40,United-States,1,25-44,0
56,Private,Bachelors,13,Never-married,Prof-specialty,Not-in-family,White,Female,2907,0,52,Cuba,0,45plus,0
47,Private,HS-grad,9,Widowed,Priv-house-serv,Not-in-family,Asian-Pac-Islander,Female,0,0,45,Thailand,0,45plus,0
43,Private,Bachelors,13,Married-civ-spouse,Adm-clerical,Husband,Asian-Pac-Islander,Male,0,0,40,Vietnam,0,25-44,1
34,State-gov,Masters,14,Married-civ-spouse,Prof-specialty,Husband,White,Male,7688,0,38,United-States,1,25-44,1
38,Private,11th,7,Married-spouse-absent,Transport-moving,Own-child,White,Male,0,0,36,Mexico,0,25-44,0
30,Private,Assoc-voc,11,Married-civ-spouse,Prof-specialty,Own-child,White,Female,7298,0,16,United-States,1,25-44,1
34,Private,Prof-school,15,Married-civ-spouse,Prof-specialty,Husband,White,Male,0,0,50,United-States,1,25-44,1
65,Private,HS-grad,9,Divorced,Protective-serv,Not-in-family,White,Male,0,0,20,United-States,0,45plus,0
55,Federal-gov,HS-grad,9,Divorced,Adm-clerical,Not-in-family,White,Female,0,0,40,United-States,0,45plus,0
64,Private,5th-6th,3,Divorced,Craft-repair,Not-in-family,White,Male,0,0,40,United-States,0,45plus,0
50,Private,5th-6th,3,Married-civ-spouse,Handlers-cleaners,Husband,White,Male,0,0,40,Mexico,0,45plus,0
51,Local-gov,Masters,14,Married-civ-spouse,Prof-specialty,Husband,White,Male,0,0,60,United-States,1,45plus,1
34,Self-emp-inc,HS-grad,9,Divorced,Sales,Not-in-family,White,Female,0,0,50,United-States,0,25-44,0
50,Self-emp-inc,HS-grad,9,Married-civ-spouse,Sales,Husband,White,Male,0,0,50,United-States,1,45plus,0
51,Self-emp-inc,Prof-school,15,Married-civ-spouse,Prof-specialty,Husband,White,Male,0,0,60,United-States,1,45plus,1
32,Private,HS-grad,9,Never-married,Other-service,Own-child,Black,Female,0,0,40,United-States,0,25-44,0
57,Private,Some-college,10,Widowed,Tech-support,Not-in-family,White,Female,0,0,16,United-States,0,45plus,0
33,Local-gov,Some-college,10,Married-civ-spouse,Protective-serv,Husband,White,Male,0,0,40,United-States,1,25-44,0
41,Private,Bachelors,13,Married-civ-spouse,Exec-managerial,Husband,White,Male,0,0,40,Yugoslavia,0,25-44,1
59,Local-gov,Bachelors,13,Married-civ-spouse,Prof-specialty,Husband,White,Male,0,0,50,United-States,1,45plus,1
61,Self-emp-inc,HS-grad,9,Married-civ-spouse,Craft-repair,Husband,White,Male,0,0,40,United-States,0,45plus,0
33,Private,HS-grad,9,Married-civ-spouse,Sales,Husband,White,Male,0,0,44,United-States,1,25-44,0
21,Private,Some-college,10,Never-married,Adm-clerical,Own-child,White,Female,0,1721,35,United-States,0,under25,0
45,Private,Doctorate,16,Married-civ-spouse,Exec-managerial,Husband,White,Male,0,0,60,United-States,0,25-44,1
33,Private,HS-grad,9,Married-civ-spouse,Handlers-cleaners,Husband,White,Male,0,0,40,United-States,0,25-44,0
37,Private,HS-grad,9,Married-civ-spouse,Prof-specialty,Husband,White,Male,0,0,40,United-States,0,25-44,0
35,Private,HS-grad,9,Married-civ-spouse,Craft-repair,Husband,White,Male,3137,0,40,United-States,0,25-44,0
31,Self-emp-not-inc,Doctorate,16,Married-civ-spouse,Prof-specialty,Husband,White,Male,0,0,40,United-States,1,25-44,1
35,Private,HS-grad,9,Never-married,Adm-clerical,Not-in-family,White,Male,8614,0,40,United-States,1,25-44,0
30,Private,HS-grad,9,Separated,Transport-moving,Not-in-family,White,Male,0,0,44,United-States,0,25-44,0
32,State-gov,Bachelors,13,Married-civ-spouse,Exec-managerial,Wife,White,Female,0,0,55,United-States,1,25-44,1
40,Private,Some-college,10,Divorced,Adm-clerical,Unmarried,White,Female,0,0,24,United-States,0,25-44,0
28,Private,Bachelors,13,Married-civ-spouse,Sales,Husband,White,Male,0,0,40,United-States,1,25-44,1
67,Federal-gov,HS-grad,9,Married-civ-spouse,Tech-support,Husband,White,Male,0,0,40,United-States,1,45plus,0
22,Private,HS-grad,9,Never-married,Other-service,Not-in-family,Black,Female,0,0,40,United-States,0,under25,0
30,Private,HS-grad,9,Divorced,Adm-clerical,Unmarried,White,Female,0,0,35,United-States,0,25-44,0
39,Private,Some-college,10,Divorced,Sales,Unmarried,White,Female,0,0,40,United-States,0,25-44,0
22,Private,HS-grad,9,Never-married,Machine-op-inspct,Not-in-family,White,Female,0,0,48,United-States,0,under25,0
32,Local-gov,Assoc-acdm,12,Divorced,Exec-managerial,Not-in-family,Black,Female,0,0,40,United-States,0,25-44,0
57,Self-emp-not-inc,Doctorate,16,Married-civ-spouse,Sales,Husband,White,Male,0,1902,40,United-States,1,45plus,1
26,Private,HS-grad,9,Married-civ-spouse,Machine-op-inspct,Husband,White,Male,0,0,45,United-States,0,25-44,0
28,Private,Assoc-voc,11,Married-civ-spouse,Sales,Husband,White,Male,0,0,40,United-States,0,25-44,0
48,Federal-gov,HS-grad,9,Married-civ-spouse,Adm-clerical,Husband,White,Male,0,0,36,United-States,0,45plus,0
52,Private,HS-grad,9,Married-civ-spouse,Transport-moving,Wife,White,Female,0,0,40,United-States,0,45plus,0
24,Private,Some-college,10,Married-civ-spouse,Sales,Husband,Amer-Indian-Eskimo,Male,0,0,40,United-States,0,under25,0
49,State-gov,Some-college,10,Married-civ-spouse,Farming-fishing,Husband,White,Male,0,0,40,United-States,0,45plus,0
18,Private,12th,8,Never-married,Sales,Own-child,White,Female,0,0,20,United-States,0,under25,0
59,Private,11th,7,Divorced,Other-service,Not-in-family,Black,Female,0,0,35,United-States,0,45plus,0
39,Private,Assoc-voc,11,Married-civ-spouse,Craft-repair,Husband,White,Male,7688,0,40,United-States,1,25-44,1
24,Local-gov,Bachelors,13,Never-married,Prof-specialty,Not-in-family,White,Female,0,0,40,United-States,0,under25,0
51,Self-emp-not-inc,HS-grad,9,Married-civ-spouse,Exec-managerial,Husband,White,Male,0,0,45,United-States,1,45plus,0
30,Local-gov,HS-grad,9,Married-civ-spouse,Craft-repair,Husband,White,Male,0,0,40,United-States,0,25-44,0
23,Private,HS-grad,9,Never-married,Craft-repair,Own-child,White,Male,0,0,37,Mexico,0,under25,0
39,Private,HS-grad,9,Never-married,Handlers-cleaners,Other-relative,White,Male,0,0,40,United-States,0,25-44,0
41,State-gov,Bachelors,13,Never-married,Prof-specialty,Not-in-family,White,Female,0,0,40,United-States,0,25-44,0
23,State-gov,Bachelors,13,Never-married,Tech-support,Not-in-family,White,Male,0,0,22,United-States,0,under25,0
33,Private,Masters,14,Never-married,Prof-specialty,Own-child,White,Male,0,0,20,United-States,0,25-44,0
34,Private,Some-college,10,Married-civ-spouse,Other-service,Husband,Asian-Pac-Islander,Male,0,0,40,Philippines,0,25-44,0
44,Private,Bachelors,13,Married-civ-spouse,Exec-managerial,Husband,White,Male,0,0,50,United-States,0,25-44,1
33,Private,Some-college,10,Never-married,Prof-specialty,Not-in-family,White,Male,0,0,52,United-States,0,25-44,0
36,Private,Some-college,10,Widowed,Prof-specialty,Own-child,White,Female,0,0,40,United-States,0,25-44,0
39,Private,12th,8,Never-married,Handlers-cleaners,Not-in-family,White,Male,0,0,40,United-States,0,25-44,0
46,Local-gov,Bachelors,13,Divorced,Prof-specialty,Unmarried,White,Female,0,0,40,United-States,0,45plus,0
27,Private,HS-grad,9,Married-civ-spouse,Other-service,Husband,White,Male,0,0,40,United-States,0,25-44,0
72,Private,HS-grad,9,Married-civ-spouse,Exec-managerial,Wife,White,Female,0,0,50,England,0,45plus,0
43,Self-emp-not-inc,Some-college,10,Married-civ-spouse,Craft-repair,Husband,White,Male,0,0,60,United-States,0,25-44,0
43,Private,HS-grad,9,Separated,Other-service,Not-in-family,White,Female,4101,0,40,United-States,0,25-44,0
27,State-gov,Bachelors,13,Never-married,Prof-specialty,Not-in-family,White,Male,0,0,9,United-States,0,25-44,0
72,Private,9th,5,Widowed,Other-service,Unmarried,Black,Female,0,0,20,United-States,0,45plus,0
71,Private,Bachelors,13,Never-married,Craft-repair,Not-in-family,White,Male,11678,0,45,United-States,1,45plus,1
46,Private,7th-8th,4,Married-civ-spouse,Other-service,Husband,Asian-Pac-Islander,Male,0,1651,40,China,0,45plus,0
44,Private,Bachelors,13,Divorced,Exec-managerial,Unmarried,White,Male,0,2547,50,United-States,1,25-44,1
26,Private,12th,8,Never-married,Other-service,Unmarried,Black,Male,0,0,40,United-States,0,25-44,0
28,Private,HS-grad,9,Married-civ-spouse,Craft-repair,Husband,Black,Male,2829,0,40,United-States,0,25-44,0
47,Private,HS-grad,9,Married-civ-spouse,Craft-repair,Husband,White,Male,0,0,40,United-States,1,45plus,0
44,Self-emp-not-inc,Bachelors,13,Never-married,Sales,Not-in-family,White,Male,0,0,42,United-States,0,25-44,0
25,Private,Bachelors,13,Never-married,Prof-specialty,Own-child,White,Female,0,0,40,United-States,0,under25,0
53,Private,HS-grad,9,Married-civ-spouse,Transport-moving,Husband,White,Male,0,2002,40,United-States,0,45plus,0
50,Private,Masters,14,Married-civ-spouse,Machine-op-inspct,Husband,White,Male,0,0,30,United-States,0,45plus,0
45,Federal-gov,Some-college,10,Married-civ-spouse,Adm-clerical,Husband,Black,Male,0,0,20,United-States,0,25-44,0
33,Private,HS-grad,9,Divorced,Other-service,Unmarried,White,Female,0,0,40,United-States,0,25-44,0
21,Private,HS-grad,9,Never-married,Other-service,Own-child,White,Female,0,0,32,United-States,0,under25,0
24,Private,Assoc-acdm,12,Never-married,Adm-clerical,Not-in-family,White,Male,0,0,40,United-States,0,under25,0
35,Private,Some-college,10,Married-civ-spouse,Sales,Husband,White,Male,0,0,46,United-States,0,25-44,0
22,Private,HS-grad,9,Never-married,Other-service,Own-child,White,Male,0,0,40,United-States,0,under25,0
43,Self-emp-inc,Some-college,10,Married-civ-spouse,Exec-managerial,Husband,White,Male,0,0,40,United-States,0,25-44,1
48,Private,9th,5,Married-civ-spouse,Machine-op-inspct,Other-relative,Asian-Pac-Islander,Female,0,0,45,China,0,45plus,0
21,State-gov,Some-college,10,Never-married,Other-service,Own-child,Black,Female,0,0,12,United-States,0,under25,0
22,Private,Some-college,10,Married-spouse-absent,Adm-clerical,Own-child,Asian-Pac-Islander,Female,0,0,39,United-States,0,under25,0
59,Private,Masters,14,Married-civ-spouse,Exec-managerial,Husband,White,Male,0,0,40,United-States,1,45plus,1
31,Private,HS-grad,9,Married-civ-spouse,Craft-repair,Husband,White,Male,0,1848,40,United-States,1,25-44,1
39,Private,HS-grad,9,Married-civ-spouse,Craft-repair,Husband,White,Male,0,0,40,United-States,0,25-44,0
34,Private,HS-grad,9,Married-civ-spouse,Machine-op-inspct,Husband,Black,Male,0,0,40,United-States,0,25-44,0
20,Private,Some-college,10,Never-married,Other-service,Own-child,White,Male,0,0,20,United-States,0,under25,0
44,Private,Bachelors,13,Never-married,Prof-specialty,Not-in-family,White,Female,0,0,45,Mexico,0,25-44,0
44,Private,Prof-school,15,Divorced,Prof-specialty,Not-in-family,White,Female,2354,0,99,United-States,0,25-44,1
57,Self-emp-not-inc,10th,6,Married-civ-spouse,Craft-repair,Husband,White,Male,0,0,8,United-States,0,45plus,0
33,Self-emp-not-inc,HS-grad,9,Married-civ-spouse,Sales,Husband,White,Male,0,0,66,United-States,0,25-44,0
64,Self-emp-not-inc,10th,6,Married-civ-spouse,Prof-specialty,Husband,White,Male,0,0,10,United-States,1,45plus,0
21,Private,Some-college,10,Never-married,Sales,Own-child,White,Female,0,0,20,United-States,0,under25,0
49,Self-emp-not-inc,HS-grad,9,Divorced,Sales,Not-in-family,White,Male,0,0,40,United-States,0,45plus,0
40,Private,Some-college,10,Married-civ-spouse,Transport-moving,Husband,White,Male,0,0,40,United-States,0,25-44,0
34,Private,Bachelors,13,Never-married,Sales,Own-child,White,Male,0,0,40,United-States,1,25-44,0
53,Private,Some-college,10,Widowed,Adm-clerical,Other-relative,White,Female,0,0,22,United-States,0,45plus,0
27,Private,Bachelors,13,Separated,Prof-specialty,Not-in-family,Asian-Pac-Islander,Male,0,0,40,Philippines,1,25-44,0
25,State-gov,Bachelors,13,Never-married,Other-service,Not-in-family,White,Female,2597,0,50,United-States,0,under25,0
34,Private,HS-grad,9,Divorced,Craft-repair,Not-in-family,White,Male,0,1408,38,United-States,0,25-44,0
37,Federal-gov,HS-grad,9,Married-civ-spouse,Adm-clerical,Husband,White,Male,0,0,40,United-States,1,25-44,0
53,Private,HS-grad,9,Married-civ-spouse,Machine-op-inspct,Husband,White,Male,0,0,30,United-States,0,45plus,0
27,Private,Bachelors,13,Never-married,Sales,Not-in-family,White,Male,10520,0,45,United-States,1,25-44,1
26,Private,HS-grad,9,Married-civ-spouse,Transport-moving,Husband,White,Male,0,0,50,United-States,0,25-44,0
56,Private,1st-4th,2,Separated,Machine-op-inspct,Unmarried,White,Male,0,0,40,United-States,0,45plus,0
26,Private,Assoc-voc,11,Never-married,Other-service,Not-in-family,White,Female,0,0,40,United-States,0,25-44,0
25,Local-gov,Bachelors,13,Married-civ-spouse,Prof-specialty,Husband,White,Male,0,1977,40,United-States,1,under25,1
24,Private,HS-grad,9,Never-married,Other-service,Own-child,White,Male,0,0,35,United-States,0,under25,0
36,Private,HS-grad,9,Never-married,Adm-clerical,Own-child,White,Female,0,0,40,United-States,0,25-44,0
47,Private,Some-college,10,Divorced,Adm-clerical,Not-in-family,White,Male,0,0,40,United-States,0,45plus,0
38,Private,5th-6th,3,Married-civ-spouse,Other-service,Husband,White,Male,0,0,75,Mexico,0,25-44,0
54,State-gov,HS-grad,9,Separated,Adm-clerical,Unmarried,Black,Female,3887,0,35,United-States,0,45plus,0
36,Private,HS-grad,9,Divorced,Adm-clerical,Unmarried,White,Female,0,0,38,United-States,0,25-44,0
36,Private,HS-grad,9,Never-married,Exec-managerial,Not-in-family,White,Female,0,0,38,United-States,0,25-44,0
59,Private,Some-college,10,Married-civ-spouse,Machine-op-inspct,Husband,White,Male,0,0,50,United-States,0,45plus,0
36,Private,HS-grad,9,Never-married,Other-service,Own-child,Black,Male,0,0,35,United-States,0,25-44,0
28,Private,HS-grad,9,Married-civ-spouse,Craft-repair,Husband,White,Male,0,0,40,United-States,0,25-44,0
37,Self-emp-not-inc,Masters,14,Never-married,Exec-managerial,Not-in-family,White,Male,0,0,60,United-States,0,25-44,0
36,Private,Assoc-acdm,12,Never-married,Tech-support,Not-in-family,White,Female,0,0,40,United-States,0,25-44,0
60,Private,7th-8th,4,Never-married,Transport-moving,Not-in-family,White,Male,0,0,48,United-States,1,45plus,0
28,Private,Some-college,10,Never-married,Sales,Not-in-family,White,Female,0,0,50,United-States,0,25-44,0
29,Private,HS-grad,9,Never-married,Adm-clerical,Not-in-family,White,Female,0,0,40,United-States,0,25-44,0
42,Private,Some-college,10,Divorced,Craft-repair,Unmarried,White,Male,0,0,40,United-States,0,25-44,0
32,Private,Some-college,10,Never-married,Craft-repair,Not-in-family,White,Male,0,0,38,United-States,0,25-44,0
23,State-gov,Assoc-voc,11,Never-married,Tech-support,Not-in-family,White,Female,0,0,40,United-States,0,under25,0
35,Private,HS-grad,9,Never-married,Handlers-cleaners,Not-in-family,White,Male,0,0,40,United-States,0,25-44,0
46,State-gov,Bachelors,13,Married-civ-spouse,Prof-specialty,Husband,Black,Male,0,0,40,United-States,1,45plus,1
20,Private,HS-grad,9,Never-married,Sales,Unmarried,White,Male,0,0,40,United-States,0,under25,0
23,Private,Some-college,10,Never-married,Adm-clerical,Own-child,Black,Female,0,0,40,United-States,0,under25,0
39,Private,Bachelors,13,Married-civ-spouse,Craft-repair,Husband,White,Male,0,0,40,United-States,0,25-44,1
26,Private,Bachelors,13,Never-married,Exec-managerial,Not-in-family,Asian-Pac-Islander,Female,0,0,40,Poland,0,25-44,0
34,Private,Assoc-acdm,12,Married-civ-spouse,Adm-clerical,Wife,White,Female,0,0,40,United-States,1,25-44,0
47,Private,Some-college,10,Divorced,Sales,Unmarried,White,Male,0,0,50,United-States,0,45plus,0
23,Private,Some-college,10,Never-married,Sales,Not-in-family,White,Male,0,0,40,United-States,0,under25,0
22,Private,Some-college,10,Never-married,Tech-support,Own-child,White,Male,0,0,40,United-States,0,under25,0
38,Private,Bachelors,13,Married-civ-spouse,Tech-support,Husband,White,Male,0,1977,40,United-States,1,25-44,1
50,Private,Bachelors,13,Married-civ-spouse,Exec-managerial,Wife,White,Female,0,2415,20,United-States,1,45plus,1
27,Private,Masters,14,Never-married,Handlers-cleaners,Unmarried,White,Male,0,0,30,United-States,0,25-44,0
39,Private,HS-grad,9,Married-civ-spouse,Handlers-cleaners,Husband,White,Male,0,0,40,United-States,0,25-44,0
19,Private,HS-grad,9,Never-married,Other-service,Own-child,Black,Female,0,0,40,United-States,0,under25,0
33,Private,HS-grad,9,Married-civ-spouse,Craft-repair,Husband,White,Male,0,0,40,United-States,1,25-44,0
41,Self-emp-not-inc,Some-college,10,Divorced,Other-service,Unmarried,White,Male,0,0,45,United-States,0,25-44,0
23,Private,HS-grad,9,Never-married,Adm-clerical,Unmarried,Black,Female,0,0,40,United-States,0,under25,0
26,Private,11th,7,Married-civ-spouse,Transport-moving,Husband,White,Male,0,0,40,United-States,0,25-44,0
42,Private,Assoc-voc,11,Married-civ-spouse,Exec-managerial,Wife,White,Female,7298,0,35,United-States,1,25-44,1
30,Private,HS-grad,9,Married-civ-spouse,Craft-repair,Husband,Amer-Indian-Eskimo,Male,0,0,40,United-States,0,25-44,0
72,Self-emp-not-inc,Some-college,10,Married-civ-spouse,Farming-fishing,Husband,White,Male,0,0,74,United-States,0,45plus,0
34,Self-emp-not-inc,Some-college,10,Married-civ-spouse,Craft-repair,Husband,White,Male,0,0,40,United-States,0,25-44,0
50,Private,HS-grad,9,Married-civ-spouse,Craft-repair,Husband,White,Male,0,0,40,United-States,1,45plus,0
63,Private,HS-grad,9,Married-civ-spouse,Transport-moving,Wife,Asian-Pac-Islander,Female,0,0,20,United-States,0,45plus,0
24,State-gov,Bachelors,13,Never-married,Adm-clerical,Other-relative,White,Female,0,0,10,United-States,0,under25,0
27,Private,Some-college,10,Never-married,Other-service,Own-child,White,Female,0,0,30,United-States,0,25-44,0
21,Private,HS-grad,9,Never-married,Adm-clerical,Own-child,Black,Female,0,0,35,Jamaica,0,under25,0
36,Private,HS-grad,9,Married-civ-spouse,Machine-op-inspct,Husband,White,Male,0,0,40,United-States,0,25-44,0
38,Private,HS-grad,9,Married-civ-spouse,Protective-serv,Own-child,White,Male,0,0,45,United-States,0,25-44,0
46,Private,Some-college,10,Married-civ-spouse,Farming-fishing,Husband,White,Male,0,0,40,United-States,0,45plus,0
31,Private,HS-grad,9,Married-civ-spouse,Machine-op-inspct,Husband,White,Male,0,0,45,United-States,0,25-44,0
50,Private,11th,7,Married-civ-spouse,Craft-repair,Husband,White,Male,0,0,40,United-States,0,45plus,0
35,Private,Masters,14,Married-civ-spouse,Prof-specialty,Husband,White,Male,0,1887,40,United-States,1,25-44,1
65,Private,11th,7,Widowed,Adm-clerical,Not-in-family,White,Female,0,0,8,United-States,0,45plus,0
60,Self-emp-inc,Some-college,10,Married-civ-spouse,Exec-managerial,Husband,White,Male,7688,0,50,United-States,1,45plus,1
20,Private,HS-grad,9,Never-married,Handlers-cleaners,Own-child,White,Male,0,0,40,United-States,0,under25,0
28,Private,HS-grad,9,Married-civ-spouse,Exec-managerial,Husband,White,Male,0,0,45,United-States,1,25-44,0
50,Local-gov,Prof-school,15,Never-married,Exec-managerial,Not-in-family,Black,Female,0,0,52,United-States,1,45plus,1
29,Private,HS-grad,9,Divorced,Machine-op-inspct,Unmarried,White,Male,0,0,40,United-States,0,25-44,0
58,Self-emp-not-inc,Some-college,10,Married-civ-spouse,Exec-managerial,Husband,White,Male,0,0,60,United-States,1,45plus,0
25,Private,Bachelors,13,Never-married,Craft-repair,Own-child,White,Male,0,0,40,United-States,0,under25,0
38,Private,Bachelors,13,Never-married,Adm-clerical,Not-in-family,White,Female,0,0,35,United-States,0,25-44,0
31,Private,HS-grad,9,Never-married,Machine-op-inspct,Not-in-family,Black,Male,0,0,40,United-States,0,25-44,0
60,Private,HS-grad,9,Divorced,Protective-serv,Not-in-family,White,Male,0,0,40,United-States,0,45plus,0
59,Private,Some-college,10,Married-civ-spouse,Craft-repair,Husband,White,Male,0,0,40,United-States,1,45plus,0
24,Private,12th,8,Married-civ-spouse,Craft-repair,Husband,White,Male,0,0,40,United-States,0,under25,0
31,Private,5th-6th,3,Never-married,Farming-fishing,Own-child,White,Male,0,0,25,Mexico,0,25-44,0
39,Self-emp-inc,HS-grad,9,Divorced,Craft-repair,Unmarried,White,Male,0,0,60,United-States,0,25-44,0
45,State-gov,Assoc-voc,11,Married-civ-spouse,Protective-serv,Husband,White,Male,0,0,40,United-States,0,25-44,0
58,Local-gov,7th-8th,4,Married-civ-spouse,Craft-repair,Husband,White,Male,0,0,40,United-States,0,45plus,0
36,Private,Bachelors,13,Married-civ-spouse,Prof-specialty,Husband,White,Male,0,0,55,United-States,0,25-44,1
39,Private,Some-college,10,Never-married,Transport-moving,Unmarried,White,Male,0,0,40,United-States,0,25-44,0
24,Private,Assoc-voc,11,Married-civ-spouse,Craft-repair,Husband,White,Male,0,0,45,United-States,0,under25,0
47,Private,HS-grad,9,Married-civ-spouse,Craft-repair,Husband,White,Male,0,0,56,United-States,1,45plus,0
28,Private,Bachelors,13,Never-married,Sales,Unmarried,White,Male,0,0,65,United-States,0,25-44,0
44,Private,Bachelors,13,Married-civ-spouse,Prof-specialty,Husband,White,Male,0,1848,40,United-States,1,25-44,1
39,Private,Masters,14,Married-civ-spouse,Prof-specialty,Husband,White,Male,0,0,50,United-States,1,25-44,1
55,Self-emp-not-inc,Doctorate,16,Divorced,Exec-managerial,Not-in-family,White,Female,0,0,30,United-States,0,45plus,1
31,Self-emp-not-inc,9th,5,Married-civ-spouse,Craft-repair,Husband,White,Male,0,0,60,United-States,0,25-44,0
61,Private,9th,5,Divorced,Handlers-cleaners,Not-in-family,White,Male,0,0,40,Puerto-Rico,1,45plus,0
32,Private,HS-grad,9,Never-married,Transport-moving,Own-child,White,Male,0,0,40,United-States,0,25-44,0
21,Private,HS-grad,9,Never-married,Craft-repair,Not-in-family,White,Male,0,0,48,United-States,0,under25,0
23,Private,Bachelors,13,Never-married,Exec-managerial,Own-child,White,Female,0,0,45,United-States,0,under25,0
53,Federal-gov,Some-college,10,Separated,Craft-repair,Not-in-family,Black,Male,0,0,40,United-States,0,45plus,0
47,Private,HS-grad,9,Married-civ-spouse,Farming-fishing,Husband,White,Male,0,0,40,United-States,0,45plus,0
43,Federal-gov,Masters,14,Married-civ-spouse,Prof-specialty,Husband,White,Male,0,0,40,United-States,1,25-44,1
31,Local-gov,HS-grad,9,Never-married,Machine-op-inspct,Own-child,White,Male,0,0,64,United-States,0,25-44,0
24,Private,11th,7,Never-married,Handlers-cleaners,Not-in-family,White,Male,0,0,40,United-States,0,under25,0
64,Local-gov,HS-grad,9,Widowed,Adm-clerical,Not-in-family,White,Female,0,0,40,United-States,0,45plus,0
38,Private,Some-college,10,Divorced,Adm-clerical,Own-child,White,Female,0,0,40,United-States,0,25-44,0
22,Private,Bachelors,13,Never-married,Exec-managerial,Own-child,White,Female,0,0,30,United-States,0,under25,0
39,Private,Bachelors,13,Never-married,Exec-managerial,Not-in-family,White,Male,0,0,40,United-States,0,25-44,0
42,Local-gov,Masters,14,Never-married,Prof-specialty,Not-in-family,White,Male,0,0,22,United-States,0,25-44,0
40,Private,HS-grad,9,Married-civ-spouse,Machine-op-inspct,Husband,White,Male,0,0,40,United-States,1,25-44,0
42,Self-emp-not-inc,Bachelors,13,Married-civ-spouse,Sales,Husband,White,Male,0,0,40,United-States,1,25-44,1
23,Local-gov,HS-grad,9,Never-married,Transport-moving,Own-child,White,Male,0,0,40,United-States,0,under25,0
22,Private,Bachelors,13,Never-married,Exec-managerial,Not-in-family,White,Female,0,0,30,United-States,0,under25,0
37,Private,Some-college,10,Married-civ-spouse,Machine-op-inspct,Husband,White,Male,0,0,40,United-States,1,25-44,0
22,Private,HS-grad,9,Never-married,Sales,Own-child,White,Male,0,0,55,United-States,0,under25,0
49,Local-gov,HS-grad,9,Married-civ-spouse,Craft-repair,Husband,White,Male,0,0,40,United-States,0,45plus,0
38,Local-gov,5th-6th,3,Married-civ-spouse,Handlers-cleaners,Other-relative,White,Male,0,0,40,Mexico,0,25-44,0
51,Private,HS-grad,9,Married-civ-spouse,Tech-support,Husband,White,Male,0,0,40,United-States,1,45plus,0
20,Private,HS-grad,9,Married-civ-spouse,Tech-support,Other-relative,White,Male,0,0,40,United-States,0,under25,0
51,Private,11th,7,Separated,Other-service,Not-in-family,Black,Female,0,0,40,Jamaica,0,45plus,0
19,Private,HS-grad,9,Married-civ-spouse,Machine-op-inspct,Other-relative,White,Male,0,0,20,United-States,0,under25,0
28,Private,Bachelors,13,Married-civ-spouse,Prof-specialty,Husband,White,Male,0,0,45,United-States,0,25-44,1
76,Private,Some-college,10,Divorced,Adm-clerical,Not-in-family,White,Female,0,0,20,United-States,0,45plus,0
21,Private,HS-grad,9,Never-married,Machine-op-inspct,Own-child,White,Male,0,0,40,United-States,0,under25,0
20,Self-emp-not-inc,HS-grad,9,Never-married,Transport-moving,Own-child,White,Male,0,0,80,United-States,0,under25,0
36,Federal-gov,Masters,14,Married-civ-spouse,Prof-specialty,Husband,White,Male,0,0,40,United-States,1,25-44,1
40,Private,7th-8th,4,Married-civ-spouse,Other-service,Husband,Asian-Pac-Islander,Male,0,0,42,Cambodia,0,25-44,0
48,State-gov,Some-college,10,Divorced,Other-service,Own-child,White,Male,0,0,40,United-States,0,45plus,0
37,Private,HS-grad,9,Divorced,Craft-repair,Unmarried,White,Female,0,0,48,United-States,0,25-44,0
38,Local-gov,Bachelors,13,Married-civ-spouse,Prof-specialty,Husband,White,Male,0,0,50,United-States,1,25-44,1
59,Private,7th-8th,4,Married-civ-spouse,Machine-op-inspct,Husband,White,Male,0,0,40,United-States,0,45plus,0
22,Private,10th,6,Never-married,Craft-repair,Unmarried,White,Male,0,0,40,United-States,0,under25,0
39,Private,HS-grad,9,Married-civ-spouse,Sales,Husband,White,Male,0,0,50,United-States,1,25-44,0
23,Private,HS-grad,9,Never-married,Exec-managerial,Not-in-family,White,Female,0,0,40,United-States,0,under25,0
20,Private,HS-grad,9,Married-civ-spouse,Craft-repair,Husband,White,Male,0,0,40,United-States,0,under25,0
29,Private,Bachelors,13,Divorced,Other-service,Unmarried,Other,Female,0,0,40,United-States,0,25-44,0
43,Private,Assoc-acdm,12,Married-civ-spouse,Tech-support,Husband,Asian-Pac-Islander,Male,0,0,40,United-States,0,25-44,0
26,Private,HS-grad,9,Never-married,Craft-repair,Own-child,White,Male,3325,0,40,United-States,0,25-44,0
30,Private,Bachelors,13,Married-civ-spouse,Prof-specialty,Wife,White,Female,7688,0,50,United-States,1,25-44,1
20,Self-emp-not-inc,Some-college,10,Never-married,Adm-clerical,Own-child,White,Female,0,0,12,Germany,0,under25,0
27,Private,HS-grad,9,Married-civ-spouse,Transport-moving,Husband,White,Male,0,0,45,United-States,1,25-44,0
39,Private,HS-grad,9,Married-civ-spouse,Craft-repair,Husband,White,Male,0,0,40,United-States,1,25-44,0
79,Federal-gov,Doctorate,16,Widowed,Exec-managerial,Not-in-family,White,Male,0,0,6,United-States,1,45plus,0
35,Private,Bachelors,13,Married-civ-spouse,Sales,Husband,White,Male,0,0,50,United-States,1,25-44,1
44,State-gov,HS-grad,9,Never-married,Craft-repair,Not-in-family,White,Male,0,0,40,United-States,0,25-44,0
34,Self-emp-inc,Some-college,10,Married-civ-spouse,Exec-managerial,Husband,White,Male,0,0,40,United-States,1,25-44,1
26,Self-emp-inc,HS-grad,9,Never-married,Sales,Own-child,White,Male,0,0,50,United-States,0,25-44,0
44,Private,Bachelors,13,Never-married,Adm-clerical,Own-child,White,Female,0,0,37,United-States,0,25-44,0
21,Private,HS-grad,9,Never-married,Adm-clerical,Own-child,White,Female,0,0,40,United-States,0,under25,0
37,Self-emp-not-inc,HS-grad,9,Married-civ-spouse,Farming-fishing,Husband,White,Male,0,0,60,United-States,0,25-44,0
45,Private,Masters,14,Divorced,Prof-specialty,Not-in-family,White,Male,0,0,45,United-States,0,25-44,0
18,Private,HS-grad,9,Never-married,Adm-clerical,Own-child,White,Female,0,0,25,United-States,0,under25,0
36,Private,9th,5,Divorced,Handlers-cleaners,Not-in-family,White,Male,4650,0,56,United-States,0,25-44,0
52,Private,HS-grad,9,Married-civ-spouse,Sales,Husband,White,Male,0,0,14,United-States,0,45plus,0
42,Private,Some-college,10,Married-civ-spouse,Sales,Husband,White,Male,0,0,50,United-States,1,25-44,0
30,State-gov,HS-grad,9,Never-married,Other-service,Not-in-family,Black,Female,0,0,40,United-States,0,25-44,0
51,Federal-gov,Bachelors,13,Widowed,Adm-clerical,Not-in-family,White,Female,0,0,40,United-States,0,45plus,0
28,Private,Bachelors,13,Married-civ-spouse,Prof-specialty,Husband,White,Male,0,0,40,United-States,1,25-44,1
23,Private,HS-grad,9,Never-married,Sales,Not-in-family,White,Male,0,0,40,United-States,0,under25,0
39,Private,HS-grad,9,Married-civ-spouse,Exec-managerial,Husband,White,Male,0,0,40,United-States,0,25-44,0
73,Self-emp-not-inc,HS-grad,9,Married-civ-spouse,Sales,Husband,White,Male,0,0,40,United-States,0,45plus,0
30,Private,9th,5,Married-civ-spouse,Craft-repair,Husband,White,Male,2580,0,40,United-States,0,25-44,0
49,Self-emp-not-inc,Doctorate,16,Never-married,Prof-specialty,Not-in-family,White,Male,99999,0,70,United-States,1,45plus,1
33,Private,Assoc-voc,11,Married-civ-spouse,Farming-fishing,Husband,White,Male,0,0,45,United-States,0,25-44,0
80,Self-emp-not-inc,HS-grad,9,Never-married,Exec-managerial,Not-in-family,White,Male,0,0,20,United-States,0,45plus,0
58,Self-emp-not-inc,HS-grad,9,Widowed,Exec-managerial,Not-in-family,White,Male,0,0,50,United-States,0,45plus,0
28,Private,Some-college,10,Never-married,Other-service,Not-in-family,White,Male,0,0,35,United-States,0,25-44,0
23,Private,HS-grad,9,Married-civ-spouse,Craft-repair,Husband,White,Male,0,0,40,United-States,0,under25,0
29,Local-gov,Bachelors,13,Married-civ-spouse,Prof-specialty,Husband,White,Male,0,1848,60,Germany,1,25-44,1
17,Private,11th,7,Never-married,Sales,Own-child,White,Male,0,0,20,United-States,0,under25,0
39,Private,11th,7,Married-civ-spouse,Other-service,Husband,White,Male,2407,0,70,Mexico,0,25-44,0
60,Private,HS-grad,9,Widowed,Other-service,Unmarried,Black,Female,0,0,40,United-States,0,45plus,0
55,Self-emp-not-inc,HS-grad,9,Divorced,Exec-managerial,Not-in-family,White,Male,34095,0,60,United-States,0,45plus,1
51,Private,Some-college,10,Married-civ-spouse,Exec-managerial,Husband,White,Male,0,0,40,United-States,0,45plus,1
43,Private,Some-college,10,Married-civ-spouse,Sales,Husband,White,Male,0,0,43,United-States,1,25-44,0
60,Private,Assoc-voc,11,Married-civ-spouse,Craft-repair,Husband,White,Male,0,0,46,United-States,1,45plus,0
60,Private,7th-8th,4,Married-civ-spouse,Machine-op-inspct,Wife,White,Female,0,0,40,United-States,0,45plus,0
33,Private,HS-grad,9,Married-civ-spouse,Handlers-cleaners,Husband,White,Male,0,0,50,United-States,1,25-44,0
29,Private,HS-grad,9,Never-married,Exec-managerial,Unmarried,Black,Female,0,0,40,United-States,0,25-44,0
54,Private,HS-grad,9,Separated,Other-service,Unmarried,Black,Female,0,0,20,United-States,0,45plus,0
47,Private,HS-grad,9,Married-civ-spouse,Transport-moving,Husband,White,Male,0,0,25,United-States,0,45plus,0
41,Private,HS-grad,9,Divorced,Craft-repair,Not-in-family,White,Male,0,0,40,United-States,0,25-44,0
35,Private,Some-college,10,Separated,Other-service,Unmarried,White,Female,0,0,25,United-States,0,25-44,0
40,Private,Assoc-acdm,12,Divorced,Prof-specialty,Not-in-family,White,Male,0,0,50,United-States,0,25-44,0
54,Self-emp-not-inc,HS-grad,9,Married-civ-spouse,Craft-repair,Husband,White,Male,15024,0,52,United-States,1,45plus,1
28,Private,HS-grad,9,Married-civ-spouse,Machine-op-inspct,Husband,Black,Male,0,0,40,United-States,0,25-44,0
44,Private,Bachelors,13,Married-civ-spouse,Sales,Husband,White,Male,0,0,60,United-States,1,25-44,1
49,Local-gov,HS-grad,9,Married-civ-spouse,Protective-serv,Husband,White,Male,0,0,40,United-States,0,45plus,0
36,Private,10th,6,Married-civ-spouse,Craft-repair,Husband,White,Male,0,0,70,Mexico,0,25-44,0
21,Private,Some-college,10,Never-married,Sales,Own-child,White,Male,0,0,45,United-States,0,under25,0
38,Private,Bachelors,13,Married-civ-spouse,Prof-specialty,Husband,White,Male,15024,0,70,United-States,1,25-44,1
45,Private,Some-college,10,Never-married,Farming-fishing,Other-relative,White,Male,0,0,50,United-States,0,25-44,0
25,Local-gov,Bachelors,13,Never-married,Prof-specialty,Own-child,White,Female,0,0,40,United-States,0,under25,0
60,Private,HS-grad,9,Married-civ-spouse,Other-service,Husband,White,Male,0,0,40,United-States,0,45plus,0
34,Private,HS-grad,9,Never-married,Adm-clerical,Own-child,White,Male,0,0,40,United-States,0,25-44,0
55,Self-emp-not-inc,HS-grad,9,Married-civ-spouse,Sales,Husband,White,Male,0,0,40,United-States,0,45plus,0
56,Private,10th,6,Divorced,Craft-repair,Not-in-family,White,Male,0,0,56,United-States,0,45plus,0
34,Private,Some-college,10,Married-civ-spouse,Transport-moving,Husband,Black,Male,0,2179,40,United-States,0,25-44,0
55,Local-gov,10th,6,Married-civ-spouse,Adm-clerical,Husband,White,Male,0,0,40,United-States,0,45plus,0
31,Private,Masters,14,Married-civ-spouse,Exec-managerial,Husband,White,Male,0,0,40,United-States,1,25-44,1
18,Private,HS-grad,9,Never-married,Adm-clerical,Own-child,White,Female,0,0,16,United-States,0,under25,0
30,Private,Masters,14,Never-married,Adm-clerical,Not-in-family,White,Female,0,0,40,France,0,25-44,0
43,Private,Bachelors,13,Married-civ-spouse,Exec-managerial,Husband,Asian-Pac-Islander,Male,0,0,50,United-States,1,25-44,1
32,Private,HS-grad,9,Married-civ-spouse,Machine-op-inspct,Husband,White,Male,0,0,40,United-States,0,25-44,0
29,Private,Assoc-voc,11,Married-civ-spouse,Prof-specialty,Husband,White,Male,0,0,43,United-States,0,25-44,0
18,Private,11th,7,Never-married,Sales,Own-child,White,Female,0,0,30,United-States,0,under25,0
55,Private,Doctorate,16,Married-civ-spouse,Prof-specialty,Husband,White,Male,0,0,40,United-States,1,45plus,1
56,Self-emp-inc,Some-college,10,Married-civ-spouse,Exec-managerial,Husband,White,Male,0,1672,40,United-States,0,45plus,1
24,Private,Some-college,10,Never-married,Craft-repair,Unmarried,Amer-Indian-Eskimo,Male,0,0,40,Mexico,0,under25,0
32,Private,Assoc-acdm,12,Married-civ-spouse,Exec-managerial,Husband,White,Male,0,0,60,United-States,1,25-44,0
44,Self-emp-not-inc,Some-college,10,Married-civ-spouse,Craft-repair,Husband,White,Male,0,1887,55,United-States,1,25-44,1
52,Private,Assoc-voc,11,Separated,Other-service,Unmarried,White,Female,0,0,35,United-States,0,45plus,0
38,Self-emp-not-inc,Bachelors,13,Married-civ-spouse,Other-service,Husband,White,Male,0,0,10,United-States,0,25-44,0
41,Private,Bachelors,13,Married-civ-spouse,Tech-support,Wife,White,Female,0,0,25,United-States,1,25-44,1
39,Private,Assoc-voc,11,Divorced,Adm-clerical,Unmarried,Black,Female,0,0,40,United-States,0,25-44,0
29,Private,HS-grad,9,Married-civ-spouse,Sales,Husband,White,Male,0,0,50,United-States,0,25-44,0
35,Private,Assoc-voc,11,Never-married,Other-service,Unmarried,White,Female,0,0,30,United-States,0,25-44,0
26,Private,HS-grad,9,Married-civ-spouse,Sales,Husband,White,Male,0,0,50,United-States,0,25-44,0
57,Self-emp-not-inc,Assoc-acdm,12,Married-civ-spouse,Other-service,Husband,White,Male,0,0,40,Iran,0,45plus,0
24,Private,Some-college,10,Never-married,Other-service,Own-child,White,Male,0,0,30,United-States,0,under25,0
40,Self-emp-inc,Bachelors,13,Married-civ-spouse,Craft-repair,Husband,White,Male,0,0,40,United-States,0,25-44,1
77,Self-emp-not-inc,HS-grad,9,Never-married,Machine-op-inspct,Not-in-family,White,Male,401,0,20,United-States,0,45plus,0
25,Private,Assoc-acdm,12,Never-married,Machine-op-inspct,Own-child,Black,Male,0,0,48,United-States,0,under25,0
30,Private,HS-grad,9,Married-AF-spouse,Adm-clerical,Husband,White,Male,0,0,60,United-States,0,25-44,0
19,Private,Some-college,10,Never-married,Other-service,Own-child,White,Female,0,0,30,United-States,0,under25,0
32,Private,Some-college,10,Divorced,Exec-managerial,Unmarried,White,Female,0,0,30,United-States,0,25-44,0
31,Private,Bachelors,13,Never-married,Tech-support,Not-in-family,White,Male,0,0,37,United-States,0,25-44,0
55,Private,Assoc-acdm,12,Divorced,Sales,Unmarried,Black,Female,0,0,30,United-States,0,45plus,0
31,Self-emp-not-inc,Bachelors,13,Married-spouse-absent,Exec-managerial,Not-in-family,White,Male,0,1980,60,United-States,0,25-44,0
39,Private,Bachelors,13,Divorced,Sales,Unmarried,White,Female,0,0,40,United-States,0,25-44,0
49,Private,HS-grad,9,Married-civ-spouse,Other-service,Husband,Black,Male,0,0,40,United-States,0,45plus,0
21,Private,HS-grad,9,Never-married,Machine-op-inspct,Own-child,White,Male,0,0,40,United-States,0,under25,0
39,Private,Some-college,10,Divorced,Sales,Not-in-family,White,Male,0,0,45,United-States,0,25-44,0
41,Private,Assoc-voc,11,Divorced,Craft-repair,Not-in-family,White,Female,0,0,40,United-States,0,25-44,0
40,Private,HS-grad,9,Married-civ-spouse,Transport-moving,Husband,White,Male,0,0,40,United-States,0,25-44,0
47,Private,Bachelors,13,Married-civ-spouse,Exec-managerial,Husband,White,Male,0,0,50,United-States,1,45plus,1
42,Private,HS-grad,9,Married-civ-spouse,Machine-op-inspct,Husband,White,Male,0,0,40,United-States,0,25-44,0
33,Local-gov,HS-grad,9,Married-civ-spouse,Other-service,Husband,White,Male,0,0,40,United-States,0,25-44,0
50,Private,7th-8th,4,Married-civ-spouse,Sales,Husband,Other,Male,0,0,49,Dominican-Republic,0,45plus,0
56,Private,12th,8,Married-civ-spouse,Craft-repair,Husband,White,Male,0,0,40,Italy,0,45plus,0
41,Private,Masters,14,Married-civ-spouse,Exec-managerial,Husband,White,Male,15024,0,70,United-States,1,25-44,1
36,Private,Assoc-acdm,12,Married-civ-spouse,Craft-repair,Husband,White,Male,0,0,35,United-States,0,25-44,0
81,Self-emp-not-inc,1st-4th,2,Widowed,Sales,Other-relative,White,Male,0,0,45,Mexico,0,45plus,0
42,Private,Bachelors,13,Divorced,Exec-managerial,Unmarried,White,Female,0,0,40,United-States,0,25-44,0
63,Self-emp-not-inc,Bachelors,13,Married-civ-spouse,Prof-specialty,Husband,Asian-Pac-Islander,Male,0,1977,32,China,1,45plus,1
36,Private,HS-grad,9,Divorced,Craft-repair,Not-in-family,White,Male,0,0,40,United-States,0,25-44,0
52,Private,Masters,14,Never-married,Prof-specialty,Not-in-family,White,Male,0,0,40,United-States,0,45plus,0
46,Private,Assoc-voc,11,Married-civ-spouse,Machine-op-inspct,Husband,White,Male,0,0,40,United-States,0,45plus,0
29,Private,HS-grad,9,Never-married,Handlers-cleaners,Own-child,White,Male,0,0,40,United-States,0,25-44,0
36,Private,Assoc-acdm,12,Married-civ-spouse,Prof-specialty,Husband,White,Male,0,0,40,United-States,0,25-44,1
32,Private,Some-college,10,Divorced,Adm-clerical,Unmarried,White,Female,0,0,38,United-States,0,25-44,0
25,Private,11th,7,Never-married,Craft-repair,Own-child,White,Male,0,0,40,United-States,0,under25,0
45,Private,HS-grad,9,Married-civ-spouse,Other-service,Husband,White,Male,3942,0,40,United-States,0,25-44,0
26,Private,11th,7,Married-civ-spouse,Exec-managerial,Husband,White,Male,3411,0,40,United-States,0,25-44,0
26,Private,Bachelors,13,Never-married,Prof-specialty,Not-in-family,White,Male,13550,0,50,United-States,1,25-44,1
40,Private,10th,6,Married-civ-spouse,Transport-moving,Husband,White,Male,0,0,40,United-States,0,25-44,0
50,State-gov,HS-grad,9,Married-civ-spouse,Protective-serv,Husband,White,Male,0,0,40,United-States,0,45plus,0
19,Private,11th,7,Never-married,Sales,Own-child,Black,Female,0,0,35,United-States,0,under25,0
31,Self-emp-inc,Some-college,10,Never-married,Exec-managerial,Not-in-family,White,Male,0,0,65,United-States,1,25-44,0
68,Private,Doctorate,16,Married-civ-spouse,Prof-specialty,Husband,White,Male,20051,0,55,United-States,1,45plus,1
60,State-gov,HS-grad,9,Widowed,Adm-clerical,Not-in-family,White,Female,0,0,35,United-States,0,45plus,0
33,Private,Some-college,10,Never-married,Sales,Not-in-family,White,Female,0,0,40,United-States,0,25-44,0
61,Private,Some-college,10,Never-married,Tech-support,Own-child,White,Male,0,0,16,United-States,0,45plus,0
21,Private,Some-college,10,Never-married,Craft-repair,Not-in-family,White,Male,0,0,55,United-States,0,under25,0
41,Private,Bachelors,13,Divorced,Exec-managerial,Unmarried,White,Female,0,0,45,United-States,0,25-44,0
46,Private,HS-grad,9,Married-civ-spouse,Machine-op-inspct,Husband,White,Male,0,0,50,United-States,0,45plus,0
56,Local-gov,Some-college,10,Married-civ-spouse,Craft-repair,Husband,White,Male,0,0,41,United-States,1,45plus,0
32,Private,Some-college,10,Married-civ-spouse,Tech-support,Husband,White,Male,0,0,50,United-States,0,25-44,0
80,Private,7th-8th,4,Widowed,Other-service,Not-in-family,White,Female,0,0,24,United-States,0,45plus,0
45,State-gov,HS-grad,9,Divorced,Tech-support,Unmarried,White,Female,0,0,40,United-States,0,25-44,0
19,Private,11th,7,Never-married,Transport-moving,Own-child,White,Male,0,0,20,United-States,0,under25,0
46,Private,Bachelors,13,Married-civ-spouse,Sales,Husband,White,Male,99999,0,40,United-States,1,45plus,1
22,Private,HS-grad,9,Never-married,Machine-op-inspct,Own-child,White,Male,0,0,40,United-States,0,under25,0
40,State-gov,Masters,14,Married-civ-spouse,Prof-specialty,Wife,Asian-Pac-Islander,Female,0,0,38,China,1,25-44,1
32,Self-emp-not-inc,Some-college,10,Married-civ-spouse,Craft-repair,Husband,White,Male,0,0,55,United-States,1,25-44,0
30,Private,Bachelors,13,Married-civ-spouse,Adm-clerical,Wife,Asian-Pac-Islander,Female,0,0,40,Philippines,1,25-44,0
66,Private,HS-grad,9,Married-civ-spouse,Sales,Husband,White,Male,0,0,50,United-States,0,45plus,0
61,Private,7th-8th,4,Widowed,Farming-fishing,Not-in-family,Black,Male,0,0,40,United-States,0,45plus,0
71,Private,Bachelors,13,Divorced,Tech-support,Own-child,White,Female,2329,0,16,United-States,0,45plus,0
61,Private,10th,6,Widowed,Farming-fishing,Unmarried,White,Male,0,0,20,United-States,0,45plus,0
33,Private,Some-college,10,Married-civ-spouse,Transport-moving,Husband,Black,Male,0,0,50,United-States,1,25-44,0
42,Local-gov,Some-college,10,Married-civ-spouse,Exec-managerial,Husband,White,Male,0,0,45,United-States,1,25-44,1
50,Private,Assoc-voc,11,Married-civ-spouse,Tech-support,Husband,White,Male,3103,0,40,United-States,1,45plus,0
44,Private,HS-grad,9,Divorced,Craft-repair,Not-in-family,White,Male,0,0,40,United-States,1,25-44,0
50,Private,Some-college,10,Married-civ-spouse,Sales,Husband,White,Male,0,0,40,United-States,0,45plus,0
20,Private,HS-grad,9,Never-married,Machine-op-inspct,Not-in-family,White,Male,0,0,40,United-States,0,under25,0
44,Private,HS-grad,9,Divorced,Machine-op-inspct,Own-child,Black,Female,0,0,40,United-States,0,25-44,0
65,Private,HS-grad,9,Divorced,Other-service,Other-relative,White,Female,0,0,14,United-States,0,45plus,0
66,Self-emp-not-inc,Prof-school,15,Married-civ-spouse,Prof-specialty,Husband,White,Male,0,0,25,United-States,1,45plus,1
36,Self-emp-not-inc,HS-grad,9,Married-civ-spouse,Farming-fishing,Husband,White,Male,0,0,70,United-States,0,25-44,0
54,Private,Preschool,1,Married-civ-spouse,Craft-repair,Husband,Asian-Pac-Islander,Male,0,0,40,China,0,45plus,0
24,Private,Some-college,10,Never-married,Sales,Not-in-family,White,Female,0,0,24,United-States,0,under25,0
58,Private,Some-college,10,Divorced,Adm-clerical,Unmarried,Black,Female,0,0,40,United-States,0,45plus,0
30,Private,7th-8th,4,Never-married,Craft-repair,Not-in-family,White,Male,0,0,38,United-States,0,25-44,0
36,State-gov,HS-grad,9,Widowed,Exec-managerial,Not-in-family,White,Female,0,0,40,United-States,0,25-44,0
43,Private,Some-college,10,Never-married,Adm-clerical,Not-in-family,White,Male,0,0,55,United-States,0,25-44,0
28,Local-gov,Some-college,10,Never-married,Exec-managerial,Own-child,White,Female,0,0,40,United-States,0,25-44,0
24,Private,HS-grad,9,Married-civ-spouse,Machine-op-inspct,Husband,White,Male,0,1579,50,United-States,0,under25,0
33,Private,HS-grad,9,Divorced,Exec-managerial,Not-in-family,White,Male,0,0,60,United-States,0,25-44,0
44,Private,HS-grad,9,Married-civ-spouse,Transport-moving,Husband,White,Male,0,0,45,United-States,0,25-44,0
63,Private,HS-grad,9,Divorced,Craft-repair,Not-in-family,White,Female,0,0,40,United-States,0,45plus,0
83,Self-emp-inc,10th,6,Married-civ-spouse,Farming-fishing,Husband,White,Male,20051,0,50,United-States,1,45plus,1
23,Private,Assoc-acdm,12,Married-civ-spouse,Sales,Wife,White,Female,0,0,25,United-States,0,under25,0
50,Private,Bachelors,13,Married-civ-spouse,Tech-support,Husband,White,Male,15024,0,40,United-States,1,45plus,1
46,Local-gov,HS-grad,9,Married-civ-spouse,Craft-repair,Husband,White,Male,0,1902,40,United-States,0,45plus,1
42,Self-emp-not-inc,Prof-school,15,Married-civ-spouse,Prof-specialty,Husband,White,Male,0,0,50,United-States,1,25-44,1
36,Private,Bachelors,13,Married-civ-spouse,Exec-managerial,Husband,White,Male,7688,0,40,United-States,1,25-44,1
63,Self-emp-inc,Masters,14,Married-civ-spouse,Sales,Husband,White,Male,0,0,68,United-States,1,45plus,1
61,Private,HS-grad,9,Married-civ-spouse,Exec-managerial,Husband,White,Male,0,0,50,United-States,1,45plus,0
31,Private,Bachelors,13,Divorced,Exec-managerial,Not-in-family,White,Female,0,0,50,United-States,1,25-44,0
22,Private,HS-grad,9,Never-married,Handlers-cleaners,Other-relative,White,Male,0,0,50,United-States,0,under25,0
37,Private,HS-grad,9,Never-married,Adm-clerical,Unmarried,Black,Female,0,0,40,United-States,0,25-44,0
29,Self-emp-not-inc,HS-grad,9,Married-civ-spouse,Prof-specialty,Husband,White,Male,0,0,65,United-States,1,25-44,0
51,Private,HS-grad,9,Widowed,Transport-moving,Unmarried,White,Male,0,0,40,United-States,0,45plus,0
30,Federal-gov,Prof-school,15,Never-married,Prof-specialty,Not-in-family,Black,Female,0,0,40,United-States,0,25-44,0
20,Private,HS-grad,9,Never-married,Other-service,Own-child,White,Male,0,0,35,United-States,0,under25,0
37,Private,HS-grad,9,Married-civ-spouse,Handlers-cleaners,Husband,White,Male,0,0,40,United-States,0,25-44,0
55,Private,Doctorate,16,Married-civ-spouse,Exec-managerial,Husband,White,Male,0,0,80,United-States,1,45plus,1
26,Self-emp-not-inc,HS-grad,9,Married-civ-spouse,Exec-managerial,Husband,White,Male,0,0,40,United-States,0,25-44,0
17,Local-gov,11th,7,Never-married,Sales,Own-child,White,Male,0,0,20,United-States,0,under25,0
17,Private,10th,6,Never-married,Handlers-cleaners,Own-child,White,Female,0,0,23,United-States,0,under25,0
24,Private,12th,8,Never-married,Craft-repair,Other-relative,White,Male,0,0,40,United-States,0,under25,0
25,Private,Bachelors,13,Married-civ-spouse,Sales,Husband,White,Male,0,0,40,United-States,1,under25,0
60,Private,Bachelors,13,Married-civ-spouse,Prof-specialty,Husband,White,Male,0,0,50,United-States,1,45plus,1
23,Local-gov,Bachelors,13,Never-married,Prof-specialty,Own-child,White,Female,0,0,40,United-States,0,under25,0
37,Private,9th,5,Married-civ-spouse,Craft-repair,Husband,White,Male,0,0,40,United-States,0,25-44,0
19,Private,HS-grad,9,Never-married,Other-service,Other-relative,White,Female,0,0,40,United-States,0,under25,0
36,Self-emp-not-inc,HS-grad,9,Married-civ-spouse,Craft-repair,Husband,White,Male,0,0,35,Mexico,0,25-44,0
47,Private,Bachelors,13,Married-civ-spouse,Prof-specialty,Husband,White,Male,0,0,60,United-States,1,45plus,1
48,Private,11th,7,Separated,Other-service,Not-in-family,Black,Female,0,0,35,United-States,0,45plus,0
33,Private,HS-grad,9,Never-married,Adm-clerical,Own-child,White,Male,0,0,35,United-States,0,25-44,0
56,Private,Some-college,10,Divorced,Transport-moving,Not-in-family,White,Male,0,0,40,United-States,1,45plus,0
24,Private,Some-college,10,Divorced,Other-service,Not-in-family,Black,Male,0,0,40,United-States,0,under25,0
65,Self-emp-inc,11th,7,Married-civ-spouse,Exec-managerial,Husband,White,Male,6418,0,35,United-States,1,45plus,1
35,Self-emp-not-inc,HS-grad,9,Married-civ-spouse,Craft-repair,Husband,White,Male,7298,0,60,United-States,1,25-44,1
42,Self-emp-not-inc,Some-college,10,Married-civ-spouse,Handlers-cleaners,Husband,White,Male,0,0,56,United-States,1,25-44,0
26,Private,Masters,14,Never-married,Prof-specialty,Not-in-family,White,Female,0,1876,40,United-States,0,25-44,0
60,Self-emp-not-inc,HS-grad,9,Married-civ-spouse,Sales,Husband,White,Male,0,0,45,United-States,0,45plus,0
60,Private,7th-8th,4,Divorced,Adm-clerical,Not-in-family,White,Female,0,0,35,Cuba,0,45plus,0
55,Private,HS-grad,9,Widowed,Adm-clerical,Not-in-family,White,Female,0,0,40,United-States,0,45plus,0
31,Private,HS-grad,9,Married-civ-spouse,Machine-op-inspct,Husband,White,Male,0,0,40,United-States,0,25-44,0
24,Private,Bachelors,13,Never-married,Prof-specialty,Not-in-family,White,Female,0,0,40,United-States,0,under25,0
41,Private,HS-grad,9,Married-civ-spouse,Other-service,Husband,Amer-Indian-Eskimo,Male,0,0,45,United-States,0,25-44,0
32,Private,Bachelors,13,Married-civ-spouse,Prof-specialty,Husband,White,Male,0,0,40,United-States,1,25-44,1
42,Self-emp-not-inc,HS-grad,9,Married-civ-spouse,Farming-fishing,Husband,White,Male,0,0,50,United-States,0,25-44,0
21,State-gov,Some-college,10,Never-married,Adm-clerical,Own-child,White,Female,0,0,15,United-States,0,under25,0
36,Private,Bachelors,13,Divorced,Adm-clerical,Not-in-family,White,Male,0,0,55,United-States,1,25-44,0
51,Private,Bachelors,13,Separated,Adm-clerical,Unmarried,White,Female,0,0,40,United-States,0,45plus,0
33,Private,Bachelors,13,Never-married,Sales,Not-in-family,White,Female,0,0,40,United-States,0,25-44,0
28,Private,Some-college,10,Never-married,Adm-clerical,Not-in-family,White,Female,0,0,60,United-States,0,25-44,0
41,State-gov,Masters,14,Divorced,Prof-specialty,Unmarried,White,Female,0,0,35,United-States,0,25-44,0
39,State-gov,Bachelors,13,Married-civ-spouse,Prof-specialty,Husband,White,Male,0,0,45,United-States,1,25-44,1
48,Private,Masters,14,Married-civ-spouse,Exec-managerial,Wife,White,Female,0,1902,38,United-States,1,45plus,1
22,Private,Assoc-voc,11,Never-married,Exec-managerial,Unmarried,Asian-Pac-Islander,Male,0,0,40,South,0,under25,0
31,Private,HS-grad,9,Separated,Other-service,Unmarried,Black,Female,0,0,40,United-States,0,25-44,0
38,Private,7th-8th,4,Married-civ-spouse,Adm-clerical,Husband,White,Male,0,0,40,United-States,0,25-44,0
50,State-gov,Bachelors,13,Married-civ-spouse,Protective-serv,Husband,White,Male,0,0,40,United-States,1,45plus,1
54,Private,HS-grad,9,Married-civ-spouse,Craft-repair,Husband,Black,Male,0,0,40,United-States,1,45plus,0
28,Private,11th,7,Separated,Craft-repair,Unmarried,White,Female,0,0,40,United-States,0,25-44,0
20,Private,Some-college,10,Never-married,Other-service,Own-child,White,Male,2176,0,25,United-States,0,under25,0
49,Local-gov,Bachelors,13,Divorced,Prof-specialty,Unmarried,White,Female,0,0,40,United-States,1,45plus,0
19,Private,HS-grad,9,Never-married,Adm-clerical,Not-in-family,White,Female,0,0,40,United-States,0,under25,0
40,Local-gov,Some-college,10,Never-married,Protective-serv,Not-in-family,White,Male,0,2444,40,United-States,1,25-44,0
23,Private,HS-grad,9,Never-married,Machine-op-inspct,Own-child,Asian-Pac-Islander,Male,0,0,40,Philippines,0,under25,0
37,Private,HS-grad,9,Married-civ-spouse,Craft-repair,Husband,White,Male,0,0,45,United-States,0,25-44,0
45,Private,Some-college,10,Married-civ-spouse,Sales,Husband,White,Male,0,0,65,United-States,1,25-44,0
52,Self-emp-not-inc,10th,6,Married-civ-spouse,Exec-managerial,Husband,White,Male,0,0,60,United-States,0,45plus,0
23,Private,Some-college,10,Never-married,Sales,Own-child,White,Female,0,0,12,United-States,0,under25,0
63,Self-emp-not-inc,5th-6th,3,Never-married,Sales,Not-in-family,White,Female,0,0,3,United-States,0,45plus,0
44,Private,HS-grad,9,Divorced,Transport-moving,Not-in-family,White,Male,0,0,40,United-States,0,25-44,0
46,Private,Assoc-acdm,12,Widowed,Adm-clerical,Unmarried,White,Female,0,0,40,United-States,0,45plus,0
61,Self-emp-not-inc,Some-college,10,Married-civ-spouse,Sales,Husband,Black,Male,0,0,60,United-States,1,45plus,0
49,Private,HS-grad,9,Divorced,Prof-specialty,Not-in-family,White,Male,0,0,42,United-States,0,45plus,0
18,Private,HS-grad,9,Never-married,Adm-clerical,Other-relative,White,Female,0,0,30,United-States,0,under25,0
39,Private,Bachelors,13,Never-married,Exec-managerial,Not-in-family,White,Male,0,0,45,United-States,0,25-44,0
34,Local-gov,Assoc-voc,11,Never-married,Craft-repair,Own-child,White,Female,0,0,40,United-States,0,25-44,0
30,Private,Some-college,10,Married-civ-spouse,Sales,Husband,White,Male,0,0,50,United-States,0,25-44,0
66,Self-emp-not-inc,HS-grad,9,Married-civ-spouse,Farming-fishing,Husband,White,Male,1409,0,50,United-States,0,45plus,0
24,Private,Bachelors,13,Never-married,Sales,Own-child,White,Female,0,0,35,United-States,0,under25,0
19,Private,HS-grad,9,Never-married,Sales,Own-child,White,Male,0,0,50,United-States,0,under25,0
61,Private,7th-8th,4,Divorced,Machine-op-inspct,Unmarried,White,Female,0,0,40,United-States,0,45plus,0
19,Private,HS-grad,9,Never-married,Other-service,Other-relative,Asian-Pac-Islander,Male,0,0,24,United-States,0,under25,0
55,State-gov,Masters,14,Married-civ-spouse,Exec-managerial,Husband,White,Male,0,0,45,United-States,1,45plus,1
30,Private,Bachelors,13,Married-civ-spouse,Prof-specialty,Husband,Other,Male,0,0,40,United-States,0,25-44,1
51,Private,HS-grad,9,Married-civ-spouse,Tech-support,Husband,White,Male,7298,0,50,United-States,1,45plus,1
23,Private,Bachelors,13,Never-married,Adm-clerical,Own-child,White,Female,0,0,40,United-States,0,under25,0
23,Local-gov,Assoc-voc,11,Divorced,Tech-support,Not-in-family,White,Male,0,0,56,United-States,0,under25,0
21,Private,HS-grad,9,Never-married,Handlers-cleaners,Own-child,White,Male,0,0,36,United-States,0,under25,0
50,Private,HS-grad,9,Married-civ-spouse,Craft-repair,Husband,White,Male,0,0,2,United-States,0,45plus,0
31,Private,HS-grad,9,Married-civ-spouse,Machine-op-inspct,Husband,White,Male,0,0,50,United-States,0,25-44,0
30,Private,Some-college,10,Never-married,Craft-repair,Unmarried,White,Male,0,0,40,United-States,0,25-44,0
38,Private,HS-grad,9,Never-married,Adm-clerical,Not-in-family,White,Female,0,0,38,United-States,0,25-44,0
37,Local-gov,Some-college,10,Married-civ-spouse,Other-service,Husband,White,Male,0,0,40,United-States,0,25-44,0
27,Private,Bachelors,13,Never-married,Sales,Not-in-family,White,Female,0,0,40,United-States,0,25-44,0
17,Private,10th,6,Never-married,Other-service,Own-child,White,Male,0,0,18,United-States,0,under25,0
36,Self-emp-not-inc,Doctorate,16,Never-married,Prof-specialty,Not-in-family,White,Male,0,0,40,United-States,1,25-44,0
35,Private,Masters,14,Never-married,Sales,Not-in-family,White,Female,0,0,40,United-States,0,25-44,0
45,Private,HS-grad,9,Married-civ-spouse,Handlers-cleaners,Husband,White,Male,0,0,40,United-States,0,25-44,0
28,Private,9th,5,Never-married,Machine-op-inspct,Unmarried,Other,Male,0,0,40,Mexico,0,25-44,0
38,Local-gov,Some-college,10,Married-civ-spouse,Protective-serv,Husband,White,Male,0,0,60,United-States,1,25-44,0
27,Private,Assoc-voc,11,Never-married,Adm-clerical,Own-child,White,Female,0,0,35,United-States,0,25-44,0
31,Private,Some-college,10,Married-civ-spouse,Exec-managerial,Husband,Black,Male,0,0,40,United-States,1,25-44,0
19,Private,HS-grad,9,Never-married,Handlers-cleaners,Other-relative,White,Male,2597,0,40,United-States,0,under25,0
30,Private,Assoc-voc,11,Married-civ-spouse,Adm-clerical,Wife,White,Female,0,0,35,United-States,0,25-44,0
51,Private,Bachelors,13,Married-civ-spouse,Exec-managerial,Husband,White,Male,0,0,60,United-States,1,45plus,1
37,Private,Assoc-acdm,12,Married-civ-spouse,Tech-support,Husband,White,Male,0,0,50,United-States,1,25-44,0
24,Private,Some-college,10,Married-civ-spouse,Other-service,Own-child,Asian-Pac-Islander,Female,0,0,35,United-States,0,under25,0
51,Self-emp-not-inc,Some-college,10,Married-civ-spouse,Craft-repair,Husband,White,Male,0,0,20,United-States,0,45plus,0
52,Local-gov,10th,6,Married-civ-spouse,Craft-repair,Husband,White,Male,5013,0,40,United-States,0,45plus,0
25,Private,Some-college,10,Never-married,Adm-clerical,Own-child,White,Female,0,0,30,United-States,0,under25,0
42,Private,Masters,14,Married-civ-spouse,Prof-specialty,Husband,White,Male,7688,0,40,United-States,1,25-44,1
63,Private,10th,6,Married-civ-spouse,Exec-managerial,Husband,White,Male,0,0,40,United-States,0,45plus,0
20,Private,10th,6,Never-married,Sales,Not-in-family,Other,Male,0,0,40,United-States,0,under25,0
27,Private,HS-grad,9,Separated,Handlers-cleaners,Unmarried,White,Female,0,0,40,Japan,0,25-44,0
47,Private,Masters,14,Divorced,Sales,Not-in-family,White,Male,27828,0,60,United-States,1,45plus,1
20,Private,HS-grad,9,Married-civ-spouse,Adm-clerical,Husband,White,Male,3781,0,50,United-States,0,under25,0
20,Private,9th,5,Never-married,Transport-moving,Not-in-family,White,Male,0,0,50,United-States,0,under25,0
33,Private,Bachelors,13,Separated,Exec-managerial,Unmarried,Black,Female,0,0,40,United-States,0,25-44,0
17,Private,11th,7,Never-married,Handlers-cleaners,Own-child,White,Male,0,0,25,United-States,0,under25,0
20,Self-emp-not-inc,Some-college,10,Never-married,Craft-repair,Not-in-family,White,Female,0,0,35,United-States,0,under25,0
38,State-gov,HS-grad,9,Never-married,Other-service,Unmarried,Black,Female,0,0,40,United-States,0,25-44,0
19,Private,Some-college,10,Never-married,Exec-managerial,Own-child,White,Female,0,0,30,United-States,0,under25,0
37,Private,HS-grad,9,Married-civ-spouse,Craft-repair,Husband,White,Male,0,0,45,United-States,0,25-44,0
45,Private,Some-college,10,Widowed,Exec-managerial,Unmarried,White,Female,0,0,55,United-States,0,25-44,0
29,Private,HS-grad,9,Married-civ-spouse,Machine-op-inspct,Husband,Black,Male,0,0,40,United-States,0,25-44,0
32,Private,HS-grad,9,Never-married,Craft-repair,Own-child,White,Male,0,0,40,United-States,0,25-44,0
46,Private,Some-college,10,Never-married,Exec-managerial,Not-in-family,Black,Male,0,0,40,United-States,0,45plus,0
34,Private,Assoc-voc,11,Never-married,Prof-specialty,Unmarried,White,Female,0,0,40,Germany,0,25-44,0
43,Private,HS-grad,9,Married-civ-spouse,Adm-clerical,Husband,White,Male,0,0,40,United-States,0,25-44,0
25,Private,HS-grad,9,Never-married,Craft-repair,Not-in-family,White,Male,0,0,35,United-States,0,under25,0
49,Private,HS-grad,9,Married-civ-spouse,Other-service,Wife,Black,Female,0,0,40,United-States,1,45plus,0
19,Private,Some-college,10,Never-married,Sales,Own-child,White,Male,0,0,20,United-States,0,under25,0
41,Local-gov,Some-college,10,Divorced,Protective-serv,Unmarried,White,Female,0,0,40,United-States,0,25-44,0
25,Private,Bachelors,13,Married-civ-spouse,Exec-managerial,Husband,White,Male,0,0,40,United-States,0,under25,1
46,Private,Some-college,10,Married-civ-spouse,Prof-specialty,Husband,White,Male,0,0,10,United-States,0,45plus,0
33,Private,Some-college,10,Never-married,Adm-clerical,Not-in-family,White,Male,0,0,49,United-States,0,25-44,0
50,Private,Bachelors,13,Divorced,Exec-managerial,Unmarried,White,Female,0,0,40,United-States,1,45plus,0
33,Self-emp-not-inc,Assoc-acdm,12,Divorced,Sales,Not-in-family,White,Male,0,0,60,United-States,0,25-44,0
41,State-gov,Bachelors,13,Married-civ-spouse,Farming-fishing,Husband,White,Male,0,0,40,United-States,1,25-44,0
42,Private,HS-grad,9,Divorced,Machine-op-inspct,Not-in-family,White,Male,0,0,45,United-States,0,25-44,0
23,Private,HS-grad,9,Never-married,Other-service,Own-child,White,Male,0,0,35,United-States,0,under25,0
31,Private,Bachelors,13,Never-married,Exec-managerial,Not-in-family,White,Male,0,0,50,United-States,0,25-44,0
23,Private,Some-college,10,Never-married,Tech-support,Own-child,White,Male,0,0,25,United-States,0,under25,0
55,Local-gov,Masters,14,Married-civ-spouse,Exec-managerial,Husband,White,Male,0,0,55,United-States,1,45plus,1
38,Private,Assoc-acdm,12,Divorced,Adm-clerical,Not-in-family,White,Female,0,0,16,United-States,0,25-44,0
43,Private,Bachelors,13,Separated,Exec-managerial,Unmarried,White,Male,8614,0,40,United-States,1,25-44,1
58,Self-emp-not-inc,Bachelors,13,Married-civ-spouse,Exec-managerial,Husband,White,Male,0,0,70,United-States,1,45plus,1
25,Private,Some-college,10,Never-married,Other-service,Unmarried,Black,Female,0,0,40,United-States,0,under25,0
45,Private,Bachelors,13,Never-married,Prof-specialty,Own-child,White,Male,0,0,40,United-States,0,25-44,0
43,Private,Some-college,10,Divorced,Machine-op-inspct,Not-in-family,White,Male,0,0,40,United-States,0,25-44,0
40,Private,Some-college,10,Married-civ-spouse,Tech-support,Wife,White,Female,0,0,40,United-States,1,25-44,0
58,Self-emp-inc,HS-grad,9,Married-civ-spouse,Sales,Husband,White,Male,0,0,55,United-States,1,45plus,0
31,Private,HS-grad,9,Divorced,Other-service,Unmarried,White,Female,0,0,30,United-States,0,25-44,0
27,Private,10th,6,Never-married,Sales,Other-relative,White,Male,0,1980,40,United-States,0,25-44,0
47,Private,Some-college,10,Divorced,Sales,Own-child,White,Male,0,0,55,United-States,0,45plus,0
45,Self-emp-not-inc,Assoc-voc,11,Married-civ-spouse,Farming-fishing,Husband,White,Male,0,0,60,United-States,0,25-44,0
18,Self-emp-not-inc,11th,7,Never-married,Sales,Own-child,White,Female,0,0,40,United-States,0,under25,0
48,Private,HS-grad,9,Never-married,Adm-clerical,Not-in-family,White,Female,2463,0,40,United-States,0,45plus,0
38,Private,HS-grad,9,Married-civ-spouse,Machine-op-inspct,Husband,White,Male,0,0,40,United-States,0,25-44,0
45,Self-emp-not-inc,Some-college,10,Separated,Sales,Unmarried,White,Male,0,0,50,United-States,0,25-44,0
34,Private,HS-grad,9,Never-married,Machine-op-inspct,Not-in-family,White,Female,0,0,45,United-States,0,25-44,0
43,Private,Some-college,10,Married-civ-spouse,Sales,Husband,White,Male,0,0,40,United-States,1,25-44,0
35,Self-emp-inc,Bachelors,13,Never-married,Exec-managerial,Not-in-family,White,Female,0,0,60,United-States,1,25-44,0
46,Private,HS-grad,9,Married-civ-spouse,Handlers-cleaners,Husband,White,Male,0,0,40,United-States,0,45plus,0
19,Private,HS-grad,9,Never-married,Other-service,Not-in-family,White,Female,0,0,30,United-States,0,under25,0
31,Federal-gov,Assoc-acdm,12,Married-civ-spouse,Craft-repair,Husband,White,Male,0,0,40,United-States,0,25-44,0
35,Private,Bachelors,13,Never-married,Exec-managerial,Not-in-family,White,Female,0,0,40,United-States,0,25-44,0
37,Private,HS-grad,9,Divorced,Craft-repair,Not-in-family,White,Male,14344,0,40,United-States,1,25-44,1
42,Private,Some-college,10,Married-civ-spouse,Prof-specialty,Wife,White,Female,0,0,36,United-States,0,25-44,0
35,State-gov,Some-college,10,Never-married,Protective-serv,Not-in-family,Black,Male,0,0,40,United-States,0,25-44,0
32,State-gov,Bachelors,13,Never-married,Prof-specialty,Not-in-family,White,Female,0,0,40,United-States,0,25-44,0
37,Private,HS-grad,9,Divorced,Machine-op-inspct,Not-in-family,White,Male,0,0,40,United-States,0,25-44,0
39,Local-gov,Assoc-acdm,12,Never-married,Transport-moving,Not-in-family,White,Male,0,0,48,United-States,0,25-44,0
35,Local-gov,Bachelors,13,Married-civ-spouse,Craft-repair,Husband,White,Male,0,0,40,United-States,0,25-44,1
17,Private,9th,5,Never-married,Other-service,Own-child,White,Female,0,0,20,United-States,0,under25,0
55,Private,HS-grad,9,Married-civ-spouse,Exec-managerial,Husband,Asian-Pac-Islander,Male,0,0,55,United-States,0,45plus,0
47,Private,Bachelors,13,Married-civ-spouse,Exec-managerial,Husband,White,Male,3103,0,60,United-States,1,45plus,1
50,Local-gov,Some-college,10,Married-civ-spouse,Protective-serv,Husband,White,Male,0,0,40,United-States,1,45plus,0
60,Self-emp-not-inc,HS-grad,9,Married-civ-spouse,Sales,Husband,White,Male,0,0,70,United-States,1,45plus,0
50,Private,Some-college,10,Married-civ-spouse,Exec-managerial,Husband,White,Male,0,0,84,United-States,1,45plus,1
76,Private,Bachelors,13,Widowed,Prof-specialty,Not-in-family,White,Female,0,0,20,United-States,0,45plus,0
22,Private,Assoc-acdm,12,Never-married,Adm-clerical,Not-in-family,Black,Female,0,0,40,United-States,0,under25,0
62,Private,Doctorate,16,Divorced,Prof-specialty,Unmarried,White,Male,15020,0,50,United-States,1,45plus,1
36,Private,HS-grad,9,Married-civ-spouse,Tech-support,Husband,White,Male,0,0,50,United-States,0,25-44,0
29,Private,Masters,14,Married-civ-spouse,Exec-managerial,Husband,Asian-Pac-Islander,Male,0,0,40,Japan,0,25-44,1
43,Private,Some-college,10,Married-civ-spouse,Sales,Husband,White,Male,0,0,72,United-States,1,25-44,0
45,Private,Masters,14,Married-civ-spouse,Exec-managerial,Husband,White,Male,0,1977,43,United-States,1,25-44,1
36,Private,9th,5,Married-civ-spouse,Transport-moving,Husband,White,Male,0,0,50,United-States,0,25-44,0
35,State-gov,HS-grad,9,Married-civ-spouse,Craft-repair,Husband,White,Male,0,1651,40,United-States,0,25-44,0
25,Private,HS-grad,9,Married-civ-spouse,Transport-moving,Husband,Black,Male,0,0,30,United-States,0,under25,0
34,Private,HS-grad,9,Divorced,Exec-managerial,Unmarried,White,Female,0,0,38,United-States,0,25-44,0
39,Private,HS-grad,9,Married-civ-spouse,Machine-op-inspct,Husband,White,Male,0,0,40,United-States,0,25-44,0
41,Private,Bachelors,13,Widowed,Exec-managerial,Unmarried,White,Male,0,0,20,United-States,0,25-44,0
28,Private,Some-college,10,Married-civ-spouse,Handlers-cleaners,Husband,White,Male,0,0,40,Mexico,0,25-44,0
30,Private,Assoc-voc,11,Never-married,Prof-specialty,Not-in-family,White,Female,0,0,40,United-States,0,25-44,0
37,Private,HS-grad,9,Separated,Other-service,Unmarried,Black,Female,0,0,25,United-States,0,25-44,0
23,Federal-gov,Assoc-acdm,12,Never-married,Exec-managerial,Own-child,White,Female,0,0,40,Poland,0,under25,0
43,Private,HS-grad,9,Married-civ-spouse,Prof-specialty,Wife,White,Female,0,0,35,United-States,0,25-44,0
44,Private,Bachelors,13,Divorced,Adm-clerical,Not-in-family,Black,Male,0,0,65,United-States,0,25-44,0
56,Private,Some-college,10,Married-civ-spouse,Sales,Husband,White,Male,0,0,40,United-States,1,45plus,0
48,Private,Bachelors,13,Married-civ-spouse,Exec-managerial,Husband,White,Male,7298,0,60,United-States,1,45plus,1
22,Private,Some-college,10,Never-married,Sales,Own-child,White,Female,0,0,20,Mexico,0,under25,0
74,Private,5th-6th,3,Married-civ-spouse,Transport-moving,Husband,Black,Male,0,0,40,United-States,0,45plus,0
30,Private,Bachelors,13,Never-married,Prof-specialty,Own-child,White,Female,0,0,40,United-States,0,25-44,0
72,Self-emp-not-inc,Doctorate,16,Married-civ-spouse,Prof-specialty,Husband,White,Male,0,2392,25,United-States,1,45plus,1
47,Private,Masters,14,Married-civ-spouse,Exec-managerial,Husband,White,Male,0,0,50,United-States,1,45plus,1
22,Private,Bachelors,13,Never-married,Exec-managerial,Other-relative,White,Female,0,0,40,United-States,0,under25,0
51,Private,5th-6th,3,Married-civ-spouse,Handlers-cleaners,Husband,Black,Male,0,0,52,United-States,0,45plus,0
34,Self-emp-inc,Bachelors,13,Never-married,Prof-specialty,Not-in-family,White,Female,0,0,62,United-States,1,25-44,0
44,Private,Bachelors,13,Married-spouse-absent,Exec-managerial,Unmarried,White,Female,0,0,40,United-States,0,25-44,0
34,Private,Some-college,10,Divorced,Other-service,Unmarried,White,Female,0,0,40,United-States,0,25-44,0
43,Private,HS-grad,9,Divorced,Craft-repair,Not-in-family,White,Male,0,0,40,United-States,0,25-44,0
27,Private,Some-college,10,Never-married,Farming-fishing,Own-child,White,Male,0,0,45,United-States,0,25-44,0
64,Private,1st-4th,2,Divorced,Priv-house-serv,Not-in-family,White,Female,0,0,12,United-States,0,45plus,0
26,Private,Bachelors,13,Never-married,Prof-specialty,Not-in-family,White,Female,0,0,40,United-States,0,25-44,0
44,Private,HS-grad,9,Married-civ-spouse,Sales,Wife,White,Female,0,0,40,United-States,0,25-44,0
24,Private,12th,8,Never-married,Sales,Not-in-family,White,Male,0,0,40,United-States,0,under25,0
88,Self-emp-not-inc,Prof-school,15,Married-civ-spouse,Prof-specialty,Husband,White,Male,0,0,40,United-States,0,45plus,1
20,State-gov,Some-college,10,Married-civ-spouse,Other-service,Husband,White,Male,0,0,40,United-States,0,under25,0
31,Private,HS-grad,9,Married-civ-spouse,Craft-repair,Husband,White,Male,0,0,20,United-States,0,25-44,0
61,Federal-gov,Some-college,10,Married-civ-spouse,Adm-clerical,Husband,White,Male,0,0,40,United-States,1,45plus,0
38,Private,Bachelors,13,Married-civ-spouse,Sales,Husband,White,Male,0,0,50,United-States,1,25-44,1
18,Private,Some-college,10,Never-married,Adm-clerical,Own-child,White,Female,0,0,38,United-States,0,under25,0
42,Private,Bachelors,13,Separated,Other-service,Not-in-family,White,Female,0,0,50,United-States,0,25-44,0
34,Private,HS-grad,9,Married-civ-spouse,Craft-repair,Husband,White,Male,0,0,30,Germany,0,25-44,0
37,Self-emp-not-inc,HS-grad,9,Married-civ-spouse,Farming-fishing,Husband,White,Male,0,0,72,United-States,0,25-44,0
28,Private,HS-grad,9,Never-married,Craft-repair,Not-in-family,White,Male,0,0,40,United-States,0,25-44,0
46,State-gov,Bachelors,13,Married-civ-spouse,Exec-managerial,Husband,White,Male,0,0,40,United-States,1,45plus,1
21,Private,Some-college,10,Never-married,Other-service,Own-child,White,Female,0,0,37,United-States,0,under25,0
28,Private,11th,7,Married-civ-spouse,Exec-managerial,Husband,White,Male,0,0,50,United-States,1,25-44,0
56,Private,HS-grad,9,Married-civ-spouse,Machine-op-inspct,Husband,White,Male,0,0,40,United-States,0,45plus,0
22,State-gov,Some-college,10,Never-married,Adm-clerical,Unmarried,Black,Female,0,0,40,United-States,0,under25,0
23,Private,Some-college,10,Never-married,Adm-clerical,Not-in-family,White,Male,0,0,20,United-States,0,under25,0
25,Private,HS-grad,9,Never-married,Handlers-cleaners,Unmarried,Black,Female,0,0,25,United-States,0,under25,0
21,Private,Some-college,10,Never-married,Sales,Own-child,White,Male,0,0,35,United-States,0,under25,0
20,Private,Masters,14,Never-married,Exec-managerial,Own-child,White,Male,0,0,25,United-States,0,under25,0
39,Private,11th,7,Divorced,Other-service,Own-child,White,Male,0,0,40,United-States,0,25-44,0
27,Private,Assoc-acdm,12,Married-civ-spouse,Exec-managerial,Husband,White,Male,0,0,40,United-States,0,25-44,0
31,Private,HS-grad,9,Married-civ-spouse,Machine-op-inspct,Wife,White,Female,0,0,40,United-States,0,25-44,0
50,Private,Some-college,10,Married-civ-spouse,Exec-managerial,Husband,White,Male,0,0,50,United-States,1,45plus,1
39,Local-gov,Bachelors,13,Widowed,Prof-specialty,Unmarried,Asian-Pac-Islander,Female,0,0,10,Japan,0,25-44,0
29,Private,Assoc-acdm,12,Divorced,Sales,Unmarried,White,Female,3418,0,40,United-States,0,25-44,0
46,Federal-gov,Assoc-voc,11,Divorced,Craft-repair,Not-in-family,Amer-Indian-Eskimo,Female,0,0,60,United-States,0,45plus,0
49,Federal-gov,HS-grad,9,Divorced,Adm-clerical,Unmarried,Black,Female,0,0,40,United-States,0,45plus,0
71,Private,HS-grad,9,Widowed,Adm-clerical,Not-in-family,White,Female,0,0,40,United-States,0,45plus,0
34,Private,Some-college,10,Married-civ-spouse,Exec-managerial,Husband,White,Male,0,0,60,United-States,1,25-44,1
25,Private,Prof-school,15,Never-married,Prof-specialty,Not-in-family,White,Female,0,0,20,United-States,0,under25,0
28,Private,HS-grad,9,Never-married,Other-service,Own-child,White,Male,0,0,20,United-States,0,25-44,0
40,Private,HS-grad,9,Separated,Machine-op-inspct,Not-in-family,White,Female,0,0,40,United-States,0,25-44,0
59,State-gov,HS-grad,9,Never-married,Adm-clerical,Own-child,White,Male,0,0,40,United-States,0,45plus,0
51,Private,Bachelors,13,Married-civ-spouse,Craft-repair,Husband,White,Male,0,0,50,United-States,0,45plus,1
28,Private,HS-grad,9,Married-civ-spouse,Craft-repair,Husband,White,Male,0,1848,42,United-States,1,25-44,0
59,Private,Some-college,10,Married-civ-spouse,Adm-clerical,Other-relative,White,Female,0,0,16,United-States,1,45plus,0
24,Private,HS-grad,9,Never-married,Sales,Own-child,White,Male,0,0,40,United-States,0,under25,0
49,Private,HS-grad,9,Divorced,Exec-managerial,Unmarried,White,Male,0,0,50,United-States,0,45plus,0
37,Self-emp-not-inc,HS-grad,9,Married-civ-spouse,Prof-specialty,Wife,White,Female,0,0,35,United-States,1,25-44,0
53,Self-emp-inc,5th-6th,3,Married-civ-spouse,Sales,Husband,White,Male,0,0,40,Mexico,1,45plus,0
28,Private,HS-grad,9,Never-married,Transport-moving,Own-child,White,Male,0,0,40,United-States,0,25-44,0
26,Private,11th,7,Married-civ-spouse,Other-service,Other-relative,White,Male,0,0,25,United-States,0,25-44,0
44,Self-emp-not-inc,Assoc-acdm,12,Married-civ-spouse,Other-service,Wife,White,Female,0,0,99,United-States,0,25-44,0
23,Private,HS-grad,9,Never-married,Craft-repair,Unmarried,White,Male,0,0,45,Outlying-US(Guam-USVI-etc),0,under25,0
43,Private,Masters,14,Married-civ-spouse,Prof-specialty,Husband,White,Male,0,0,50,United-States,1,25-44,1
41,Private,HS-grad,9,Married-civ-spouse,Exec-managerial,Husband,White,Male,0,1485,40,United-States,1,25-44,0
42,Self-emp-not-inc,HS-grad,9,Married-civ-spouse,Craft-repair,Husband,Black,Male,0,0,25,Jamaica,0,25-44,0
39,Self-emp-not-inc,9th,5,Married-civ-spouse,Farming-fishing,Other-relative,White,Male,0,0,40,Cuba,0,25-44,0
61,Local-gov,Bachelors,13,Married-civ-spouse,Prof-specialty,Husband,White,Male,0,0,42,United-States,0,45plus,1
23,Private,Some-college,10,Never-married,Other-service,Own-child,White,Female,0,0,40,United-States,0,under25,0
32,Private,HS-grad,9,Divorced,Machine-op-inspct,Own-child,White,Male,0,0,50,United-States,0,25-44,0
20,Self-emp-inc,HS-grad,9,Never-married,Machine-op-inspct,Own-child,White,Female,0,0,30,United-States,0,under25,0
33,Private,Bachelors,13,Married-civ-spouse,Exec-managerial,Husband,White,Male,0,0,50,United-States,1,25-44,1
44,Self-emp-inc,Some-college,10,Married-civ-spouse,Sales,Husband,White,Male,0,0,70,United-States,1,25-44,0
19,Private,HS-grad,9,Never-married,Transport-moving,Own-child,White,Male,0,0,30,United-States,0,under25,0
53,Private,HS-grad,9,Divorced,Prof-specialty,Not-in-family,White,Male,0,0,40,United-States,0,45plus,0
30,Private,HS-grad,9,Never-married,Sales,Not-in-family,White,Female,0,1980,40,United-States,0,25-44,0
65,Self-emp-not-inc,HS-grad,9,Married-civ-spouse,Sales,Husband,White,Male,0,0,55,United-States,0,45plus,0
41,Federal-gov,Some-college,10,Never-married,Protective-serv,Own-child,White,Male,0,0,40,United-States,0,25-44,0
26,Private,HS-grad,9,Married-civ-spouse,Transport-moving,Husband,White,Male,0,0,40,United-States,0,25-44,0
60,Private,HS-grad,9,Divorced,Sales,Not-in-family,White,Female,0,0,33,United-States,0,45plus,0
38,Federal-gov,HS-grad,9,Never-married,Adm-clerical,Unmarried,White,Female,0,0,40,United-States,0,25-44,0
25,Private,Some-college,10,Never-married,Transport-moving,Not-in-family,White,Female,0,0,45,United-States,0,under25,0
53,Local-gov,Masters,14,Divorced,Prof-specialty,Unmarried,White,Female,0,0,50,United-States,0,45plus,0
26,Self-emp-not-inc,Assoc-voc,11,Never-married,Farming-fishing,Own-child,White,Male,0,0,65,United-States,0,25-44,0
33,State-gov,10th,6,Married-civ-spouse,Other-service,Husband,White,Male,0,0,40,United-States,0,25-44,0
53,Self-emp-inc,Bachelors,13,Married-civ-spouse,Sales,Husband,White,Male,0,0,45,United-States,1,45plus,1
49,Self-emp-not-inc,Bachelors,13,Married-civ-spouse,Farming-fishing,Husband,White,Male,0,0,50,United-States,0,45plus,0
27,Private,HS-grad,9,Never-married,Other-service,Not-in-family,White,Female,0,0,52,United-States,0,25-44,0
43,Private,5th-6th,3,Divorced,Priv-house-serv,Unmarried,White,Female,0,0,40,Mexico,0,25-44,0
52,Private,1st-4th,2,Married-civ-spouse,Machine-op-inspct,Husband,White,Male,0,0,40,Mexico,0,45plus,0
37,Private,Some-college,10,Married-civ-spouse,Exec-managerial,Husband,White,Male,0,0,50,United-States,0,25-44,1
46,Private,Bachelors,13,Married-civ-spouse,Exec-managerial,Husband,White,Male,15024,0,45,United-States,1,45plus,1
90,Private,7th-8th,4,Married-civ-spouse,Machine-op-inspct,Husband,White,Male,0,0,40,United-States,0,45plus,0
32,Private,HS-grad,9,Married-civ-spouse,Craft-repair,Husband,White,Male,0,0,40,United-States,0,25-44,0
24,State-gov,HS-grad,9,Never-married,Adm-clerical,Unmarried,Black,Female,0,0,20,United-States,0,under25,0
39,Self-emp-inc,HS-grad,9,Married-civ-spouse,Craft-repair,Husband,White,Male,5178,0,50,United-States,1,25-44,1
25,Private,HS-grad,9,Never-married,Adm-clerical,Unmarried,White,Female,0,0,40,Mexico,0,under25,0
33,Private,Assoc-acdm,12,Married-spouse-absent,Craft-repair,Not-in-family,White,Male,0,0,20,United-States,0,25-44,0
23,Private,Bachelors,13,Never-married,Machine-op-inspct,Own-child,White,Male,0,0,40,United-States,0,under25,0
58,Private,Masters,14,Widowed,Sales,Not-in-family,White,Female,0,0,27,United-States,0,45plus,0
25,Private,Some-college,10,Married-civ-spouse,Sales,Husband,White,Male,0,0,40,United-States,0,under25,0
61,Private,5th-6th,3,Married-civ-spouse,Craft-repair,Husband,White,Male,0,0,40,El-Salvador,0,45plus,0
45,Private,HS-grad,9,Married-civ-spouse,Handlers-cleaners,Husband,Black,Male,7298,0,40,United-States,1,25-44,1
47,Local-gov,HS-grad,9,Married-civ-spouse,Craft-repair,Husband,White,Male,0,0,40,United-States,0,45plus,0
44,Self-emp-inc,Bachelors,13,Married-civ-spouse,Exec-managerial,Husband,White,Male,99999,0,45,United-States,1,25-44,1
20,Private,Some-college,10,Never-married,Other-service,Own-child,White,Male,0,0,20,United-States,0,under25,0
33,State-gov,Assoc-voc,11,Married-civ-spouse,Prof-specialty,Husband,White,Male,0,0,40,United-States,0,25-44,0
32,Local-gov,7th-8th,4,Married-civ-spouse,Other-service,Husband,White,Male,0,0,40,United-States,0,25-44,0
23,Private,9th,5,Separated,Other-service,Not-in-family,White,Male,0,0,40,United-States,0,under25,0
25,Private,10th,6,Married-civ-spouse,Craft-repair,Husband,White,Male,0,0,40,Mexico,0,under25,0
63,Self-emp-not-inc,Bachelors,13,Never-married,Transport-moving,Not-in-family,White,Male,0,0,40,United-States,0,45plus,0
27,Private,Some-college,10,Married-civ-spouse,Prof-specialty,Husband,White,Male,0,0,40,United-States,1,25-44,0
37,Private,Masters,14,Never-married,Exec-managerial,Not-in-family,White,Female,0,0,40,United-States,1,25-44,0
25,Private,Some-college,10,Divorced,Exec-managerial,Unmarried,White,Female,0,0,25,United-States,0,under25,0
31,Private,Masters,14,Never-married,Exec-managerial,Not-in-family,White,Male,0,1564,40,United-States,1,25-44,0
44,Private,Doctorate,16,Never-married,Prof-specialty,Not-in-family,White,Male,0,0,45,United-States,0,25-44,0
61,Private,HS-grad,9,Married-civ-spouse,Machine-op-inspct,Husband,White,Male,3471,0,40,United-States,0,45plus,0
20,Federal-gov,Some-college,10,Never-married,Tech-support,Not-in-family,White,Male,0,0,40,United-States,0,under25,0
27,State-gov,Some-college,10,Divorced,Adm-clerical,Unmarried,Black,Male,0,0,40,Jamaica,0,25-44,0
49,Private,HS-grad,9,Never-married,Handlers-cleaners,Own-child,White,Male,0,0,80,United-States,0,45plus,0
24,Federal-gov,HS-grad,9,Never-married,Adm-clerical,Not-in-family,White,Female,0,0,40,United-States,0,under25,0
38,Private,Masters,14,Married-civ-spouse,Prof-specialty,Husband,White,Male,0,0,40,United-States,1,25-44,1
56,Local-gov,Some-college,10,Married-civ-spouse,Adm-clerical,Wife,White,Female,0,0,15,United-States,0,45plus,0
30,Private,Some-college,10,Divorced,Other-service,Own-child,White,Female,0,0,20,United-States,0,25-44,0
46,Private,11th,7,Married-civ-spouse,Machine-op-inspct,Husband,White,Male,0,0,40,United-States,0,45plus,0
18,Private,11th,7,Never-married,Adm-clerical,Own-child,White,Female,0,0,5,United-States,0,under25,0
36,Private,HS-grad,9,Married-civ-spouse,Sales,Husband,White,Male,0,0,50,United-States,0,25-44,0
23,Private,Some-college,10,Never-married,Transport-moving,Not-in-family,White,Male,0,0,40,United-States,0,under25,0
28,Private,Bachelors,13,Never-married,Exec-managerial,Own-child,White,Female,0,0,45,United-States,0,25-44,0
24,Private,HS-grad,9,Never-married,Transport-moving,Unmarried,White,Female,0,0,40,Mexico,0,under25,0
24,Private,7th-8th,4,Never-married,Sales,Own-child,White,Male,0,0,40,United-States,0,under25,0
45,Private,Bachelors,13,Married-civ-spouse,Sales,Wife,White,Female,0,0,42,United-States,1,25-44,1
44,Self-emp-not-inc,HS-grad,9,Married-civ-spouse,Farming-fishing,Husband,Asian-Pac-Islander,Male,0,0,42,Japan,0,25-44,0
22,Private,Some-college,10,Never-married,Protective-serv,Not-in-family,White,Male,0,0,20,United-States,0,under25,0
43,Private,Assoc-acdm,12,Never-married,Adm-clerical,Not-in-family,White,Female,0,0,38,United-States,0,25-44,0
36,Private,HS-grad,9,Separated,Sales,Unmarried,Black,Female,0,0,40,United-States,0,25-44,0
21,Private,Some-college,10,Never-married,Exec-managerial,Not-in-family,White,Male,0,0,40,United-States,0,under25,0
26,Private,Bachelors,13,Never-married,Sales,Not-in-family,White,Female,0,0,48,United-States,0,25-44,0
47,Private,Some-college,10,Married-civ-spouse,Exec-managerial,Husband,White,Male,0,0,40,United-States,1,45plus,1
33,Private,11th,7,Never-married,Sales,Unmarried,Black,Female,0,0,17,United-States,0,25-44,0
63,Local-gov,Bachelors,13,Married-civ-spouse,Prof-specialty,Husband,White,Male,0,0,40,United-States,1,45plus,1
27,Private,Some-college,10,Married-civ-spouse,Adm-clerical,Husband,White,Male,2829,0,40,United-States,0,25-44,0
47,Private,Bachelors,13,Married-civ-spouse,Tech-support,Husband,White,Male,0,0,48,United-States,0,45plus,1
51,Private,Assoc-acdm,12,Married-civ-spouse,Sales,Husband,White,Male,0,0,50,United-States,0,45plus,0
29,Private,Assoc-acdm,12,Divorced,Prof-specialty,Unmarried,White,Female,0,0,35,United-States,0,25-44,0
52,Local-gov,Some-college,10,Divorced,Exec-managerial,Not-in-family,White,Female,0,0,38,United-States,0,45plus,0
19,Private,Assoc-voc,11,Never-married,Other-service,Own-child,Asian-Pac-Islander,Male,0,0,16,United-States,0,under25,0
36,Private,10th,6,Married-civ-spouse,Craft-repair,Husband,White,Male,0,0,40,United-States,0,25-44,0
42,Private,11th,7,Divorced,Craft-repair,Not-in-family,White,Male,0,0,40,United-States,0,25-44,0
52,Federal-gov,Masters,14,Never-married,Adm-clerical,Not-in-family,White,Female,0,0,40,United-States,1,45plus,0
56,Private,Some-college,10,Married-civ-spouse,Exec-managerial,Wife,White,Female,7688,0,50,United-States,1,45plus,1
62,Private,HS-grad,9,Widowed,Sales,Not-in-family,White,Female,0,0,32,United-States,0,45plus,0
43,Federal-gov,Masters,14,Married-civ-spouse,Craft-repair,Husband,White,Male,0,0,40,United-States,0,25-44,1
19,Private,HS-grad,9,Never-married,Sales,Own-child,White,Male,0,0,50,United-States,0,under25,0
22,Self-emp-not-inc,HS-grad,9,Married-civ-spouse,Craft-repair,Husband,White,Male,0,0,60,United-States,0,under25,0
24,Self-emp-not-inc,HS-grad,9,Never-married,Craft-repair,Own-child,White,Male,0,0,50,United-States,0,under25,0
26,Private,Some-college,10,Never-married,Handlers-cleaners,Own-child,Black,Female,0,0,20,United-States,0,25-44,0
65,Self-emp-not-inc,5th-6th,3,Married-civ-spouse,Farming-fishing,Husband,White,Male,1797,0,21,United-States,0,45plus,0
36,Private,HS-grad,9,Married-civ-spouse,Craft-repair,Husband,White,Male,0,0,41,United-States,0,25-44,0
41,Private,Assoc-voc,11,Married-civ-spouse,Sales,Husband,White,Male,0,0,40,United-States,0,25-44,0
23,Private,Some-college,10,Never-married,Adm-clerical,Own-child,White,Female,0,1617,25,United-States,0,under25,0
51,Private,Some-college,10,Married-civ-spouse,Exec-managerial,Husband,White,Male,0,0,45,United-States,0,45plus,1
55,Private,HS-grad,9,Divorced,Craft-repair,Not-in-family,White,Male,0,0,40,United-States,0,45plus,0
39,Self-emp-not-inc,Some-college,10,Never-married,Prof-specialty,Not-in-family,White,Male,0,1564,12,United-States,1,25-44,0
30,Private,11th,7,Married-civ-spouse,Farming-fishing,Husband,White,Male,0,0,60,Mexico,0,25-44,0
18,Private,11th,7,Never-married,Craft-repair,Own-child,White,Male,0,0,30,United-States,0,under25,0
34,Private,HS-grad,9,Separated,Craft-repair,Not-in-family,White,Male,0,0,45,Portugal,0,25-44,0
22,Private,Some-college,10,Never-married,Other-service,Not-in-family,White,Female,0,0,20,United-States,0,under25,0
24,Federal-gov,Bachelors,13,Never-married,Exec-managerial,Not-in-family,White,Male,0,0,40,United-States,0,under25,0
74,Private,10th,6,Widowed,Other-service,Not-in-family,Black,Female,0,0,6,United-States,0,45plus,0
47,Private,Some-college,10,Married-civ-spouse,Exec-managerial,Husband,Asian-Pac-Islander,Male,0,0,40,United-States,0,45plus,1
23,Private,Assoc-acdm,12,Married-civ-spouse,Other-service,Wife,White,Female,0,0,40,Puerto-Rico,0,under25,0
25,Self-emp-not-inc,HS-grad,9,Never-married,Sales,Unmarried,Asian-Pac-Islander,Female,0,0,40,United-States,0,under25,0
57,Private,5th-6th,3,Married-civ-spouse,Transport-moving,Husband,White,Male,0,0,40,United-States,0,45plus,0
43,Private,Bachelors,13,Married-civ-spouse,Farming-fishing,Husband,White,Male,0,0,50,United-States,1,25-44,0
31,State-gov,Masters,14,Never-married,Tech-support,Not-in-family,White,Male,0,0,40,United-States,0,25-44,0
41,Private,Assoc-acdm,12,Divorced,Adm-clerical,Unmarried,White,Female,0,0,38,United-States,0,25-44,0
35,Private,Bachelors,13,Married-civ-spouse,Prof-specialty,Husband,White,Male,0,0,45,United-States,1,25-44,1
43,Self-emp-inc,HS-grad,9,Married-civ-spouse,Sales,Husband,White,Male,0,0,50,United-States,0,25-44,0
21,Private,HS-grad,9,Never-married,Other-service,Not-in-family,White,Female,0,0,28,United-States,0,under25,0
25,Private,Bachelors,13,Never-married,Handlers-cleaners,Own-child,White,Male,0,0,40,United-States,0,under25,0
21,Private,11th,7,Never-married,Craft-repair,Own-child,White,Male,0,0,45,United-States,0,under25,0
45,Federal-gov,Some-college,10,Married-civ-spouse,Prof-specialty,Husband,White,Male,0,0,56,United-States,1,25-44,1
53,Private,11th,7,Married-civ-spouse,Craft-repair,Husband,Black,Male,0,0,40,United-States,0,45plus,0
42,State-gov,Masters,14,Divorced,Exec-managerial,Not-in-family,White,Male,0,0,45,United-States,0,25-44,0
59,Private,HS-grad,9,Widowed,Other-service,Not-in-family,White,Female,0,0,10,United-States,0,45plus,0
39,Private,HS-grad,9,Never-married,Sales,Not-in-family,White,Female,0,0,40,Poland,0,25-44,0
43,Private,HS-grad,9,Married-civ-spouse,Exec-managerial,Husband,White,Male,0,0,44,United-States,0,25-44,0
58,Private,Some-college,10,Married-civ-spouse,Tech-support,Husband,White,Male,0,0,36,United-States,0,45plus,0
24,Self-emp-inc,Bachelors,13,Never-married,Exec-managerial,Own-child,White,Male,0,0,40,United-States,0,under25,0
67,Self-emp-not-inc,7th-8th,4,Married-civ-spouse,Farming-fishing,Husband,White,Male,0,0,40,United-States,0,45plus,0
50,Private,Bachelors,13,Married-civ-spouse,Sales,Husband,White,Male,0,0,40,United-States,1,45plus,1
54,Private,HS-grad,9,Married-civ-spouse,Craft-repair,Husband,White,Male,0,0,40,United-States,1,45plus,0
41,Private,HS-grad,9,Married-civ-spouse,Sales,Husband,White,Male,7298,0,50,United-States,1,25-44,1
22,Private,HS-grad,9,Never-married,Sales,Own-child,White,Female,0,0,40,United-States,0,under25,0
17,Private,10th,6,Never-married,Sales,Unmarried,White,Female,0,0,24,United-States,0,under25,0
51,Self-emp-not-inc,HS-grad,9,Married-civ-spouse,Craft-repair,Husband,White,Male,3137,0,60,United-States,0,45plus,0
33,Private,11th,7,Married-civ-spouse,Other-service,Husband,White,Male,0,0,40,United-States,0,25-44,0
19,Private,Assoc-acdm,12,Never-married,Exec-managerial,Not-in-family,White,Female,0,0,50,United-States,0,under25,0
23,Private,Assoc-acdm,12,Never-married,Adm-clerical,Own-child,White,Male,0,0,40,United-States,0,under25,0
28,Private,Some-college,10,Never-married,Exec-managerial,Not-in-family,White,Male,0,1669,60,United-States,0,25-44,0
50,Self-emp-not-inc,Assoc-voc,11,Married-civ-spouse,Sales,Husband,White,Male,0,0,60,United-States,1,45plus,0
32,Local-gov,Masters,14,Never-married,Prof-specialty,Not-in-family,White,Male,0,0,60,United-States,0,25-44,0
38,Private,Some-college,10,Divorced,Prof-specialty,Not-in-family,White,Female,0,0,32,United-States,0,25-44,0
38,Private,11th,7,Divorced,Handlers-cleaners,Not-in-family,White,Female,0,0,60,United-States,0,25-44,0
21,Private,Assoc-acdm,12,Never-married,Adm-clerical,Own-child,White,Male,0,0,35,United-States,0,under25,0
40,Private,Some-college,10,Married-civ-spouse,Craft-repair,Husband,White,Male,0,0,44,United-States,1,25-44,0
36,Private,Bachelors,13,Divorced,Prof-specialty,Unmarried,White,Female,0,0,45,El-Salvador,0,25-44,0
30,Private,Some-college,10,Never-married,Sales,Own-child,White,Female,0,0,40,El-Salvador,0,25-44,0
24,Private,Some-college,10,Never-married,Adm-clerical,Own-child,White,Female,0,0,30,United-States,0,under25,0
25,Private,HS-grad,9,Never-married,Craft-repair,Not-in-family,White,Male,0,0,35,United-States,0,under25,0
32,Private,HS-grad,9,Married-civ-spouse,Exec-managerial,Wife,White,Female,0,0,48,United-States,0,25-44,0
34,Self-emp-inc,Some-college,10,Married-civ-spouse,Sales,Husband,White,Male,0,0,60,United-States,1,25-44,0
30,Private,HS-grad,9,Married-civ-spouse,Craft-repair,Husband,White,Male,0,0,46,United-States,0,25-44,0
52,Private,Masters,14,Married-civ-spouse,Prof-specialty,Husband,White,Male,0,0,45,United-States,1,45plus,1
21,Private,Some-college,10,Never-married,Other-service,Own-child,White,Female,0,0,9,United-States,0,under25,0
19,Private,HS-grad,9,Never-married,Machine-op-inspct,Own-child,Black,Female,0,0,40,United-States,0,under25,0
34,Private,Some-college,10,Divorced,Exec-managerial,Not-in-family,White,Male,0,0,50,United-States,0,25-44,0
17,Private,11th,7,Never-married,Sales,Own-child,White,Female,0,0,40,United-States,0,under25,0
29,Federal-gov,Some-college,10,Married-civ-spouse,Protective-serv,Husband,White,Male,0,0,60,United-States,0,25-44,0
60,Private,12th,8,Married-civ-spouse,Adm-clerical,Husband,White,Male,0,0,40,United-States,0,45plus,0
17,Private,10th,6,Never-married,Craft-repair,Not-in-family,White,Male,594,0,30,United-States,0,under25,0
19,Private,HS-grad,9,Never-married,Sales,Own-child,White,Female,0,0,20,United-States,0,under25,0
35,Private,HS-grad,9,Divorced,Exec-managerial,Not-in-family,White,Male,0,0,60,United-States,0,25-44,0
40,Private,Bachelors,13,Divorced,Exec-managerial,Not-in-family,White,Female,0,0,45,United-States,1,25-44,0
60,Private,7th-8th,4,Married-civ-spouse,Handlers-cleaners,Husband,White,Male,0,0,40,United-States,0,45plus,0
21,Private,Some-college,10,Never-married,Sales,Own-child,White,Female,0,0,25,United-States,0,under25,0
54,Private,Some-college,10,Divorced,Exec-managerial,Not-in-family,White,Female,0,0,40,Italy,0,45plus,0
61,Private,Some-college,10,Married-civ-spouse,Sales,Husband,White,Male,0,0,45,United-States,1,45plus,0
30,Private,HS-grad,9,Married-civ-spouse,Exec-managerial,Husband,White,Male,0,0,65,United-States,1,25-44,0
23,State-gov,12th,8,Never-married,Exec-managerial,Not-in-family,White,Male,0,0,40,United-States,0,under25,0
39,Private,Some-college,10,Divorced,Exec-managerial,Not-in-family,White,Male,0,0,38,United-States,0,25-44,0
37,Local-gov,Some-college,10,Married-spouse-absent,Adm-clerical,Unmarried,Black,Female,0,0,40,United-States,0,25-44,0
26,Private,Some-college,10,Never-married,Exec-managerial,Not-in-family,White,Male,0,0,40,United-States,0,25-44,0
34,Private,HS-grad,9,Married-civ-spouse,Adm-clerical,Wife,White,Female,0,0,40,United-States,0,25-44,0
42,Local-gov,Some-college,10,Divorced,Craft-repair,Not-in-family,White,Male,0,0,40,United-States,0,25-44,0
45,Private,Doctorate,16,Divorced,Prof-specialty,Unmarried,Black,Female,0,3004,35,United-States,1,25-44,1
54,Private,Some-college,10,Separated,Other-service,Not-in-family,White,Male,0,0,28,Columbia,0,45plus,0
59,Private,HS-grad,9,Married-civ-spouse,Sales,Husband,White,Male,0,0,40,United-States,1,45plus,0
36,Federal-gov,Some-college,10,Married-civ-spouse,Adm-clerical,Husband,White,Male,0,0,70,United-States,0,25-44,0
31,Self-emp-not-inc,HS-grad,9,Divorced,Craft-repair,Not-in-family,White,Male,0,0,60,United-States,0,25-44,0
48,Local-gov,Bachelors,13,Married-civ-spouse,Prof-specialty,Husband,White,Male,0,0,45,United-States,0,45plus,1
18,Private,12th,8,Never-married,Other-service,Own-child,White,Male,0,0,30,United-States,0,under25,0
36,Private,Assoc-voc,11,Married-civ-spouse,Exec-managerial,Husband,White,Male,0,1887,50,United-States,1,25-44,1
38,Private,Some-college,10,Widowed,Adm-clerical,Unmarried,Black,Female,0,0,40,United-States,0,25-44,0
22,Private,1st-4th,2,Never-married,Machine-op-inspct,Not-in-family,White,Male,0,0,24,Mexico,0,under25,0
38,Private,Some-college,10,Married-civ-spouse,Handlers-cleaners,Husband,Black,Male,0,0,40,United-States,0,25-44,0
51,Local-gov,Masters,14,Married-civ-spouse,Prof-specialty,Wife,White,Female,0,0,70,United-States,1,45plus,1
36,Private,Bachelors,13,Never-married,Prof-specialty,Own-child,White,Female,0,0,35,United-States,1,25-44,0
47,Private,Some-college,10,Married-civ-spouse,Prof-specialty,Husband,White,Male,0,0,40,United-States,0,45plus,0
21,Private,Some-college,10,Never-married,Sales,Unmarried,White,Male,0,0,40,United-States,0,under25,0
37,Local-gov,HS-grad,9,Married-civ-spouse,Protective-serv,Husband,White,Male,0,0,40,United-States,1,25-44,0
20,Private,Some-college,10,Never-married,Adm-clerical,Own-child,White,Female,0,0,40,United-States,0,under25,0
37,Local-gov,Masters,14,Married-civ-spouse,Prof-specialty,Wife,White,Female,0,0,45,United-States,1,25-44,1
23,Private,Bachelors,13,Married-civ-spouse,Exec-managerial,Husband,White,Male,0,0,40,United-States,0,under25,1
21,Private,Some-college,10,Never-married,Sales,Own-child,White,Female,0,0,24,United-States,0,under25,0
18,Private,11th,7,Never-married,Other-service,Own-child,White,Male,0,0,40,United-States,0,under25,0
38,Private,HS-grad,9,Divorced,Other-service,Unmarried,Black,Female,0,0,32,United-States,0,25-44,0
30,Private,HS-grad,9,Never-married,Handlers-cleaners,Own-child,White,Male,0,0,27,United-States,0,25-44,0
29,Private,Bachelors,13,Married-civ-spouse,Sales,Wife,White,Female,0,0,50,United-States,0,25-44,1
22,Private,HS-grad,9,Never-married,Handlers-cleaners,Own-child,White,Male,0,0,40,United-States,0,under25,0
74,Private,Some-college,10,Married-civ-spouse,Sales,Husband,White,Male,0,0,20,United-States,1,45plus,0
49,Self-emp-inc,Some-college,10,Married-civ-spouse,Sales,Husband,White,Male,0,0,70,United-States,1,45plus,0
43,Private,Bachelors,13,Married-civ-spouse,Prof-specialty,Husband,White,Male,0,0,42,United-States,1,25-44,1
36,Private,11th,7,Separated,Machine-op-inspct,Not-in-family,Black,Male,0,0,40,United-States,0,25-44,0
47,Private,7th-8th,4,Married-civ-spouse,Machine-op-inspct,Wife,Other,Female,0,0,40,Puerto-Rico,0,45plus,0
51,Self-emp-not-inc,HS-grad,9,Never-married,Farming-fishing,Not-in-family,White,Male,8614,0,40,United-States,1,45plus,1
30,Local-gov,Bachelors,13,Married-civ-spouse,Prof-specialty,Husband,White,Male,0,0,40,United-States,0,25-44,1
34,Private,Assoc-voc,11,Divorced,Tech-support,Unmarried,Black,Female,0,0,40,United-States,0,25-44,0
17,Private,12th,8,Never-married,Other-service,Own-child,White,Female,0,0,8,United-States,0,under25,0
48,Private,HS-grad,9,Married-civ-spouse,Other-service,Husband,White,Male,0,0,40,Mexico,1,45plus,0
44,Private,HS-grad,9,Married-civ-spouse,Transport-moving,Husband,White,Male,0,0,40,United-States,0,25-44,0
37,Federal-gov,Some-college,10,Married-civ-spouse,Adm-clerical,Husband,White,Male,7688,0,40,United-States,1,25-44,1
24,State-gov,Bachelors,13,Never-married,Tech-support,Not-in-family,White,Female,0,0,40,United-States,0,under25,0
41,Private,HS-grad,9,Divorced,Sales,Unmarried,Black,Female,0,0,40,United-States,0,25-44,0
31,Private,Some-college,10,Married-civ-spouse,Prof-specialty,Husband,White,Male,0,0,50,United-States,1,25-44,0
33,Private,Bachelors,13,Married-civ-spouse,Exec-managerial,Husband,White,Male,0,0,65,United-States,1,25-44,1
23,Private,HS-grad,9,Never-married,Sales,Not-in-family,White,Male,0,1669,55,United-States,0,under25,0
50,Private,Bachelors,13,Married-civ-spouse,Sales,Husband,White,Male,0,0,40,United-States,1,45plus,1
34,Private,Assoc-voc,11,Divorced,Tech-support,Unmarried,White,Female,0,0,40,United-States,0,25-44,0
47,Private,HS-grad,9,Married-civ-spouse,Sales,Husband,White,Male,0,0,45,United-States,0,45plus,0
46,Private,HS-grad,9,Married-civ-spouse,Exec-managerial,Wife,White,Female,0,0,28,United-States,1,45plus,0
28,Private,9th,5,Never-married,Other-service,Other-relative,White,Male,0,0,52,United-States,0,25-44,0
53,Private,HS-grad,9,Married-civ-spouse,Adm-clerical,Wife,Black,Female,0,0,32,United-States,0,45plus,0
25,Private,Assoc-voc,11,Married-civ-spouse,Prof-specialty,Wife,White,Female,0,1887,40,United-States,1,under25,1
23,Self-emp-not-inc,10th,6,Never-married,Craft-repair,Not-in-family,White,Male,0,0,60,United-States,0,under25,0
43,Private,Some-college,10,Married-civ-spouse,Exec-managerial,Husband,White,Male,0,0,40,United-States,0,25-44,1
31,Private,HS-grad,9,Married-civ-spouse,Transport-moving,Husband,White,Male,0,0,45,United-States,0,25-44,0
42,Private,HS-grad,9,Married-civ-spouse,Craft-repair,Husband,White,Male,0,0,50,United-States,0,25-44,0
31,Private,HS-grad,9,Never-married,Exec-managerial,Not-in-family,White,Male,3325,0,40,United-States,0,25-44,0
51,Private,HS-grad,9,Divorced,Adm-clerical,Not-in-family,White,Female,0,0,40,United-States,0,45plus,0
52,Private,Some-college,10,Married-civ-spouse,Craft-repair,Husband,White,Male,0,0,40,United-States,1,45plus,0
34,Self-emp-not-inc,Prof-school,15,Married-civ-spouse,Prof-specialty,Husband,White,Male,0,0,55,United-States,1,25-44,1
34,Private,Doctorate,16,Never-married,Prof-specialty,Not-in-family,White,Male,0,0,40,Taiwan,1,25-44,0
49,Local-gov,11th,7,Divorced,Handlers-cleaners,Unmarried,White,Male,0,0,40,United-States,0,45plus,0
32,Private,HS-grad,9,Never-married,Craft-repair,Not-in-family,White,Male,0,0,40,United-States,0,25-44,0
49,State-gov,Some-college,10,Divorced,Adm-clerical,Unmarried,White,Female,0,0,50,United-States,0,45plus,0
33,Private,HS-grad,9,Divorced,Adm-clerical,Unmarried,White,Female,0,0,45,United-States,0,25-44,0
38,Private,9th,5,Married-civ-spouse,Farming-fishing,Husband,White,Male,0,0,54,Mexico,0,25-44,0
46,Private,Some-college,10,Married-civ-spouse,Tech-support,Husband,White,Male,0,0,40,United-States,1,45plus,0
25,Private,HS-grad,9,Married-civ-spouse,Craft-repair,Own-child,White,Male,0,0,40,United-States,0,under25,0
19,Private,HS-grad,9,Never-married,Sales,Own-child,White,Female,0,0,24,United-States,0,under25,0
49,Private,HS-grad,9,Separated,Prof-specialty,Unmarried,White,Female,0,625,40,Puerto-Rico,0,45plus,0
23,Private,Bachelors,13,Never-married,Other-service,Own-child,Black,Female,0,0,30,United-States,0,under25,0
28,Self-emp-not-inc,HS-grad,9,Divorced,Craft-repair,Own-child,White,Male,0,0,40,United-States,0,25-44,0
52,Private,11th,7,Widowed,Other-service,Unmarried,Black,Female,0,0,40,United-States,0,45plus,0
40,Private,Masters,14,Married-civ-spouse,Exec-managerial,Husband,White,Male,0,0,40,United-States,1,25-44,1
67,Federal-gov,HS-grad,9,Widowed,Other-service,Unmarried,White,Male,0,0,40,United-States,0,45plus,0
58,Self-emp-inc,HS-grad,9,Never-married,Sales,Not-in-family,White,Male,0,0,47,United-States,0,45plus,0
31,Private,Some-college,10,Married-civ-spouse,Exec-managerial,Husband,White,Male,0,0,50,Jamaica,1,25-44,0
28,Private,Bachelors,13,Married-civ-spouse,Prof-specialty,Husband,White,Male,0,0,50,United-States,0,25-44,1
27,Private,HS-grad,9,Never-married,Handlers-cleaners,Own-child,White,Male,0,0,37,United-States,0,25-44,0
32,Private,HS-grad,9,Divorced,Other-service,Unmarried,Other,Female,0,0,28,United-States,0,25-44,0
59,Private,12th,8,Divorced,Transport-moving,Other-relative,Black,Male,0,0,35,United-States,0,45plus,0
51,Private,Masters,14,Married-civ-spouse,Prof-specialty,Husband,White,Male,0,0,47,United-States,1,45plus,1
23,State-gov,Assoc-acdm,12,Never-married,Adm-clerical,Not-in-family,White,Female,0,0,25,United-States,0,under25,0
28,Private,Bachelors,13,Married-civ-spouse,Other-service,Wife,White,Female,0,0,15,United-States,0,25-44,0
57,Federal-gov,HS-grad,9,Never-married,Adm-clerical,Not-in-family,White,Male,0,2258,40,United-States,0,45plus,0
20,Private,Some-college,10,Never-married,Prof-specialty,Own-child,White,Female,0,0,48,United-States,0,under25,0
36,Private,HS-grad,9,Separated,Adm-clerical,Not-in-family,White,Female,0,0,38,United-States,0,25-44,0
58,Self-emp-not-inc,Bachelors,13,Married-civ-spouse,Farming-fishing,Husband,White,Male,0,0,25,United-States,0,45plus,0
56,Private,HS-grad,9,Divorced,Craft-repair,Unmarried,White,Female,0,0,40,United-States,0,45plus,0
25,Private,HS-grad,9,Married-civ-spouse,Transport-moving,Husband,White,Male,0,0,40,United-States,1,under25,0
19,Private,HS-grad,9,Never-married,Sales,Own-child,White,Female,0,0,20,United-States,0,under25,0
43,Self-emp-not-inc,Some-college,10,Married-civ-spouse,Sales,Husband,White,Male,7298,0,50,Mexico,1,25-44,1
42,Local-gov,Masters,14,Separated,Exec-managerial,Unmarried,Black,Male,0,0,45,United-States,1,25-44,0
34,Self-emp-not-inc,HS-grad,9,Married-civ-spouse,Craft-repair,Husband,White,Male,0,0,40,United-States,1,25-44,0
52,Local-gov,7th-8th,4,Never-married,Other-service,Other-relative,Black,Female,0,0,40,United-States,0,45plus,0
61,Private,Bachelors,13,Married-civ-spouse,Prof-specialty,Husband,White,Male,0,1848,40,United-States,1,45plus,1
22,Private,HS-grad,9,Never-married,Machine-op-inspct,Not-in-family,White,Male,0,0,50,United-States,0,under25,0
26,Private,Some-college,10,Never-married,Other-service,Own-child,White,Female,0,0,45,United-States,0,25-44,0
46,Private,5th-6th,3,Married-civ-spouse,Machine-op-inspct,Husband,White,Male,0,0,40,Mexico,0,45plus,0
40,Private,HS-grad,9,Married-civ-spouse,Transport-moving,Husband,Black,Male,0,0,40,United-States,1,25-44,0
26,Private,HS-grad,9,Never-married,Transport-moving,Not-in-family,White,Male,0,0,40,United-States,0,25-44,0
35,Self-emp-not-inc,HS-grad,9,Married-civ-spouse,Craft-repair,Husband,White,Male,0,0,60,United-States,1,25-44,0
39,Private,HS-grad,9,Married-civ-spouse,Craft-repair,Husband,White,Male,0,0,30,United-States,0,25-44,0
43,Private,12th,8,Married-civ-spouse,Adm-clerical,Husband,Black,Male,0,0,40,United-States,0,25-44,0
39,Private,HS-grad,9,Never-married,Sales,Unmarried,White,Female,0,0,60,United-States,0,25-44,0
48,Local-gov,Bachelors,13,Married-civ-spouse,Prof-specialty,Wife,White,Female,0,0,50,United-States,1,45plus,1
44,Local-gov,HS-grad,9,Married-civ-spouse,Protective-serv,Husband,White,Male,0,0,52,United-States,1,25-44,0
40,Private,Some-college,10,Divorced,Craft-repair,Other-relative,White,Male,0,0,50,United-States,0,25-44,0
38,Private,HS-grad,9,Married-civ-spouse,Craft-repair,Husband,White,Male,0,1902,40,United-States,1,25-44,1
21,Private,HS-grad,9,Never-married,Transport-moving,Not-in-family,White,Male,0,0,60,United-States,0,under25,0
33,Private,Some-college,10,Married-civ-spouse,Craft-repair,Husband,White,Male,0,0,41,United-States,1,25-44,0
23,Private,HS-grad,9,Never-married,Exec-managerial,Own-child,White,Male,0,0,40,United-States,0,under25,0
41,Private,Bachelors,13,Married-civ-spouse,Exec-managerial,Husband,Black,Male,0,0,50,United-States,0,25-44,1
43,Private,HS-grad,9,Married-civ-spouse,Handlers-cleaners,Husband,White,Male,0,0,40,United-States,0,25-44,0
24,Private,HS-grad,9,Never-married,Exec-managerial,Other-relative,White,Male,4101,0,50,United-States,0,under25,0
61,Private,Some-college,10,Married-civ-spouse,Other-service,Husband,White,Male,0,0,6,United-States,0,45plus,0
29,Private,HS-grad,9,Married-spouse-absent,Craft-repair,Not-in-family,White,Male,0,0,40,United-States,0,25-44,0
26,Private,Some-college,10,Never-married,Exec-managerial,Not-in-family,White,Female,0,0,40,United-States,0,25-44,0
62,Private,9th,5,Widowed,Other-service,Unmarried,Black,Female,0,0,25,United-States,0,45plus,0
45,Local-gov,Masters,14,Divorced,Prof-specialty,Not-in-family,White,Female,0,0,40,United-States,0,25-44,0
59,Self-emp-not-inc,Bachelors,13,Widowed,Prof-specialty,Not-in-family,White,Female,0,0,50,United-States,1,45plus,0
33,Local-gov,Masters,14,Married-civ-spouse,Prof-specialty,Husband,White,Male,7688,0,50,United-States,1,25-44,1
60,Private,HS-grad,9,Married-civ-spouse,Transport-moving,Husband,White,Male,0,0,40,United-States,0,45plus,0
33,Private,11th,7,Never-married,Craft-repair,Not-in-family,White,Male,0,0,65,United-States,0,25-44,0
27,Private,HS-grad,9,Married-civ-spouse,Transport-moving,Husband,White,Male,0,0,40,United-States,0,25-44,0
44,Private,HS-grad,9,Married-civ-spouse,Craft-repair,Husband,White,Male,0,0,70,United-States,1,25-44,0
35,Private,HS-grad,9,Married-civ-spouse,Craft-repair,Husband,White,Male,0,2377,40,United-States,0,25-44,0
20,Private,HS-grad,9,Married-civ-spouse,Craft-repair,Husband,White,Male,3781,0,35,United-States,0,under25,0
83,Private,HS-grad,9,Widowed,Protective-serv,Not-in-family,White,Male,0,0,55,United-States,0,45plus,0
50,Private,Assoc-voc,11,Married-civ-spouse,Exec-managerial,Husband,White,Male,0,0,50,United-States,1,45plus,1
59,Private,HS-grad,9,Married-civ-spouse,Adm-clerical,Husband,White,Male,0,0,45,United-States,1,45plus,0
52,Federal-gov,12th,8,Never-married,Other-service,Unmarried,Black,Female,0,0,40,United-States,0,45plus,0
38,Self-emp-not-inc,Assoc-voc,11,Divorced,Other-service,Unmarried,White,Female,0,0,40,United-States,0,25-44,0
39,Private,Masters,14,Married-civ-spouse,Exec-managerial,Husband,White,Male,7688,0,65,United-States,1,25-44,1
62,Private,Bachelors,13,Married-civ-spouse,Tech-support,Husband,White,Male,0,0,38,United-States,0,45plus,1
47,Private,Masters,14,Married-civ-spouse,Exec-managerial,Husband,White,Male,0,0,65,United-States,1,45plus,1
32,Self-emp-not-inc,Some-college,10,Married-civ-spouse,Craft-repair,Husband,White,Male,0,0,30,United-States,0,25-44,0
42,Local-gov,Bachelors,13,Divorced,Prof-specialty,Not-in-family,White,Female,0,0,50,United-States,0,25-44,0
22,Private,Some-college,10,Never-married,Adm-clerical,Own-child,White,Male,0,0,40,United-States,0,under25,0
46,Private,Masters,14,Married-civ-spouse,Adm-clerical,Husband,White,Male,0,1740,60,United-States,0,45plus,1
26,Private,Assoc-voc,11,Never-married,Other-service,Not-in-family,White,Female,0,0,40,United-States,0,25-44,0
28,Private,10th,6,Never-married,Handlers-cleaners,Not-in-family,White,Male,0,0,40,United-States,0,25-44,0
35,Private,11th,7,Separated,Priv-house-serv,Unmarried,White,Female,0,0,8,Mexico,0,25-44,0
39,Local-gov,Masters,14,Divorced,Prof-specialty,Not-in-family,White,Female,0,0,40,United-States,0,25-44,0
40,Private,Some-college,10,Married-civ-spouse,Adm-clerical,Wife,White,Female,0,0,17,United-States,1,25-44,0
49,Self-emp-not-inc,HS-grad,9,Married-civ-spouse,Craft-repair,Husband,White,Male,5013,0,50,United-States,0,45plus,0
27,Private,Assoc-acdm,12,Never-married,Other-service,Not-in-family,Asian-Pac-Islander,Female,0,0,35,Philippines,0,25-44,0
67,Local-gov,Doctorate,16,Never-married,Prof-specialty,Not-in-family,White,Female,7896,0,50,United-States,1,45plus,1
17,Local-gov,11th,7,Never-married,Prof-specialty,Own-child,White,Female,0,0,20,Puerto-Rico,0,under25,0
31,Private,HS-grad,9,Never-married,Machine-op-inspct,Not-in-family,White,Male,0,0,40,United-States,0,25-44,0
34,Private,Assoc-voc,11,Married-civ-spouse,Craft-repair,Husband,White,Male,0,0,53,United-States,0,25-44,0
55,Self-emp-inc,Bachelors,13,Married-civ-spouse,Sales,Husband,White,Male,99999,0,60,United-States,1,45plus,1
45,Self-emp-not-inc,7th-8th,4,Married-civ-spouse,Exec-managerial,Husband,White,Male,0,0,55,United-States,1,25-44,0
60,Private,Some-college,10,Never-married,Prof-specialty,Unmarried,White,Male,0,0,40,United-States,1,45plus,0
20,Private,HS-grad,9,Never-married,Adm-clerical,Not-in-family,Black,Female,0,1721,30,United-States,0,under25,0
50,Private,Some-college,10,Married-civ-spouse,Sales,Husband,White,Male,0,0,50,United-States,0,45plus,0
36,Local-gov,Bachelors,13,Divorced,Adm-clerical,Unmarried,White,Female,0,0,35,Honduras,0,25-44,0
64,Private,Some-college,10,Widowed,Sales,Not-in-family,White,Female,0,0,40,United-States,0,45plus,0
29,Private,HS-grad,9,Never-married,Craft-repair,Not-in-family,White,Male,0,0,40,United-States,0,25-44,0
32,Private,Some-college,10,Never-married,Craft-repair,Not-in-family,White,Male,4650,0,45,United-States,0,25-44,0
31,State-gov,Assoc-acdm,12,Married-civ-spouse,Tech-support,Husband,White,Male,0,0,40,United-States,1,25-44,0
42,Private,Bachelors,13,Married-civ-spouse,Tech-support,Husband,White,Male,0,0,50,United-States,1,25-44,1
51,Private,HS-grad,9,Married-civ-spouse,Adm-clerical,Wife,White,Female,0,0,40,United-States,0,45plus,0
42,Local-gov,Assoc-acdm,12,Married-civ-spouse,Exec-managerial,Wife,White,Female,0,0,45,United-States,1,25-44,1
37,Private,Bachelors,13,Never-married,Exec-managerial,Not-in-family,White,Male,0,0,50,United-States,0,25-44,0
38,Private,HS-grad,9,Married-civ-spouse,Handlers-cleaners,Husband,White,Male,0,0,40,United-States,0,25-44,0
68,Private,HS-grad,9,Widowed,Exec-managerial,Not-in-family,White,Female,0,0,10,United-States,1,45plus,0
34,Private,HS-grad,9,Married-civ-spouse,Adm-clerical,Husband,White,Male,0,0,40,United-States,0,25-44,0
24,Private,HS-grad,9,Separated,Other-service,Not-in-family,White,Female,0,0,55,United-States,0,under25,0
35,Private,Some-college,10,Married-civ-spouse,Handlers-cleaners,Husband,White,Male,0,1579,40,United-States,0,25-44,0
24,Private,Bachelors,13,Never-married,Sales,Not-in-family,White,Female,0,0,30,United-States,0,under25,0
40,Private,HS-grad,9,Married-civ-spouse,Exec-managerial,Husband,White,Male,0,1672,45,United-States,0,25-44,0
38,Private,Bachelors,13,Never-married,Sales,Not-in-family,White,Female,0,2444,45,United-States,1,25-44,1
46,Private,Assoc-voc,11,Divorced,Craft-repair,Unmarried,White,Male,0,0,40,United-States,0,45plus,0
21,Federal-gov,HS-grad,9,Never-married,Adm-clerical,Own-child,White,Male,0,0,36,United-States,0,under25,0
32,Private,Bachelors,13,Divorced,Exec-managerial,Not-in-family,White,Female,0,0,48,United-States,1,25-44,0
36,Private,Some-college,10,Divorced,Sales,Unmarried,White,Female,0,0,40,United-States,0,25-44,0
47,Self-emp-not-inc,7th-8th,4,Married-civ-spouse,Sales,Husband,White,Male,0,0,40,Puerto-Rico,0,45plus,0
43,Private,HS-grad,9,Divorced,Adm-clerical,Unmarried,White,Female,0,0,58,United-States,0,25-44,0
51,Private,1st-4th,2,Married-civ-spouse,Other-service,Husband,White,Male,0,0,54,Mexico,0,45plus,0
27,Private,11th,7,Never-married,Craft-repair,Not-in-family,White,Male,0,0,45,United-States,0,25-44,0
49,Private,HS-grad,9,Widowed,Tech-support,Unmarried,White,Male,0,0,40,United-States,0,45plus,0
34,Self-emp-inc,HS-grad,9,Married-civ-spouse,Adm-clerical,Husband,White,Male,0,0,45,United-States,0,25-44,0
44,Private,Bachelors,13,Divorced,Adm-clerical,Unmarried,White,Female,0,0,40,United-States,0,25-44,0
34,Local-gov,Bachelors,13,Married-civ-spouse,Exec-managerial,Husband,White,Male,0,0,55,United-States,1,25-44,1
34,Private,Bachelors,13,Never-married,Sales,Not-in-family,White,Male,27828,0,40,United-States,1,25-44,1
85,Private,HS-grad,9,Widowed,Sales,Unmarried,White,Male,0,0,35,United-States,0,45plus,0
22,Private,Some-college,10,Never-married,Machine-op-inspct,Not-in-family,White,Male,0,0,40,United-States,0,under25,0
44,Self-emp-inc,Some-college,10,Married-civ-spouse,Exec-managerial,Husband,White,Male,0,0,50,United-States,0,25-44,1
24,Private,Bachelors,13,Never-married,Adm-clerical,Not-in-family,White,Female,0,0,45,United-States,0,under25,0
31,Private,Some-college,10,Widowed,Adm-clerical,Unmarried,White,Female,0,0,40,United-States,0,25-44,0
47,Private,HS-grad,9,Divorced,Adm-clerical,Unmarried,White,Female,0,0,20,United-States,0,45plus,0
51,Private,Some-college,10,Married-civ-spouse,Exec-managerial,Wife,White,Female,0,0,15,United-States,1,45plus,0
53,Private,Bachelors,13,Married-civ-spouse,Exec-managerial,Husband,Black,Male,0,0,50,United-States,1,45plus,1
79,Self-emp-not-inc,HS-grad,9,Widowed,Other-service,Not-in-family,White,Female,0,0,24,United-States,0,45plus,0
22,Private,10th,6,Never-married,Craft-repair,Own-child,White,Male,0,0,40,United-States,0,under25,0
26,Private,Some-college,10,Never-married,Other-service,Not-in-family,White,Male,0,0,20,United-States,0,25-44,0
27,Private,Some-college,10,Married-civ-spouse,Craft-repair,Husband,White,Male,0,0,40,United-States,0,25-44,0
24,Private,Bachelors,13,Never-married,Other-service,Not-in-family,White,Male,0,0,40,United-States,0,under25,0
17,Self-emp-inc,10th,6,Never-married,Other-service,Own-child,White,Male,0,0,4,United-States,0,under25,0
23,Private,HS-grad,9,Never-married,Other-service,Not-in-family,White,Male,0,0,40,El-Salvador,0,under25,0
20,Private,HS-grad,9,Never-married,Handlers-cleaners,Own-child,White,Male,0,0,40,United-States,0,under25,0
39,Private,Some-college,10,Married-civ-spouse,Craft-repair,Own-child,Asian-Pac-Islander,Male,0,0,40,United-States,0,25-44,0
70,Private,7th-8th,4,Widowed,Other-service,Not-in-family,White,Female,0,0,35,United-States,0,45plus,0
63,Private,Bachelors,13,Married-civ-spouse,Adm-clerical,Husband,White,Male,0,0,40,United-States,0,45plus,1
35,Private,12th,8,Separated,Machine-op-inspct,Unmarried,White,Female,0,0,40,United-States,0,25-44,0
40,Private,Some-college,10,Separated,Sales,Not-in-family,Amer-Indian-Eskimo,Female,0,0,40,United-States,0,25-44,0
37,Private,HS-grad,9,Married-civ-spouse,Other-service,Husband,White,Male,0,0,40,Guatemala,0,25-44,0
30,Private,Doctorate,16,Never-married,Prof-specialty,Own-child,White,Male,0,0,20,United-States,0,25-44,0
34,Self-emp-not-inc,HS-grad,9,Married-civ-spouse,Transport-moving,Husband,White,Male,0,0,60,United-States,0,25-44,0
37,Private,Bachelors,13,Married-civ-spouse,Exec-managerial,Husband,Asian-Pac-Islander,Male,0,0,40,Iran,0,25-44,1
40,State-gov,Bachelors,13,Married-civ-spouse,Exec-managerial,Wife,White,Female,0,0,20,United-States,0,25-44,1
40,Private,HS-grad,9,Separated,Adm-clerical,Unmarried,White,Female,0,0,45,United-States,0,25-44,0
53,Self-emp-not-inc,Some-college,10,Married-civ-spouse,Farming-fishing,Husband,White,Male,0,0,45,United-States,0,45plus,0
23,Private,HS-grad,9,Divorced,Sales,Not-in-family,White,Male,0,0,40,United-States,0,under25,0
26,Private,HS-grad,9,Divorced,Other-service,Not-in-family,White,Female,0,0,12,United-States,0,25-44,0
36,Private,HS-grad,9,Married-civ-spouse,Machine-op-inspct,Husband,White,Male,0,0,45,United-States,1,25-44,0
31,Private,Assoc-voc,11,Married-civ-spouse,Prof-specialty,Husband,White,Male,0,0,45,United-States,0,25-44,0
27,Private,Bachelors,13,Never-married,Tech-support,Not-in-family,White,Female,0,0,36,United-States,0,25-44,0
43,Private,HS-grad,9,Married-civ-spouse,Sales,Husband,White,Male,0,0,45,United-States,0,25-44,0
56,Private,HS-grad,9,Married-civ-spouse,Transport-moving,Husband,White,Male,3103,0,45,United-States,1,45plus,0
22,Private,HS-grad,9,Never-married,Adm-clerical,Not-in-family,White,Female,0,0,55,United-States,0,under25,0
46,Private,HS-grad,9,Married-civ-spouse,Handlers-cleaners,Husband,Black,Male,0,0,40,United-States,0,45plus,0
59,Private,Masters,14,Widowed,Exec-managerial,Not-in-family,White,Female,0,0,40,United-States,1,45plus,0
50,Local-gov,HS-grad,9,Married-civ-spouse,Handlers-cleaners,Husband,White,Male,0,0,40,United-States,0,45plus,0
35,Private,Some-college,10,Married-civ-spouse,Prof-specialty,Husband,White,Male,0,0,60,United-States,0,25-44,0
39,Self-emp-not-inc,Some-college,10,Separated,Craft-repair,Not-in-family,White,Male,0,0,60,United-States,1,25-44,0
31,Private,Some-college,10,Never-married,Farming-fishing,Not-in-family,White,Female,0,0,45,United-States,0,25-44,0
31,Private,Some-college,10,Never-married,Adm-clerical,Not-in-family,White,Female,0,0,40,United-States,0,25-44,0
35,Private,Doctorate,16,Married-civ-spouse,Prof-specialty,Husband,White,Male,7298,0,40,United-States,1,25-44,1
43,Private,Some-college,10,Married-civ-spouse,Exec-managerial,Husband,White,Male,0,0,50,United-States,1,25-44,1
28,Private,Bachelors,13,Married-civ-spouse,Prof-specialty,Husband,White,Male,0,0,43,United-States,0,25-44,1
20,Private,HS-grad,9,Never-married,Transport-moving,Own-child,White,Male,0,0,30,United-States,0,under25,0
42,Private,Masters,14,Married-civ-spouse,Sales,Husband,White,Male,0,0,40,Ecuador,0,25-44,1
26,Private,Assoc-voc,11,Separated,Adm-clerical,Unmarried,White,Female,0,0,35,United-States,0,25-44,0
42,Private,HS-grad,9,Divorced,Machine-op-inspct,Unmarried,White,Female,0,0,40,United-States,0,25-44,0
53,Private,Bachelors,13,Never-married,Exec-managerial,Unmarried,White,Female,0,0,40,United-States,0,45plus,0
26,Private,Bachelors,13,Never-married,Handlers-cleaners,Own-child,White,Male,0,0,40,United-States,0,25-44,0
51,Self-emp-not-inc,HS-grad,9,Divorced,Sales,Not-in-family,White,Male,0,0,40,United-States,0,45plus,0
53,Private,Bachelors,13,Never-married,Other-service,Not-in-family,White,Male,0,0,40,Canada,0,45plus,0
50,Private,7th-8th,4,Married-civ-spouse,Machine-op-inspct,Husband,White,Male,0,0,40,United-States,0,45plus,0
65,Local-gov,HS-grad,9,Married-civ-spouse,Craft-repair,Husband,White,Male,0,0,40,United-States,0,45plus,0
43,Private,HS-grad,9,Married-civ-spouse,Craft-repair,Husband,White,Male,0,0,40,United-States,1,25-44,0
32,Private,HS-grad,9,Never-married,Craft-repair,Own-child,White,Male,0,0,40,United-States,0,25-44,0
22,Private,11th,7,Married-civ-spouse,Machine-op-inspct,Husband,White,Male,0,0,70,United-States,1,under25,0
51,Private,Some-college,10,Married-civ-spouse,Exec-managerial,Husband,White,Male,0,1887,65,United-States,1,45plus,1
25,Private,Some-college,10,Never-married,Sales,Own-child,White,Male,0,0,40,United-States,0,under25,0
40,Private,HS-grad,9,Married-civ-spouse,Sales,Husband,White,Male,0,0,60,United-States,1,25-44,0
60,Local-gov,HS-grad,9,Married-civ-spouse,Other-service,Husband,White,Male,0,0,40,United-States,0,45plus,0
29,Self-emp-not-inc,HS-grad,9,Married-civ-spouse,Sales,Husband,White,Male,0,0,35,United-States,0,25-44,0
47,Self-emp-not-inc,HS-grad,9,Married-civ-spouse,Exec-managerial,Husband,White,Male,0,2415,50,United-States,1,45plus,1
21,Private,HS-grad,9,Never-married,Adm-clerical,Own-child,White,Female,0,0,40,United-States,0,under25,0
43,State-gov,HS-grad,9,Never-married,Adm-clerical,Not-in-family,White,Female,0,0,40,United-States,0,25-44,0
21,Private,7th-8th,4,Never-married,Farming-fishing,Own-child,White,Female,0,0,38,United-States,0,under25,0
23,Private,Bachelors,13,Never-married,Adm-clerical,Not-in-family,White,Male,0,0,40,United-States,0,under25,0
36,Private,Masters,14,Married-civ-spouse,Prof-specialty,Husband,White,Male,0,0,40,United-States,1,25-44,1
23,Private,Some-college,10,Married-civ-spouse,Exec-managerial,Wife,White,Female,0,0,25,United-States,0,under25,0
38,Private,11th,7,Married-civ-spouse,Craft-repair,Husband,White,Male,0,0,40,United-States,0,25-44,0
30,Private,HS-grad,9,Never-married,Machine-op-inspct,Not-in-family,White,Male,0,1741,42,United-States,0,25-44,0
28,Private,HS-grad,9,Married-civ-spouse,Other-service,Wife,Black,Female,0,0,23,United-States,0,25-44,0
22,Local-gov,HS-grad,9,Never-married,Other-service,Own-child,White,Female,0,0,53,United-States,0,under25,0
33,Private,Doctorate,16,Married-civ-spouse,Prof-specialty,Husband,White,Male,0,0,60,United-States,1,25-44,1
34,Private,HS-grad,9,Married-civ-spouse,Craft-repair,Husband,White,Male,0,1573,40,United-States,0,25-44,0
33,Self-emp-not-inc,12th,8,Never-married,Craft-repair,Not-in-family,Black,Male,0,0,32,United-States,0,25-44,0
37,Private,HS-grad,9,Divorced,Protective-serv,Unmarried,White,Female,0,0,40,United-States,0,25-44,0
55,Private,Assoc-voc,11,Married-civ-spouse,Craft-repair,Husband,White,Male,0,0,40,United-States,1,45plus,0
57,Self-emp-inc,Prof-school,15,Married-civ-spouse,Prof-specialty,Husband,White,Male,0,0,36,United-States,1,45plus,1
24,Private,Bachelors,13,Married-civ-spouse,Sales,Husband,White,Male,0,0,40,United-States,0,under25,0
60,Private,HS-grad,9,Married-civ-spouse,Handlers-cleaners,Husband,White,Male,0,0,40,United-States,0,45plus,0
65,Private,Some-college,10,Widowed,Sales,Other-relative,White,Female,0,0,45,United-States,0,45plus,0
46,Private,Assoc-voc,11,Divorced,Exec-managerial,Unmarried,White,Female,0,0,45,United-States,0,45plus,0
49,Private,HS-grad,9,Married-civ-spouse,Transport-moving,Husband,Black,Male,0,0,40,United-States,0,45plus,0
22,Private,9th,5,Never-married,Machine-op-inspct,Not-in-family,White,Female,0,0,40,United-States,0,under25,0
35,Private,HS-grad,9,Never-married,Machine-op-inspct,Not-in-family,White,Female,0,0,40,United-States,0,25-44,0
21,Private,Some-college,10,Never-married,Adm-clerical,Not-in-family,White,Female,0,0,40,United-States,0,under25,0
22,Private,Some-college,10,Married-spouse-absent,Sales,Own-child,Other,Female,0,0,22,Dominican-Republic,0,under25,0
31,Private,HS-grad,9,Married-civ-spouse,Craft-repair,Husband,White,Male,0,0,40,Mexico,0,25-44,0
29,Private,HS-grad,9,Never-married,Craft-repair,Not-in-family,White,Male,0,0,40,United-States,0,25-44,0
45,Private,HS-grad,9,Married-civ-spouse,Machine-op-inspct,Husband,Black,Male,0,0,40,United-States,0,25-44,0
50,Self-emp-not-inc,HS-grad,9,Married-civ-spouse,Farming-fishing,Husband,White,Male,0,0,30,United-States,0,45plus,0
20,Private,12th,8,Never-married,Other-service,Own-child,White,Male,0,0,35,United-States,0,under25,0
57,Private,11th,7,Married-civ-spouse,Machine-op-inspct,Husband,White,Male,0,0,40,United-States,0,45plus,0
48,Private,Prof-school,15,Married-civ-spouse,Exec-managerial,Husband,White,Male,99999,0,50,United-States,1,45plus,1
34,Private,Bachelors,13,Married-civ-spouse,Exec-managerial,Husband,White,Male,5178,0,55,United-States,1,25-44,1
37,Private,Some-college,10,Married-civ-spouse,Craft-repair,Husband,White,Male,0,0,55,United-States,0,25-44,0
33,Private,Bachelors,13,Separated,Prof-specialty,Other-relative,Black,Female,0,0,40,Jamaica,0,25-44,0
23,Private,Some-college,10,Never-married,Craft-repair,Not-in-family,White,Male,0,0,40,United-States,0,under25,0
38,Private,Bachelors,13,Married-civ-spouse,Sales,Husband,White,Male,0,0,50,Poland,0,25-44,1
49,Private,Assoc-acdm,12,Divorced,Exec-managerial,Not-in-family,White,Female,0,0,40,United-States,0,45plus,0
35,Federal-gov,Masters,14,Never-married,Exec-managerial,Not-in-family,White,Male,8614,0,40,United-States,1,25-44,1
62,Self-emp-not-inc,Prof-school,15,Married-civ-spouse,Prof-specialty,Husband,White,Male,0,0,15,United-States,1,45plus,1
42,Private,HS-grad,9,Married-civ-spouse,Craft-repair,Husband,White,Male,0,0,50,United-States,1,25-44,0
42,Private,HS-grad,9,Married-civ-spouse,Sales,Husband,White,Male,5178,0,50,United-States,1,25-44,1
72,Self-emp-inc,Prof-school,15,Married-civ-spouse,Prof-specialty,Husband,White,Male,99999,0,50,United-States,1,45plus,1
42,Private,10th,6,Never-married,Transport-moving,Unmarried,White,Male,0,0,40,United-States,1,25-44,0
60,Local-gov,11th,7,Married-civ-spouse,Transport-moving,Husband,White,Male,0,0,20,United-States,0,45plus,0
51,Local-gov,HS-grad,9,Married-civ-spouse,Transport-moving,Husband,Black,Male,0,0,60,United-States,0,45plus,0
44,Private,Bachelors,13,Married-civ-spouse,Exec-managerial,Husband,White,Male,0,0,40,United-States,1,25-44,1
26,Private,HS-grad,9,Never-married,Adm-clerical,Own-child,Black,Male,0,0,40,United-States,0,25-44,0
37,Private,Assoc-voc,11,Married-civ-spouse,Tech-support,Husband,White,Male,0,0,43,United-States,0,25-44,0
61,Private,HS-grad,9,Married-civ-spouse,Transport-moving,Husband,White,Male,0,0,40,United-States,1,45plus,0
27,Private,Some-college,10,Never-married,Tech-support,Not-in-family,White,Female,0,0,30,United-States,0,25-44,0
17,Private,9th,5,Never-married,Craft-repair,Own-child,White,Female,0,0,16,United-States,0,under25,0
53,Private,Assoc-acdm,12,Married-civ-spouse,Sales,Husband,White,Male,0,0,80,United-States,1,45plus,0
19,Private,HS-grad,9,Never-married,Other-service,Unmarried,White,Male,0,0,40,United-States,0,under25,0
41,Private,Some-college,10,Divorced,Adm-clerical,Unmarried,White,Female,0,0,38,United-States,0,25-44,0
43,Local-gov,Some-college,10,Divorced,Adm-clerical,Not-in-family,White,Female,594,0,20,Mexico,0,25-44,0
56,Self-emp-not-inc,9th,5,Married-civ-spouse,Exec-managerial,Other-relative,White,Male,3411,0,50,Columbia,0,45plus,0
43,Local-gov,HS-grad,9,Married-civ-spouse,Craft-repair,Husband,White,Male,0,0,40,United-States,0,25-44,0
32,Private,HS-grad,9,Married-civ-spouse,Craft-repair,Husband,White,Male,0,0,40,United-States,0,25-44,0
63,Private,9th,5,Widowed,Other-service,Not-in-family,White,Female,0,0,20,United-States,0,45plus,0
22,Private,Bachelors,13,Never-married,Exec-managerial,Own-child,White,Female,0,0,40,United-States,0,under25,0
53,Private,5th-6th,3,Married-civ-spouse,Machine-op-inspct,Husband,Asian-Pac-Islander,Male,0,0,40,Laos,0,45plus,0
50,Private,Masters,14,Divorced,Sales,Not-in-family,White,Female,0,0,40,United-States,1,45plus,0
42,Private,Some-college,10,Divorced,Farming-fishing,Not-in-family,White,Male,0,0,40,United-States,0,25-44,0
41,Private,Bachelors,13,Married-civ-spouse,Handlers-cleaners,Husband,White,Male,0,0,40,Germany,0,25-44,1
51,Private,Masters,14,Married-civ-spouse,Exec-managerial,Husband,White,Male,15024,0,60,United-States,1,45plus,1
22,Private,Some-college,10,Never-married,Tech-support,Own-child,White,Female,0,0,40,United-States,0,under25,0
41,Federal-gov,Bachelors,13,Married-civ-spouse,Exec-managerial,Husband,White,Male,0,0,40,United-States,1,25-44,1
36,Private,Some-college,10,Never-married,Sales,Not-in-family,Black,Female,0,0,36,United-States,0,25-44,0
39,Private,HS-grad,9,Married-civ-spouse,Handlers-cleaners,Husband,White,Male,0,0,40,United-States,0,25-44,0
22,Private,HS-grad,9,Separated,Other-service,Unmarried,Black,Female,0,0,35,United-States,0,under25,0
45,Self-emp-inc,Bachelors,13,Married-civ-spouse,Farming-fishing,Husband,White,Male,4386,0,35,United-States,1,25-44,1
57,Private,Some-college,10,Separated,Sales,Not-in-family,White,Female,0,0,40,United-States,0,45plus,0
37,Private,HS-grad,9,Never-married,Tech-support,Not-in-family,White,Female,14084,0,35,United-States,1,25-44,1
28,Private,Assoc-voc,11,Married-civ-spouse,Adm-clerical,Husband,White,Male,2407,0,40,United-States,0,25-44,0
38,Private,Some-college,10,Married-civ-spouse,Other-service,Husband,White,Male,0,0,40,United-States,0,25-44,0
26,Private,HS-grad,9,Never-married,Craft-repair,Not-in-family,White,Male,0,0,40,United-States,0,25-44,0
52,Private,Bachelors,13,Married-civ-spouse,Sales,Husband,White,Male,0,0,40,United-States,1,45plus,1
53,Private,Bachelors,13,Never-married,Prof-specialty,Not-in-family,White,Female,0,0,45,Mexico,0,45plus,0
51,Federal-gov,HS-grad,9,Married-civ-spouse,Transport-moving,Husband,White,Male,0,0,80,United-States,0,45plus,0
31,Private,Some-college,10,Never-married,Other-service,Unmarried,Black,Female,0,0,40,United-States,0,25-44,0
65,Private,HS-grad,9,Divorced,Adm-clerical,Unmarried,White,Female,0,2206,59,Canada,0,45plus,0
21,Private,Some-college,10,Never-married,Other-service,Not-in-family,White,Male,0,0,57,United-States,0,under25,0
30,Self-emp-inc,Assoc-voc,11,Married-civ-spouse,Sales,Husband,White,Male,0,0,35,United-States,0,25-44,0
48,Self-emp-not-inc,HS-grad,9,Married-civ-spouse,Exec-managerial,Husband,Asian-Pac-Islander,Male,0,0,30,South,0,45plus,0
67,Private,HS-grad,9,Widowed,Sales,Not-in-family,White,Female,0,0,32,United-States,0,45plus,0
48,Private,11th,7,Married-civ-spouse,Machine-op-inspct,Husband,White,Male,0,0,40,United-States,0,45plus,0
28,Private,Bachelors,13,Never-married,Prof-specialty,Not-in-family,White,Male,0,0,45,United-States,0,25-44,0
19,Private,HS-grad,9,Never-married,Adm-clerical,Own-child,White,Male,0,0,30,United-States,0,under25,0
23,Private,HS-grad,9,Never-married,Machine-op-inspct,Own-child,Black,Female,0,0,40,United-States,0,under25,0
41,Private,9th,5,Separated,Other-service,Not-in-family,White,Male,0,0,40,United-States,0,25-44,0
80,Private,Assoc-voc,11,Married-civ-spouse,Craft-repair,Husband,White,Male,0,0,24,United-States,0,45plus,0
45,Private,11th,7,Married-spouse-absent,Machine-op-inspct,Unmarried,Asian-Pac-Islander,Female,0,0,40,South,0,25-44,0
48,Private,11th,7,Married-civ-spouse,Farming-fishing,Husband,White,Male,0,0,50,United-States,0,45plus,0
58,Private,Bachelors,13,Divorced,Adm-clerical,Not-in-family,White,Female,14084,0,40,United-States,1,45plus,1
57,Local-gov,Bachelors,13,Married-civ-spouse,Exec-managerial,Husband,White,Male,0,0,45,United-States,0,45plus,1
51,Self-emp-not-inc,Some-college,10,Divorced,Craft-repair,Not-in-family,White,Male,0,0,8,Puerto-Rico,1,45plus,0
23,Private,HS-grad,9,Married-civ-spouse,Other-service,Husband,White,Male,0,0,40,Guatemala,0,under25,0
36,Private,10th,6,Never-married,Transport-moving,Not-in-family,Black,Female,0,0,40,United-States,0,25-44,0
37,Private,HS-grad,9,Married-civ-spouse,Craft-repair,Husband,White,Male,0,0,40,United-States,0,25-44,0
29,Private,HS-grad,9,Married-civ-spouse,Farming-fishing,Husband,White,Male,0,0,55,United-States,0,25-44,0
42,Local-gov,Bachelors,13,Married-civ-spouse,Adm-clerical,Husband,White,Male,0,0,45,United-States,1,25-44,1
47,Private,Prof-school,15,Married-civ-spouse,Prof-specialty,Wife,White,Female,0,1902,60,Honduras,1,45plus,1
38,Private,HS-grad,9,Divorced,Exec-managerial,Unmarried,White,Female,0,0,40,United-States,0,25-44,0
33,Private,HS-grad,9,Married-civ-spouse,Exec-managerial,Husband,White,Male,0,0,50,United-States,0,25-44,0
55,Federal-gov,Masters,14,Married-civ-spouse,Exec-managerial,Husband,White,Male,0,0,60,United-States,1,45plus,1
17,Private,11th,7,Never-married,Sales,Own-child,White,Male,0,0,30,United-States,0,under25,0
48,Local-gov,Masters,14,Married-civ-spouse,Prof-specialty,Wife,White,Female,0,0,40,United-States,1,45plus,1
43,Local-gov,Masters,14,Divorced,Prof-specialty,Unmarried,White,Female,914,0,40,United-States,0,25-44,0
43,Self-emp-inc,Some-college,10,Married-civ-spouse,Sales,Husband,White,Male,99999,0,55,United-States,1,25-44,1
59,Private,Bachelors,13,Married-civ-spouse,Craft-repair,Husband,White,Male,15024,0,50,United-States,1,45plus,1
60,Private,Some-college,10,Married-civ-spouse,Craft-repair,Husband,Amer-Indian-Eskimo,Male,0,0,40,United-States,0,45plus,0
23,Private,Bachelors,13,Never-married,Exec-managerial,Own-child,White,Male,0,0,40,United-States,0,under25,0
42,Private,HS-grad,9,Divorced,Machine-op-inspct,Not-in-family,White,Male,0,0,40,United-States,0,25-44,0
57,Private,10th,6,Married-civ-spouse,Other-service,Husband,White,Male,0,0,40,United-States,0,45plus,0
19,Private,Some-college,10,Never-married,Other-service,Own-child,Black,Male,0,0,35,United-States,0,under25,0
23,State-gov,Bachelors,13,Never-married,Prof-specialty,Not-in-family,White,Female,0,0,40,United-States,0,under25,0
17,Private,10th,6,Never-married,Handlers-cleaners,Own-child,White,Male,0,0,10,United-States,0,under25,0
47,Federal-gov,HS-grad,9,Separated,Adm-clerical,Unmarried,White,Female,0,0,40,United-States,0,45plus,0
26,Private,HS-grad,9,Married-civ-spouse,Sales,Husband,White,Male,0,0,48,United-States,0,25-44,0
33,Private,Some-college,10,Never-married,Tech-support,Not-in-family,Black,Male,0,0,40,Philippines,0,25-44,0
19,Private,Some-college,10,Never-married,Sales,Own-child,White,Female,0,0,20,United-States,0,under25,0
61,Private,11th,7,Divorced,Other-service,Unmarried,White,Female,0,0,36,United-States,0,45plus,0
25,Private,Assoc-acdm,12,Married-civ-spouse,Adm-clerical,Wife,White,Female,0,0,40,United-States,0,under25,0
39,Private,Some-college,10,Married-civ-spouse,Adm-clerical,Husband,White,Male,15024,0,40,United-States,1,25-44,1
46,Local-gov,Bachelors,13,Never-married,Prof-specialty,Own-child,White,Male,4787,0,45,United-States,1,45plus,0
28,Federal-gov,Assoc-acdm,12,Married-civ-spouse,Adm-clerical,Husband,White,Male,0,0,60,United-States,0,25-44,0
18,Private,HS-grad,9,Never-married,Sales,Not-in-family,White,Male,0,0,30,United-States,0,under25,0
56,Private,Bachelors,13,Married-civ-spouse,Adm-clerical,Husband,White,Male,0,0,45,United-States,1,45plus,1
47,Private,Bachelors,13,Married-civ-spouse,Sales,Husband,White,Male,0,0,40,United-States,1,45plus,1
24,Private,Some-college,10,Never-married,Sales,Own-child,White,Female,5060,0,30,United-States,0,under25,0
18,Private,HS-grad,9,Never-married,Sales,Own-child,White,Female,0,1602,20,United-States,0,under25,0
24,Private,11th,7,Never-married,Transport-moving,Own-child,White,Male,0,0,39,United-States,0,under25,0
36,Self-emp-not-inc,Bachelors,13,Married-civ-spouse,Exec-managerial,Husband,White,Male,0,0,50,Iran,0,25-44,1
23,Private,Some-college,10,Never-married,Protective-serv,Own-child,White,Male,0,0,40,Mexico,0,under25,0
29,Self-emp-not-inc,Some-college,10,Never-married,Exec-managerial,Own-child,Asian-Pac-Islander,Male,0,0,45,South,0,25-44,0
30,Private,Assoc-voc,11,Never-married,Craft-repair,Not-in-family,White,Male,0,0,40,United-States,0,25-44,0
37,Private,HS-grad,9,Married-civ-spouse,Other-service,Husband,White,Male,0,0,30,Mexico,0,25-44,0
37,Private,HS-grad,9,Never-married,Craft-repair,Unmarried,White,Male,0,0,40,United-States,0,25-44,0
53,Local-gov,HS-grad,9,Married-civ-spouse,Other-service,Husband,Black,Male,0,0,40,United-States,0,45plus,0
27,Private,Assoc-voc,11,Married-civ-spouse,Farming-fishing,Husband,White,Male,0,0,40,United-States,0,25-44,0
34,Private,HS-grad,9,Married-civ-spouse,Machine-op-inspct,Husband,White,Male,0,0,40,United-States,0,25-44,0
65,Self-emp-inc,HS-grad,9,Married-civ-spouse,Sales,Husband,White,Male,0,0,50,United-States,0,45plus,0
24,Private,HS-grad,9,Never-married,Sales,Own-child,White,Male,0,0,35,El-Salvador,0,under25,0
46,Private,HS-grad,9,Married-civ-spouse,Craft-repair,Husband,Amer-Indian-Eskimo,Male,0,0,40,United-States,0,45plus,0
34,Private,Assoc-acdm,12,Married-civ-spouse,Tech-support,Husband,White,Male,0,2042,10,United-States,0,25-44,0
50,Federal-gov,Some-college,10,Married-civ-spouse,Exec-managerial,Husband,White,Male,0,0,40,United-States,1,45plus,1
37,Private,5th-6th,3,Separated,Other-service,Unmarried,White,Female,0,0,40,Mexico,0,25-44,0
44,Private,Bachelors,13,Married-civ-spouse,Exec-managerial,Husband,White,Male,7688,0,50,United-States,1,25-44,1
29,Private,Bachelors,13,Never-married,Prof-specialty,Not-in-family,White,Female,0,0,50,United-States,0,25-44,0
23,State-gov,Some-college,10,Never-married,Adm-clerical,Own-child,White,Female,0,0,20,United-States,0,under25,0
42,Self-emp-not-inc,HS-grad,9,Married-civ-spouse,Craft-repair,Husband,White,Male,0,0,40,United-States,0,25-44,0
20,Private,Some-college,10,Never-married,Adm-clerical,Not-in-family,White,Female,0,0,40,United-States,0,under25,0
25,Private,Some-college,10,Divorced,Tech-support,Not-in-family,White,Female,0,0,40,United-States,0,under25,0
42,Local-gov,Masters,14,Married-civ-spouse,Exec-managerial,Husband,White,Male,0,1902,60,United-States,1,25-44,1
19,Private,Some-college,10,Never-married,Other-service,Own-child,White,Female,0,0,20,United-States,0,under25,0
22,Private,HS-grad,9,Never-married,Sales,Not-in-family,White,Female,0,0,37,United-States,0,under25,0
49,Private,Some-college,10,Married-civ-spouse,Sales,Wife,White,Female,0,0,40,United-States,1,45plus,0
36,Private,HS-grad,9,Married-civ-spouse,Craft-repair,Husband,White,Male,0,0,70,United-States,0,25-44,0
42,Self-emp-not-inc,Bachelors,13,Married-civ-spouse,Sales,Husband,White,Male,0,0,60,United-States,0,25-44,1
34,Private,HS-grad,9,Married-civ-spouse,Craft-repair,Husband,White,Male,0,0,40,United-States,0,25-44,0
65,Private,HS-grad,9,Never-married,Craft-repair,Other-relative,Asian-Pac-Islander,Male,0,0,40,Cambodia,0,45plus,0
30,Local-gov,Masters,14,Married-civ-spouse,Prof-specialty,Husband,White,Male,0,0,40,United-States,0,25-44,1
23,Private,Assoc-voc,11,Never-married,Adm-clerical,Own-child,White,Female,0,0,36,United-States,0,under25,0
46,Private,Assoc-voc,11,Married-civ-spouse,Transport-moving,Husband,Amer-Indian-Eskimo,Male,0,0,60,United-States,0,45plus,0
45,Private,Bachelors,13,Married-civ-spouse,Prof-specialty,Husband,White,Male,0,0,50,United-States,0,25-44,1
35,Private,Some-college,10,Never-married,Exec-managerial,Not-in-family,White,Male,0,0,50,United-States,0,25-44,0
34,Private,11th,7,Never-married,Other-service,Not-in-family,White,Female,0,0,40,Ireland,0,25-44,0
44,State-gov,Bachelors,13,Never-married,Prof-specialty,Not-in-family,Asian-Pac-Islander,Female,0,0,38,United-States,0,25-44,0
44,Private,11th,7,Married-civ-spouse,Sales,Husband,White,Male,0,0,40,United-States,1,25-44,0
23,Private,HS-grad,9,Married-civ-spouse,Handlers-cleaners,Husband,Black,Male,0,0,40,United-States,0,under25,0
24,Private,Some-college,10,Married-civ-spouse,Handlers-cleaners,Husband,White,Male,0,0,40,United-States,0,under25,0
32,Private,Some-college,10,Married-civ-spouse,Craft-repair,Husband,White,Male,0,0,40,United-States,0,25-44,0
24,State-gov,Doctorate,16,Never-married,Prof-specialty,Not-in-family,White,Female,0,0,99,England,0,under25,0
23,State-gov,Some-college,10,Married-civ-spouse,Prof-specialty,Husband,White,Male,0,0,30,United-States,0,under25,0
39,Private,Bachelors,13,Never-married,Prof-specialty,Not-in-family,White,Male,0,0,40,United-States,1,25-44,0
26,Private,HS-grad,9,Never-married,Craft-repair,Own-child,White,Male,0,0,20,United-States,0,25-44,0
21,Private,Assoc-voc,11,Never-married,Craft-repair,Own-child,Black,Male,0,0,40,United-States,0,under25,0
47,Private,HS-grad,9,Married-civ-spouse,Sales,Husband,White,Male,0,0,40,United-States,0,45plus,0
37,Self-emp-not-inc,Bachelors,13,Never-married,Protective-serv,Not-in-family,White,Male,0,0,55,United-States,1,25-44,0
57,Private,7th-8th,4,Divorced,Transport-moving,Unmarried,White,Male,0,0,75,United-States,0,45plus,0
32,Self-emp-inc,Bachelors,13,Married-civ-spouse,Sales,Husband,White,Male,0,0,45,United-States,0,25-44,1
57,Private,HS-grad,9,Widowed,Sales,Unmarried,White,Female,0,0,32,United-States,0,45plus,0
55,Private,HS-grad,9,Married-civ-spouse,Transport-moving,Husband,White,Male,5178,0,72,United-States,1,45plus,1
38,Private,Masters,14,Married-civ-spouse,Craft-repair,Husband,Black,Male,0,0,40,United-States,1,25-44,1
35,Private,Bachelors,13,Divorced,Prof-specialty,Not-in-family,White,Female,0,0,40,United-States,1,25-44,0
42,Self-emp-not-inc,Some-college,10,Never-married,Craft-repair,Unmarried,White,Male,0,0,40,United-States,0,25-44,0
30,Private,HS-grad,9,Married-civ-spouse,Craft-repair,Husband,White,Male,0,0,50,United-States,0,25-44,0
47,Private,Assoc-voc,11,Married-civ-spouse,Prof-specialty,Husband,White,Male,0,0,40,United-States,1,45plus,1
56,Private,Masters,14,Married-civ-spouse,Exec-managerial,Husband,White,Male,0,0,40,United-States,0,45plus,1
49,Self-emp-not-inc,Bachelors,13,Married-civ-spouse,Sales,Husband,White,Male,15024,0,40,United-States,1,45plus,1
42,Private,Bachelors,13,Married-civ-spouse,Exec-managerial,Husband,White,Male,0,0,40,United-States,1,25-44,1
24,Private,Some-college,10,Never-married,Handlers-cleaners,Own-child,White,Male,0,0,40,United-States,0,under25,0
57,Private,Masters,14,Married-civ-spouse,Prof-specialty,Husband,White,Male,0,0,55,United-States,1,45plus,1
31,Self-emp-not-inc,Masters,14,Never-married,Prof-specialty,Not-in-family,White,Male,0,0,45,England,0,25-44,0
31,Federal-gov,HS-grad,9,Married-civ-spouse,Adm-clerical,Wife,White,Female,0,0,40,United-States,1,25-44,0
29,Private,Assoc-voc,11,Married-civ-spouse,Farming-fishing,Husband,White,Male,0,0,40,United-States,1,25-44,0
54,Self-emp-not-inc,Prof-school,15,Married-civ-spouse,Prof-specialty,Husband,Asian-Pac-Islander,Male,99999,0,50,Philippines,1,45plus,1
32,Private,Assoc-voc,11,Married-civ-spouse,Handlers-cleaners,Husband,White,Male,0,0,40,United-States,1,25-44,0
35,Private,HS-grad,9,Married-civ-spouse,Sales,Husband,White,Male,0,0,44,United-States,0,25-44,0
31,Private,HS-grad,9,Married-civ-spouse,Craft-repair,Husband,White,Male,0,0,40,United-States,1,25-44,0
29,Private,HS-grad,9,Married-civ-spouse,Machine-op-inspct,Husband,White,Male,0,0,40,United-States,0,25-44,0
25,Private,Some-college,10,Never-married,Adm-clerical,Own-child,White,Male,0,0,40,United-States,0,under25,0
63,Private,HS-grad,9,Never-married,Exec-managerial,Own-child,White,Female,0,0,40,United-States,0,45plus,0
28,Private,HS-grad,9,Never-married,Transport-moving,Unmarried,White,Male,0,0,55,United-States,0,25-44,0
32,Private,Masters,14,Never-married,Prof-specialty,Not-in-family,White,Female,0,1590,40,United-States,0,25-44,0
23,Private,7th-8th,4,Married-civ-spouse,Handlers-cleaners,Other-relative,Other,Female,0,0,30,El-Salvador,0,under25,0
32,Private,HS-grad,9,Never-married,Machine-op-inspct,Unmarried,Black,Female,0,0,40,United-States,0,25-44,0
39,State-gov,Some-college,10,Never-married,Transport-moving,Own-child,Black,Male,0,0,40,United-States,0,25-44,0
35,Private,Masters,14,Separated,Prof-specialty,Not-in-family,White,Male,0,0,40,United-States,1,25-44,0
54,Local-gov,Some-college,10,Married-civ-spouse,Farming-fishing,Husband,White,Male,0,0,40,United-States,0,45plus,0
50,Local-gov,Masters,14,Married-civ-spouse,Prof-specialty,Wife,White,Female,15024,0,40,United-States,1,45plus,1
58,Private,HS-grad,9,Married-civ-spouse,Machine-op-inspct,Husband,White,Male,0,0,40,United-States,0,45plus,0
38,Local-gov,Masters,14,Divorced,Prof-specialty,Not-in-family,Black,Male,0,0,40,Jamaica,0,25-44,0
67,Without-pay,HS-grad,9,Married-civ-spouse,Adm-clerical,Husband,Asian-Pac-Islander,Male,0,0,12,Philippines,0,45plus,0
34,Private,Some-college,10,Divorced,Handlers-cleaners,Unmarried,White,Female,0,0,40,United-States,0,25-44,0
42,Private,Bachelors,13,Married-civ-spouse,Sales,Husband,White,Male,0,0,40,United-States,1,25-44,1
28,Private,1st-4th,2,Never-married,Farming-fishing,Unmarried,White,Male,0,0,77,Mexico,0,25-44,0
38,Private,HS-grad,9,Married-civ-spouse,Craft-repair,Husband,White,Male,0,0,50,United-States,0,25-44,0
17,Local-gov,10th,6,Never-married,Protective-serv,Own-child,White,Female,0,1602,40,United-States,0,under25,0
30,Private,HS-grad,9,Married-civ-spouse,Machine-op-inspct,Husband,Black,Male,0,0,40,United-States,0,25-44,0
47,Local-gov,HS-grad,9,Married-civ-spouse,Exec-managerial,Husband,White,Male,0,0,40,United-States,1,45plus,0
31,Private,HS-grad,9,Married-civ-spouse,Craft-repair,Husband,White,Male,0,0,40,United-States,1,25-44,0
19,Private,HS-grad,9,Never-married,Farming-fishing,Not-in-family,White,Male,0,0,40,United-States,0,under25,0
34,Private,Bachelors,13,Married-civ-spouse,Craft-repair,Husband,White,Male,0,0,45,United-States,1,25-44,1
40,Private,HS-grad,9,Married-civ-spouse,Transport-moving,Husband,White,Male,0,0,50,United-States,0,25-44,0
44,Private,Some-college,10,Married-civ-spouse,Exec-managerial,Husband,White,Male,0,0,50,United-States,0,25-44,1
31,Private,7th-8th,4,Married-civ-spouse,Other-service,Husband,White,Male,0,0,40,Mexico,0,25-44,0
29,Private,10th,6,Married-civ-spouse,Farming-fishing,Wife,White,Female,0,0,40,United-States,0,25-44,0
34,Private,HS-grad,9,Married-spouse-absent,Machine-op-inspct,Unmarried,White,Female,0,0,40,United-States,0,25-44,0
24,Private,Some-college,10,Never-married,Other-service,Not-in-family,White,Male,0,0,40,United-States,0,under25,0
48,Private,Bachelors,13,Married-civ-spouse,Exec-managerial,Husband,White,Male,0,0,45,United-States,1,45plus,1
49,Private,Some-college,10,Divorced,Sales,Unmarried,White,Female,0,0,55,England,0,45plus,0
70,Private,Some-college,10,Divorced,Farming-fishing,Not-in-family,Asian-Pac-Islander,Male,0,0,40,Vietnam,0,45plus,0
32,Private,Some-college,10,Married-civ-spouse,Machine-op-inspct,Husband,White,Male,0,0,50,United-States,0,25-44,0
64,Private,Some-college,10,Never-married,Adm-clerical,Not-in-family,White,Female,0,0,40,United-States,0,45plus,0
41,Private,Some-college,10,Married-civ-spouse,Tech-support,Wife,White,Female,0,0,40,United-States,0,25-44,0
19,Private,Some-college,10,Never-married,Other-service,Own-child,White,Female,0,0,16,United-States,0,under25,0
52,State-gov,Masters,14,Divorced,Prof-specialty,Not-in-family,Asian-Pac-Islander,Female,0,0,40,United-States,0,45plus,0
39,Private,HS-grad,9,Divorced,Exec-managerial,Not-in-family,White,Male,0,0,45,United-States,0,25-44,0
27,Private,HS-grad,9,Married-civ-spouse,Craft-repair,Husband,White,Male,0,0,48,United-States,0,25-44,0
26,Private,Bachelors,13,Never-married,Other-service,Not-in-family,White,Male,0,0,30,United-States,0,25-44,0
55,Private,Some-college,10,Divorced,Protective-serv,Not-in-family,White,Male,0,0,40,United-States,0,45plus,0
24,Private,Bachelors,13,Never-married,Prof-specialty,Own-child,White,Female,0,0,20,United-States,0,under25,0
20,Private,HS-grad,9,Never-married,Handlers-cleaners,Own-child,Amer-Indian-Eskimo,Male,0,0,48,United-States,0,under25,0
45,Private,Masters,14,Married-civ-spouse,Prof-specialty,Husband,White,Male,0,0,50,United-States,0,25-44,1
21,Self-emp-not-inc,Some-college,10,Never-married,Other-service,Own-child,White,Male,0,0,30,United-States,0,under25,0
32,Self-emp-not-inc,Bachelors,13,Married-civ-spouse,Sales,Husband,White,Male,0,0,47,United-States,0,25-44,1
37,Private,Assoc-acdm,12,Divorced,Prof-specialty,Unmarried,White,Male,0,0,25,United-States,0,25-44,0
28,Private,10th,6,Married-civ-spouse,Craft-repair,Husband,White,Male,0,0,50,United-States,0,25-44,0
36,Federal-gov,Some-college,10,Separated,Adm-clerical,Not-in-family,Black,Male,0,0,40,United-States,0,25-44,0
49,State-gov,Doctorate,16,Married-civ-spouse,Exec-managerial,Husband,White,Male,0,0,50,United-States,1,45plus,1
58,Private,1st-4th,2,Separated,Farming-fishing,Not-in-family,Black,Male,0,0,50,United-States,0,45plus,0
36,Local-gov,Bachelors,13,Married-civ-spouse,Adm-clerical,Husband,White,Male,0,0,40,United-States,0,25-44,1
50,Private,HS-grad,9,Married-civ-spouse,Craft-repair,Husband,White,Male,0,0,50,United-States,1,45plus,0
60,Self-emp-inc,10th,6,Married-civ-spouse,Craft-repair,Husband,White,Male,0,0,40,United-States,0,45plus,0
42,Private,Some-college,10,Married-civ-spouse,Exec-managerial,Husband,White,Male,99999,0,55,United-States,1,25-44,1
34,State-gov,HS-grad,9,Divorced,Transport-moving,Unmarried,White,Female,0,0,40,United-States,0,25-44,0
57,Private,Some-college,10,Never-married,Craft-repair,Not-in-family,White,Male,0,0,42,United-States,0,45plus,0
43,State-gov,Bachelors,13,Divorced,Prof-specialty,Unmarried,White,Female,1506,0,36,United-States,0,25-44,0
31,Private,HS-grad,9,Married-civ-spouse,Craft-repair,Husband,White,Male,0,0,50,United-States,0,25-44,0
42,State-gov,Bachelors,13,Divorced,Adm-clerical,Unmarried,Black,Female,2977,0,40,United-States,0,25-44,0
47,State-gov,Assoc-acdm,12,Married-civ-spouse,Transport-moving,Husband,White,Male,0,0,40,United-States,0,45plus,0
31,Private,10th,6,Divorced,Handlers-cleaners,Not-in-family,White,Male,0,0,40,United-States,0,25-44,0
46,Private,Assoc-voc,11,Divorced,Adm-clerical,Not-in-family,White,Female,0,0,40,United-States,0,45plus,0
34,Private,Some-college,10,Married-civ-spouse,Farming-fishing,Husband,White,Male,0,0,40,United-States,1,25-44,0
50,Self-emp-inc,Some-college,10,Divorced,Protective-serv,Not-in-family,White,Male,0,0,40,United-States,0,45plus,0
27,Private,Bachelors,13,Never-married,Tech-support,Not-in-family,White,Male,0,0,37,United-States,0,25-44,0
52,Self-emp-not-inc,Some-college,10,Married-civ-spouse,Tech-support,Husband,White,Male,0,0,60,United-States,1,45plus,0
44,Private,Some-college,10,Married-civ-spouse,Handlers-cleaners,Husband,White,Male,0,0,40,United-States,0,25-44,0
21,Local-gov,Some-college,10,Never-married,Adm-clerical,Own-child,White,Female,0,0,40,Mexico,0,under25,0
32,Private,HS-grad,9,Married-civ-spouse,Craft-repair,Husband,Other,Male,0,0,40,United-States,0,25-44,0
49,State-gov,Bachelors,13,Married-civ-spouse,Exec-managerial,Husband,White,Male,0,0,45,United-States,1,45plus,1
42,Self-emp-not-inc,11th,7,Separated,Other-service,Unmarried,White,Female,0,0,30,United-States,0,25-44,0
58,Private,HS-grad,9,Married-civ-spouse,Sales,Wife,White,Female,0,0,40,Greece,0,45plus,0
35,Private,HS-grad,9,Divorced,Other-service,Unmarried,Black,Female,0,1594,40,United-States,0,25-44,0
71,Private,HS-grad,9,Widowed,Sales,Unmarried,White,Female,0,0,20,United-States,0,45plus,0
19,Private,HS-grad,9,Never-married,Farming-fishing,Own-child,White,Female,0,0,40,United-States,0,under25,0
50,Private,HS-grad,9,Married-civ-spouse,Transport-moving,Husband,White,Male,0,0,40,United-States,0,45plus,0
30,Private,10th,6,Married-civ-spouse,Transport-moving,Husband,White,Male,0,0,55,United-States,0,25-44,0
53,Private,Bachelors,13,Never-married,Prof-specialty,Not-in-family,White,Female,0,0,40,United-States,0,45plus,0
28,Private,Some-college,10,Married-civ-spouse,Adm-clerical,Husband,White,Male,0,0,50,United-States,1,25-44,0
42,Private,Masters,14,Married-civ-spouse,Exec-managerial,Husband,White,Male,0,0,40,United-States,1,25-44,1
23,Private,Bachelors,13,Never-married,Machine-op-inspct,Own-child,White,Male,0,0,50,United-States,0,under25,0
55,Private,10th,6,Widowed,Craft-repair,Unmarried,Black,Female,0,0,40,United-States,0,45plus,0
35,Private,12th,8,Separated,Other-service,Not-in-family,White,Female,0,0,30,United-States,0,25-44,0
27,Private,5th-6th,3,Never-married,Other-service,Other-relative,White,Male,0,0,40,Mexico,0,25-44,0
37,Private,HS-grad,9,Married-civ-spouse,Handlers-cleaners,Husband,White,Male,0,0,44,United-States,1,25-44,0
50,Private,Bachelors,13,Married-civ-spouse,Prof-specialty,Wife,White,Female,0,1977,40,United-States,1,45plus,1
53,Private,Bachelors,13,Married-civ-spouse,Exec-managerial,Husband,White,Male,0,0,40,United-States,1,45plus,1
61,Local-gov,HS-grad,9,Married-civ-spouse,Farming-fishing,Husband,White,Male,0,0,48,United-States,0,45plus,0
24,Private,Assoc-acdm,12,Never-married,Exec-managerial,Own-child,White,Male,0,0,40,United-States,0,under25,0
21,Private,Some-college,10,Never-married,Sales,Own-child,White,Male,0,0,10,United-States,0,under25,0
41,Private,12th,8,Married-civ-spouse,Handlers-cleaners,Husband,White,Male,0,0,40,United-States,1,25-44,0
37,Private,Bachelors,13,Married-civ-spouse,Prof-specialty,Husband,White,Male,0,0,45,United-States,1,25-44,1
27,Private,HS-grad,9,Divorced,Tech-support,Not-in-family,White,Female,0,0,45,United-States,0,25-44,0
34,Private,Prof-school,15,Never-married,Prof-specialty,Not-in-family,Asian-Pac-Islander,Female,0,0,40,United-States,0,25-44,0
54,Self-emp-inc,Bachelors,13,Married-civ-spouse,Exec-managerial,Husband,White,Male,15024,0,40,United-States,1,45plus,1
22,Federal-gov,HS-grad,9,Never-married,Adm-clerical,Own-child,White,Male,0,0,40,United-States,0,under25,0
45,Private,Doctorate,16,Married-civ-spouse,Prof-specialty,Husband,Asian-Pac-Islander,Male,0,0,45,China,1,25-44,1
37,Private,Some-college,10,Married-civ-spouse,Sales,Wife,White,Female,0,0,40,United-States,1,25-44,0
49,Private,Some-college,10,Married-civ-spouse,Exec-managerial,Husband,White,Male,0,1887,40,United-States,1,45plus,1
28,Private,HS-grad,9,Separated,Exec-managerial,Unmarried,White,Female,0,0,50,United-States,0,25-44,0
30,Private,HS-grad,9,Married-civ-spouse,Prof-specialty,Husband,White,Male,0,0,55,United-States,0,25-44,0
34,Self-emp-inc,Bachelors,13,Married-civ-spouse,Sales,Husband,White,Male,0,0,50,United-States,1,25-44,1
30,Self-emp-not-inc,HS-grad,9,Married-civ-spouse,Exec-managerial,Husband,White,Male,0,1887,50,United-States,1,25-44,1
57,Self-emp-not-inc,HS-grad,9,Married-civ-spouse,Farming-fishing,Husband,White,Male,0,0,60,United-States,0,45plus,0
28,Local-gov,Bachelors,13,Divorced,Prof-specialty,Not-in-family,White,Female,0,0,40,United-States,0,25-44,0
23,Private,HS-grad,9,Never-married,Craft-repair,Not-in-family,White,Male,0,0,40,United-States,0,under25,0
67,Self-emp-not-inc,HS-grad,9,Married-civ-spouse,Farming-fishing,Husband,White,Male,1797,0,20,United-States,0,45plus,0
23,State-gov,HS-grad,9,Never-married,Other-service,Own-child,Black,Male,0,0,40,United-States,0,under25,0
24,State-gov,Bachelors,13,Never-married,Adm-clerical,Not-in-family,White,Female,0,0,65,United-States,0,under25,0
34,State-gov,12th,8,Never-married,Adm-clerical,Not-in-family,Black,Female,0,0,40,United-States,0,25-44,0
26,Self-emp-not-inc,HS-grad,9,Never-married,Sales,Other-relative,Asian-Pac-Islander,Male,0,0,50,United-States,1,25-44,0
68,Private,Doctorate,16,Divorced,Prof-specialty,Not-in-family,White,Female,0,0,40,Cuba,0,45plus,0
66,Self-emp-not-inc,Doctorate,16,Married-civ-spouse,Sales,Husband,White,Male,0,2377,25,United-States,1,45plus,1
21,Private,HS-grad,9,Never-married,Machine-op-inspct,Own-child,White,Male,0,0,32,United-States,0,under25,0
32,State-gov,HS-grad,9,Never-married,Transport-moving,Own-child,White,Male,0,0,40,United-States,0,25-44,0
35,Self-emp-not-inc,Some-college,10,Married-civ-spouse,Exec-managerial,Husband,White,Male,0,0,40,United-States,0,25-44,0
30,Private,HS-grad,9,Married-civ-spouse,Sales,Husband,White,Male,0,0,55,United-States,0,25-44,0
45,Self-emp-inc,HS-grad,9,Married-civ-spouse,Exec-managerial,Husband,White,Male,0,0,48,United-States,1,25-44,0
30,Private,Prof-school,15,Divorced,Sales,Own-child,White,Male,0,0,55,United-States,0,25-44,0
56,Private,Some-college,10,Married-civ-spouse,Exec-managerial,Husband,Black,Male,0,0,50,United-States,1,45plus,1
72,Private,HS-grad,9,Married-civ-spouse,Sales,Husband,White,Male,0,0,12,United-States,0,45plus,0
19,Private,Some-college,10,Never-married,Adm-clerical,Own-child,White,Female,0,0,16,United-States,0,under25,0
28,Private,HS-grad,9,Married-civ-spouse,Handlers-cleaners,Husband,White,Male,0,0,38,United-States,0,25-44,0
29,Private,HS-grad,9,Divorced,Craft-repair,Not-in-family,White,Male,0,0,60,United-States,0,25-44,0
46,State-gov,Some-college,10,Divorced,Prof-specialty,Unmarried,White,Female,1506,0,50,United-States,0,45plus,0
57,Federal-gov,Some-college,10,Married-civ-spouse,Prof-specialty,Husband,Amer-Indian-Eskimo,Male,0,0,40,United-States,0,45plus,1
44,Private,HS-grad,9,Married-civ-spouse,Transport-moving,Husband,White,Male,0,0,45,United-States,0,25-44,0
43,Self-emp-inc,Masters,14,Married-civ-spouse,Exec-managerial,Husband,White,Male,5013,0,45,United-States,0,25-44,1
38,Self-emp-inc,Bachelors,13,Married-civ-spouse,Sales,Husband,White,Male,0,0,40,United-States,1,25-44,1
34,Private,Some-college,10,Married-civ-spouse,Prof-specialty,Husband,White,Male,0,1902,38,United-States,1,25-44,1
39,Private,Bachelors,13,Married-civ-spouse,Tech-support,Husband,White,Male,15024,0,40,United-States,1,25-44,1
25,Private,HS-grad,9,Married-spouse-absent,Farming-fishing,Not-in-family,Other,Male,0,0,40,Mexico,0,under25,0
31,Private,Assoc-voc,11,Married-civ-spouse,Machine-op-inspct,Husband,White,Male,0,0,40,Columbia,0,25-44,0
44,Private,HS-grad,9,Married-civ-spouse,Machine-op-inspct,Husband,White,Male,0,0,45,United-States,1,25-44,0
20,Private,Some-college,10,Never-married,Transport-moving,Own-child,White,Male,0,0,40,United-States,0,under25,0
40,Private,Some-college,10,Married-civ-spouse,Sales,Husband,White,Male,0,0,60,United-States,1,25-44,0
22,Private,Some-college,10,Never-married,Transport-moving,Own-child,White,Male,0,0,25,United-States,0,under25,0
19,Private,Some-college,10,Never-married,Other-service,Own-child,White,Male,0,0,25,United-States,0,under25,0
37,Private,HS-grad,9,Separated,Craft-repair,Not-in-family,White,Male,0,0,50,United-States,0,25-44,0
41,Private,HS-grad,9,Married-civ-spouse,Craft-repair,Husband,White,Male,0,0,45,United-States,1,25-44,0
46,Private,Assoc-acdm,12,Married-civ-spouse,Craft-repair,Husband,White,Male,0,0,40,United-States,1,45plus,0
27,Local-gov,Some-college,10,Never-married,Protective-serv,Not-in-family,White,Male,0,2231,40,United-States,1,25-44,0
18,Private,Some-college,10,Never-married,Adm-clerical,Not-in-family,White,Female,0,0,20,United-States,0,under25,0
18,Private,11th,7,Never-married,Sales,Own-child,White,Female,0,0,40,United-States,0,under25,0
56,Private,Some-college,10,Married-civ-spouse,Craft-repair,Husband,White,Male,0,0,50,United-States,0,45plus,0
33,State-gov,Bachelors,13,Married-civ-spouse,Prof-specialty,Husband,White,Male,0,0,60,United-States,1,25-44,1
19,Private,Some-college,10,Never-married,Adm-clerical,Own-child,White,Female,594,0,20,United-States,0,under25,0
24,Private,Bachelors,13,Never-married,Sales,Own-child,White,Male,0,0,40,United-States,0,under25,0
27,Private,HS-grad,9,Married-civ-spouse,Handlers-cleaners,Husband,White,Male,0,0,40,United-States,0,25-44,0
46,Private,9th,5,Separated,Machine-op-inspct,Not-in-family,White,Female,0,0,40,Ireland,0,45plus,0
43,Private,7th-8th,4,Married-civ-spouse,Machine-op-inspct,Husband,White,Male,0,0,40,United-States,0,25-44,0
39,Self-emp-not-inc,HS-grad,9,Married-civ-spouse,Craft-repair,Husband,White,Male,0,0,40,United-States,1,25-44,0
51,Private,HS-grad,9,Divorced,Prof-specialty,Unmarried,White,Male,0,0,40,United-States,0,45plus,0
37,Private,HS-grad,9,Divorced,Farming-fishing,Not-in-family,White,Male,0,0,40,United-States,0,25-44,0
35,Self-emp-not-inc,Bachelors,13,Married-civ-spouse,Craft-repair,Husband,White,Male,0,0,45,United-States,0,25-44,1
32,Private,Some-college,10,Married-civ-spouse,Prof-specialty,Husband,White,Male,0,0,40,United-States,0,25-44,0
63,Private,10th,6,Separated,Machine-op-inspct,Not-in-family,Black,Male,0,0,40,United-States,0,45plus,0
31,Private,Some-college,10,Married-civ-spouse,Prof-specialty,Husband,Amer-Indian-Eskimo,Male,0,0,40,United-States,0,25-44,0
39,Private,9th,5,Married-civ-spouse,Other-service,Wife,Black,Female,3411,0,34,United-States,0,25-44,0
47,State-gov,Bachelors,13,Married-civ-spouse,Exec-managerial,Husband,White,Male,0,0,40,United-States,1,45plus,1
48,Private,HS-grad,9,Divorced,Transport-moving,Not-in-family,White,Male,0,0,65,United-States,0,45plus,0
39,Private,Assoc-acdm,12,Married-civ-spouse,Adm-clerical,Husband,White,Male,0,0,40,United-States,0,25-44,0
35,Federal-gov,Bachelors,13,Never-married,Exec-managerial,Own-child,White,Male,0,0,40,United-States,0,25-44,0
21,Private,HS-grad,9,Never-married,Machine-op-inspct,Other-relative,White,Male,0,0,40,United-States,0,under25,0
32,Self-emp-not-inc,10th,6,Divorced,Craft-repair,Not-in-family,White,Male,0,0,40,United-States,0,25-44,0
56,Private,11th,7,Married-civ-spouse,Transport-moving,Husband,White,Male,0,0,40,United-States,0,45plus,0
56,Private,12th,8,Widowed,Other-service,Unmarried,Black,Female,0,0,40,United-States,0,45plus,0
33,Private,Some-college,10,Married-civ-spouse,Exec-managerial,Husband,White,Male,0,0,50,United-States,1,25-44,0
63,Self-emp-not-inc,Some-college,10,Married-civ-spouse,Exec-managerial,Husband,White,Male,0,0,60,United-States,1,45plus,0
72,Private,Bachelors,13,Married-civ-spouse,Protective-serv,Husband,White,Male,0,0,17,United-States,0,45plus,0
49,Private,Doctorate,16,Married-civ-spouse,Sales,Husband,White,Male,0,0,60,United-States,0,45plus,1
26,Private,HS-grad,9,Married-civ-spouse,Craft-repair,Husband,White,Male,0,0,40,United-States,1,25-44,0
46,Private,10th,6,Divorced,Machine-op-inspct,Unmarried,Black,Male,0,0,40,United-States,0,45plus,0
39,Private,Bachelors,13,Married-civ-spouse,Exec-managerial,Husband,White,Male,0,0,45,United-States,1,25-44,1
42,Private,Some-college,10,Married-civ-spouse,Craft-repair,Husband,White,Male,0,0,40,United-States,0,25-44,0
64,Self-emp-inc,Bachelors,13,Married-civ-spouse,Exec-managerial,Husband,White,Male,15024,0,55,United-States,1,45plus,1
17,Private,12th,8,Never-married,Other-service,Own-child,Black,Male,0,0,18,United-States,0,under25,0
49,Private,Assoc-voc,11,Married-civ-spouse,Prof-specialty,Husband,White,Male,0,0,40,United-States,0,45plus,1
47,Private,HS-grad,9,Separated,Craft-repair,Own-child,White,Male,0,0,40,United-States,0,45plus,0
49,Private,Some-college,10,Divorced,Exec-managerial,Not-in-family,White,Male,14344,0,45,United-States,1,45plus,1
37,State-gov,Bachelors,13,Never-married,Prof-specialty,Other-relative,White,Male,0,0,40,United-States,0,25-44,0
37,Private,HS-grad,9,Married-civ-spouse,Transport-moving,Husband,White,Male,0,0,40,United-States,1,25-44,0
31,Private,Bachelors,13,Married-civ-spouse,Sales,Husband,White,Male,0,1902,45,United-States,1,25-44,1
22,Private,Bachelors,13,Married-civ-spouse,Adm-clerical,Own-child,Amer-Indian-Eskimo,Female,2885,0,25,United-States,0,under25,0
34,State-gov,Some-college,10,Separated,Exec-managerial,Own-child,White,Female,0,0,40,United-States,0,25-44,0
32,Federal-gov,Some-college,10,Divorced,Adm-clerical,Unmarried,White,Female,0,0,40,United-States,0,25-44,0
44,State-gov,Bachelors,13,Never-married,Adm-clerical,Not-in-family,White,Female,0,0,38,United-States,0,25-44,0
36,Private,HS-grad,9,Never-married,Adm-clerical,Own-child,Black,Male,0,0,40,United-States,0,25-44,0
65,Private,Bachelors,13,Divorced,Prof-specialty,Not-in-family,White,Male,6723,0,40,United-States,0,45plus,0
35,Private,HS-grad,9,Never-married,Craft-repair,Not-in-family,White,Male,0,0,70,United-States,0,25-44,0
36,Self-emp-not-inc,HS-grad,9,Married-civ-spouse,Craft-repair,Husband,White,Male,0,0,40,United-States,0,25-44,0
45,Local-gov,Masters,14,Never-married,Prof-specialty,Not-in-family,White,Female,0,0,40,United-States,0,25-44,0
49,Local-gov,Assoc-acdm,12,Divorced,Adm-clerical,Not-in-family,White,Female,0,0,30,United-States,0,45plus,0
69,Self-emp-inc,HS-grad,9,Married-civ-spouse,Other-service,Husband,White,Male,0,0,40,United-States,1,45plus,0
24,Private,Some-college,10,Never-married,Other-service,Own-child,White,Female,0,0,40,Mexico,0,under25,0
28,Private,Assoc-voc,11,Married-civ-spouse,Prof-specialty,Husband,White,Male,99999,0,50,United-States,1,25-44,1
48,Private,Bachelors,13,Married-civ-spouse,Exec-managerial,Husband,White,Male,0,0,60,Greece,1,45plus,1
22,Private,Assoc-voc,11,Never-married,Other-service,Own-child,White,Male,0,0,30,United-States,0,under25,0
29,Local-gov,Some-college,10,Married-civ-spouse,Protective-serv,Husband,White,Male,0,1485,40,United-States,1,25-44,0
51,Private,HS-grad,9,Divorced,Exec-managerial,Not-in-family,White,Male,0,0,44,United-States,0,45plus,0
43,Self-emp-inc,Bachelors,13,Divorced,Farming-fishing,Not-in-family,White,Male,0,0,35,United-States,0,25-44,0
39,Self-emp-not-inc,HS-grad,9,Married-civ-spouse,Sales,Husband,White,Male,0,0,40,United-States,0,25-44,0
42,Private,7th-8th,4,Divorced,Sales,Not-in-family,White,Female,0,0,40,United-States,0,25-44,0
31,Private,Assoc-acdm,12,Married-civ-spouse,Sales,Husband,White,Male,4386,0,45,United-States,1,25-44,0
36,Private,HS-grad,9,Never-married,Sales,Own-child,White,Female,0,0,40,United-States,0,25-44,0
35,Private,HS-grad,9,Never-married,Exec-managerial,Not-in-family,White,Male,0,0,45,United-States,0,25-44,0
22,Local-gov,HS-grad,9,Never-married,Handlers-cleaners,Other-relative,White,Male,0,0,50,United-States,0,under25,0
47,Private,Some-college,10,Divorced,Sales,Unmarried,White,Female,0,0,45,United-States,1,45plus,0
39,Private,Some-college,10,Never-married,Exec-managerial,Not-in-family,White,Male,0,0,45,United-States,0,25-44,0
49,Private,10th,6,Divorced,Other-service,Not-in-family,White,Male,0,0,48,United-States,0,45plus,0
33,Private,Bachelors,13,Married-civ-spouse,Exec-managerial,Husband,White,Male,0,0,50,United-States,1,25-44,1
25,Private,11th,7,Married-spouse-absent,Handlers-cleaners,Not-in-family,White,Male,0,0,40,Mexico,0,under25,0
20,Private,Some-college,10,Never-married,Exec-managerial,Not-in-family,White,Female,0,0,30,United-States,0,under25,0
46,Federal-gov,Some-college,10,Never-married,Adm-clerical,Unmarried,Black,Female,0,0,40,United-States,0,45plus,0
61,Local-gov,HS-grad,9,Married-civ-spouse,Handlers-cleaners,Husband,White,Male,0,0,40,United-States,0,45plus,0
26,State-gov,Some-college,10,Never-married,Protective-serv,Own-child,White,Male,0,0,40,United-States,0,25-44,0
46,Private,Assoc-voc,11,Married-civ-spouse,Tech-support,Husband,White,Male,0,0,40,United-States,0,45plus,0
34,Private,Assoc-acdm,12,Divorced,Sales,Not-in-family,White,Male,0,0,40,United-States,0,25-44,0
29,Self-emp-not-inc,Some-college,10,Married-civ-spouse,Craft-repair,Husband,White,Male,0,0,35,United-States,0,25-44,0
36,Private,Bachelors,13,Married-civ-spouse,Prof-specialty,Husband,White,Male,0,0,45,United-States,0,25-44,1
50,Local-gov,HS-grad,9,Married-civ-spouse,Other-service,Husband,Black,Male,0,0,40,United-States,0,45plus,0
60,Private,Some-college,10,Married-civ-spouse,Prof-specialty,Husband,White,Male,7298,0,40,United-States,1,45plus,1
20,Private,Some-college,10,Never-married,Other-service,Own-child,White,Male,0,0,25,United-States,0,under25,0
42,Private,5th-6th,3,Married-civ-spouse,Other-service,Husband,White,Male,0,0,44,Mexico,0,25-44,0
32,Private,Some-college,10,Married-civ-spouse,Craft-repair,Husband,White,Male,0,0,45,United-States,0,25-44,0
26,Self-emp-not-inc,7th-8th,4,Married-civ-spouse,Transport-moving,Husband,White,Male,0,0,75,United-States,0,25-44,0
21,Private,Some-college,10,Never-married,Handlers-cleaners,Own-child,White,Male,0,0,30,United-States,0,under25,0
42,Private,Assoc-acdm,12,Separated,Adm-clerical,Unmarried,Black,Female,0,0,40,United-States,0,25-44,0
49,Private,HS-grad,9,Married-civ-spouse,Craft-repair,Husband,White,Male,0,0,40,United-States,0,45plus,0
32,Private,Bachelors,13,Never-married,Sales,Not-in-family,White,Female,0,1590,40,United-States,0,25-44,0
35,Private,Some-college,10,Married-civ-spouse,Craft-repair,Husband,White,Male,0,0,45,United-States,0,25-44,0
31,Private,11th,7,Divorced,Other-service,Not-in-family,White,Female,0,0,40,United-States,0,25-44,0
38,Local-gov,Bachelors,13,Never-married,Protective-serv,Not-in-family,White,Female,4787,0,43,United-States,1,25-44,0
34,Private,Assoc-voc,11,Married-civ-spouse,Adm-clerical,Husband,White,Male,3908,0,45,United-States,0,25-44,0
20,Private,Assoc-acdm,12,Never-married,Transport-moving,Own-child,White,Male,0,0,20,United-States,0,under25,0
20,Private,HS-grad,9,Never-married,Craft-repair,Not-in-family,White,Male,0,0,40,United-States,0,under25,0
36,Private,HS-grad,9,Married-civ-spouse,Machine-op-inspct,Husband,White,Male,0,0,40,United-States,0,25-44,0
33,Private,Some-college,10,Married-civ-spouse,Other-service,Wife,White,Female,0,0,35,United-States,0,25-44,0
30,Private,HS-grad,9,Married-civ-spouse,Craft-repair,Husband,White,Male,0,0,70,United-States,0,25-44,0
19,Private,HS-grad,9,Never-married,Handlers-cleaners,Not-in-family,White,Female,0,0,37,United-States,0,under25,0
66,Private,7th-8th,4,Married-civ-spouse,Craft-repair,Husband,White,Male,0,0,40,United-States,0,45plus,0
21,Private,HS-grad,9,Never-married,Other-service,Own-child,White,Female,0,0,40,United-States,0,under25,0
46,Self-emp-inc,Bachelors,13,Divorced,Exec-managerial,Not-in-family,White,Female,0,0,50,United-States,0,45plus,0
25,Private,Bachelors,13,Never-married,Adm-clerical,Own-child,White,Male,0,0,40,United-States,0,under25,0
51,Private,HS-grad,9,Married-civ-spouse,Sales,Husband,White,Male,7688,0,40,United-States,1,45plus,1
48,Private,Some-college,10,Married-civ-spouse,Adm-clerical,Husband,White,Male,0,0,40,United-States,1,45plus,0
36,Local-gov,Masters,14,Married-civ-spouse,Prof-specialty,Wife,White,Female,0,0,40,United-States,0,25-44,1
23,Local-gov,Bachelors,13,Never-married,Prof-specialty,Own-child,White,Male,0,0,24,United-States,0,under25,0
36,Private,HS-grad,9,Divorced,Machine-op-inspct,Unmarried,White,Female,0,0,40,United-States,0,25-44,0
25,Private,Bachelors,13,Never-married,Exec-managerial,Own-child,White,Male,0,0,45,United-States,0,under25,0
42,Private,Bachelors,13,Never-married,Sales,Not-in-family,White,Male,10520,0,50,United-States,1,25-44,1
58,Local-gov,12th,8,Married-civ-spouse,Farming-fishing,Husband,White,Male,0,0,40,United-States,0,45plus,0
23,Private,HS-grad,9,Never-married,Machine-op-inspct,Own-child,White,Male,0,0,40,United-States,0,under25,0
50,Private,10th,6,Married-civ-spouse,Craft-repair,Husband,White,Male,0,0,40,United-States,1,45plus,0
37,Private,HS-grad,9,Married-civ-spouse,Handlers-cleaners,Husband,White,Male,0,0,24,United-States,0,25-44,0
31,Private,HS-grad,9,Married-civ-spouse,Craft-repair,Husband,White,Male,0,0,52,United-States,0,25-44,0
53,Private,Doctorate,16,Married-civ-spouse,Prof-specialty,Wife,White,Female,99999,0,37,United-States,1,45plus,1
37,Self-emp-not-inc,HS-grad,9,Married-civ-spouse,Craft-repair,Husband,White,Male,0,0,40,United-States,0,25-44,0
42,Private,Some-college,10,Married-civ-spouse,Adm-clerical,Husband,White,Male,0,1628,40,United-States,0,25-44,0
47,Private,HS-grad,9,Separated,Sales,Not-in-family,White,Female,0,0,52,United-States,0,45plus,0
22,State-gov,Bachelors,13,Never-married,Adm-clerical,Own-child,White,Female,0,0,10,United-States,0,under25,0
22,Private,Some-college,10,Never-married,Other-service,Own-child,Black,Male,0,0,40,United-States,0,under25,0
34,Local-gov,Assoc-voc,11,Divorced,Protective-serv,Own-child,Asian-Pac-Islander,Male,0,0,40,United-States,0,25-44,0
30,Private,Bachelors,13,Married-civ-spouse,Tech-support,Wife,White,Female,0,0,16,United-States,1,25-44,1
35,Private,HS-grad,9,Never-married,Exec-managerial,Not-in-family,White,Female,0,0,54,United-States,0,25-44,0
36,Private,5th-6th,3,Married-spouse-absent,Craft-repair,Other-relative,White,Male,0,0,32,Mexico,0,25-44,0
52,Private,Some-college,10,Married-civ-spouse,Craft-repair,Husband,White,Male,0,0,45,United-States,1,45plus,0
64,State-gov,Masters,14,Married-civ-spouse,Prof-specialty,Wife,White,Female,0,0,5,United-States,1,45plus,1
34,Private,Some-college,10,Married-civ-spouse,Machine-op-inspct,Husband,White,Male,0,0,35,United-States,0,25-44,0
44,Private,Assoc-voc,11,Never-married,Priv-house-serv,Not-in-family,White,Male,594,0,25,United-States,0,25-44,0
46,Private,HS-grad,9,Married-civ-spouse,Adm-clerical,Wife,White,Female,0,0,40,United-States,0,45plus,0
26,State-gov,Bachelors,13,Never-married,Prof-specialty,Not-in-family,White,Male,0,0,15,United-States,0,25-44,0
39,Private,Bachelors,13,Married-civ-spouse,Exec-managerial,Husband,White,Male,15024,0,60,United-States,1,25-44,1
36,Self-emp-not-inc,HS-grad,9,Married-civ-spouse,Sales,Wife,White,Female,7688,0,40,United-States,1,25-44,1
43,Private,Some-college,10,Married-civ-spouse,Machine-op-inspct,Husband,White,Male,0,0,40,Mexico,0,25-44,0
32,Private,Bachelors,13,Never-married,Adm-clerical,Not-in-family,Asian-Pac-Islander,Male,0,0,40,United-States,0,25-44,0
21,Private,Some-college,10,Never-married,Other-service,Not-in-family,White,Female,0,0,25,Germany,0,under25,0
51,Private,Assoc-acdm,12,Divorced,Exec-managerial,Unmarried,White,Male,0,0,55,Germany,0,45plus,0
36,Private,HS-grad,9,Never-married,Sales,Not-in-family,White,Female,0,0,40,United-States,0,25-44,0
62,Private,Bachelors,13,Married-civ-spouse,Exec-managerial,Husband,White,Male,0,0,50,United-States,1,45plus,1
18,Private,11th,7,Never-married,Adm-clerical,Own-child,White,Female,0,0,15,United-States,0,under25,0
37,Private,1st-4th,2,Married-civ-spouse,Farming-fishing,Husband,White,Male,0,0,85,Mexico,0,25-44,0
25,Private,HS-grad,9,Never-married,Adm-clerical,Unmarried,White,Female,0,0,46,United-States,0,under25,0
19,Self-emp-not-inc,Some-college,10,Never-married,Other-service,Own-child,White,Female,0,0,22,United-States,0,under25,0
59,Private,Masters,14,Married-civ-spouse,Prof-specialty,Husband,White,Male,0,0,55,United-States,0,45plus,1
37,Private,HS-grad,9,Never-married,Transport-moving,Not-in-family,Black,Male,0,0,50,United-States,0,25-44,0
21,Private,HS-grad,9,Never-married,Machine-op-inspct,Own-child,White,Male,0,0,60,United-States,0,under25,0
30,Private,Some-college,10,Married-civ-spouse,Adm-clerical,Husband,White,Male,0,0,30,United-States,0,25-44,0
59,Private,7th-8th,4,Married-civ-spouse,Craft-repair,Husband,White,Male,0,0,40,United-States,0,45plus,0
42,Private,Bachelors,13,Married-civ-spouse,Tech-support,Husband,White,Male,0,0,45,United-States,1,25-44,1
44,Private,HS-grad,9,Never-married,Sales,Not-in-family,White,Female,0,0,40,United-States,0,25-44,0
17,Private,7th-8th,4,Never-married,Farming-fishing,Other-relative,Other,Male,0,0,40,Mexico,0,under25,0
51,Private,Masters,14,Married-civ-spouse,Prof-specialty,Wife,White,Female,0,0,40,United-States,1,45plus,1
43,Local-gov,12th,8,Married-civ-spouse,Transport-moving,Husband,White,Male,0,1579,40,United-States,0,25-44,0
34,Private,HS-grad,9,Never-married,Sales,Not-in-family,White,Female,0,0,35,United-States,0,25-44,0
58,Private,HS-grad,9,Married-civ-spouse,Exec-managerial,Husband,White,Male,0,0,40,United-States,0,45plus,0
60,Private,Some-college,10,Widowed,Sales,Unmarried,White,Female,0,0,27,United-States,0,45plus,0
45,Private,Bachelors,13,Married-civ-spouse,Transport-moving,Husband,White,Male,0,0,40,United-States,1,25-44,1
67,Self-emp-not-inc,HS-grad,9,Married-civ-spouse,Adm-clerical,Wife,White,Female,0,0,2,United-States,0,45plus,0
47,Private,HS-grad,9,Married-spouse-absent,Craft-repair,Not-in-family,Black,Female,0,0,40,United-States,0,45plus,0
18,Private,11th,7,Never-married,Other-service,Own-child,White,Female,0,0,15,United-States,0,under25,0
43,Private,HS-grad,9,Married-civ-spouse,Adm-clerical,Wife,White,Female,0,0,40,United-States,1,25-44,0
61,Local-gov,Masters,14,Married-civ-spouse,Exec-managerial,Husband,White,Male,7298,0,60,United-States,1,45plus,1
39,Private,Bachelors,13,Never-married,Exec-managerial,Not-in-family,White,Female,0,0,40,United-States,0,25-44,0
20,Private,Some-college,10,Never-married,Adm-clerical,Not-in-family,White,Female,0,0,45,United-States,0,under25,0
23,Private,HS-grad,9,Never-married,Adm-clerical,Not-in-family,White,Female,0,0,40,United-States,0,under25,0
26,Private,HS-grad,9,Never-married,Farming-fishing,Not-in-family,White,Male,0,0,40,United-States,0,25-44,0
19,Federal-gov,HS-grad,9,Married-AF-spouse,Sales,Wife,White,Female,0,0,40,United-States,0,under25,0
43,State-gov,HS-grad,9,Married-civ-spouse,Craft-repair,Husband,White,Male,0,0,40,United-States,1,25-44,0
82,Self-emp-not-inc,HS-grad,9,Married-civ-spouse,Craft-repair,Husband,White,Male,0,0,40,Cuba,0,45plus,0
33,Private,Some-college,10,Married-civ-spouse,Machine-op-inspct,Husband,White,Male,0,0,55,United-States,0,25-44,0
28,Local-gov,Some-college,10,Married-civ-spouse,Exec-managerial,Husband,White,Male,0,0,65,United-States,0,25-44,0
35,Private,HS-grad,9,Never-married,Transport-moving,Unmarried,Black,Male,0,0,72,United-States,0,25-44,0
42,Local-gov,Some-college,10,Married-civ-spouse,Protective-serv,Husband,White,Male,0,0,72,United-States,1,25-44,0
59,Private,HS-grad,9,Married-civ-spouse,Other-service,Husband,White,Male,0,0,40,United-States,1,45plus,0
31,Self-emp-inc,HS-grad,9,Married-civ-spouse,Craft-repair,Husband,White,Male,0,0,50,United-States,0,25-44,0
42,Private,Doctorate,16,Married-civ-spouse,Prof-specialty,Husband,White,Male,0,0,40,France,0,25-44,1
24,Private,HS-grad,9,Separated,Other-service,Unmarried,White,Female,0,0,25,United-States,0,under25,0
52,Self-emp-not-inc,HS-grad,9,Married-civ-spouse,Farming-fishing,Husband,White,Male,0,0,98,United-States,1,45plus,0
25,Private,HS-grad,9,Married-civ-spouse,Handlers-cleaners,Husband,White,Male,0,0,40,United-States,0,under25,0
32,Private,Some-college,10,Never-married,Handlers-cleaners,Own-child,White,Male,0,0,40,United-States,0,25-44,0
26,Private,Bachelors,13,Never-married,Adm-clerical,Own-child,White,Female,0,0,40,Mexico,0,25-44,0
38,Private,Bachelors,13,Never-married,Adm-clerical,Not-in-family,White,Female,0,0,50,United-States,0,25-44,0
21,Private,Some-college,10,Never-married,Sales,Own-child,White,Female,0,0,20,United-States,0,under25,0
53,Private,Some-college,10,Married-civ-spouse,Craft-repair,Husband,White,Male,0,0,40,United-States,1,45plus,0
46,Self-emp-inc,Masters,14,Married-civ-spouse,Exec-managerial,Husband,White,Male,0,0,55,United-States,1,45plus,1
58,Private,HS-grad,9,Never-married,Other-service,Other-relative,White,Male,0,0,25,United-States,0,45plus,0
25,Private,HS-grad,9,Divorced,Adm-clerical,Not-in-family,White,Male,0,0,40,United-States,0,under25,0
33,Private,HS-grad,9,Divorced,Adm-clerical,Not-in-family,White,Male,0,0,38,United-States,0,25-44,0
37,Private,Assoc-voc,11,Divorced,Machine-op-inspct,Not-in-family,White,Female,0,0,30,United-States,0,25-44,0
31,Private,Assoc-acdm,12,Never-married,Machine-op-inspct,Unmarried,White,Male,0,0,40,United-States,0,25-44,0
34,Self-emp-not-inc,Some-college,10,Divorced,Adm-clerical,Unmarried,White,Female,0,0,50,United-States,0,25-44,0
62,Private,HS-grad,9,Married-civ-spouse,Transport-moving,Husband,White,Male,0,0,40,United-States,0,45plus,0
34,Private,Assoc-voc,11,Married-civ-spouse,Exec-managerial,Wife,White,Female,0,0,40,Puerto-Rico,1,25-44,1
43,Private,Bachelors,13,Married-civ-spouse,Prof-specialty,Husband,White,Male,0,0,35,United-States,0,25-44,1
29,Private,Some-college,10,Divorced,Exec-managerial,Own-child,White,Female,1831,0,40,United-States,0,25-44,0
33,Self-emp-not-inc,Assoc-voc,11,Married-civ-spouse,Farming-fishing,Husband,White,Male,0,0,65,United-States,0,25-44,0
33,Private,HS-grad,9,Married-civ-spouse,Sales,Husband,White,Male,0,0,20,United-States,0,25-44,0
50,Private,Some-college,10,Never-married,Other-service,Not-in-family,White,Male,0,0,32,United-States,0,45plus,0
21,Private,HS-grad,9,Never-married,Protective-serv,Own-child,White,Male,0,0,40,United-States,0,under25,0
39,Private,HS-grad,9,Married-civ-spouse,Craft-repair,Husband,Black,Male,0,0,40,United-States,0,25-44,0
32,Private,HS-grad,9,Never-married,Handlers-cleaners,Not-in-family,White,Female,0,0,40,United-States,0,25-44,0
41,Private,HS-grad,9,Never-married,Craft-repair,Not-in-family,White,Male,3325,0,50,United-States,0,25-44,0
49,Self-emp-not-inc,Assoc-acdm,12,Divorced,Sales,Not-in-family,White,Male,0,0,50,United-States,0,45plus,0
45,Private,HS-grad,9,Never-married,Other-service,Own-child,White,Female,0,0,40,United-States,0,25-44,0
58,Private,HS-grad,9,Married-civ-spouse,Machine-op-inspct,Husband,White,Male,0,0,40,United-States,0,45plus,0
53,Private,HS-grad,9,Widowed,Sales,Not-in-family,White,Female,0,0,30,United-States,0,45plus,0
28,Self-emp-not-inc,HS-grad,9,Married-civ-spouse,Craft-repair,Husband,White,Male,0,0,40,United-States,0,25-44,0
25,Private,HS-grad,9,Never-married,Handlers-cleaners,Other-relative,White,Male,0,0,35,United-States,0,under25,0
32,Private,Bachelors,13,Married-civ-spouse,Sales,Husband,White,Male,0,1848,50,United-States,1,25-44,1
24,Private,HS-grad,9,Never-married,Machine-op-inspct,Own-child,White,Male,0,0,40,United-States,0,under25,0
48,Self-emp-not-inc,Masters,14,Married-civ-spouse,Sales,Husband,Asian-Pac-Islander,Male,0,0,50,India,0,45plus,1
42,Private,Some-college,10,Divorced,Adm-clerical,Not-in-family,Black,Female,0,0,40,United-States,0,25-44,0
31,Private,Bachelors,13,Married-civ-spouse,Exec-managerial,Husband,White,Male,0,0,50,United-States,0,25-44,1
30,Private,Assoc-acdm,12,Married-civ-spouse,Exec-managerial,Husband,White,Male,0,1848,50,United-States,1,25-44,1
31,Private,9th,5,Married-civ-spouse,Machine-op-inspct,Husband,White,Male,3137,0,40,Mexico,0,25-44,0
39,Private,HS-grad,9,Married-civ-spouse,Other-service,Other-relative,Black,Female,0,0,40,United-States,0,25-44,0
39,Private,Some-college,10,Never-married,Adm-clerical,Own-child,Asian-Pac-Islander,Female,0,0,40,United-States,0,25-44,0
49,Private,HS-grad,9,Divorced,Exec-managerial,Unmarried,White,Female,0,0,40,United-States,0,45plus,0
25,Private,HS-grad,9,Married-civ-spouse,Exec-managerial,Husband,White,Male,7298,0,84,United-States,1,under25,1
44,Private,Bachelors,13,Married-civ-spouse,Sales,Husband,Asian-Pac-Islander,Male,0,0,40,United-States,1,25-44,1
29,Private,Masters,14,Married-civ-spouse,Exec-managerial,Husband,White,Male,0,0,45,Germany,0,25-44,1
49,Self-emp-not-inc,Bachelors,13,Never-married,Exec-managerial,Own-child,White,Female,0,0,40,United-States,0,45plus,0
20,Private,Some-college,10,Never-married,Other-service,Own-child,White,Female,0,0,15,United-States,0,under25,0
22,Private,Some-college,10,Never-married,Adm-clerical,Not-in-family,White,Female,0,0,40,United-States,0,under25,0
36,Private,Bachelors,13,Widowed,Prof-specialty,Unmarried,White,Female,0,0,44,United-States,0,25-44,0
47,Private,Some-college,10,Married-civ-spouse,Sales,Husband,White,Male,99999,0,60,United-States,1,45plus,1
51,Private,Some-college,10,Divorced,Adm-clerical,Not-in-family,White,Female,0,0,63,United-States,0,45plus,0
56,Private,HS-grad,9,Married-civ-spouse,Craft-repair,Husband,White,Male,0,0,40,United-States,0,45plus,0
32,Private,Assoc-acdm,12,Separated,Exec-managerial,Unmarried,White,Female,25236,0,50,United-States,1,25-44,1
38,Private,Some-college,10,Divorced,Craft-repair,Own-child,White,Male,0,0,58,Poland,0,25-44,0
39,Private,Some-college,10,Married-civ-spouse,Exec-managerial,Husband,White,Male,0,0,40,United-States,1,25-44,1
51,Local-gov,HS-grad,9,Married-civ-spouse,Craft-repair,Husband,White,Male,0,0,40,United-States,0,45plus,0
60,Federal-gov,Some-college,10,Divorced,Prof-specialty,Not-in-family,Amer-Indian-Eskimo,Female,0,0,40,United-States,0,45plus,0
32,Private,Some-college,10,Married-civ-spouse,Sales,Husband,White,Male,0,0,32,United-States,0,25-44,0
46,Private,HS-grad,9,Married-civ-spouse,Craft-repair,Husband,White,Male,0,0,40,United-States,1,45plus,0
50,Self-emp-not-inc,HS-grad,9,Married-civ-spouse,Exec-managerial,Husband,White,Male,0,0,32,United-States,0,45plus,0
30,Private,11th,7,Married-civ-spouse,Machine-op-inspct,Husband,White,Male,0,0,40,United-States,0,25-44,0
37,Local-gov,Bachelors,13,Never-married,Tech-support,Own-child,White,Female,0,0,42,United-States,0,25-44,0
35,Private,Bachelors,13,Separated,Exec-managerial,Unmarried,White,Female,0,0,42,United-States,0,25-44,0
54,Private,5th-6th,3,Married-spouse-absent,Machine-op-inspct,Unmarried,White,Male,0,0,40,Mexico,0,45plus,0
44,Private,Some-college,10,Never-married,Other-service,Not-in-family,White,Female,0,0,40,United-States,0,25-44,0
30,Private,HS-grad,9,Divorced,Adm-clerical,Own-child,White,Female,0,0,40,United-States,0,25-44,0
32,Private,HS-grad,9,Married-civ-spouse,Transport-moving,Husband,White,Male,0,0,55,United-States,0,25-44,0
45,Self-emp-not-inc,Some-college,10,Married-civ-spouse,Transport-moving,Husband,White,Male,0,0,40,United-States,0,25-44,0
37,Private,HS-grad,9,Married-civ-spouse,Other-service,Wife,White,Female,0,0,30,United-States,1,25-44,0
52,Local-gov,Masters,14,Married-civ-spouse,Prof-specialty,Husband,White,Male,0,0,50,United-States,1,45plus,1
48,Private,Assoc-voc,11,Married-civ-spouse,Tech-support,Husband,White,Male,0,0,50,United-States,1,45plus,0
41,Self-emp-not-inc,Some-college,10,Married-civ-spouse,Farming-fishing,Husband,White,Male,7688,0,50,United-States,1,25-44,1
23,Private,Bachelors,13,Married-civ-spouse,Adm-clerical,Other-relative,White,Female,0,0,40,United-States,0,under25,0
32,Self-emp-not-inc,HS-grad,9,Divorced,Exec-managerial,Unmarried,White,Female,0,0,40,United-States,0,25-44,0
45,State-gov,Some-college,10,Married-civ-spouse,Exec-managerial,Husband,White,Male,0,0,40,United-States,0,25-44,0
28,Private,HS-grad,9,Never-married,Handlers-cleaners,Not-in-family,White,Male,0,0,40,United-States,0,25-44,0
39,Private,HS-grad,9,Never-married,Farming-fishing,Own-child,White,Male,0,0,12,United-States,0,25-44,0
39,Private,Assoc-voc,11,Married-civ-spouse,Craft-repair,Husband,White,Male,0,1628,48,United-States,0,25-44,0
53,Private,Some-college,10,Married-civ-spouse,Exec-managerial,Husband,White,Male,0,1740,40,United-States,0,45plus,0
36,Private,HS-grad,9,Divorced,Exec-managerial,Unmarried,White,Male,0,0,40,United-States,0,25-44,0
54,Private,Some-college,10,Widowed,Craft-repair,Unmarried,White,Female,0,0,50,United-States,0,45plus,0
54,Local-gov,Masters,14,Divorced,Prof-specialty,Not-in-family,White,Female,0,0,40,United-States,0,45plus,0
29,Private,HS-grad,9,Married-civ-spouse,Craft-repair,Husband,Amer-Indian-Eskimo,Male,0,0,48,United-States,0,25-44,0
23,Private,Bachelors,13,Never-married,Tech-support,Not-in-family,White,Male,0,0,40,United-States,0,under25,0
48,Local-gov,Some-college,10,Married-civ-spouse,Exec-managerial,Husband,White,Male,0,0,40,United-States,0,45plus,0
31,Private,Assoc-voc,11,Married-civ-spouse,Exec-managerial,Wife,Black,Female,0,0,43,United-States,0,25-44,0
43,Local-gov,Some-college,10,Divorced,Adm-clerical,Not-in-family,White,Female,0,0,40,United-States,0,25-44,0
40,Private,HS-grad,9,Divorced,Craft-repair,Other-relative,White,Female,0,0,40,Vietnam,0,25-44,0
23,Private,10th,6,Married-civ-spouse,Handlers-cleaners,Husband,White,Male,0,0,40,United-States,0,under25,0
25,Private,Bachelors,13,Never-married,Craft-repair,Own-child,White,Male,0,1590,35,United-States,0,under25,0
43,Private,1st-4th,2,Never-married,Sales,Own-child,White,Male,0,0,40,United-States,0,25-44,0
47,Private,HS-grad,9,Separated,Prof-specialty,Other-relative,Black,Female,14084,0,38,United-States,1,45plus,1
45,Private,HS-grad,9,Divorced,Tech-support,Not-in-family,White,Female,0,0,50,United-States,1,25-44,0
33,Private,10th,6,Married-civ-spouse,Machine-op-inspct,Husband,White,Male,0,0,40,United-States,0,25-44,0
25,Private,9th,5,Married-civ-spouse,Handlers-cleaners,Husband,White,Male,0,0,40,United-States,0,under25,0
45,Private,HS-grad,9,Divorced,Adm-clerical,Unmarried,White,Female,0,0,40,United-States,0,25-44,0
58,Private,Some-college,10,Married-civ-spouse,Sales,Husband,White,Male,0,0,48,United-States,0,45plus,0
43,Private,Bachelors,13,Married-civ-spouse,Exec-managerial,Husband,White,Male,0,1902,40,England,1,25-44,1
61,Self-emp-not-inc,HS-grad,9,Widowed,Other-service,Other-relative,White,Female,0,0,40,United-States,0,45plus,0
49,State-gov,Masters,14,Divorced,Prof-specialty,Not-in-family,White,Female,0,0,40,United-States,0,45plus,0
62,Private,HS-grad,9,Married-civ-spouse,Machine-op-inspct,Husband,White,Male,0,0,40,United-States,1,45plus,0
71,Private,Preschool,1,Widowed,Craft-repair,Unmarried,Black,Male,0,0,10,United-States,0,45plus,0
52,Local-gov,HS-grad,9,Divorced,Adm-clerical,Unmarried,Black,Female,0,0,40,United-States,0,45plus,0
24,Private,HS-grad,9,Divorced,Exec-managerial,Not-in-family,White,Female,0,0,45,United-States,1,under25,0
53,Private,Bachelors,13,Married-civ-spouse,Exec-managerial,Husband,White,Male,0,0,40,Greece,0,45plus,1
31,Private,HS-grad,9,Never-married,Adm-clerical,Own-child,White,Female,0,0,40,United-States,0,25-44,0
35,Local-gov,HS-grad,9,Married-civ-spouse,Other-service,Husband,White,Male,0,0,40,United-States,0,25-44,0
28,Private,HS-grad,9,Never-married,Machine-op-inspct,Not-in-family,White,Male,0,0,48,United-States,0,25-44,0
43,Local-gov,Bachelors,13,Never-married,Prof-specialty,Not-in-family,White,Male,0,0,40,United-States,0,25-44,0
50,Self-emp-inc,Prof-school,15,Married-civ-spouse,Prof-specialty,Husband,White,Male,0,0,75,United-States,1,45plus,1
63,Private,Some-college,10,Widowed,Adm-clerical,Unmarried,White,Female,0,0,43,United-States,0,45plus,0
37,Private,HS-grad,9,Divorced,Machine-op-inspct,Not-in-family,White,Male,0,0,40,United-States,0,25-44,0
43,Local-gov,Some-college,10,Married-civ-spouse,Protective-serv,Husband,White,Male,0,0,40,United-States,0,25-44,0
36,Private,Some-college,10,Never-married,Other-service,Not-in-family,White,Male,0,0,48,United-States,0,25-44,0
30,Private,Bachelors,13,Married-civ-spouse,Exec-managerial,Husband,White,Male,0,0,50,United-States,1,25-44,1
36,State-gov,Prof-school,15,Divorced,Prof-specialty,Own-child,Asian-Pac-Islander,Female,0,0,40,Philippines,0,25-44,0
48,Self-emp-not-inc,11th,7,Married-civ-spouse,Farming-fishing,Husband,White,Male,0,0,50,United-States,1,45plus,0
38,Local-gov,HS-grad,9,Married-civ-spouse,Protective-serv,Husband,Asian-Pac-Islander,Male,0,0,54,United-States,1,25-44,0
19,Private,HS-grad,9,Never-married,Other-service,Own-child,White,Female,0,0,25,United-States,0,under25,0
47,Private,HS-grad,9,Married-civ-spouse,Other-service,Wife,White,Female,0,0,35,United-States,0,45plus,0
54,Private,HS-grad,9,Divorced,Adm-clerical,Unmarried,White,Female,0,0,42,United-States,0,45plus,0
37,Self-emp-not-inc,Some-college,10,Divorced,Exec-managerial,Unmarried,White,Female,0,0,40,United-States,0,25-44,0
45,Private,HS-grad,9,Married-civ-spouse,Craft-repair,Husband,White,Male,0,0,47,United-States,1,25-44,0
52,Private,Some-college,10,Divorced,Sales,Other-relative,White,Female,0,0,20,United-States,1,45plus,0
50,Private,Assoc-acdm,12,Married-civ-spouse,Handlers-cleaners,Husband,Black,Male,15024,0,45,United-States,1,45plus,1
47,Self-emp-not-inc,HS-grad,9,Married-civ-spouse,Farming-fishing,Husband,White,Male,0,0,56,United-States,1,45plus,0
34,Private,Some-college,10,Separated,Sales,Not-in-family,White,Male,0,0,45,United-States,0,25-44,0
42,Private,HS-grad,9,Divorced,Other-service,Unmarried,Black,Male,0,0,35,United-States,0,25-44,0
26,Private,HS-grad,9,Never-married,Adm-clerical,Unmarried,Black,Female,0,0,30,United-States,0,25-44,0
30,Private,Some-college,10,Never-married,Machine-op-inspct,Not-in-family,Black,Female,0,0,40,United-States,0,25-44,0
57,Private,Doctorate,16,Married-civ-spouse,Prof-specialty,Husband,Asian-Pac-Islander,Male,0,0,40,Taiwan,1,45plus,1
38,Private,11th,7,Married-civ-spouse,Adm-clerical,Wife,White,Female,0,0,32,United-States,0,25-44,0
46,Self-emp-not-inc,HS-grad,9,Widowed,Other-service,Other-relative,White,Female,0,0,40,United-States,0,45plus,0
31,Private,HS-grad,9,Never-married,Craft-repair,Not-in-family,White,Male,0,0,35,United-States,0,25-44,0
36,Private,HS-grad,9,Divorced,Craft-repair,Not-in-family,White,Male,0,0,40,United-States,0,25-44,0
35,Local-gov,Bachelors,13,Married-civ-spouse,Sales,Husband,Asian-Pac-Islander,Male,7298,0,40,Philippines,1,25-44,1
46,Private,Bachelors,13,Married-civ-spouse,Exec-managerial,Husband,White,Male,0,0,53,United-States,1,45plus,1
42,Private,Some-college,10,Divorced,Machine-op-inspct,Not-in-family,White,Female,0,0,40,United-States,0,25-44,0
37,Private,Some-college,10,Divorced,Handlers-cleaners,Own-child,White,Male,0,1504,40,United-States,0,25-44,0
52,Private,Assoc-acdm,12,Married-civ-spouse,Tech-support,Husband,White,Male,0,0,40,United-States,1,45plus,0
38,Private,HS-grad,9,Divorced,Craft-repair,Unmarried,White,Male,0,0,40,United-States,0,25-44,0
53,State-gov,Some-college,10,Never-married,Protective-serv,Not-in-family,White,Female,0,0,40,United-States,0,45plus,0
35,Self-emp-not-inc,HS-grad,9,Never-married,Machine-op-inspct,Own-child,White,Male,8614,0,40,United-States,1,25-44,0
45,Private,HS-grad,9,Divorced,Craft-repair,Not-in-family,Asian-Pac-Islander,Male,10520,0,40,United-States,1,25-44,1
65,Self-emp-not-inc,Some-college,10,Married-civ-spouse,Exec-managerial,Husband,White,Male,0,2174,10,United-States,1,45plus,1
57,Self-emp-not-inc,Prof-school,15,Married-civ-spouse,Prof-specialty,Husband,White,Male,0,0,30,United-States,1,45plus,1
39,Private,HS-grad,9,Never-married,Machine-op-inspct,Not-in-family,Black,Male,0,0,40,United-States,0,25-44,0
65,Private,Some-college,10,Married-civ-spouse,Exec-managerial,Wife,White,Female,0,0,40,United-States,0,45plus,0
47,Self-emp-not-inc,HS-grad,9,Married-civ-spouse,Farming-fishing,Husband,White,Male,15024,0,50,United-States,1,45plus,1
20,Private,HS-grad,9,Never-married,Adm-clerical,Own-child,White,Male,0,0,30,Nicaragua,0,under25,0
24,Private,HS-grad,9,Never-married,Adm-clerical,Own-child,White,Male,0,0,40,United-States,0,under25,0
36,State-gov,HS-grad,9,Married-civ-spouse,Exec-managerial,Husband,White,Male,0,0,40,United-States,0,25-44,0
38,Private,Some-college,10,Never-married,Adm-clerical,Own-child,Black,Female,0,0,40,United-States,0,25-44,0
53,Private,Prof-school,15,Never-married,Prof-specialty,Not-in-family,White,Female,0,0,40,United-States,0,45plus,0
61,Private,HS-grad,9,Married-civ-spouse,Transport-moving,Husband,White,Male,0,0,20,United-States,0,45plus,0
41,Private,Assoc-acdm,12,Married-civ-spouse,Exec-managerial,Husband,Black,Male,0,0,50,India,1,25-44,1
19,Private,HS-grad,9,Never-married,Machine-op-inspct,Own-child,White,Male,0,0,40,United-States,0,under25,0
36,State-gov,Masters,14,Never-married,Prof-specialty,Own-child,White,Female,0,0,30,United-States,0,25-44,0
50,Self-emp-not-inc,Masters,14,Married-civ-spouse,Farming-fishing,Husband,White,Male,2407,0,98,United-States,0,45plus,0
32,Private,Prof-school,15,Married-civ-spouse,Prof-specialty,Husband,White,Male,0,1977,60,United-States,1,25-44,1
26,Private,Some-college,10,Married-civ-spouse,Transport-moving,Husband,Black,Male,0,0,65,United-States,0,25-44,0
27,Private,Bachelors,13,Never-married,Prof-specialty,Not-in-family,White,Female,0,0,60,United-States,0,25-44,0
33,Private,7th-8th,4,Married-civ-spouse,Machine-op-inspct,Husband,White,Male,0,0,40,United-States,0,25-44,0
33,Local-gov,Bachelors,13,Never-married,Prof-specialty,Not-in-family,White,Female,0,0,46,United-States,0,25-44,0
47,Private,HS-grad,9,Married-civ-spouse,Other-service,Wife,White,Female,0,0,38,United-States,0,45plus,0
37,Self-emp-not-inc,HS-grad,9,Married-civ-spouse,Machine-op-inspct,Husband,White,Male,0,0,40,United-States,0,25-44,0
29,Private,Assoc-voc,11,Married-AF-spouse,Farming-fishing,Husband,White,Male,0,0,44,United-States,1,25-44,0
28,Private,HS-grad,9,Married-civ-spouse,Transport-moving,Husband,White,Male,0,0,50,United-States,0,25-44,0
19,Private,HS-grad,9,Never-married,Adm-clerical,Own-child,White,Female,0,0,28,United-States,0,under25,0
52,Private,Some-college,10,Divorced,Adm-clerical,Unmarried,White,Female,0,0,45,United-States,0,45plus,0
42,State-gov,Bachelors,13,Married-civ-spouse,Exec-managerial,Husband,White,Male,15024,0,50,United-States,1,25-44,1
39,Private,Prof-school,15,Married-civ-spouse,Prof-specialty,Husband,White,Male,0,0,55,United-States,1,25-44,1
39,Private,Some-college,10,Married-civ-spouse,Machine-op-inspct,Husband,White,Male,0,0,40,United-States,0,25-44,0
31,Self-emp-not-inc,Bachelors,13,Married-civ-spouse,Adm-clerical,Wife,White,Female,0,0,20,United-States,0,25-44,1
58,State-gov,HS-grad,9,Married-civ-spouse,Exec-managerial,Husband,White,Male,0,0,40,United-States,0,45plus,0
43,Local-gov,HS-grad,9,Married-civ-spouse,Exec-managerial,Husband,Other,Male,0,1887,40,United-States,1,25-44,1
36,Private,HS-grad,9,Married-civ-spouse,Craft-repair,Husband,White,Male,0,0,40,United-States,1,25-44,0
22,Private,Some-college,10,Never-married,Adm-clerical,Own-child,White,Female,0,0,40,United-States,0,under25,0
56,Private,Assoc-voc,11,Married-civ-spouse,Exec-managerial,Husband,White,Male,15024,0,40,United-States,1,45plus,1
39,Private,Some-college,10,Divorced,Sales,Not-in-family,White,Female,0,0,40,United-States,0,25-44,0
40,Private,Some-college,10,Divorced,Transport-moving,Not-in-family,White,Male,0,0,48,United-States,1,25-44,0
35,Private,Assoc-voc,11,Married-spouse-absent,Prof-specialty,Unmarried,White,Female,0,0,44,United-States,0,25-44,0
44,Private,Bachelors,13,Married-civ-spouse,Adm-clerical,Husband,White,Male,3103,0,40,United-States,1,25-44,1
38,Self-emp-not-inc,HS-grad,9,Married-civ-spouse,Tech-support,Husband,White,Male,0,0,50,United-States,0,25-44,0
54,Private,HS-grad,9,Divorced,Transport-moving,Not-in-family,White,Male,0,0,56,United-States,1,45plus,0
33,Private,Some-college,10,Divorced,Tech-support,Not-in-family,White,Female,0,0,40,United-States,0,25-44,0
27,State-gov,Some-college,10,Never-married,Protective-serv,Not-in-family,White,Male,0,0,40,United-States,0,25-44,0
58,Local-gov,Bachelors,13,Never-married,Prof-specialty,Not-in-family,White,Female,0,0,37,United-States,0,45plus,0
27,Self-emp-not-inc,HS-grad,9,Never-married,Craft-repair,Not-in-family,White,Male,0,2258,50,United-States,0,25-44,0
70,Self-emp-not-inc,Some-college,10,Married-civ-spouse,Tech-support,Husband,White,Male,0,0,20,United-States,0,45plus,0
39,Private,HS-grad,9,Divorced,Other-service,Unmarried,White,Female,0,0,40,United-States,0,25-44,0
24,Private,Some-college,10,Married-civ-spouse,Machine-op-inspct,Husband,White,Male,0,0,40,United-States,0,under25,0
49,Self-emp-not-inc,7th-8th,4,Married-civ-spouse,Other-service,Husband,White,Male,0,0,70,Italy,0,45plus,0
55,Self-emp-not-inc,Some-college,10,Married-civ-spouse,Transport-moving,Husband,White,Male,0,0,99,United-States,0,45plus,0
38,Private,HS-grad,9,Separated,Sales,Not-in-family,White,Male,0,0,60,United-States,0,25-44,0
28,Private,HS-grad,9,Married-civ-spouse,Exec-managerial,Husband,White,Male,0,0,50,United-States,0,25-44,0
55,State-gov,Some-college,10,Married-civ-spouse,Adm-clerical,Wife,White,Female,0,0,37,United-States,0,45plus,0
38,Private,Bachelors,13,Married-civ-spouse,Exec-managerial,Wife,White,Female,0,0,50,United-States,1,25-44,1
56,Private,HS-grad,9,Divorced,Craft-repair,Unmarried,Black,Male,0,0,40,United-States,0,45plus,0
45,Private,HS-grad,9,Never-married,Priv-house-serv,Unmarried,Black,Female,0,0,30,United-States,0,25-44,0
27,Private,Bachelors,13,Married-civ-spouse,Craft-repair,Husband,White,Male,0,0,40,United-States,0,25-44,0
44,Private,Bachelors,13,Never-married,Prof-specialty,Not-in-family,White,Female,0,0,45,United-States,0,25-44,0
41,Private,Prof-school,15,Married-civ-spouse,Prof-specialty,Husband,White,Male,0,0,45,United-States,1,25-44,1
49,Private,7th-8th,4,Married-civ-spouse,Craft-repair,Husband,White,Male,0,0,40,United-States,0,45plus,0
37,Private,HS-grad,9,Married-civ-spouse,Craft-repair,Husband,White,Male,0,0,40,United-States,0,25-44,0
42,Private,Bachelors,13,Divorced,Adm-clerical,Unmarried,White,Male,9562,0,45,United-States,1,25-44,1
68,Private,Bachelors,13,Married-civ-spouse,Transport-moving,Husband,White,Male,0,0,30,United-States,0,45plus,0
45,Private,Bachelors,13,Married-civ-spouse,Sales,Husband,White,Male,0,0,50,United-States,0,25-44,1
58,Private,Some-college,10,Never-married,Adm-clerical,Not-in-family,Black,Female,0,0,37,United-States,0,45plus,0
49,Local-gov,HS-grad,9,Married-civ-spouse,Transport-moving,Husband,White,Male,0,0,40,United-States,0,45plus,0
42,Private,HS-grad,9,Married-civ-spouse,Machine-op-inspct,Husband,White,Male,4386,0,48,United-States,1,25-44,0
66,Private,Assoc-voc,11,Married-civ-spouse,Adm-clerical,Husband,White,Male,0,0,30,United-States,0,45plus,0
27,Local-gov,HS-grad,9,Never-married,Farming-fishing,Own-child,White,Male,0,0,40,United-States,0,25-44,0
32,Self-emp-inc,Bachelors,13,Married-civ-spouse,Other-service,Husband,Asian-Pac-Islander,Male,0,0,50,Iran,1,25-44,0
31,Private,HS-grad,9,Married-civ-spouse,Prof-specialty,Husband,White,Male,0,0,50,United-States,0,25-44,0
26,Private,HS-grad,9,Never-married,Handlers-cleaners,Own-child,White,Male,0,0,40,United-States,0,25-44,0
25,Private,Some-college,10,Never-married,Sales,Own-child,Asian-Pac-Islander,Male,0,0,40,United-States,0,under25,0
58,State-gov,Bachelors,13,Married-civ-spouse,Prof-specialty,Wife,White,Female,0,0,20,United-States,1,45plus,1
37,Private,Assoc-voc,11,Married-civ-spouse,Craft-repair,Husband,White,Male,0,0,40,United-States,0,25-44,0
24,Private,HS-grad,9,Married-civ-spouse,Machine-op-inspct,Husband,White,Male,0,0,40,United-States,0,under25,0
26,Private,Bachelors,13,Never-married,Adm-clerical,Not-in-family,White,Female,0,0,20,United-States,0,25-44,0
23,Private,Assoc-acdm,12,Never-married,Handlers-cleaners,Own-child,White,Male,0,0,32,United-States,0,under25,0
22,Private,HS-grad,9,Never-married,Adm-clerical,Own-child,Asian-Pac-Islander,Male,0,0,40,United-States,0,under25,0
42,State-gov,Masters,14,Married-civ-spouse,Adm-clerical,Husband,Amer-Indian-Eskimo,Male,0,0,40,United-States,1,25-44,1
28,Private,Some-college,10,Never-married,Other-service,Unmarried,White,Female,0,0,35,United-States,0,25-44,0
38,Private,Bachelors,13,Never-married,Other-service,Not-in-family,White,Male,0,0,48,United-States,0,25-44,0
33,Private,Doctorate,16,Married-civ-spouse,Prof-specialty,Husband,White,Male,0,0,60,United-States,1,25-44,1
53,Self-emp-inc,Some-college,10,Married-civ-spouse,Farming-fishing,Husband,White,Male,0,0,60,United-States,0,45plus,0
28,Private,HS-grad,9,Married-civ-spouse,Machine-op-inspct,Husband,White,Male,0,0,45,United-States,0,25-44,0
45,Private,Some-college,10,Married-civ-spouse,Transport-moving,Husband,White,Male,7298,0,50,United-States,1,25-44,1
33,Private,HS-grad,9,Married-civ-spouse,Adm-clerical,Wife,White,Female,0,0,35,United-States,1,25-44,0
43,Private,HS-grad,9,Married-civ-spouse,Craft-repair,Husband,White,Male,0,0,40,United-States,0,25-44,0
27,State-gov,Doctorate,16,Never-married,Prof-specialty,Not-in-family,White,Male,0,0,77,United-States,0,25-44,0
19,Self-emp-not-inc,11th,7,Never-married,Adm-clerical,Not-in-family,White,Female,0,0,40,United-States,0,under25,0
59,Private,10th,6,Married-civ-spouse,Transport-moving,Husband,White,Male,0,0,45,United-States,1,45plus,0
38,Private,HS-grad,9,Married-civ-spouse,Adm-clerical,Husband,Asian-Pac-Islander,Male,0,0,48,Trinadad&Tobago,0,25-44,0
25,Private,HS-grad,9,Married-civ-spouse,Craft-repair,Husband,White,Male,0,0,35,United-States,0,under25,0
47,Private,HS-grad,9,Never-married,Machine-op-inspct,Unmarried,Amer-Indian-Eskimo,Male,0,0,56,Puerto-Rico,0,45plus,0
19,Private,Some-college,10,Never-married,Adm-clerical,Not-in-family,Asian-Pac-Islander,Male,0,0,40,Vietnam,0,under25,0
23,Private,Some-college,10,Never-married,Handlers-cleaners,Own-child,Black,Male,0,0,22,United-States,0,under25,0
35,Private,Bachelors,13,Never-married,Sales,Not-in-family,White,Male,0,0,50,United-States,0,25-44,0
47,Private,HS-grad,9,Married-civ-spouse,Transport-moving,Husband,White,Male,0,0,40,United-States,0,45plus,0
43,Private,HS-grad,9,Married-civ-spouse,Sales,Husband,White,Male,0,0,40,United-States,1,25-44,0
27,Private,Assoc-voc,11,Separated,Adm-clerical,Unmarried,White,Female,0,0,40,United-States,0,25-44,0
29,Private,12th,8,Never-married,Handlers-cleaners,Not-in-family,White,Male,0,0,40,Dominican-Republic,0,25-44,0
42,Private,Assoc-voc,11,Married-civ-spouse,Transport-moving,Husband,White,Male,0,0,48,United-States,0,25-44,0
38,Private,1st-4th,2,Married-civ-spouse,Handlers-cleaners,Husband,White,Male,0,0,40,Mexico,0,25-44,0
41,Self-emp-not-inc,Bachelors,13,Separated,Craft-repair,Not-in-family,White,Male,0,0,35,United-States,0,25-44,0
27,Private,HS-grad,9,Never-married,Machine-op-inspct,Own-child,Black,Male,0,0,40,United-States,0,25-44,0
46,Federal-gov,Some-college,10,Separated,Adm-clerical,Unmarried,White,Female,0,0,40,United-States,0,45plus,0
45,Local-gov,Masters,14,Divorced,Prof-specialty,Not-in-family,Black,Male,0,0,40,United-States,0,25-44,0
53,Local-gov,Masters,14,Married-civ-spouse,Prof-specialty,Husband,White,Male,0,1977,55,United-States,1,45plus,1
49,Private,Bachelors,13,Married-civ-spouse,Sales,Husband,Asian-Pac-Islander,Male,0,1977,50,South,1,45plus,1
90,Self-emp-not-inc,Some-college,10,Married-civ-spouse,Farming-fishing,Husband,White,Male,0,0,40,United-States,0,45plus,0
50,Federal-gov,Bachelors,13,Married-civ-spouse,Exec-managerial,Husband,White,Male,0,0,40,United-States,0,45plus,1
36,Private,Bachelors,13,Divorced,Handlers-cleaners,Not-in-family,White,Male,0,0,30,United-States,0,25-44,0
41,Private,Some-college,10,Married-civ-spouse,Other-service,Husband,White,Male,0,0,48,United-States,0,25-44,0
23,Private,12th,8,Never-married,Machine-op-inspct,Other-relative,White,Male,0,0,30,Mexico,0,under25,0
45,Private,Some-college,10,Married-civ-spouse,Transport-moving,Husband,White,Male,0,0,55,United-States,0,25-44,0
34,Private,HS-grad,9,Married-civ-spouse,Craft-repair,Husband,White,Male,0,0,45,United-States,0,25-44,0
17,Private,10th,6,Never-married,Other-service,Own-child,Amer-Indian-Eskimo,Female,1055,0,20,United-States,0,under25,0
41,Private,1st-4th,2,Married-spouse-absent,Farming-fishing,Unmarried,White,Male,0,0,40,Mexico,0,25-44,0
33,Private,Some-college,10,Divorced,Adm-clerical,Not-in-family,White,Female,0,0,40,United-States,0,25-44,0
28,Private,HS-grad,9,Divorced,Adm-clerical,Not-in-family,White,Female,0,0,35,United-States,0,25-44,0
29,Private,11th,7,Divorced,Craft-repair,Not-in-family,White,Male,0,0,40,United-States,0,25-44,0
36,Self-emp-not-inc,HS-grad,9,Married-civ-spouse,Farming-fishing,Husband,White,Male,0,1977,65,United-States,1,25-44,1
45,Private,HS-grad,9,Married-civ-spouse,Machine-op-inspct,Husband,White,Male,0,0,52,United-States,1,25-44,0
41,Private,Assoc-acdm,12,Married-civ-spouse,Tech-support,Husband,White,Male,0,0,75,United-States,1,25-44,0
52,Private,12th,8,Married-civ-spouse,Craft-repair,Husband,White,Male,0,0,45,United-States,0,45plus,0
50,Private,Some-college,10,Married-civ-spouse,Adm-clerical,Wife,White,Female,0,1902,38,United-States,1,45plus,1
26,Private,HS-grad,9,Divorced,Machine-op-inspct,Not-in-family,White,Male,0,0,40,United-States,0,25-44,0
30,Private,Assoc-voc,11,Never-married,Adm-clerical,Other-relative,Asian-Pac-Islander,Male,2463,0,40,Vietnam,0,25-44,0
64,Self-emp-not-inc,Doctorate,16,Married-civ-spouse,Exec-managerial,Husband,White,Male,0,0,25,United-States,1,45plus,1
21,Private,Some-college,10,Never-married,Other-service,Own-child,White,Female,0,0,25,United-States,0,under25,0
30,Private,Some-college,10,Never-married,Handlers-cleaners,Not-in-family,White,Male,0,0,40,United-States,0,25-44,0
36,Private,HS-grad,9,Divorced,Handlers-cleaners,Not-in-family,White,Male,0,0,40,United-States,0,25-44,0
25,Private,Bachelors,13,Married-civ-spouse,Prof-specialty,Husband,White,Male,0,0,40,United-States,0,under25,0
43,Private,HS-grad,9,Married-civ-spouse,Sales,Other-relative,White,Female,0,0,44,Poland,0,25-44,0
44,Private,Some-college,10,Divorced,Craft-repair,Not-in-family,White,Male,0,0,40,United-States,0,25-44,0
28,Private,12th,8,Divorced,Farming-fishing,Not-in-family,White,Male,0,0,40,United-States,0,25-44,0
23,Private,Some-college,10,Separated,Sales,Own-child,White,Female,0,0,40,United-States,0,under25,0
18,Private,11th,7,Never-married,Other-service,Own-child,White,Female,0,0,20,United-States,0,under25,0
48,Private,HS-grad,9,Married-civ-spouse,Handlers-cleaners,Wife,White,Female,0,0,16,United-States,1,45plus,0
39,Private,Masters,14,Married-civ-spouse,Transport-moving,Husband,White,Male,0,0,40,Poland,0,25-44,1
41,Private,Bachelors,13,Divorced,Other-service,Not-in-family,White,Male,0,0,37,United-States,0,25-44,0
38,Self-emp-inc,Bachelors,13,Married-civ-spouse,Prof-specialty,Husband,White,Male,0,0,50,United-States,1,25-44,1
26,Private,Bachelors,13,Never-married,Adm-clerical,Not-in-family,White,Male,6849,0,65,United-States,0,25-44,0
23,Private,HS-grad,9,Never-married,Adm-clerical,Not-in-family,White,Male,0,0,60,United-States,0,under25,0
25,Private,Bachelors,13,Never-married,Exec-managerial,Not-in-family,White,Male,0,0,35,United-States,0,under25,0
67,Self-emp-not-inc,HS-grad,9,Married-civ-spouse,Farming-fishing,Husband,White,Male,0,0,35,United-States,0,45plus,0
62,Private,Bachelors,13,Married-civ-spouse,Exec-managerial,Husband,White,Male,0,0,40,United-States,1,45plus,1
22,Private,HS-grad,9,Never-married,Craft-repair,Own-child,White,Female,0,0,40,United-States,0,under25,0
26,Private,HS-grad,9,Married-civ-spouse,Craft-repair,Husband,White,Male,0,0,40,United-States,0,25-44,0
18,Private,12th,8,Never-married,Adm-clerical,Own-child,White,Male,0,0,40,United-States,0,under25,0
50,Private,Masters,14,Married-civ-spouse,Exec-managerial,Husband,White,Male,0,0,50,United-States,1,45plus,1
43,Self-emp-not-inc,HS-grad,9,Married-civ-spouse,Craft-repair,Husband,White,Male,0,0,30,United-States,0,25-44,0
44,Private,Some-college,10,Never-married,Craft-repair,Not-in-family,White,Male,0,0,38,United-States,0,25-44,0
29,Private,Bachelors,13,Married-civ-spouse,Prof-specialty,Own-child,White,Male,0,0,75,United-States,0,25-44,0
39,Private,11th,7,Divorced,Sales,Other-relative,White,Female,0,0,40,United-States,0,25-44,0
38,Private,HS-grad,9,Married-civ-spouse,Craft-repair,Husband,White,Male,0,0,40,United-States,0,25-44,0
31,Private,Some-college,10,Married-spouse-absent,Transport-moving,Unmarried,White,Male,0,0,50,United-States,0,25-44,0
45,State-gov,HS-grad,9,Divorced,Protective-serv,Unmarried,Black,Female,0,0,40,United-States,0,25-44,0
60,Private,Prof-school,15,Married-civ-spouse,Exec-managerial,Husband,White,Male,0,0,40,United-States,1,45plus,1
36,State-gov,Bachelors,13,Never-married,Adm-clerical,Not-in-family,White,Female,0,0,40,United-States,0,25-44,0
54,Private,Some-college,10,Divorced,Craft-repair,Not-in-family,White,Male,0,0,40,United-States,0,45plus,0
28,Federal-gov,Bachelors,13,Never-married,Protective-serv,Not-in-family,White,Male,0,0,50,United-States,0,25-44,0
46,Self-emp-not-inc,Prof-school,15,Married-civ-spouse,Prof-specialty,Husband,White,Male,0,0,45,United-States,1,45plus,1
33,Private,HS-grad,9,Never-married,Adm-clerical,Not-in-family,White,Female,0,0,40,United-States,0,25-44,0
35,Private,HS-grad,9,Separated,Craft-repair,Not-in-family,White,Male,0,0,50,United-States,0,25-44,0
20,Private,HS-grad,9,Never-married,Sales,Not-in-family,White,Female,0,0,84,United-States,0,under25,0
18,Private,11th,7,Never-married,Other-service,Own-child,White,Male,0,0,16,United-States,0,under25,0
34,Private,HS-grad,9,Never-married,Other-service,Unmarried,Amer-Indian-Eskimo,Female,0,0,32,United-States,0,25-44,0
51,Self-emp-inc,11th,7,Divorced,Sales,Not-in-family,White,Male,0,0,40,United-States,0,45plus,0
33,Federal-gov,Some-college,10,Never-married,Exec-managerial,Not-in-family,White,Male,0,0,50,United-States,0,25-44,0
48,Private,HS-grad,9,Married-civ-spouse,Machine-op-inspct,Husband,White,Male,0,0,40,United-States,0,45plus,0
27,Private,HS-grad,9,Never-married,Adm-clerical,Own-child,Black,Female,0,0,40,United-States,0,25-44,0
65,Federal-gov,Some-college,10,Married-civ-spouse,Exec-managerial,Husband,Black,Male,0,2174,40,United-States,1,45plus,1
47,Federal-gov,Some-college,10,Divorced,Adm-clerical,Unmarried,White,Female,0,0,40,United-States,0,45plus,0
38,Private,11th,7,Married-civ-spouse,Craft-repair,Husband,White,Male,0,0,40,United-States,0,25-44,0
47,Private,Masters,14,Married-civ-spouse,Exec-managerial,Husband,White,Male,15024,0,55,United-States,1,45plus,1
26,Private,HS-grad,9,Separated,Tech-support,Own-child,White,Female,0,0,40,United-States,0,25-44,0
51,Private,Masters,14,Married-civ-spouse,Prof-specialty,Husband,White,Male,0,0,38,Canada,1,45plus,1
36,Private,Bachelors,13,Married-civ-spouse,Craft-repair,Husband,White,Male,0,0,48,United-States,1,25-44,1
23,Private,HS-grad,9,Never-married,Machine-op-inspct,Own-child,White,Male,0,0,40,United-States,0,under25,0
28,Private,5th-6th,3,Never-married,Other-service,Not-in-family,White,Female,0,0,40,Mexico,0,25-44,0
33,Self-emp-not-inc,HS-grad,9,Never-married,Craft-repair,Not-in-family,White,Male,0,0,40,United-States,0,25-44,0
32,Private,5th-6th,3,Married-spouse-absent,Craft-repair,Other-relative,White,Male,0,0,40,El-Salvador,0,25-44,0
53,Private,Assoc-voc,11,Divorced,Tech-support,Not-in-family,Black,Male,0,0,40,United-States,0,45plus,0
23,Private,Some-college,10,Married-civ-spouse,Sales,Own-child,White,Female,0,0,16,United-States,0,under25,0
35,Private,Some-college,10,Divorced,Exec-managerial,Not-in-family,White,Female,0,0,40,United-States,0,25-44,0
49,Private,HS-grad,9,Divorced,Adm-clerical,Not-in-family,White,Female,0,0,40,United-States,0,45plus,0
23,Private,Assoc-voc,11,Married-civ-spouse,Machine-op-inspct,Own-child,White,Female,0,0,30,United-States,0,under25,0
25,Private,Bachelors,13,Never-married,Prof-specialty,Not-in-family,White,Male,0,0,40,United-States,0,under25,0
45,Private,HS-grad,9,Married-civ-spouse,Transport-moving,Husband,White,Male,0,0,45,United-States,0,25-44,0
53,Private,Bachelors,13,Married-civ-spouse,Other-service,Husband,White,Male,0,0,35,United-States,0,45plus,0
51,Private,HS-grad,9,Married-civ-spouse,Craft-repair,Husband,White,Male,0,0,40,United-States,0,45plus,0
48,Private,Some-college,10,Divorced,Sales,Unmarried,White,Male,0,0,45,United-States,0,45plus,0
34,Self-emp-not-inc,Bachelors,13,Married-civ-spouse,Sales,Husband,White,Male,0,0,60,United-States,1,25-44,1
36,State-gov,HS-grad,9,Married-civ-spouse,Protective-serv,Husband,White,Male,7298,0,40,United-States,1,25-44,1
35,Private,HS-grad,9,Married-civ-spouse,Machine-op-inspct,Husband,White,Male,0,0,40,United-States,0,25-44,0
26,Local-gov,Some-college,10,Never-married,Other-service,Own-child,Black,Female,0,0,10,Jamaica,0,25-44,0
42,Private,HS-grad,9,Married-civ-spouse,Craft-repair,Husband,White,Male,0,0,40,United-States,0,25-44,0
55,Private,HS-grad,9,Married-civ-spouse,Handlers-cleaners,Husband,White,Male,3103,0,40,United-States,1,45plus,0
32,Private,HS-grad,9,Divorced,Sales,Not-in-family,White,Male,0,0,50,United-States,0,25-44,0
34,State-gov,Bachelors,13,Never-married,Prof-specialty,Not-in-family,White,Male,0,0,45,United-States,0,25-44,0
36,Private,HS-grad,9,Separated,Other-service,Unmarried,Black,Female,0,0,30,United-States,0,25-44,0
25,Private,Bachelors,13,Never-married,Exec-managerial,Not-in-family,White,Female,0,0,40,United-States,0,under25,0
32,Private,Masters,14,Married-civ-spouse,Prof-specialty,Husband,White,Male,0,0,40,United-States,1,25-44,1
62,Self-emp-inc,Bachelors,13,Married-civ-spouse,Exec-managerial,Husband,White,Male,0,0,50,United-States,1,45plus,1
41,Private,5th-6th,3,Married-civ-spouse,Farming-fishing,Husband,White,Male,0,0,40,Mexico,0,25-44,0
31,Private,Some-college,10,Never-married,Craft-repair,Not-in-family,White,Male,0,0,50,United-States,0,25-44,0
27,Private,Bachelors,13,Divorced,Exec-managerial,Not-in-family,White,Male,0,0,52,United-States,0,25-44,0
29,Private,Assoc-acdm,12,Never-married,Tech-support,Own-child,White,Male,0,0,40,United-States,0,25-44,0
42,Self-emp-not-inc,Bachelors,13,Married-civ-spouse,Sales,Husband,White,Male,0,0,45,United-States,0,25-44,1
24,Private,Bachelors,13,Never-married,Exec-managerial,Not-in-family,White,Male,0,0,40,United-States,0,under25,0
47,Private,Assoc-acdm,12,Married-civ-spouse,Sales,Husband,White,Male,5178,0,50,United-States,1,45plus,1
25,Self-emp-not-inc,HS-grad,9,Never-married,Other-service,Not-in-family,White,Male,0,0,8,United-States,0,under25,0
62,State-gov,Bachelors,13,Married-civ-spouse,Prof-specialty,Husband,White,Male,0,0,40,United-States,0,45plus,1
19,Private,7th-8th,4,Married-civ-spouse,Craft-repair,Husband,White,Male,0,0,99,United-States,0,under25,0
30,Private,Some-college,10,Married-civ-spouse,Handlers-cleaners,Husband,White,Male,0,0,40,United-States,0,25-44,0
41,Private,HS-grad,9,Never-married,Adm-clerical,Own-child,White,Male,0,0,40,United-States,0,25-44,0
46,Private,Some-college,10,Never-married,Exec-managerial,Unmarried,White,Female,0,0,45,United-States,0,45plus,0
25,Self-emp-inc,HS-grad,9,Married-civ-spouse,Exec-managerial,Husband,White,Male,0,0,60,United-States,1,under25,0
38,Private,Some-college,10,Never-married,Adm-clerical,Own-child,Black,Female,0,0,40,United-States,0,25-44,0
55,Federal-gov,Prof-school,15,Married-civ-spouse,Exec-managerial,Husband,White,Male,15024,0,40,United-States,1,45plus,1
20,Private,Some-college,10,Never-married,Other-service,Own-child,White,Female,0,0,25,United-States,0,under25,0
30,Private,HS-grad,9,Never-married,Craft-repair,Not-in-family,White,Male,0,0,40,United-States,0,25-44,0
24,Private,Bachelors,13,Married-spouse-absent,Prof-specialty,Own-child,White,Female,0,0,40,United-States,0,under25,0
25,Private,HS-grad,9,Never-married,Adm-clerical,Own-child,White,Female,0,0,40,United-States,0,under25,0
50,Self-emp-not-inc,Some-college,10,Divorced,Sales,Not-in-family,White,Female,0,0,40,United-States,0,45plus,0
35,Private,HS-grad,9,Divorced,Handlers-cleaners,Unmarried,White,Female,0,0,40,United-States,0,25-44,0
36,Private,Some-college,10,Married-civ-spouse,Exec-managerial,Wife,White,Female,0,0,33,United-States,0,25-44,1
31,Private,HS-grad,9,Married-civ-spouse,Craft-repair,Husband,White,Male,0,0,50,United-States,0,25-44,0
30,Private,HS-grad,9,Never-married,Craft-repair,Own-child,White,Male,0,0,48,United-States,0,25-44,0
34,Private,Some-college,10,Never-married,Sales,Unmarried,White,Male,0,0,35,United-States,0,25-44,0
20,Private,Some-college,10,Never-married,Prof-specialty,Own-child,White,Male,0,0,20,United-States,0,under25,0
41,Private,Masters,14,Married-civ-spouse,Prof-specialty,Husband,White,Male,0,0,55,United-States,1,25-44,1
53,Local-gov,Masters,14,Married-civ-spouse,Prof-specialty,Wife,White,Female,15024,0,40,United-States,1,45plus,1
44,Self-emp-not-inc,HS-grad,9,Married-civ-spouse,Farming-fishing,Husband,White,Male,0,0,60,United-States,0,25-44,0
31,Private,Bachelors,13,Never-married,Exec-managerial,Not-in-family,White,Male,14084,0,50,United-States,1,25-44,1
24,Private,HS-grad,9,Never-married,Adm-clerical,Not-in-family,White,Female,0,2001,37,United-States,0,under25,0
49,Private,HS-grad,9,Separated,Sales,Unmarried,White,Male,0,0,50,United-States,0,45plus,0
62,Private,HS-grad,9,Widowed,Other-service,Not-in-family,White,Female,0,0,24,United-States,0,45plus,0
38,Private,Assoc-voc,11,Never-married,Exec-managerial,Other-relative,Asian-Pac-Islander,Female,0,0,40,United-States,0,25-44,0
42,Private,Bachelors,13,Married-civ-spouse,Exec-managerial,Husband,White,Male,0,0,55,United-States,1,25-44,1
40,Private,Assoc-voc,11,Separated,Prof-specialty,Other-relative,White,Female,0,0,40,United-States,0,25-44,0
37,Private,HS-grad,9,Married-civ-spouse,Craft-repair,Husband,White,Male,0,1902,50,United-States,0,25-44,1
39,Federal-gov,Bachelors,13,Divorced,Prof-specialty,Unmarried,White,Female,5455,0,60,United-States,0,25-44,0
29,Private,10th,6,Married-civ-spouse,Farming-fishing,Wife,Amer-Indian-Eskimo,Female,0,0,40,United-States,0,25-44,0
50,Private,HS-grad,9,Married-civ-spouse,Craft-repair,Husband,White,Male,0,0,40,United-States,0,45plus,0
28,Private,12th,8,Never-married,Sales,Not-in-family,Black,Male,0,0,40,United-States,0,25-44,0
39,Private,Assoc-acdm,12,Never-married,Craft-repair,Own-child,White,Male,0,0,40,United-States,0,25-44,0
69,Private,HS-grad,9,Married-civ-spouse,Sales,Wife,White,Female,0,0,40,United-States,0,45plus,0
40,Private,HS-grad,9,Never-married,Other-service,Unmarried,Black,Female,0,0,40,United-States,0,25-44,0
21,Private,Some-college,10,Never-married,Transport-moving,Own-child,White,Male,0,0,30,United-States,0,under25,0
45,Private,Some-college,10,Divorced,Adm-clerical,Not-in-family,White,Female,0,0,40,United-States,0,25-44,0
31,Private,Bachelors,13,Married-civ-spouse,Prof-specialty,Husband,Asian-Pac-Islander,Male,15024,0,48,Philippines,1,25-44,1
37,Private,HS-grad,9,Never-married,Craft-repair,Not-in-family,White,Male,0,0,40,United-States,0,25-44,0
45,Local-gov,HS-grad,9,Never-married,Adm-clerical,Not-in-family,Black,Female,0,0,40,United-States,0,25-44,0
26,Private,HS-grad,9,Never-married,Adm-clerical,Not-in-family,White,Male,0,0,60,United-States,0,25-44,0
67,Private,7th-8th,4,Married-civ-spouse,Craft-repair,Husband,White,Male,1797,0,40,United-States,0,45plus,0
20,Private,Some-college,10,Never-married,Adm-clerical,Own-child,White,Female,0,0,15,United-States,0,under25,0
35,Private,HS-grad,9,Married-civ-spouse,Adm-clerical,Wife,White,Female,0,1887,42,United-States,1,25-44,1
54,Private,HS-grad,9,Married-civ-spouse,Transport-moving,Husband,White,Male,0,0,50,United-States,0,45plus,0
49,Private,Masters,14,Married-civ-spouse,Exec-managerial,Husband,White,Male,0,0,65,United-States,1,45plus,1
21,Private,HS-grad,9,Never-married,Adm-clerical,Unmarried,White,Male,0,0,40,United-States,0,under25,0
25,Private,10th,6,Never-married,Handlers-cleaners,Own-child,Black,Male,0,1602,40,United-States,0,under25,0
33,Self-emp-not-inc,HS-grad,9,Married-civ-spouse,Craft-repair,Husband,White,Male,0,0,40,United-States,0,25-44,0
39,Self-emp-not-inc,Masters,14,Married-civ-spouse,Craft-repair,Husband,White,Male,0,0,55,United-States,1,25-44,1
44,Private,Assoc-acdm,12,Married-civ-spouse,Craft-repair,Husband,White,Male,0,1848,40,United-States,1,25-44,1
35,Self-emp-inc,Some-college,10,Married-civ-spouse,Sales,Husband,White,Male,0,0,50,United-States,1,25-44,0
32,Private,HS-grad,9,Married-civ-spouse,Machine-op-inspct,Husband,White,Male,0,0,40,United-States,0,25-44,0
27,Private,Bachelors,13,Married-civ-spouse,Exec-managerial,Husband,White,Male,0,0,40,United-States,0,25-44,1
71,Local-gov,Masters,14,Widowed,Prof-specialty,Not-in-family,White,Female,0,0,40,United-States,0,45plus,0
34,Private,Some-college,10,Married-civ-spouse,Adm-clerical,Husband,White,Male,0,0,40,United-States,0,25-44,0
24,Private,Some-college,10,Never-married,Other-service,Not-in-family,White,Female,0,0,30,United-States,0,under25,0
28,Local-gov,Bachelors,13,Never-married,Prof-specialty,Other-relative,White,Male,0,0,50,United-States,0,25-44,0
58,Self-emp-not-inc,HS-grad,9,Married-civ-spouse,Farming-fishing,Husband,White,Male,0,0,70,United-States,0,45plus,0
64,Private,Prof-school,15,Married-civ-spouse,Exec-managerial,Husband,White,Male,0,0,60,United-States,0,45plus,1
19,State-gov,12th,8,Never-married,Transport-moving,Own-child,Black,Male,0,0,20,United-States,0,under25,0
43,Private,Some-college,10,Divorced,Adm-clerical,Not-in-family,White,Male,0,0,45,United-States,0,25-44,0
24,Private,HS-grad,9,Never-married,Sales,Unmarried,Black,Male,0,0,25,United-States,0,under25,0
54,Private,Masters,14,Divorced,Exec-managerial,Not-in-family,White,Male,0,0,50,United-States,1,45plus,1
29,Private,Some-college,10,Never-married,Other-service,Not-in-family,White,Female,0,0,41,United-States,1,25-44,0
50,Self-emp-not-inc,Bachelors,13,Divorced,Sales,Not-in-family,White,Male,0,0,50,United-States,0,45plus,0
49,Private,Assoc-acdm,12,Separated,Adm-clerical,Not-in-family,White,Female,2597,0,40,United-States,0,45plus,0
54,Private,7th-8th,4,Married-civ-spouse,Machine-op-inspct,Husband,White,Male,0,0,40,United-States,0,45plus,0
18,Private,HS-grad,9,Never-married,Handlers-cleaners,Own-child,White,Male,0,0,20,United-States,0,under25,0
20,Private,Some-college,10,Never-married,Adm-clerical,Own-child,White,Male,0,0,48,United-States,0,under25,0
23,Private,Some-college,10,Never-married,Exec-managerial,Own-child,Black,Male,0,0,40,United-States,0,under25,0
58,Private,HS-grad,9,Married-civ-spouse,Machine-op-inspct,Husband,White,Male,0,0,40,United-States,0,45plus,0
37,Self-emp-not-inc,HS-grad,9,Married-civ-spouse,Craft-repair,Husband,White,Male,0,0,40,United-States,0,25-44,0
34,Private,Some-college,10,Never-married,Adm-clerical,Unmarried,Black,Female,0,0,40,United-States,0,25-44,0
65,Private,Masters,14,Married-civ-spouse,Prof-specialty,Husband,White,Male,5556,0,50,United-States,1,45plus,1
46,Local-gov,Some-college,10,Divorced,Tech-support,Not-in-family,White,Female,0,0,40,United-States,0,45plus,0
37,Private,HS-grad,9,Never-married,Machine-op-inspct,Not-in-family,White,Male,0,0,38,Puerto-Rico,0,25-44,0
36,Private,HS-grad,9,Married-civ-spouse,Craft-repair,Husband,White,Male,0,1902,48,United-States,1,25-44,1
40,Private,Bachelors,13,Married-civ-spouse,Prof-specialty,Husband,White,Male,0,0,40,United-States,0,25-44,1
21,Private,Some-college,10,Never-married,Other-service,Own-child,White,Female,0,0,40,United-States,0,under25,0
43,Private,Some-college,10,Divorced,Exec-managerial,Not-in-family,White,Male,0,0,45,United-States,0,25-44,0
21,Private,HS-grad,9,Never-married,Other-service,Not-in-family,White,Female,1055,0,30,United-States,0,under25,0
53,Private,HS-grad,9,Never-married,Farming-fishing,Not-in-family,White,Male,0,0,10,United-States,0,45plus,0
60,Local-gov,HS-grad,9,Married-civ-spouse,Protective-serv,Husband,White,Male,0,0,40,United-States,0,45plus,0
58,Private,Bachelors,13,Never-married,Prof-specialty,Not-in-family,White,Male,0,0,99,United-States,0,45plus,0
48,Private,Doctorate,16,Married-civ-spouse,Prof-specialty,Husband,White,Male,0,0,45,United-States,1,45plus,1
42,Private,Bachelors,13,Divorced,Adm-clerical,Not-in-family,White,Female,0,0,40,United-States,0,25-44,0
40,Self-emp-inc,HS-grad,9,Married-civ-spouse,Adm-clerical,Husband,White,Male,0,0,50,United-States,1,25-44,0
48,Self-emp-not-inc,Prof-school,15,Married-civ-spouse,Prof-specialty,Husband,White,Male,0,0,35,United-States,1,45plus,1
51,Private,HS-grad,9,Divorced,Other-service,Other-relative,Black,Male,0,0,32,Haiti,0,45plus,0
36,Private,11th,7,Never-married,Machine-op-inspct,Unmarried,White,Female,0,0,40,United-States,0,25-44,0
42,Private,Some-college,10,Divorced,Machine-op-inspct,Not-in-family,White,Female,0,0,40,United-States,0,25-44,0
47,Private,Masters,14,Married-civ-spouse,Prof-specialty,Wife,White,Female,7688,0,40,United-States,1,45plus,1
23,Private,Bachelors,13,Never-married,Adm-clerical,Own-child,White,Female,0,0,25,United-States,0,under25,0
33,Local-gov,Assoc-voc,11,Never-married,Adm-clerical,Own-child,White,Male,0,1669,55,United-States,0,25-44,0
20,Private,HS-grad,9,Never-married,Machine-op-inspct,Not-in-family,White,Male,0,0,40,United-States,0,under25,0
54,Private,HS-grad,9,Married-civ-spouse,Adm-clerical,Husband,White,Male,0,0,40,United-States,1,45plus,0
39,Private,Some-college,10,Divorced,Machine-op-inspct,Own-child,White,Female,0,0,40,United-States,0,25-44,0
27,Private,HS-grad,9,Married-civ-spouse,Sales,Husband,White,Male,0,0,35,Mexico,0,25-44,0
32,Private,HS-grad,9,Married-civ-spouse,Craft-repair,Husband,White,Male,0,0,40,United-States,0,25-44,0
40,Private,Some-college,10,Married-civ-spouse,Craft-repair,Husband,White,Male,0,1887,68,United-States,1,25-44,1
81,Private,Some-college,10,Divorced,Adm-clerical,Not-in-family,White,Female,0,0,20,United-States,0,45plus,0
29,Private,Bachelors,13,Married-civ-spouse,Exec-managerial,Wife,White,Male,0,0,40,United-States,1,25-44,1
34,Private,Some-college,10,Married-civ-spouse,Machine-op-inspct,Husband,White,Male,0,0,40,United-States,0,25-44,0
26,Private,HS-grad,9,Divorced,Craft-repair,Unmarried,White,Male,0,0,40,United-States,0,25-44,0
38,Private,Bachelors,13,Married-spouse-absent,Prof-specialty,Not-in-family,White,Female,0,0,40,United-States,0,25-44,0
46,State-gov,HS-grad,9,Married-civ-spouse,Transport-moving,Husband,White,Male,0,0,40,United-States,0,45plus,0
34,Private,Assoc-voc,11,Married-civ-spouse,Tech-support,Husband,White,Male,0,0,40,United-States,0,25-44,0
39,Private,Some-college,10,Divorced,Machine-op-inspct,Unmarried,White,Female,0,0,40,United-States,0,25-44,0
27,Private,Some-college,10,Never-married,Other-service,Not-in-family,White,Male,0,0,24,United-States,0,25-44,0
28,Private,HS-grad,9,Married-civ-spouse,Other-service,Husband,White,Male,0,0,43,United-States,0,25-44,0
24,Private,HS-grad,9,Never-married,Adm-clerical,Own-child,White,Female,0,0,40,United-States,0,under25,0
39,Private,HS-grad,9,Married-civ-spouse,Machine-op-inspct,Wife,White,Female,0,0,40,United-States,1,25-44,0
67,Self-emp-not-inc,HS-grad,9,Widowed,Farming-fishing,Not-in-family,White,Male,0,0,65,United-States,0,45plus,0
30,Local-gov,Bachelors,13,Divorced,Prof-specialty,Unmarried,White,Female,0,0,40,United-States,0,25-44,0
44,Private,Some-college,10,Never-married,Sales,Own-child,White,Male,0,0,50,United-States,0,25-44,0
30,Private,Assoc-acdm,12,Never-married,Sales,Not-in-family,White,Male,0,0,40,England,0,25-44,0
60,State-gov,HS-grad,9,Married-civ-spouse,Other-service,Husband,White,Male,0,0,40,United-States,0,45plus,0
18,Private,11th,7,Never-married,Other-service,Own-child,White,Male,0,0,16,United-States,0,under25,0
33,Private,Masters,14,Married-civ-spouse,Prof-specialty,Husband,White,Male,15024,0,40,United-States,1,25-44,1
50,Private,7th-8th,4,Married-civ-spouse,Craft-repair,Husband,White,Male,3411,0,40,United-States,0,45plus,0
23,Private,Bachelors,13,Never-married,Adm-clerical,Own-child,White,Female,2174,0,40,United-States,0,under25,0
22,Private,10th,6,Never-married,Transport-moving,Own-child,Asian-Pac-Islander,Male,0,0,30,United-States,0,under25,0
47,Private,HS-grad,9,Widowed,Adm-clerical,Not-in-family,White,Female,2174,0,40,England,0,45plus,0
31,Private,HS-grad,9,Never-married,Craft-repair,Own-child,White,Male,0,0,42,United-States,0,25-44,0
37,Self-emp-not-inc,Masters,14,Married-civ-spouse,Exec-managerial,Husband,White,Male,0,0,60,United-States,1,25-44,1
22,Private,Some-college,10,Never-married,Sales,Not-in-family,White,Female,0,0,40,United-States,0,under25,0
22,Private,HS-grad,9,Never-married,Adm-clerical,Not-in-family,Other,Female,0,0,40,United-States,0,under25,0
24,Private,12th,8,Never-married,Machine-op-inspct,Unmarried,White,Male,0,0,40,Mexico,0,under25,0
57,Federal-gov,HS-grad,9,Divorced,Adm-clerical,Not-in-family,White,Female,0,0,40,United-States,0,45plus,0
42,Federal-gov,Bachelors,13,Married-civ-spouse,Exec-managerial,Husband,White,Male,0,0,52,United-States,1,25-44,1
52,Private,HS-grad,9,Married-civ-spouse,Craft-repair,Husband,White,Male,0,0,48,United-States,1,45plus,0
62,Private,Some-college,10,Widowed,Other-service,Not-in-family,White,Female,0,0,20,United-States,0,45plus,0
30,Private,HS-grad,9,Married-civ-spouse,Handlers-cleaners,Husband,White,Male,0,0,50,United-States,0,25-44,0
44,Private,Some-college,10,Married-civ-spouse,Sales,Husband,White,Male,0,0,50,England,1,25-44,0
32,Private,HS-grad,9,Divorced,Craft-repair,Not-in-family,White,Male,0,0,40,United-States,0,25-44,0
52,Private,HS-grad,9,Married-civ-spouse,Sales,Husband,White,Male,99999,0,45,United-States,1,45plus,1
33,Private,11th,7,Never-married,Transport-moving,Not-in-family,Black,Male,0,0,60,United-States,0,25-44,0
18,Private,11th,7,Never-married,Sales,Own-child,White,Male,0,0,20,United-States,0,under25,0
43,Local-gov,Bachelors,13,Separated,Prof-specialty,Unmarried,White,Female,0,0,40,United-States,0,25-44,0
26,Private,Some-college,10,Married-civ-spouse,Adm-clerical,Wife,White,Female,0,0,42,United-States,0,25-44,0
30,Private,Bachelors,13,Never-married,Other-service,Not-in-family,Asian-Pac-Islander,Male,0,0,15,China,0,25-44,0
29,Private,HS-grad,9,Married-civ-spouse,Craft-repair,Husband,White,Male,0,0,40,Ecuador,0,25-44,0
55,Private,HS-grad,9,Divorced,Transport-moving,Not-in-family,White,Male,0,0,40,United-States,0,45plus,0
25,Private,HS-grad,9,Married-spouse-absent,Exec-managerial,Not-in-family,White,Male,0,0,45,United-States,0,under25,0
61,Private,Assoc-voc,11,Married-civ-spouse,Adm-clerical,Husband,White,Male,0,0,40,United-States,0,45plus,0
35,Private,Some-college,10,Divorced,Exec-managerial,Not-in-family,White,Female,0,0,70,United-States,0,25-44,0
34,Private,Some-college,10,Married-civ-spouse,Exec-managerial,Husband,White,Male,0,0,45,United-States,0,25-44,0
56,Self-emp-not-inc,Bachelors,13,Married-civ-spouse,Exec-managerial,Husband,White,Male,0,0,20,United-States,1,45plus,1
44,Private,HS-grad,9,Married-civ-spouse,Transport-moving,Husband,White,Male,0,0,40,United-States,0,25-44,0
30,State-gov,HS-grad,9,Married-civ-spouse,Protective-serv,Husband,White,Male,0,0,40,United-States,1,25-44,0
32,Private,Bachelors,13,Married-civ-spouse,Exec-managerial,Husband,White,Male,0,1887,55,United-States,1,25-44,1
37,Private,HS-grad,9,Divorced,Machine-op-inspct,Not-in-family,Asian-Pac-Islander,Female,0,0,40,Philippines,0,25-44,0
26,Private,12th,8,Never-married,Sales,Other-relative,Black,Male,0,0,51,United-States,0,25-44,0
43,Private,Prof-school,15,Divorced,Exec-managerial,Not-in-family,White,Male,0,0,40,United-States,0,25-44,0
38,Private,HS-grad,9,Married-civ-spouse,Craft-repair,Husband,White,Male,0,0,40,United-States,1,25-44,0
24,Private,Bachelors,13,Never-married,Prof-specialty,Not-in-family,White,Male,0,0,40,United-States,0,under25,0
27,Private,Assoc-voc,11,Never-married,Sales,Not-in-family,White,Male,0,0,50,United-States,0,25-44,0
41,Private,HS-grad,9,Married-civ-spouse,Sales,Husband,White,Male,0,1848,45,United-States,1,25-44,1
58,Private,HS-grad,9,Divorced,Exec-managerial,Unmarried,White,Female,0,0,40,United-States,0,45plus,0
43,Self-emp-inc,HS-grad,9,Married-civ-spouse,Craft-repair,Husband,White,Male,0,0,60,United-States,0,25-44,0
27,Private,HS-grad,9,Never-married,Adm-clerical,Not-in-family,White,Female,0,0,52,United-States,0,25-44,0
22,Private,Assoc-acdm,12,Never-married,Handlers-cleaners,Own-child,Black,Male,0,0,20,Jamaica,0,under25,0
39,Private,Assoc-voc,11,Never-married,Machine-op-inspct,Not-in-family,White,Male,0,0,40,United-States,0,25-44,0
19,Private,HS-grad,9,Never-married,Other-service,Not-in-family,White,Female,0,0,45,United-States,0,under25,0
18,Private,HS-grad,9,Never-married,Machine-op-inspct,Not-in-family,White,Female,0,0,30,United-States,0,under25,0
36,Private,Bachelors,13,Never-married,Tech-support,Own-child,White,Male,0,0,40,United-States,0,25-44,0
51,State-gov,Some-college,10,Divorced,Prof-specialty,Not-in-family,White,Female,0,0,40,United-States,0,45plus,0
17,Private,11th,7,Never-married,Adm-clerical,Own-child,White,Female,0,0,15,United-States,0,under25,0
36,Private,Some-college,10,Married-civ-spouse,Craft-repair,Husband,White,Male,0,0,40,Canada,1,25-44,0
41,Private,Masters,14,Married-civ-spouse,Prof-specialty,Wife,White,Female,0,0,45,England,0,25-44,1
30,Private,HS-grad,9,Married-civ-spouse,Transport-moving,Husband,White,Male,0,0,40,United-States,0,25-44,0
39,Private,Prof-school,15,Divorced,Exec-managerial,Not-in-family,White,Male,0,0,50,United-States,0,25-44,1
32,Private,Assoc-voc,11,Married-civ-spouse,Craft-repair,Husband,White,Male,0,0,40,United-States,0,25-44,0
30,Private,HS-grad,9,Married-civ-spouse,Prof-specialty,Husband,White,Male,0,0,35,United-States,1,25-44,0
35,Self-emp-not-inc,11th,7,Divorced,Exec-managerial,Unmarried,White,Female,0,0,84,United-States,0,25-44,0
22,Private,HS-grad,9,Never-married,Adm-clerical,Not-in-family,White,Female,0,0,40,United-States,0,under25,0
59,Private,1st-4th,2,Married-civ-spouse,Machine-op-inspct,Husband,White,Male,0,0,40,United-States,0,45plus,0
33,State-gov,HS-grad,9,Married-civ-spouse,Craft-repair,Husband,White,Male,0,0,40,United-States,0,25-44,0
39,Private,HS-grad,9,Married-civ-spouse,Craft-repair,Husband,White,Male,0,0,60,United-States,0,25-44,0
37,Private,Some-college,10,Divorced,Adm-clerical,Not-in-family,White,Female,0,0,40,United-States,0,25-44,0
31,Self-emp-not-inc,Bachelors,13,Married-civ-spouse,Exec-managerial,Wife,White,Female,0,0,40,United-States,1,25-44,1
46,Private,Assoc-voc,11,Married-civ-spouse,Craft-repair,Husband,White,Male,0,0,40,United-States,0,45plus,0
70,Self-emp-inc,Some-college,10,Married-civ-spouse,Sales,Husband,White,Male,10566,0,40,United-States,0,45plus,1
40,Self-emp-inc,Prof-school,15,Married-civ-spouse,Prof-specialty,Husband,White,Male,15024,0,40,United-States,1,25-44,1
45,Private,Some-college,10,Married-civ-spouse,Craft-repair,Husband,White,Male,0,0,40,United-States,1,25-44,0
35,State-gov,Some-college,10,Divorced,Tech-support,Unmarried,White,Female,0,0,40,United-States,0,25-44,0
27,Private,Some-college,10,Never-married,Handlers-cleaners,Own-child,Asian-Pac-Islander,Male,0,0,40,United-States,0,25-44,0
37,Private,HS-grad,9,Never-married,Sales,Not-in-family,Black,Male,0,0,44,United-States,0,25-44,0
72,Private,Some-college,10,Married-civ-spouse,Prof-specialty,Husband,White,Male,3471,0,20,United-States,0,45plus,0
19,Private,HS-grad,9,Never-married,Other-service,Not-in-family,White,Female,0,0,30,United-States,0,under25,0
65,Private,Assoc-acdm,12,Married-civ-spouse,Exec-managerial,Husband,White,Male,3818,0,40,United-States,0,45plus,1
44,Self-emp-not-inc,10th,6,Married-civ-spouse,Other-service,Husband,White,Male,0,0,70,United-States,0,25-44,0
48,Private,Some-college,10,Never-married,Craft-repair,Not-in-family,Black,Female,0,0,40,United-States,0,45plus,0
37,Federal-gov,HS-grad,9,Married-civ-spouse,Craft-repair,Husband,White,Male,0,0,40,United-States,0,25-44,0
36,Private,HS-grad,9,Widowed,Handlers-cleaners,Unmarried,White,Female,0,0,30,United-States,0,25-44,0
24,Private,Bachelors,13,Never-married,Sales,Not-in-family,White,Female,0,0,40,United-States,0,under25,0
20,Private,11th,7,Never-married,Tech-support,Other-relative,White,Male,0,0,40,United-States,0,under25,0
19,Private,Some-college,10,Never-married,Handlers-cleaners,Own-child,White,Male,0,0,25,United-States,0,under25,0
23,Private,Bachelors,13,Never-married,Prof-specialty,Own-child,White,Male,0,0,42,United-States,0,under25,0
50,Private,9th,5,Married-civ-spouse,Machine-op-inspct,Husband,White,Male,0,0,48,United-States,0,45plus,0
30,State-gov,Bachelors,13,Married-civ-spouse,Tech-support,Husband,White,Male,0,0,40,United-States,1,25-44,1
44,Private,HS-grad,9,Married-civ-spouse,Transport-moving,Husband,White,Male,0,0,50,United-States,1,25-44,0
48,Self-emp-not-inc,Some-college,10,Married-civ-spouse,Exec-managerial,Husband,White,Male,0,0,40,United-States,1,45plus,0
46,Private,HS-grad,9,Divorced,Craft-repair,Other-relative,White,Male,0,0,40,United-States,0,45plus,0
41,State-gov,Doctorate,16,Married-civ-spouse,Prof-specialty,Husband,White,Male,0,0,50,United-States,1,25-44,1
54,Self-emp-not-inc,Some-college,10,Divorced,Sales,Not-in-family,White,Female,0,0,35,United-States,0,45plus,0
53,Private,Bachelors,13,Married-civ-spouse,Handlers-cleaners,Husband,White,Male,0,0,55,United-States,0,45plus,1
61,Self-emp-not-inc,HS-grad,9,Married-civ-spouse,Exec-managerial,Husband,White,Male,0,0,40,United-States,0,45plus,0
20,Private,10th,6,Separated,Sales,Not-in-family,White,Female,0,0,36,United-States,0,under25,0
37,Private,HS-grad,9,Married-civ-spouse,Sales,Husband,White,Male,0,0,45,United-States,0,25-44,0
52,Private,HS-grad,9,Married-civ-spouse,Machine-op-inspct,Husband,Black,Male,0,0,40,United-States,1,45plus,0
53,Private,Bachelors,13,Married-civ-spouse,Prof-specialty,Husband,White,Male,7688,0,40,United-States,1,45plus,1
56,Private,Some-college,10,Married-civ-spouse,Exec-managerial,Husband,White,Male,0,0,40,United-States,1,45plus,1
30,Private,Bachelors,13,Never-married,Transport-moving,Not-in-family,White,Male,4865,0,40,United-States,0,25-44,0
90,Private,Some-college,10,Separated,Adm-clerical,Own-child,White,Female,0,0,40,Puerto-Rico,0,45plus,0
51,Private,Some-college,10,Married-civ-spouse,Adm-clerical,Wife,White,Female,0,0,35,United-States,0,45plus,0
39,Private,Assoc-voc,11,Married-civ-spouse,Adm-clerical,Wife,White,Female,0,0,20,United-States,1,25-44,0
34,Private,Some-college,10,Married-civ-spouse,Sales,Husband,White,Male,0,0,60,United-States,0,25-44,0
67,Self-emp-not-inc,HS-grad,9,Married-civ-spouse,Farming-fishing,Husband,White,Male,0,0,60,United-States,0,45plus,0
36,Private,Some-college,10,Divorced,Sales,Unmarried,White,Female,0,0,40,United-States,0,25-44,0
18,Private,11th,7,Never-married,Handlers-cleaners,Own-child,White,Male,0,0,40,United-States,0,under25,0
56,Self-emp-not-inc,HS-grad,9,Married-civ-spouse,Sales,Husband,White,Male,0,0,40,United-States,0,45plus,0
42,Private,Some-college,10,Never-married,Adm-clerical,Own-child,White,Female,0,0,40,United-States,0,25-44,0
29,Private,Assoc-acdm,12,Married-civ-spouse,Sales,Husband,White,Male,0,0,50,United-States,1,25-44,0
24,Private,HS-grad,9,Married-civ-spouse,Other-service,Wife,White,Female,0,0,30,United-States,0,under25,0
39,Private,Bachelors,13,Never-married,Adm-clerical,Own-child,White,Female,0,0,40,United-States,0,25-44,0
30,Self-emp-inc,Some-college,10,Married-civ-spouse,Craft-repair,Husband,Black,Male,0,0,70,United-States,0,25-44,0
35,Private,HS-grad,9,Married-civ-spouse,Handlers-cleaners,Husband,White,Male,0,0,40,United-States,0,25-44,0
19,Private,Some-college,10,Never-married,Other-service,Own-child,White,Female,0,0,20,United-States,0,under25,0
27,Private,HS-grad,9,Never-married,Transport-moving,Not-in-family,White,Male,0,0,99,United-States,0,25-44,0
32,Private,HS-grad,9,Never-married,Handlers-cleaners,Not-in-family,White,Male,0,0,40,Columbia,0,25-44,0
42,Private,Some-college,10,Married-civ-spouse,Craft-repair,Husband,Black,Male,0,0,40,United-States,1,25-44,0
23,Private,Bachelors,13,Never-married,Prof-specialty,Own-child,Asian-Pac-Islander,Female,0,0,20,United-States,0,under25,0
39,Private,Bachelors,13,Never-married,Exec-managerial,Own-child,Asian-Pac-Islander,Female,0,0,35,United-States,0,25-44,0
29,Private,7th-8th,4,Married-civ-spouse,Other-service,Wife,White,Female,0,0,40,United-States,0,25-44,0
22,Private,Some-college,10,Never-married,Other-service,Not-in-family,Black,Female,0,0,30,United-States,0,under25,0
44,Private,Assoc-acdm,12,Never-married,Farming-fishing,Own-child,White,Male,0,0,40,United-States,0,25-44,0
60,Private,Assoc-acdm,12,Divorced,Other-service,Not-in-family,White,Female,0,0,40,United-States,0,45plus,0
51,Private,HS-grad,9,Divorced,Prof-specialty,Not-in-family,White,Male,0,0,40,United-States,0,45plus,0
31,Private,HS-grad,9,Never-married,Farming-fishing,Not-in-family,White,Male,0,2001,40,United-States,0,25-44,0
31,State-gov,Masters,14,Married-civ-spouse,Prof-specialty,Husband,White,Male,0,0,50,United-States,0,25-44,1
23,Private,11th,7,Never-married,Adm-clerical,Unmarried,Black,Male,0,0,35,United-States,0,under25,0
23,Private,Assoc-acdm,12,Never-married,Other-service,Own-child,White,Male,0,0,25,Columbia,0,under25,0
36,Private,Some-college,10,Never-married,Machine-op-inspct,Own-child,White,Male,0,0,40,United-States,0,25-44,0
45,Self-emp-inc,Bachelors,13,Divorced,Exec-managerial,Unmarried,White,Male,0,0,50,United-States,1,25-44,0
39,Private,Assoc-voc,11,Never-married,Farming-fishing,Not-in-family,White,Male,0,0,60,United-States,0,25-44,0
23,Private,11th,7,Married-civ-spouse,Machine-op-inspct,Husband,White,Male,0,0,40,United-States,0,under25,0
32,Self-emp-not-inc,HS-grad,9,Married-civ-spouse,Transport-moving,Husband,White,Male,0,0,48,United-States,0,25-44,0
34,Private,Bachelors,13,Never-married,Exec-managerial,Not-in-family,White,Female,0,0,45,United-States,0,25-44,0
55,Private,9th,5,Married-civ-spouse,Craft-repair,Husband,White,Male,0,0,55,United-States,0,45plus,0
35,Private,Masters,14,Married-civ-spouse,Sales,Husband,White,Male,0,0,40,India,0,25-44,1
26,Private,Bachelors,13,Never-married,Prof-specialty,Own-child,White,Male,0,0,30,United-States,0,25-44,0
69,Private,10th,6,Separated,Machine-op-inspct,Not-in-family,White,Female,0,0,28,Peru,0,45plus,0
26,Private,Preschool,1,Married-spouse-absent,Machine-op-inspct,Not-in-family,White,Male,0,1719,40,Mexico,0,25-44,0
32,Private,7th-8th,4,Married-civ-spouse,Craft-repair,Husband,White,Male,0,0,40,United-States,0,25-44,0
38,Private,7th-8th,4,Married-civ-spouse,Farming-fishing,Husband,White,Male,0,0,40,United-States,0,25-44,0
41,Private,HS-grad,9,Separated,Other-service,Not-in-family,White,Female,0,0,40,United-States,0,25-44,0
17,Private,11th,7,Never-married,Other-service,Other-relative,White,Female,0,0,12,United-States,0,under25,0
70,Self-emp-inc,Bachelors,13,Married-civ-spouse,Exec-managerial,Husband,White,Male,0,2377,50,United-States,1,45plus,1
58,Private,Assoc-acdm,12,Married-civ-spouse,Exec-managerial,Husband,White,Male,5178,0,60,United-States,1,45plus,1
21,Private,Some-college,10,Married-civ-spouse,Sales,Wife,Amer-Indian-Eskimo,Female,0,0,40,United-States,0,under25,0
36,State-gov,Some-college,10,Divorced,Other-service,Unmarried,Black,Female,0,0,20,United-States,0,25-44,0
24,Private,Preschool,1,Never-married,Farming-fishing,Not-in-family,White,Male,0,0,36,Mexico,0,under25,0
35,State-gov,HS-grad,9,Divorced,Machine-op-inspct,Own-child,White,Male,0,0,40,United-States,0,25-44,0
48,Self-emp-inc,HS-grad,9,Married-civ-spouse,Craft-repair,Husband,White,Male,0,0,36,United-States,0,45plus,0
45,Private,HS-grad,9,Never-married,Sales,Own-child,White,Female,0,0,19,United-States,0,25-44,0
36,Private,HS-grad,9,Married-civ-spouse,Transport-moving,Husband,White,Male,7298,0,60,United-States,1,25-44,1
23,Private,Bachelors,13,Never-married,Prof-specialty,Own-child,White,Female,0,0,38,United-States,0,under25,0
39,Private,Assoc-acdm,12,Divorced,Exec-managerial,Unmarried,White,Male,1506,0,40,United-States,0,25-44,0
28,Private,Some-college,10,Never-married,Protective-serv,Own-child,White,Male,0,0,40,Honduras,0,25-44,0
32,Private,Some-college,10,Never-married,Exec-managerial,Other-relative,White,Male,0,0,40,United-States,0,25-44,0
29,Private,Assoc-voc,11,Married-civ-spouse,Exec-managerial,Husband,White,Male,0,0,60,United-States,1,25-44,0
23,Private,HS-grad,9,Never-married,Machine-op-inspct,Other-relative,Black,Male,0,0,40,United-States,0,under25,0
65,Private,10th,6,Married-civ-spouse,Handlers-cleaners,Husband,White,Male,0,0,22,United-States,1,45plus,0
53,Private,HS-grad,9,Married-civ-spouse,Craft-repair,Husband,White,Male,0,0,40,Mexico,0,45plus,0
49,Private,Some-college,10,Divorced,Adm-clerical,Not-in-family,Asian-Pac-Islander,Female,0,0,40,United-States,0,45plus,0
51,Private,Bachelors,13,Divorced,Prof-specialty,Unmarried,White,Female,0,0,55,England,0,45plus,0
53,Private,HS-grad,9,Divorced,Machine-op-inspct,Not-in-family,White,Male,0,0,50,United-States,0,45plus,0
51,Private,10th,6,Divorced,Craft-repair,Not-in-family,Black,Female,0,0,35,United-States,0,45plus,0
44,State-gov,HS-grad,9,Married-civ-spouse,Protective-serv,Husband,White,Male,0,0,40,United-States,0,25-44,0
34,Private,HS-grad,9,Divorced,Craft-repair,Not-in-family,White,Male,6849,0,55,United-States,0,25-44,0
26,Private,HS-grad,9,Married-civ-spouse,Machine-op-inspct,Husband,Black,Male,0,0,45,United-States,0,25-44,0
34,Private,HS-grad,9,Married-civ-spouse,Transport-moving,Husband,White,Male,0,0,40,United-States,0,25-44,0
54,State-gov,Some-college,10,Divorced,Adm-clerical,Not-in-family,White,Female,0,0,38,United-States,0,45plus,0
64,Federal-gov,Assoc-acdm,12,Married-civ-spouse,Exec-managerial,Husband,White,Male,9386,0,45,United-States,1,45plus,1
39,Private,Bachelors,13,Married-civ-spouse,Exec-managerial,Husband,White,Male,0,0,40,United-States,1,25-44,1
38,Private,Some-college,10,Divorced,Exec-managerial,Unmarried,White,Female,0,0,40,United-States,0,25-44,0
46,Private,HS-grad,9,Married-civ-spouse,Exec-managerial,Husband,White,Male,0,0,40,United-States,1,45plus,0
59,Private,HS-grad,9,Never-married,Adm-clerical,Not-in-family,White,Male,0,0,50,Guatemala,0,45plus,0
64,State-gov,Bachelors,13,Divorced,Tech-support,Not-in-family,White,Male,0,0,40,United-States,0,45plus,0
47,Federal-gov,Some-college,10,Married-civ-spouse,Exec-managerial,Husband,Black,Male,0,0,40,United-States,0,45plus,1
47,Private,Bachelors,13,Married-civ-spouse,Prof-specialty,Husband,White,Male,0,0,50,United-States,0,45plus,1
31,Private,Some-college,10,Never-married,Adm-clerical,Unmarried,Black,Female,0,0,40,United-States,0,25-44,0
28,Private,Bachelors,13,Never-married,Adm-clerical,Not-in-family,White,Female,0,0,45,United-States,0,25-44,0
37,Private,HS-grad,9,Never-married,Machine-op-inspct,Not-in-family,White,Male,0,0,40,United-States,0,25-44,0
33,Self-emp-not-inc,HS-grad,9,Married-civ-spouse,Craft-repair,Husband,White,Male,0,0,40,United-States,0,25-44,0
20,Private,HS-grad,9,Never-married,Adm-clerical,Own-child,White,Male,0,0,20,United-States,0,under25,0
55,State-gov,HS-grad,9,Married-civ-spouse,Protective-serv,Husband,White,Male,0,0,40,United-States,0,45plus,0
23,Private,7th-8th,4,Never-married,Other-service,Own-child,White,Male,0,0,35,United-States,0,under25,0
23,Private,Assoc-acdm,12,Never-married,Other-service,Own-child,White,Female,0,0,20,United-States,0,under25,0
58,Private,HS-grad,9,Married-civ-spouse,Craft-repair,Husband,White,Male,0,0,40,United-States,0,45plus,0
48,Private,Some-college,10,Divorced,Adm-clerical,Unmarried,White,Female,0,0,40,United-States,0,45plus,0
59,Private,Bachelors,13,Married-civ-spouse,Prof-specialty,Husband,White,Male,5013,0,40,United-States,0,45plus,1
30,Private,Prof-school,15,Married-civ-spouse,Prof-specialty,Husband,Black,Male,0,1740,40,Haiti,0,25-44,1
28,Private,HS-grad,9,Married-spouse-absent,Other-service,Not-in-family,Asian-Pac-Islander,Female,0,0,40,Philippines,0,25-44,0
25,Private,11th,7,Never-married,Handlers-cleaners,Not-in-family,White,Male,0,0,40,United-States,0,under25,0
31,Self-emp-not-inc,Some-college,10,Married-civ-spouse,Sales,Husband,Black,Male,0,0,60,United-States,1,25-44,0
29,Private,Some-college,10,Married-civ-spouse,Adm-clerical,Husband,Black,Male,0,0,50,United-States,0,25-44,0
41,Private,Doctorate,16,Divorced,Sales,Unmarried,White,Female,0,0,50,United-States,1,25-44,0
28,Private,Bachelors,13,Never-married,Adm-clerical,Not-in-family,White,Male,0,1408,40,United-States,0,25-44,0
30,Private,Bachelors,13,Never-married,Tech-support,Not-in-family,White,Male,0,0,60,Hungary,0,25-44,0
67,State-gov,Some-college,10,Married-civ-spouse,Protective-serv,Husband,White,Male,0,0,41,United-States,1,45plus,0
27,Private,Masters,14,Married-civ-spouse,Prof-specialty,Husband,Asian-Pac-Islander,Male,0,0,40,Hong,1,25-44,1
59,Private,HS-grad,9,Married-civ-spouse,Sales,Husband,White,Male,0,0,48,United-States,0,45plus,0
32,Private,Doctorate,16,Married-civ-spouse,Prof-specialty,Husband,White,Male,0,0,65,United-States,1,25-44,1
33,State-gov,Some-college,10,Never-married,Tech-support,Not-in-family,White,Female,0,0,40,United-States,0,25-44,0
51,Private,Bachelors,13,Married-civ-spouse,Sales,Husband,White,Male,0,0,40,United-States,1,45plus,1
31,Private,HS-grad,9,Divorced,Sales,Unmarried,Black,Male,0,0,50,United-States,0,25-44,0
24,Local-gov,Assoc-acdm,12,Married-civ-spouse,Other-service,Wife,White,Female,0,0,40,United-States,0,under25,0
43,Private,HS-grad,9,Married-civ-spouse,Handlers-cleaners,Husband,White,Male,0,0,40,United-States,0,25-44,0
55,Private,Masters,14,Married-civ-spouse,Exec-managerial,Husband,White,Male,0,1977,60,United-States,1,45plus,1
39,Private,10th,6,Married-civ-spouse,Craft-repair,Husband,White,Male,0,0,40,United-States,0,25-44,0
18,Private,10th,6,Never-married,Sales,Not-in-family,White,Male,0,0,20,United-States,0,under25,0
40,Private,Assoc-acdm,12,Married-civ-spouse,Tech-support,Husband,White,Male,0,1977,60,United-States,1,25-44,1
35,Self-emp-not-inc,HS-grad,9,Married-civ-spouse,Craft-repair,Wife,Black,Female,0,0,40,United-States,1,25-44,0
17,Private,11th,7,Never-married,Sales,Own-child,White,Male,0,0,30,United-States,0,under25,0
47,Private,Some-college,10,Married-civ-spouse,Transport-moving,Husband,White,Male,0,0,50,United-States,0,45plus,0
50,Private,Bachelors,13,Divorced,Prof-specialty,Not-in-family,White,Male,0,0,45,United-States,1,45plus,0
36,Private,HS-grad,9,Never-married,Craft-repair,Own-child,White,Male,0,0,40,United-States,0,25-44,0
64,Private,HS-grad,9,Married-civ-spouse,Farming-fishing,Husband,White,Male,0,0,25,France,0,45plus,0
22,Federal-gov,Assoc-acdm,12,Never-married,Other-service,Own-child,White,Male,0,0,20,United-States,0,under25,0
28,Private,Bachelors,13,Married-civ-spouse,Other-service,Husband,Black,Male,0,0,40,United-States,0,25-44,0
18,Private,11th,7,Never-married,Sales,Own-child,White,Female,0,0,10,United-States,0,under25,0
22,Private,Some-college,10,Never-married,Sales,Own-child,White,Female,0,0,40,United-States,0,under25,0
29,State-gov,Some-college,10,Married-civ-spouse,Adm-clerical,Husband,White,Male,0,0,40,United-States,0,25-44,0
22,Private,HS-grad,9,Never-married,Craft-repair,Not-in-family,White,Male,0,0,41,United-States,0,under25,0
68,Federal-gov,Some-college,10,Divorced,Adm-clerical,Other-relative,Black,Female,2346,0,40,United-States,0,45plus,0
27,Private,Bachelors,13,Never-married,Sales,Not-in-family,White,Male,0,1504,45,United-States,0,25-44,0
22,Private,Bachelors,13,Never-married,Prof-specialty,Not-in-family,White,Female,8614,0,40,United-States,1,under25,1
59,Self-emp-not-inc,Bachelors,13,Married-civ-spouse,Sales,Husband,White,Male,15024,0,40,United-States,1,45plus,1
50,Private,Bachelors,13,Separated,Prof-specialty,Own-child,Other,Female,0,0,40,United-States,0,45plus,0
33,Private,Some-college,10,Married-civ-spouse,Exec-managerial,Husband,White,Male,0,0,45,United-States,0,25-44,0
37,Private,HS-grad,9,Divorced,Sales,Not-in-family,White,Female,0,0,60,United-States,0,25-44,0
27,Private,Bachelors,13,Divorced,Prof-specialty,Own-child,White,Female,0,0,50,United-States,0,25-44,0
22,Private,Some-college,10,Never-married,Machine-op-inspct,Own-child,White,Male,0,0,25,United-States,0,under25,0
43,Private,10th,6,Married-civ-spouse,Transport-moving,Husband,White,Male,0,0,40,United-States,0,25-44,0
31,Private,Some-college,10,Never-married,Protective-serv,Not-in-family,White,Male,0,0,40,United-States,0,25-44,0
42,Self-emp-inc,Bachelors,13,Married-civ-spouse,Sales,Husband,White,Male,0,0,60,United-States,1,25-44,1
23,Private,7th-8th,4,Never-married,Machine-op-inspct,Own-child,White,Male,0,0,40,United-States,0,under25,0
25,Private,Bachelors,13,Never-married,Exec-managerial,Own-child,White,Male,0,0,35,United-States,0,under25,0
45,Private,11th,7,Married-civ-spouse,Other-service,Wife,White,Female,0,0,36,United-States,0,25-44,0
43,Self-emp-inc,HS-grad,9,Married-civ-spouse,Craft-repair,Husband,White,Male,0,0,40,United-States,0,25-44,0
39,Private,HS-grad,9,Never-married,Craft-repair,Not-in-family,White,Male,0,0,60,United-States,0,25-44,0
47,Self-emp-inc,Some-college,10,Married-civ-spouse,Farming-fishing,Husband,White,Male,0,0,40,United-States,0,45plus,0
70,Self-emp-inc,Bachelors,13,Divorced,Exec-managerial,Unmarried,White,Female,0,0,55,United-States,0,45plus,0
60,Private,Bachelors,13,Divorced,Exec-managerial,Own-child,White,Male,0,0,60,United-States,0,45plus,0
58,Self-emp-inc,Some-college,10,Married-civ-spouse,Exec-managerial,Husband,White,Male,7298,0,60,United-States,1,45plus,1
24,Private,HS-grad,9,Married-civ-spouse,Craft-repair,Husband,White,Male,0,0,40,United-States,0,under25,0
59,Private,HS-grad,9,Married-civ-spouse,Prof-specialty,Wife,Black,Female,0,0,38,Jamaica,0,45plus,0
33,Private,Bachelors,13,Married-civ-spouse,Sales,Husband,White,Male,0,1902,55,United-States,1,25-44,1
37,Federal-gov,Some-college,10,Married-civ-spouse,Prof-specialty,Husband,White,Male,0,0,40,United-States,1,25-44,1
43,Self-emp-not-inc,HS-grad,9,Divorced,Craft-repair,Own-child,White,Male,0,0,35,United-States,0,25-44,0
27,Private,Bachelors,13,Never-married,Exec-managerial,Own-child,White,Female,0,0,40,United-States,0,25-44,0
20,Private,HS-grad,9,Never-married,Handlers-cleaners,Own-child,White,Female,0,0,40,United-States,0,under25,0
60,Private,HS-grad,9,Married-civ-spouse,Machine-op-inspct,Husband,White,Male,0,0,40,United-States,0,45plus,0
52,Private,5th-6th,3,Married-spouse-absent,Craft-repair,Other-relative,White,Male,0,0,40,Mexico,0,45plus,0
55,Private,HS-grad,9,Married-civ-spouse,Exec-managerial,Wife,White,Female,0,0,30,United-States,1,45plus,0
26,Private,Some-college,10,Married-civ-spouse,Exec-managerial,Husband,White,Male,0,0,45,Germany,1,25-44,0
52,Self-emp-not-inc,Some-college,10,Married-civ-spouse,Sales,Husband,White,Male,0,0,55,United-States,1,45plus,0
24,Private,11th,7,Divorced,Machine-op-inspct,Unmarried,White,Female,0,0,40,United-States,0,under25,0
36,Private,HS-grad,9,Divorced,Adm-clerical,Unmarried,White,Female,0,0,50,United-States,0,25-44,0
41,Private,Bachelors,13,Never-married,Prof-specialty,Not-in-family,White,Male,0,0,40,United-States,1,25-44,0
52,Private,HS-grad,9,Married-civ-spouse,Sales,Husband,Black,Male,0,2377,40,United-States,0,45plus,0
40,Private,Bachelors,13,Married-civ-spouse,Prof-specialty,Husband,White,Male,0,0,44,United-States,1,25-44,1
41,Local-gov,Assoc-acdm,12,Married-civ-spouse,Tech-support,Husband,White,Male,0,0,40,United-States,1,25-44,0
41,Private,HS-grad,9,Married-civ-spouse,Craft-repair,Husband,White,Male,0,0,40,United-States,0,25-44,0
44,Private,12th,8,Divorced,Machine-op-inspct,Unmarried,White,Female,0,0,40,United-States,0,25-44,0
52,Private,Some-college,10,Never-married,Exec-managerial,Not-in-family,White,Male,0,0,40,United-States,0,45plus,0
55,Private,10th,6,Never-married,Other-service,Not-in-family,White,Male,0,0,40,United-States,0,45plus,0
25,Private,Masters,14,Married-civ-spouse,Machine-op-inspct,Not-in-family,White,Male,0,0,40,Mexico,0,under25,0
52,Private,HS-grad,9,Married-civ-spouse,Sales,Husband,White,Male,0,0,40,United-States,1,45plus,0
44,Private,Assoc-acdm,12,Divorced,Prof-specialty,Not-in-family,White,Female,0,0,43,United-States,0,25-44,0
31,Local-gov,Bachelors,13,Never-married,Prof-specialty,Not-in-family,White,Female,0,0,50,United-States,0,25-44,0
32,Private,HS-grad,9,Married-civ-spouse,Transport-moving,Husband,White,Male,0,0,50,United-States,0,25-44,0
27,Private,Some-college,10,Never-married,Machine-op-inspct,Not-in-family,White,Female,0,0,40,United-States,0,25-44,0
48,Private,HS-grad,9,Widowed,Handlers-cleaners,Other-relative,White,Female,0,0,48,United-States,0,45plus,0
50,Self-emp-inc,Bachelors,13,Married-civ-spouse,Prof-specialty,Husband,White,Male,0,0,45,Italy,1,45plus,1
52,Private,9th,5,Widowed,Adm-clerical,Unmarried,White,Female,0,0,40,United-States,0,45plus,0
25,Private,HS-grad,9,Never-married,Craft-repair,Unmarried,White,Male,0,0,40,United-States,0,under25,0
47,Private,HS-grad,9,Married-civ-spouse,Sales,Own-child,White,Female,0,0,38,United-States,1,45plus,0
54,Private,Some-college,10,Married-civ-spouse,Transport-moving,Husband,White,Male,0,0,45,United-States,1,45plus,0
48,Private,Bachelors,13,Married-civ-spouse,Prof-specialty,Husband,White,Male,0,0,35,United-States,0,45plus,1
23,Private,HS-grad,9,Never-married,Exec-managerial,Own-child,White,Female,0,0,45,United-States,0,under25,0
61,Private,10th,6,Married-civ-spouse,Sales,Husband,White,Male,0,0,40,United-States,0,45plus,0
42,Private,Some-college,10,Married-civ-spouse,Handlers-cleaners,Husband,White,Male,0,0,38,United-States,0,25-44,0
29,Private,Bachelors,13,Married-civ-spouse,Tech-support,Husband,White,Male,0,0,40,United-States,0,25-44,1
73,Private,HS-grad,9,Divorced,Other-service,Not-in-family,White,Female,0,0,20,United-States,0,45plus,0
24,Private,Bachelors,13,Never-married,Adm-clerical,Not-in-family,White,Male,0,0,32,United-States,0,under25,0
51,State-gov,Assoc-voc,11,Divorced,Prof-specialty,Unmarried,White,Female,0,0,40,United-States,0,45plus,0
32,Private,HS-grad,9,Married-civ-spouse,Tech-support,Husband,White,Male,0,0,60,United-States,1,25-44,0
32,Private,9th,5,Separated,Machine-op-inspct,Unmarried,White,Female,0,0,40,Columbia,0,25-44,0
17,Private,11th,7,Never-married,Sales,Own-child,White,Female,0,0,35,United-States,0,under25,0
18,Private,HS-grad,9,Married-spouse-absent,Other-service,Own-child,Black,Male,0,0,40,Jamaica,0,under25,0
31,Private,HS-grad,9,Separated,Adm-clerical,Not-in-family,White,Male,0,0,45,United-States,0,25-44,0
26,Private,HS-grad,9,Never-married,Adm-clerical,Not-in-family,White,Female,0,0,40,United-States,0,25-44,0
62,Private,HS-grad,9,Divorced,Adm-clerical,Unmarried,White,Female,0,0,40,United-States,0,45plus,0
44,Private,HS-grad,9,Married-spouse-absent,Transport-moving,Not-in-family,Other,Male,0,0,32,Canada,0,25-44,0
17,Local-gov,12th,8,Never-married,Adm-clerical,Own-child,White,Female,0,0,12,United-States,0,under25,0
31,Private,HS-grad,9,Married-spouse-absent,Other-service,Not-in-family,White,Female,0,0,80,Italy,0,25-44,0
30,Private,Assoc-acdm,12,Married-civ-spouse,Exec-managerial,Wife,White,Female,0,0,50,Thailand,1,25-44,1
49,Private,HS-grad,9,Married-civ-spouse,Sales,Husband,White,Male,99999,0,65,United-States,1,45plus,1
29,Private,5th-6th,3,Never-married,Other-service,Own-child,White,Female,0,0,40,El-Salvador,0,25-44,0
34,Private,Some-college,10,Married-civ-spouse,Adm-clerical,Husband,Black,Male,0,0,40,United-States,1,25-44,0
63,Self-emp-inc,Assoc-acdm,12,Married-civ-spouse,Sales,Husband,White,Male,0,0,40,United-States,1,45plus,0
21,Private,Some-college,10,Never-married,Prof-specialty,Own-child,White,Female,0,0,30,United-States,0,under25,0
70,Self-emp-not-inc,Masters,14,Married-civ-spouse,Exec-managerial,Husband,Black,Male,0,0,40,United-States,0,45plus,1
33,Private,HS-grad,9,Married-civ-spouse,Transport-moving,Husband,White,Male,0,0,60,United-States,0,25-44,0
41,Local-gov,Some-college,10,Divorced,Adm-clerical,Unmarried,Black,Female,0,0,40,United-States,0,25-44,0
77,Private,HS-grad,9,Married-civ-spouse,Other-service,Husband,White,Male,0,0,25,Cuba,0,45plus,0
20,Private,9th,5,Never-married,Adm-clerical,Unmarried,Black,Female,114,0,20,United-States,0,under25,0
32,Federal-gov,Bachelors,13,Never-married,Exec-managerial,Not-in-family,White,Female,0,0,60,United-States,0,25-44,0
27,Private,Some-college,10,Never-married,Machine-op-inspct,Own-child,White,Male,0,0,40,United-States,0,25-44,0
34,Private,HS-grad,9,Never-married,Transport-moving,Own-child,White,Male,0,0,40,United-States,0,25-44,0
37,Federal-gov,HS-grad,9,Never-married,Exec-managerial,Unmarried,Black,Female,0,0,40,United-States,0,25-44,0
17,Private,10th,6,Never-married,Farming-fishing,Own-child,White,Male,0,0,40,United-States,0,under25,0
23,Private,Assoc-voc,11,Never-married,Other-service,Not-in-family,White,Female,0,0,40,United-States,0,under25,0
26,Private,HS-grad,9,Married-civ-spouse,Craft-repair,Husband,White,Male,0,0,40,United-States,0,25-44,0
45,Private,Some-college,10,Divorced,Transport-moving,Not-in-family,White,Male,0,0,50,United-States,0,25-44,0
29,Private,HS-grad,9,Never-married,Other-service,Unmarried,Black,Female,0,0,25,United-States,0,25-44,0
23,Private,Assoc-acdm,12,Never-married,Sales,Own-child,White,Female,0,0,40,United-States,0,under25,0
33,Private,HS-grad,9,Never-married,Craft-repair,Not-in-family,White,Male,0,0,40,United-States,1,25-44,0
33,Private,HS-grad,9,Never-married,Craft-repair,Own-child,Asian-Pac-Islander,Male,0,0,40,United-States,0,25-44,0
28,Private,Some-college,10,Married-civ-spouse,Sales,Wife,White,Female,0,0,40,United-States,0,25-44,0
51,Private,Bachelors,13,Divorced,Exec-managerial,Not-in-family,Amer-Indian-Eskimo,Male,0,0,50,United-States,0,45plus,0
22,Private,Some-college,10,Never-married,Sales,Own-child,White,Female,0,0,20,United-States,0,under25,0
47,Private,HS-grad,9,Divorced,Sales,Unmarried,White,Female,0,0,45,United-States,0,45plus,0
40,Self-emp-not-inc,Some-college,10,Married-civ-spouse,Craft-repair,Husband,White,Male,0,0,60,United-States,0,25-44,0
32,Private,HS-grad,9,Divorced,Adm-clerical,Unmarried,White,Female,0,0,40,United-States,0,25-44,0
54,Private,Bachelors,13,Never-married,Exec-managerial,Not-in-family,White,Male,0,0,50,United-States,1,45plus,0
36,Private,Bachelors,13,Married-civ-spouse,Prof-specialty,Husband,White,Male,0,0,40,United-States,1,25-44,1
25,Private,Bachelors,13,Never-married,Exec-managerial,Not-in-family,White,Female,0,0,40,United-States,1,under25,0
47,Private,Doctorate,16,Married-civ-spouse,Prof-specialty,Husband,White,Male,0,0,50,United-States,1,45plus,1
53,Private,Some-college,10,Never-married,Craft-repair,Not-in-family,White,Male,0,0,40,United-States,0,45plus,0
57,Self-emp-not-inc,HS-grad,9,Married-civ-spouse,Sales,Husband,White,Male,0,0,48,United-States,0,45plus,0
31,Private,11th,7,Married-spouse-absent,Handlers-cleaners,Not-in-family,Asian-Pac-Islander,Male,0,0,40,India,0,25-44,0
35,Self-emp-not-inc,HS-grad,9,Married-civ-spouse,Farming-fishing,Husband,White,Male,0,0,80,United-States,1,25-44,0
40,Private,Some-college,10,Separated,Exec-managerial,Not-in-family,Black,Male,0,0,40,United-States,0,25-44,0
37,Private,HS-grad,9,Never-married,Transport-moving,Other-relative,White,Female,0,0,40,United-States,0,25-44,0
28,Private,HS-grad,9,Divorced,Adm-clerical,Not-in-family,White,Male,0,0,40,United-States,0,25-44,0
34,Local-gov,HS-grad,9,Married-civ-spouse,Craft-repair,Husband,White,Male,0,0,40,United-States,0,25-44,0
55,Private,Bachelors,13,Married-civ-spouse,Prof-specialty,Husband,White,Male,0,0,40,United-States,1,45plus,1
60,Private,10th,6,Widowed,Tech-support,Unmarried,White,Female,0,0,40,United-States,0,45plus,0
49,Self-emp-inc,Masters,14,Separated,Exec-managerial,Not-in-family,White,Male,0,0,70,United-States,1,45plus,0
27,State-gov,Bachelors,13,Never-married,Tech-support,Not-in-family,White,Male,0,0,12,United-States,0,25-44,0
38,Private,HS-grad,9,Married-civ-spouse,Craft-repair,Husband,White,Male,0,0,40,United-States,0,25-44,0
36,Private,9th,5,Divorced,Adm-clerical,Unmarried,White,Female,0,0,40,United-States,0,25-44,0
49,Private,12th,8,Married-civ-spouse,Machine-op-inspct,Husband,White,Male,0,0,39,United-States,0,45plus,0
47,Federal-gov,Assoc-acdm,12,Married-civ-spouse,Adm-clerical,Husband,White,Male,0,0,40,United-States,1,45plus,0
42,Local-gov,HS-grad,9,Married-civ-spouse,Exec-managerial,Husband,White,Male,0,0,60,United-States,1,25-44,0
72,Self-emp-not-inc,Some-college,10,Married-civ-spouse,Sales,Husband,White,Male,0,0,40,United-States,0,45plus,0
29,Private,10th,6,Divorced,Machine-op-inspct,Not-in-family,Black,Female,0,0,25,United-States,0,25-44,0
22,Private,Bachelors,13,Never-married,Prof-specialty,Own-child,White,Female,0,0,40,United-States,0,under25,0
31,Private,HS-grad,9,Divorced,Exec-managerial,Unmarried,White,Female,0,0,40,United-States,0,25-44,0
45,Private,10th,6,Divorced,Sales,Not-in-family,White,Female,0,0,40,United-States,0,25-44,0
46,Local-gov,HS-grad,9,Married-civ-spouse,Protective-serv,Husband,White,Male,7688,0,96,United-States,1,45plus,1
28,Private,Some-college,10,Married-civ-spouse,Tech-support,Wife,White,Female,0,0,40,United-States,0,25-44,0
49,Private,Assoc-voc,11,Divorced,Exec-managerial,Not-in-family,White,Male,0,0,45,United-States,1,45plus,0
34,Private,HS-grad,9,Never-married,Handlers-cleaners,Own-child,White,Male,0,0,40,United-States,0,25-44,0
17,Private,9th,5,Never-married,Other-service,Own-child,White,Male,1055,0,24,United-States,0,under25,0
27,Private,Some-college,10,Married-civ-spouse,Handlers-cleaners,Husband,White,Male,0,0,40,United-States,1,25-44,0
76,Self-emp-not-inc,Masters,14,Married-civ-spouse,Craft-repair,Husband,White,Male,0,0,10,United-States,0,45plus,0
27,Private,HS-grad,9,Never-married,Craft-repair,Not-in-family,White,Male,0,0,40,United-States,0,25-44,0
67,Self-emp-not-inc,Bachelors,13,Married-civ-spouse,Sales,Husband,White,Male,0,0,30,United-States,0,45plus,0
23,Private,Bachelors,13,Never-married,Sales,Not-in-family,White,Male,0,0,55,United-States,0,under25,0
29,Self-emp-not-inc,Assoc-acdm,12,Married-civ-spouse,Sales,Husband,White,Male,0,0,50,United-States,0,25-44,0
55,Private,Bachelors,13,Married-civ-spouse,Machine-op-inspct,Husband,White,Male,0,0,40,United-States,0,45plus,1
32,Private,10th,6,Divorced,Machine-op-inspct,Not-in-family,White,Male,0,0,40,United-States,0,25-44,0
30,Private,11th,7,Married-civ-spouse,Craft-repair,Husband,White,Male,0,0,45,United-States,0,25-44,0
35,Private,HS-grad,9,Married-civ-spouse,Transport-moving,Husband,White,Male,2885,0,40,United-States,0,25-44,0
18,Private,HS-grad,9,Never-married,Sales,Own-child,White,Male,0,0,20,United-States,0,under25,0
78,Private,7th-8th,4,Never-married,Machine-op-inspct,Not-in-family,White,Female,0,0,35,Dominican-Republic,0,45plus,0
39,Private,7th-8th,4,Never-married,Other-service,Own-child,White,Male,0,1602,35,United-States,0,25-44,0
47,Private,HS-grad,9,Married-civ-spouse,Craft-repair,Husband,White,Male,0,0,40,United-States,0,45plus,0
43,Private,Some-college,10,Divorced,Adm-clerical,Unmarried,White,Female,0,0,40,United-States,0,25-44,0
20,Private,Some-college,10,Never-married,Other-service,Own-child,White,Female,0,0,10,United-States,0,under25,0
19,Private,Some-college,10,Never-married,Other-service,Other-relative,White,Female,0,0,35,United-States,0,under25,0
19,Private,Some-college,10,Never-married,Handlers-cleaners,Own-child,White,Male,0,0,40,United-States,0,under25,0
52,Private,HS-grad,9,Married-civ-spouse,Adm-clerical,Husband,White,Male,0,0,48,United-States,0,45plus,0
63,Private,10th,6,Married-civ-spouse,Adm-clerical,Husband,White,Male,0,0,45,United-States,0,45plus,0
54,Private,1st-4th,2,Married-civ-spouse,Other-service,Husband,White,Male,0,0,35,Mexico,0,45plus,0
29,Private,HS-grad,9,Divorced,Machine-op-inspct,Unmarried,White,Female,0,0,40,United-States,0,25-44,0
25,Self-emp-not-inc,HS-grad,9,Separated,Craft-repair,Own-child,White,Male,0,0,35,United-States,0,under25,0
23,Self-emp-inc,Bachelors,13,Never-married,Adm-clerical,Own-child,White,Female,0,0,35,United-States,0,under25,0
37,Private,Prof-school,15,Married-civ-spouse,Prof-specialty,Husband,White,Male,0,0,60,United-States,1,25-44,1
35,Private,HS-grad,9,Never-married,Craft-repair,Unmarried,White,Male,0,0,35,United-States,0,25-44,0
34,Private,Bachelors,13,Married-civ-spouse,Exec-managerial,Husband,White,Male,0,0,50,United-States,1,25-44,1
24,Local-gov,Some-college,10,Never-married,Protective-serv,Own-child,White,Female,0,0,40,United-States,0,under25,0
42,Private,Some-college,10,Married-civ-spouse,Machine-op-inspct,Husband,White,Male,0,0,60,United-States,0,25-44,0
33,Private,HS-grad,9,Married-civ-spouse,Craft-repair,Husband,White,Male,0,0,40,United-States,0,25-44,0
35,Private,Some-college,10,Never-married,Transport-moving,Own-child,White,Male,0,0,45,United-States,0,25-44,0
26,Private,HS-grad,9,Married-civ-spouse,Exec-managerial,Husband,White,Male,0,0,40,United-States,0,25-44,0
38,Private,HS-grad,9,Married-civ-spouse,Exec-managerial,Husband,White,Male,0,0,40,United-States,1,25-44,0
23,Private,Some-college,10,Never-married,Exec-managerial,Not-in-family,White,Female,0,0,50,United-States,0,under25,0
34,Private,Some-college,10,Married-civ-spouse,Exec-managerial,Husband,White,Male,0,0,65,United-States,1,25-44,1
40,Private,Bachelors,13,Divorced,Adm-clerical,Not-in-family,Black,Female,0,0,40,United-States,0,25-44,0
63,Self-emp-not-inc,HS-grad,9,Married-civ-spouse,Craft-repair,Husband,White,Male,0,0,40,United-States,0,45plus,0
45,State-gov,Masters,14,Married-civ-spouse,Adm-clerical,Husband,White,Male,0,0,40,India,0,25-44,1
31,Private,Bachelors,13,Married-civ-spouse,Sales,Husband,White,Male,0,0,50,United-States,1,25-44,1
44,Local-gov,Assoc-voc,11,Married-civ-spouse,Craft-repair,Husband,White,Male,0,0,40,United-States,1,25-44,0
53,Private,HS-grad,9,Married-civ-spouse,Machine-op-inspct,Husband,White,Male,0,0,40,United-States,1,45plus,0
33,State-gov,Some-college,10,Married-civ-spouse,Craft-repair,Husband,White,Male,0,0,4,United-States,0,25-44,0
19,Private,Some-college,10,Never-married,Handlers-cleaners,Not-in-family,White,Male,0,0,55,United-States,0,under25,0
27,Private,Bachelors,13,Never-married,Sales,Own-child,White,Female,0,0,40,United-States,0,25-44,0
35,Private,Bachelors,13,Married-civ-spouse,Sales,Husband,White,Male,15024,0,50,United-States,1,25-44,1
32,Private,Assoc-acdm,12,Never-married,Adm-clerical,Not-in-family,White,Female,0,0,40,United-States,0,25-44,0
67,Private,HS-grad,9,Married-civ-spouse,Exec-managerial,Husband,White,Male,0,0,37,United-States,1,45plus,0
41,Private,Doctorate,16,Never-married,Machine-op-inspct,Not-in-family,White,Female,0,0,40,United-States,1,25-44,0
67,Self-emp-inc,Bachelors,13,Married-civ-spouse,Exec-managerial,Husband,White,Male,0,2392,75,United-States,1,45plus,1
19,Private,HS-grad,9,Never-married,Farming-fishing,Own-child,Black,Male,0,0,30,United-States,0,under25,0
19,Private,Some-college,10,Never-married,Sales,Own-child,Black,Male,0,0,30,United-States,0,under25,0
18,Private,11th,7,Never-married,Craft-repair,Own-child,White,Male,0,0,35,United-States,0,under25,0
36,Private,HS-grad,9,Divorced,Craft-repair,Unmarried,White,Male,0,0,48,United-States,0,25-44,0
27,Self-emp-not-inc,Bachelors,13,Never-married,Prof-specialty,Own-child,White,Female,0,0,40,United-States,0,25-44,0
45,Self-emp-not-inc,Some-college,10,Never-married,Farming-fishing,Own-child,White,Male,0,0,75,United-States,0,25-44,0
20,Private,Some-college,10,Never-married,Adm-clerical,Own-child,White,Female,0,0,35,United-States,0,under25,0
56,Private,7th-8th,4,Married-civ-spouse,Craft-repair,Husband,White,Male,0,0,40,Portugal,0,45plus,0
45,State-gov,HS-grad,9,Married-civ-spouse,Craft-repair,Husband,White,Male,0,0,40,United-States,0,25-44,0
22,Private,HS-grad,9,Never-married,Machine-op-inspct,Own-child,White,Female,0,0,40,United-States,0,under25,0
70,Private,HS-grad,9,Widowed,Adm-clerical,Unmarried,White,Female,0,0,5,United-States,0,45plus,0
30,Private,Some-college,10,Married-civ-spouse,Tech-support,Husband,White,Male,0,0,50,United-States,1,25-44,0
68,Private,Prof-school,15,Widowed,Prof-specialty,Unmarried,White,Female,0,0,16,United-States,0,45plus,0
54,Federal-gov,HS-grad,9,Widowed,Adm-clerical,Unmarried,White,Female,0,0,35,United-States,0,45plus,0
36,Local-gov,HS-grad,9,Married-civ-spouse,Exec-managerial,Husband,White,Male,0,0,40,United-States,0,25-44,0
56,Federal-gov,Doctorate,16,Married-civ-spouse,Prof-specialty,Husband,White,Male,0,0,40,United-States,1,45plus,1
35,Private,Assoc-voc,11,Never-married,Other-service,Not-in-family,White,Female,0,0,65,United-States,0,25-44,0
45,Private,1st-4th,2,Married-civ-spouse,Other-service,Wife,White,Female,0,0,25,El-Salvador,0,25-44,0
50,Private,Doctorate,16,Married-civ-spouse,Prof-specialty,Husband,White,Male,15024,0,50,United-States,1,45plus,1
46,Private,Some-college,10,Married-civ-spouse,Adm-clerical,Wife,White,Female,0,0,40,United-States,1,45plus,0
47,Self-emp-not-inc,Doctorate,16,Married-civ-spouse,Prof-specialty,Husband,White,Male,0,0,35,United-States,1,45plus,1
47,Self-emp-inc,Bachelors,13,Divorced,Exec-managerial,Not-in-family,White,Male,0,0,70,United-States,1,45plus,0
31,Private,Some-college,10,Married-civ-spouse,Transport-moving,Husband,White,Male,0,0,40,United-States,1,25-44,0
44,Private,Bachelors,13,Married-civ-spouse,Transport-moving,Husband,White,Male,0,0,40,United-States,0,25-44,1
33,Private,Some-college,10,Never-married,Tech-support,Not-in-family,White,Male,0,0,70,United-States,0,25-44,0
44,Private,HS-grad,9,Never-married,Exec-managerial,Not-in-family,White,Male,0,1564,55,England,1,25-44,0
39,Private,Bachelors,13,Married-civ-spouse,Craft-repair,Husband,White,Male,0,0,40,United-States,0,25-44,1
46,Private,Bachelors,13,Never-married,Prof-specialty,Not-in-family,White,Female,0,0,40,United-States,0,45plus,0
47,Federal-gov,Assoc-acdm,12,Married-civ-spouse,Adm-clerical,Husband,Black,Male,0,0,40,United-States,1,45plus,0
23,Private,11th,7,Married-civ-spouse,Handlers-cleaners,Husband,White,Male,0,0,40,Mexico,0,under25,0
53,Private,HS-grad,9,Divorced,Adm-clerical,Not-in-family,White,Female,0,0,40,United-States,0,45plus,0
52,Private,Bachelors,13,Married-civ-spouse,Sales,Husband,White,Male,0,0,45,United-States,1,45plus,1
44,Local-gov,Some-college,10,Married-civ-spouse,Exec-managerial,Husband,Black,Male,0,0,38,United-States,1,25-44,0
28,Private,Bachelors,13,Never-married,Adm-clerical,Not-in-family,White,Male,0,0,45,United-States,0,25-44,0
19,Federal-gov,Some-college,10,Never-married,Adm-clerical,Own-child,White,Female,0,0,10,United-States,0,under25,0
45,Self-emp-not-inc,10th,6,Married-civ-spouse,Craft-repair,Husband,White,Male,0,0,70,United-States,0,25-44,0
33,Private,Some-college,10,Never-married,Machine-op-inspct,Not-in-family,White,Male,0,0,40,United-States,0,25-44,0
51,Private,7th-8th,4,Married-civ-spouse,Exec-managerial,Husband,Amer-Indian-Eskimo,Male,3908,0,47,United-States,0,45plus,0
27,Private,Bachelors,13,Never-married,Tech-support,Own-child,White,Male,0,0,50,United-States,0,25-44,0
53,Private,HS-grad,9,Married-civ-spouse,Machine-op-inspct,Husband,White,Male,0,0,40,United-States,1,45plus,0
43,Private,HS-grad,9,Divorced,Adm-clerical,Other-relative,Black,Male,0,0,38,United-States,0,25-44,0
30,Private,Some-college,10,Never-married,Adm-clerical,Unmarried,White,Female,0,0,30,United-States,0,25-44,0
46,Private,Bachelors,13,Never-married,Sales,Not-in-family,White,Female,0,0,35,United-States,0,45plus,0
47,Private,Some-college,10,Married-civ-spouse,Transport-moving,Husband,White,Male,0,0,50,United-States,0,45plus,0
65,Private,5th-6th,3,Married-civ-spouse,Other-service,Husband,Asian-Pac-Islander,Male,0,0,40,United-States,0,45plus,0
54,Self-emp-not-inc,Bachelors,13,Married-civ-spouse,Sales,Husband,White,Male,0,0,50,United-States,1,45plus,1
44,Private,Masters,14,Married-civ-spouse,Exec-managerial,Husband,White,Male,0,0,50,United-States,1,25-44,1
44,Local-gov,Some-college,10,Married-civ-spouse,Exec-managerial,Husband,White,Male,0,1485,40,United-States,1,25-44,0
40,Private,Assoc-acdm,12,Divorced,Adm-clerical,Unmarried,Black,Female,0,0,32,United-States,0,25-44,0
41,Self-emp-inc,Bachelors,13,Married-civ-spouse,Exec-managerial,Husband,White,Male,7688,0,70,United-States,1,25-44,1
32,Private,HS-grad,9,Married-civ-spouse,Craft-repair,Husband,White,Male,0,0,40,United-States,1,25-44,0
49,Private,10th,6,Married-civ-spouse,Transport-moving,Husband,Black,Male,0,0,42,United-States,1,45plus,0
41,Private,10th,6,Married-civ-spouse,Transport-moving,Husband,Black,Male,0,0,40,United-States,1,25-44,0
50,Private,7th-8th,4,Married-civ-spouse,Craft-repair,Husband,White,Male,0,0,40,Ecuador,0,45plus,0
39,Self-emp-inc,HS-grad,9,Married-civ-spouse,Exec-managerial,Husband,White,Male,3103,0,60,United-States,1,25-44,0
44,Local-gov,Some-college,10,Married-civ-spouse,Protective-serv,Husband,Black,Male,0,0,99,United-States,0,25-44,0
64,State-gov,HS-grad,9,Widowed,Adm-clerical,Not-in-family,White,Female,0,0,24,United-States,0,45plus,0
20,Private,Some-college,10,Never-married,Handlers-cleaners,Own-child,White,Male,0,0,20,United-States,0,under25,0
20,Private,Some-college,10,Never-married,Sales,Not-in-family,White,Male,0,0,30,United-States,0,under25,0
33,Private,Bachelors,13,Married-civ-spouse,Prof-specialty,Husband,White,Male,0,0,40,United-States,1,25-44,1
32,Private,HS-grad,9,Separated,Handlers-cleaners,Unmarried,Asian-Pac-Islander,Female,0,0,60,South,0,25-44,0
41,Private,HS-grad,9,Divorced,Adm-clerical,Unmarried,White,Female,0,0,36,United-States,0,25-44,0
40,Local-gov,Bachelors,13,Married-civ-spouse,Prof-specialty,Husband,White,Male,0,0,35,United-States,0,25-44,1
21,Private,Some-college,10,Never-married,Adm-clerical,Not-in-family,White,Female,0,0,45,United-States,0,under25,0
62,Private,Some-college,10,Married-civ-spouse,Sales,Husband,Asian-Pac-Islander,Male,0,0,40,United-States,1,45plus,0
36,Private,HS-grad,9,Married-civ-spouse,Machine-op-inspct,Husband,White,Male,0,0,45,United-States,0,25-44,0
23,Private,Some-college,10,Married-civ-spouse,Adm-clerical,Husband,White,Male,0,0,40,United-States,0,under25,0
31,State-gov,Assoc-acdm,12,Never-married,Adm-clerical,Own-child,Black,Female,0,0,45,United-States,0,25-44,0
22,Private,HS-grad,9,Never-married,Farming-fishing,Not-in-family,White,Male,0,0,25,United-States,0,under25,0
51,State-gov,HS-grad,9,Never-married,Transport-moving,Not-in-family,White,Male,0,0,40,United-States,0,45plus,0
48,Self-emp-not-inc,Prof-school,15,Married-civ-spouse,Craft-repair,Husband,White,Male,0,0,60,United-States,0,45plus,1
56,Self-emp-inc,Assoc-voc,11,Married-civ-spouse,Sales,Husband,White,Male,0,0,54,United-States,1,45plus,0
60,Private,Bachelors,13,Married-civ-spouse,Exec-managerial,Husband,White,Male,0,0,45,United-States,1,45plus,1
52,Private,Bachelors,13,Divorced,Craft-repair,Unmarried,White,Male,0,0,25,United-States,0,45plus,0
20,Private,HS-grad,9,Never-married,Prof-specialty,Other-relative,White,Female,0,0,40,United-States,0,under25,0
44,Private,Bachelors,13,Divorced,Other-service,Not-in-family,Asian-Pac-Islander,Male,0,0,40,China,0,25-44,0
64,Self-emp-inc,Prof-school,15,Married-civ-spouse,Prof-specialty,Husband,White,Male,99999,0,35,United-States,1,45plus,1
31,Private,HS-grad,9,Divorced,Prof-specialty,Not-in-family,White,Female,0,0,40,United-States,0,25-44,0
33,Private,HS-grad,9,Never-married,Tech-support,Not-in-family,White,Male,0,0,45,United-States,0,25-44,0
21,Private,Some-college,10,Never-married,Craft-repair,Own-child,White,Female,0,0,40,United-States,0,under25,0
45,Private,Masters,14,Married-civ-spouse,Exec-managerial,Husband,White,Male,4386,0,40,United-States,0,25-44,1
42,Private,HS-grad,9,Married-civ-spouse,Exec-managerial,Wife,White,Female,0,0,40,United-States,0,25-44,0
33,Self-emp-not-inc,HS-grad,9,Married-civ-spouse,Other-service,Husband,Black,Male,0,0,40,United-States,0,25-44,0
34,Private,HS-grad,9,Divorced,Prof-specialty,Unmarried,White,Female,0,0,25,United-States,0,25-44,0
20,Private,12th,8,Never-married,Prof-specialty,Not-in-family,White,Female,0,0,35,Italy,0,under25,0
43,Self-emp-not-inc,HS-grad,9,Married-civ-spouse,Craft-repair,Husband,White,Male,0,0,30,United-States,0,25-44,0
34,Private,Some-college,10,Married-civ-spouse,Sales,Husband,White,Male,0,0,55,United-States,1,25-44,0
34,Federal-gov,Some-college,10,Never-married,Adm-clerical,Not-in-family,White,Male,0,0,40,United-States,0,25-44,0
63,Private,HS-grad,9,Widowed,Other-service,Unmarried,White,Female,0,0,24,United-States,0,45plus,0
43,Private,7th-8th,4,Married-civ-spouse,Other-service,Husband,White,Male,0,0,25,United-States,0,25-44,0
34,Private,HS-grad,9,Married-civ-spouse,Sales,Husband,White,Male,0,0,40,United-States,1,25-44,0
62,Private,Some-college,10,Married-civ-spouse,Transport-moving,Husband,White,Male,0,0,60,United-States,0,45plus,0
24,Private,Bachelors,13,Never-married,Prof-specialty,Own-child,White,Female,0,0,20,United-States,0,under25,0
36,Private,Some-college,10,Divorced,Adm-clerical,Not-in-family,White,Male,0,0,45,United-States,0,25-44,0
30,Private,Bachelors,13,Never-married,Adm-clerical,Not-in-family,White,Female,0,0,40,United-States,0,25-44,0
35,Self-emp-not-inc,HS-grad,9,Married-spouse-absent,Farming-fishing,Not-in-family,White,Male,0,0,60,United-States,0,25-44,0
30,Private,HS-grad,9,Married-civ-spouse,Craft-repair,Husband,White,Male,0,0,40,United-States,0,25-44,0
20,Local-gov,HS-grad,9,Never-married,Handlers-cleaners,Own-child,Black,Male,0,0,40,United-States,0,under25,0
24,Private,Some-college,10,Never-married,Sales,Not-in-family,Black,Male,0,0,40,Jamaica,0,under25,0
22,Private,Some-college,10,Never-married,Sales,Own-child,White,Female,0,0,40,United-States,0,under25,0
35,Self-emp-not-inc,Some-college,10,Married-civ-spouse,Other-service,Husband,White,Male,0,0,40,United-States,0,25-44,0
39,Private,HS-grad,9,Married-civ-spouse,Craft-repair,Husband,White,Male,0,0,40,United-States,0,25-44,0
61,Private,HS-grad,9,Divorced,Adm-clerical,Not-in-family,White,Female,0,0,40,Canada,0,45plus,0
33,State-gov,Bachelors,13,Never-married,Prof-specialty,Other-relative,Black,Female,0,0,40,United-States,0,25-44,0
21,Private,HS-grad,9,Never-married,Handlers-cleaners,Unmarried,White,Male,0,0,45,United-States,0,under25,0
34,Private,HS-grad,9,Divorced,Machine-op-inspct,Unmarried,White,Female,0,0,40,United-States,0,25-44,0
39,Private,Some-college,10,Married-civ-spouse,Prof-specialty,Husband,White,Male,0,0,50,United-States,0,25-44,1
35,Private,Bachelors,13,Divorced,Exec-managerial,Not-in-family,White,Male,27828,0,50,United-States,1,25-44,1
57,Self-emp-not-inc,HS-grad,9,Married-civ-spouse,Exec-managerial,Husband,White,Male,0,0,1,United-States,0,45plus,0
31,Private,Some-college,10,Married-civ-spouse,Adm-clerical,Husband,White,Male,0,0,40,United-States,0,25-44,0
25,Private,Some-college,10,Married-civ-spouse,Craft-repair,Husband,White,Male,0,0,60,United-States,1,under25,0
26,Private,Assoc-voc,11,Never-married,Sales,Other-relative,Black,Male,0,0,65,United-States,0,25-44,0
43,State-gov,HS-grad,9,Married-civ-spouse,Craft-repair,Husband,White,Male,0,0,40,United-States,0,25-44,0
23,Private,HS-grad,9,Never-married,Adm-clerical,Own-child,White,Male,0,0,25,United-States,0,under25,0
59,Private,Assoc-voc,11,Divorced,Prof-specialty,Not-in-family,White,Female,0,0,36,United-States,0,45plus,0
27,Private,HS-grad,9,Divorced,Adm-clerical,Unmarried,White,Female,0,0,40,United-States,0,25-44,0
25,Private,Bachelors,13,Never-married,Exec-managerial,Not-in-family,White,Male,4101,0,35,United-States,0,under25,0
20,Private,Some-college,10,Never-married,Tech-support,Not-in-family,White,Female,0,0,40,United-States,0,under25,0
48,Self-emp-inc,HS-grad,9,Married-civ-spouse,Exec-managerial,Husband,White,Male,0,0,80,United-States,0,45plus,1
22,Private,HS-grad,9,Never-married,Machine-op-inspct,Other-relative,White,Male,0,0,35,United-States,0,under25,0
31,Private,HS-grad,9,Never-married,Craft-repair,Own-child,White,Male,4101,0,40,United-States,0,25-44,0
40,Private,Some-college,10,Divorced,Other-service,Not-in-family,White,Male,0,0,45,United-States,0,25-44,0
56,Private,Bachelors,13,Married-civ-spouse,Tech-support,Husband,White,Male,0,0,48,United-States,1,45plus,1
28,Private,Assoc-acdm,12,Never-married,Prof-specialty,Own-child,White,Male,0,0,40,France,0,25-44,0
42,Federal-gov,HS-grad,9,Married-civ-spouse,Tech-support,Husband,White,Male,0,0,30,United-States,1,25-44,0
37,Private,HS-grad,9,Married-civ-spouse,Transport-moving,Husband,White,Male,0,0,40,United-States,0,25-44,0
19,Private,Some-college,10,Never-married,Sales,Not-in-family,White,Female,0,0,28,United-States,0,under25,0
34,Private,Assoc-voc,11,Never-married,Prof-specialty,Not-in-family,White,Female,1639,0,20,United-States,0,25-44,0
19,Private,HS-grad,9,Never-married,Handlers-cleaners,Own-child,White,Male,0,0,50,United-States,0,under25,0
32,Federal-gov,Assoc-acdm,12,Divorced,Protective-serv,Not-in-family,White,Male,2174,0,40,United-States,0,25-44,0
30,Private,Assoc-voc,11,Divorced,Sales,Not-in-family,White,Female,0,0,40,United-States,1,25-44,0
53,State-gov,Masters,14,Married-civ-spouse,Exec-managerial,Husband,White,Male,0,0,42,United-States,1,45plus,1
27,Private,HS-grad,9,Separated,Other-service,Unmarried,White,Female,0,0,50,United-States,0,25-44,0
30,Private,Doctorate,16,Married-civ-spouse,Prof-specialty,Husband,White,Male,5178,0,75,United-States,1,25-44,1
30,Private,HS-grad,9,Divorced,Other-service,Unmarried,White,Female,0,0,40,United-States,0,25-44,0
61,Private,10th,6,Divorced,Other-service,Not-in-family,White,Male,0,0,24,United-States,0,45plus,0
61,Private,HS-grad,9,Married-civ-spouse,Craft-repair,Husband,White,Male,0,0,40,United-States,0,45plus,0
51,Private,HS-grad,9,Married-civ-spouse,Craft-repair,Husband,Black,Male,0,0,40,United-States,0,45plus,0
47,Federal-gov,Bachelors,13,Divorced,Prof-specialty,Not-in-family,White,Male,0,0,40,United-States,0,45plus,0
42,Private,HS-grad,9,Married-civ-spouse,Other-service,Wife,Black,Female,0,0,35,United-States,0,25-44,0
44,Private,Bachelors,13,Married-civ-spouse,Exec-managerial,Husband,White,Male,0,0,70,United-States,1,25-44,1
54,Local-gov,10th,6,Married-civ-spouse,Protective-serv,Husband,White,Male,0,0,45,United-States,0,45plus,0
33,Private,HS-grad,9,Married-civ-spouse,Sales,Wife,White,Female,0,0,45,United-States,0,25-44,0
50,Private,HS-grad,9,Married-civ-spouse,Machine-op-inspct,Husband,White,Male,0,0,40,United-States,1,45plus,0
61,Self-emp-not-inc,HS-grad,9,Married-civ-spouse,Farming-fishing,Husband,White,Male,0,2352,50,United-States,0,45plus,0
34,Self-emp-not-inc,Prof-school,15,Separated,Prof-specialty,Unmarried,White,Male,0,0,48,United-States,1,25-44,0
41,Private,Some-college,10,Married-civ-spouse,Sales,Husband,White,Male,0,0,40,United-States,0,25-44,0
41,State-gov,HS-grad,9,Divorced,Protective-serv,Not-in-family,White,Male,0,0,40,United-States,1,25-44,0
21,Private,HS-grad,9,Married-civ-spouse,Farming-fishing,Husband,White,Male,0,0,40,United-States,0,under25,0
52,Private,Bachelors,13,Married-spouse-absent,Exec-managerial,Not-in-family,White,Female,0,0,42,United-States,0,45plus,0
60,Self-emp-not-inc,HS-grad,9,Married-civ-spouse,Sales,Wife,White,Female,0,0,25,United-States,0,45plus,0
42,Private,Some-college,10,Married-civ-spouse,Prof-specialty,Husband,White,Male,0,0,40,United-States,1,25-44,0
24,Private,11th,7,Married-civ-spouse,Handlers-cleaners,Husband,Other,Male,0,0,40,United-States,0,under25,0
35,Self-emp-not-inc,Some-college,10,Never-married,Craft-repair,Own-child,White,Male,0,0,40,United-States,0,25-44,0
23,Private,HS-grad,9,Divorced,Craft-repair,Not-in-family,White,Male,0,0,40,United-States,0,under25,0
40,Private,HS-grad,9,Married-civ-spouse,Exec-managerial,Husband,White,Male,0,0,40,United-States,0,25-44,0
46,Local-gov,Bachelors,13,Never-married,Prof-specialty,Not-in-family,Black,Female,0,0,40,United-States,0,45plus,0
18,Private,Some-college,10,Never-married,Sales,Unmarried,White,Male,2176,0,40,United-States,0,under25,0
56,Private,7th-8th,4,Married-civ-spouse,Handlers-cleaners,Husband,White,Male,0,2002,40,United-States,0,45plus,0
44,Private,Some-college,10,Divorced,Adm-clerical,Unmarried,White,Female,0,0,38,United-States,0,25-44,0
34,Private,Some-college,10,Never-married,Sales,Other-relative,Black,Male,0,0,30,United-States,0,25-44,0
33,Federal-gov,HS-grad,9,Never-married,Adm-clerical,Own-child,White,Female,0,0,30,United-States,0,25-44,0
37,Private,1st-4th,2,Married-civ-spouse,Machine-op-inspct,Husband,White,Male,0,0,40,Mexico,0,25-44,0
29,Private,HS-grad,9,Never-married,Adm-clerical,Other-relative,White,Female,0,0,40,United-States,0,25-44,0
49,Private,Some-college,10,Married-civ-spouse,Prof-specialty,Husband,White,Male,0,0,40,United-States,1,45plus,0
39,Self-emp-not-inc,Some-college,10,Married-civ-spouse,Sales,Husband,White,Male,7688,0,50,United-States,1,25-44,1
49,Local-gov,Masters,14,Married-civ-spouse,Adm-clerical,Husband,White,Male,0,0,40,United-States,0,45plus,1
42,Private,HS-grad,9,Divorced,Craft-repair,Unmarried,White,Female,0,0,40,United-States,0,25-44,0
47,Private,Bachelors,13,Married-civ-spouse,Exec-managerial,Husband,White,Male,0,1887,40,United-States,1,45plus,1
23,Local-gov,Some-college,10,Divorced,Adm-clerical,Unmarried,White,Female,0,0,70,United-States,0,under25,0
33,Self-emp-not-inc,Prof-school,15,Married-civ-spouse,Prof-specialty,Husband,White,Male,0,1887,40,United-States,1,25-44,1
58,Private,Assoc-voc,11,Married-civ-spouse,Exec-managerial,Husband,White,Male,3908,0,40,United-States,0,45plus,0
42,Private,7th-8th,4,Married-spouse-absent,Prof-specialty,Other-relative,White,Male,0,0,35,Puerto-Rico,0,25-44,0
51,State-gov,Some-college,10,Divorced,Adm-clerical,Not-in-family,White,Female,0,0,40,United-States,0,45plus,0
50,Private,Some-college,10,Married-civ-spouse,Craft-repair,Husband,White,Male,0,0,40,United-States,1,45plus,0
59,Private,Prof-school,15,Married-civ-spouse,Prof-specialty,Husband,Asian-Pac-Islander,Male,99999,0,40,India,1,45plus,1
55,Private,10th,6,Never-married,Transport-moving,Not-in-family,White,Male,0,0,60,United-States,0,45plus,0
46,Self-emp-inc,Some-college,10,Married-civ-spouse,Sales,Husband,White,Male,0,0,60,United-States,1,45plus,0
27,Private,Bachelors,13,Never-married,Prof-specialty,Not-in-family,White,Male,0,0,40,United-States,0,25-44,0
53,Self-emp-not-inc,HS-grad,9,Married-civ-spouse,Craft-repair,Husband,Black,Male,3103,0,72,United-States,0,45plus,0
60,Private,Some-college,10,Divorced,Adm-clerical,Not-in-family,White,Female,0,0,40,United-States,0,45plus,0
40,Local-gov,Prof-school,15,Never-married,Exec-managerial,Not-in-family,White,Male,0,0,60,United-States,1,25-44,1
24,Private,HS-grad,9,Married-civ-spouse,Craft-repair,Husband,White,Male,0,0,40,United-States,0,under25,0
73,Private,1st-4th,2,Married-civ-spouse,Transport-moving,Husband,White,Male,0,1735,20,United-States,0,45plus,0
41,Private,Some-college,10,Married-civ-spouse,Adm-clerical,Wife,Black,Female,0,0,40,United-States,1,25-44,0
20,Private,Some-college,10,Married-spouse-absent,Sales,Own-child,Black,Female,0,0,18,United-States,0,under25,0
36,Private,Some-college,10,Never-married,Craft-repair,Not-in-family,White,Male,0,0,40,United-States,0,25-44,0
27,Private,HS-grad,9,Married-civ-spouse,Exec-managerial,Husband,White,Male,0,0,50,United-States,0,25-44,0
25,Private,12th,8,Married-civ-spouse,Machine-op-inspct,Husband,White,Male,0,0,40,El-Salvador,0,under25,0
36,Private,Bachelors,13,Married-civ-spouse,Tech-support,Husband,White,Male,0,0,40,United-States,0,25-44,1
46,Private,11th,7,Married-civ-spouse,Transport-moving,Husband,Black,Male,0,0,40,United-States,0,45plus,0
23,Private,Some-college,10,Never-married,Machine-op-inspct,Own-child,White,Male,0,0,40,United-States,0,under25,0
30,Private,Some-college,10,Never-married,Prof-specialty,Own-child,White,Male,3325,0,50,United-States,0,25-44,0
60,Self-emp-inc,Bachelors,13,Married-civ-spouse,Exec-managerial,Husband,White,Male,7298,0,60,United-States,1,45plus,1
57,Private,Some-college,10,Married-civ-spouse,Craft-repair,Husband,White,Male,0,0,40,United-States,0,45plus,0
52,Self-emp-not-inc,Prof-school,15,Married-civ-spouse,Prof-specialty,Husband,White,Male,0,0,50,United-States,1,45plus,1
30,Private,10th,6,Divorced,Other-service,Unmarried,White,Female,0,0,40,United-States,0,25-44,0
41,Private,HS-grad,9,Divorced,Craft-repair,Unmarried,White,Female,0,0,50,United-States,0,25-44,0
43,Private,Some-college,10,Married-civ-spouse,Sales,Husband,White,Male,7688,0,40,United-States,1,25-44,1
23,Private,Assoc-acdm,12,Never-married,Other-service,Not-in-family,White,Female,0,0,25,United-States,0,under25,0
31,Private,Some-college,10,Divorced,Other-service,Not-in-family,White,Female,0,0,15,United-States,0,25-44,0
41,Private,HS-grad,9,Married-civ-spouse,Craft-repair,Husband,White,Male,0,0,40,United-States,0,25-44,0
27,Private,Some-college,10,Never-married,Craft-repair,Not-in-family,White,Male,0,0,40,United-States,0,25-44,0
44,Private,Bachelors,13,Never-married,Prof-specialty,Own-child,White,Male,10520,0,40,United-States,1,25-44,1
55,Private,Some-college,10,Married-civ-spouse,Transport-moving,Husband,White,Male,0,0,84,United-States,0,45plus,0
17,Private,10th,6,Never-married,Other-service,Own-child,White,Male,0,0,40,United-States,0,under25,0
35,Self-emp-not-inc,Assoc-voc,11,Never-married,Farming-fishing,Own-child,White,Male,0,0,65,United-States,0,25-44,0
27,Private,HS-grad,9,Never-married,Machine-op-inspct,Own-child,White,Female,0,0,34,United-States,0,25-44,0
27,Self-emp-inc,Masters,14,Never-married,Transport-moving,Own-child,White,Male,0,0,40,United-States,0,25-44,0
33,Private,Some-college,10,Married-civ-spouse,Other-service,Husband,White,Male,0,0,40,United-States,0,25-44,0
21,Private,Some-college,10,Never-married,Sales,Not-in-family,White,Male,0,0,40,United-States,0,under25,0
43,Private,Some-college,10,Divorced,Adm-clerical,Unmarried,Black,Female,0,0,40,United-States,0,25-44,0
53,Private,HS-grad,9,Divorced,Other-service,Not-in-family,White,Female,0,0,40,United-States,0,45plus,0
53,Self-emp-inc,Some-college,10,Married-civ-spouse,Sales,Husband,White,Male,0,0,50,United-States,1,45plus,0
53,Private,HS-grad,9,Separated,Transport-moving,Unmarried,White,Male,0,0,45,United-States,0,45plus,0
45,Private,HS-grad,9,Married-civ-spouse,Other-service,Husband,Asian-Pac-Islander,Male,0,0,40,Philippines,0,25-44,0
65,Private,Some-college,10,Divorced,Prof-specialty,Not-in-family,White,Male,11678,0,50,United-States,1,45plus,1
51,Private,HS-grad,9,Divorced,Priv-house-serv,Own-child,White,Female,0,0,40,United-States,0,45plus,0
46,Local-gov,Some-college,10,Married-civ-spouse,Protective-serv,Husband,White,Male,0,0,40,United-States,1,45plus,0
36,Local-gov,Some-college,10,Divorced,Protective-serv,Unmarried,White,Male,0,0,55,United-States,0,25-44,0
29,Private,Bachelors,13,Never-married,Adm-clerical,Not-in-family,Black,Female,0,0,40,United-States,0,25-44,0
63,Private,HS-grad,9,Never-married,Exec-managerial,Not-in-family,White,Male,0,0,40,United-States,0,45plus,0
45,Local-gov,HS-grad,9,Divorced,Adm-clerical,Unmarried,White,Female,0,0,35,United-States,0,25-44,0
26,Private,Some-college,10,Never-married,Exec-managerial,Own-child,Black,Female,0,0,40,United-States,0,25-44,0
22,Private,Some-college,10,Never-married,Transport-moving,Not-in-family,White,Male,0,0,40,United-States,0,under25,0
38,Private,HS-grad,9,Divorced,Prof-specialty,Not-in-family,White,Male,0,0,45,United-States,0,25-44,0
33,State-gov,Doctorate,16,Married-civ-spouse,Prof-specialty,Husband,White,Male,0,0,50,United-States,1,25-44,1
39,Private,HS-grad,9,Married-civ-spouse,Prof-specialty,Husband,White,Male,0,0,40,United-States,0,25-44,0
47,Private,HS-grad,9,Married-civ-spouse,Craft-repair,Husband,White,Male,0,0,40,United-States,1,45plus,0
23,Private,Some-college,10,Never-married,Adm-clerical,Not-in-family,Asian-Pac-Islander,Male,0,0,24,Vietnam,0,under25,0
26,Federal-gov,Bachelors,13,Never-married,Exec-managerial,Not-in-family,White,Female,0,0,40,United-States,0,25-44,0
40,Private,Bachelors,13,Never-married,Adm-clerical,Not-in-family,White,Female,0,0,40,United-States,0,25-44,0
69,Private,HS-grad,9,Married-civ-spouse,Transport-moving,Husband,White,Male,0,0,40,United-States,0,45plus,0
30,Private,Some-college,10,Married-civ-spouse,Adm-clerical,Husband,Asian-Pac-Islander,Male,0,0,50,United-States,1,25-44,0
49,Private,Bachelors,13,Married-civ-spouse,Exec-managerial,Husband,White,Male,0,0,45,United-States,1,45plus,1
36,Private,11th,7,Married-civ-spouse,Craft-repair,Husband,White,Male,0,0,40,United-States,0,25-44,0
49,Private,Some-college,10,Married-civ-spouse,Craft-repair,Husband,Black,Male,0,0,30,United-States,0,45plus,0
34,Private,Assoc-voc,11,Married-civ-spouse,Machine-op-inspct,Husband,White,Male,0,1672,50,United-States,0,25-44,0
29,Private,HS-grad,9,Married-civ-spouse,Machine-op-inspct,Husband,White,Male,0,0,40,United-States,0,25-44,0
37,Private,HS-grad,9,Divorced,Machine-op-inspct,Not-in-family,White,Male,0,0,40,United-States,0,25-44,0
21,Private,Some-college,10,Never-married,Adm-clerical,Own-child,White,Female,0,0,35,United-States,0,under25,0
51,Private,Bachelors,13,Married-civ-spouse,Transport-moving,Husband,White,Male,0,0,56,United-States,1,45plus,1
44,Local-gov,Some-college,10,Widowed,Adm-clerical,Unmarried,White,Female,0,0,15,United-States,0,25-44,0
61,Private,HS-grad,9,Married-civ-spouse,Craft-repair,Husband,White,Male,0,2051,20,United-States,0,45plus,0
23,Private,Bachelors,13,Never-married,Exec-managerial,Not-in-family,White,Male,0,0,40,United-States,0,under25,0
24,Private,HS-grad,9,Never-married,Machine-op-inspct,Not-in-family,White,Male,0,0,48,United-States,0,under25,0
29,Private,HS-grad,9,Married-civ-spouse,Transport-moving,Husband,White,Male,0,0,40,United-States,0,25-44,0
36,Private,Assoc-acdm,12,Never-married,Adm-clerical,Unmarried,Black,Female,0,0,40,Jamaica,0,25-44,0
32,Private,HS-grad,9,Married-civ-spouse,Machine-op-inspct,Husband,White,Male,0,0,40,United-States,0,25-44,0
17,Private,11th,7,Never-married,Handlers-cleaners,Own-child,White,Male,0,0,10,United-States,0,under25,0
52,Private,Bachelors,13,Divorced,Exec-managerial,Not-in-family,White,Male,0,0,40,United-States,1,45plus,0
35,Private,11th,7,Never-married,Machine-op-inspct,Not-in-family,White,Male,0,0,50,United-States,0,25-44,0
54,Private,Bachelors,13,Married-civ-spouse,Exec-managerial,Husband,White,Male,0,0,40,United-States,1,45plus,1
55,Private,11th,7,Married-civ-spouse,Machine-op-inspct,Husband,White,Male,0,0,32,United-States,0,45plus,0
29,Federal-gov,Some-college,10,Never-married,Adm-clerical,Unmarried,Black,Female,2174,0,40,United-States,0,25-44,0
26,Private,HS-grad,9,Never-married,Sales,Not-in-family,White,Female,0,0,38,United-States,0,25-44,0
33,Private,Bachelors,13,Married-civ-spouse,Prof-specialty,Husband,White,Male,0,0,50,Italy,0,25-44,1
25,Private,HS-grad,9,Never-married,Machine-op-inspct,Own-child,White,Female,2176,0,40,United-States,0,under25,0
40,Self-emp-not-inc,Bachelors,13,Married-civ-spouse,Craft-repair,Husband,White,Male,0,0,30,United-States,0,25-44,0
47,Private,HS-grad,9,Divorced,Adm-clerical,Unmarried,White,Female,0,0,40,United-States,0,45plus,0
47,Private,10th,6,Divorced,Exec-managerial,Not-in-family,Amer-Indian-Eskimo,Female,0,0,45,United-States,0,45plus,0
48,Self-emp-not-inc,Some-college,10,Divorced,Sales,Not-in-family,White,Female,3325,0,60,United-States,0,45plus,0
27,Private,HS-grad,9,Never-married,Other-service,Not-in-family,White,Male,0,0,40,United-States,0,25-44,0
44,Self-emp-inc,Some-college,10,Never-married,Sales,Not-in-family,White,Male,0,2258,60,United-States,0,25-44,0
38,Self-emp-not-inc,HS-grad,9,Separated,Craft-repair,Not-in-family,White,Male,0,0,40,United-States,0,25-44,0
47,Private,Bachelors,13,Married-civ-spouse,Exec-managerial,Husband,White,Male,15024,0,50,United-States,1,45plus,1
43,Self-emp-inc,Assoc-acdm,12,Married-civ-spouse,Exec-managerial,Husband,White,Male,0,0,50,United-States,0,25-44,1
41,Private,Prof-school,15,Married-civ-spouse,Prof-specialty,Husband,White,Male,15024,0,50,United-States,1,25-44,1
45,Local-gov,Some-college,10,Divorced,Adm-clerical,Unmarried,Black,Female,0,0,40,United-States,0,25-44,0
51,Local-gov,Bachelors,13,Married-civ-spouse,Prof-specialty,Husband,White,Male,0,0,26,United-States,0,45plus,0
47,Self-emp-not-inc,Some-college,10,Married-civ-spouse,Prof-specialty,Husband,White,Male,0,0,20,United-States,0,45plus,0
34,Self-emp-not-inc,HS-grad,9,Married-civ-spouse,Exec-managerial,Husband,White,Male,0,0,40,United-States,0,25-44,0
57,Private,Bachelors,13,Married-civ-spouse,Sales,Husband,White,Male,0,0,40,United-States,1,45plus,1
22,Private,Bachelors,13,Never-married,Prof-specialty,Not-in-family,White,Female,0,0,9,United-States,0,under25,0
58,Private,HS-grad,9,Divorced,Other-service,Unmarried,Black,Female,0,0,20,United-States,0,45plus,0
39,Private,Assoc-acdm,12,Never-married,Sales,Not-in-family,White,Female,0,0,40,United-States,0,25-44,0
41,State-gov,Some-college,10,Never-married,Prof-specialty,Not-in-family,White,Male,0,0,40,United-States,0,25-44,0
35,Federal-gov,Some-college,10,Divorced,Exec-managerial,Unmarried,Asian-Pac-Islander,Female,0,0,40,Philippines,0,25-44,0
35,State-gov,Some-college,10,Divorced,Adm-clerical,Unmarried,White,Female,0,0,15,United-States,0,25-44,0
28,Private,Some-college,10,Married-civ-spouse,Adm-clerical,Wife,White,Female,7298,0,32,United-States,1,25-44,1
55,Private,HS-grad,9,Divorced,Prof-specialty,Unmarried,Black,Female,0,0,40,United-States,0,45plus,0
26,Private,Bachelors,13,Never-married,Adm-clerical,Not-in-family,Black,Male,0,0,20,United-States,0,25-44,0
58,Private,Bachelors,13,Widowed,Exec-managerial,Unmarried,White,Male,8614,0,40,United-States,1,45plus,1
53,Private,Doctorate,16,Divorced,Exec-managerial,Not-in-family,White,Female,0,0,55,United-States,1,45plus,1
50,Private,Assoc-voc,11,Married-civ-spouse,Prof-specialty,Wife,White,Female,0,1887,36,United-States,1,45plus,1
51,Self-emp-not-inc,9th,5,Married-civ-spouse,Craft-repair,Husband,White,Male,0,0,20,United-States,0,45plus,0
29,Private,HS-grad,9,Married-civ-spouse,Prof-specialty,Husband,White,Male,0,0,40,United-States,1,25-44,0
37,Self-emp-inc,HS-grad,9,Married-civ-spouse,Craft-repair,Husband,White,Male,0,0,40,United-States,1,25-44,0
28,Private,Assoc-acdm,12,Never-married,Sales,Not-in-family,White,Female,0,0,60,United-States,0,25-44,0
63,Private,Assoc-voc,11,Divorced,Other-service,Not-in-family,White,Female,0,0,20,United-States,0,45plus,0
34,Private,HS-grad,9,Married-civ-spouse,Other-service,Husband,White,Male,0,0,50,United-States,0,25-44,0
29,Private,Some-college,10,Married-civ-spouse,Craft-repair,Husband,White,Male,0,1485,40,United-States,1,25-44,0
46,Private,Some-college,10,Married-civ-spouse,Sales,Husband,White,Male,0,0,50,United-States,1,45plus,0
37,Private,HS-grad,9,Married-civ-spouse,Exec-managerial,Husband,White,Male,0,0,40,United-States,0,25-44,0
28,Local-gov,HS-grad,9,Separated,Transport-moving,Own-child,White,Male,0,0,45,United-States,0,25-44,0
29,Private,Bachelors,13,Never-married,Adm-clerical,Not-in-family,White,Female,0,0,35,Canada,0,25-44,0
23,Private,Some-college,10,Never-married,Other-service,Unmarried,White,Female,0,0,25,United-States,0,under25,0
21,Private,HS-grad,9,Never-married,Machine-op-inspct,Own-child,Black,Female,0,0,40,United-States,0,under25,0
19,Private,9th,5,Never-married,Craft-repair,Other-relative,White,Male,0,0,60,United-States,0,under25,0
19,Private,Some-college,10,Never-married,Other-service,Own-child,White,Female,0,0,20,United-States,0,under25,0
27,Private,Some-college,10,Never-married,Handlers-cleaners,Not-in-family,Black,Male,0,0,25,United-States,0,25-44,0
35,Private,Assoc-voc,11,Married-civ-spouse,Tech-support,Husband,White,Male,0,0,40,United-States,1,25-44,0
32,Private,Some-college,10,Divorced,Craft-repair,Unmarried,White,Male,0,0,40,United-States,0,25-44,0
50,Private,HS-grad,9,Divorced,Adm-clerical,Unmarried,White,Female,0,0,40,England,0,45plus,0
55,Private,Masters,14,Married-civ-spouse,Exec-managerial,Husband,White,Male,0,1977,50,United-States,1,45plus,1
36,Private,Bachelors,13,Never-married,Craft-repair,Not-in-family,White,Male,0,0,60,United-States,0,25-44,0
17,Private,10th,6,Never-married,Other-service,Own-child,White,Female,0,0,10,United-States,0,under25,0
53,Local-gov,HS-grad,9,Married-civ-spouse,Craft-repair,Husband,White,Male,5013,0,35,United-States,0,45plus,0
34,Private,HS-grad,9,Divorced,Handlers-cleaners,Not-in-family,Black,Male,0,0,40,United-States,0,25-44,0
40,Self-emp-inc,Some-college,10,Married-civ-spouse,Transport-moving,Husband,White,Male,0,0,40,United-States,1,25-44,0
51,Local-gov,Masters,14,Married-civ-spouse,Prof-specialty,Husband,White,Male,0,0,80,United-States,1,45plus,1
28,Private,Some-college,10,Married-civ-spouse,Craft-repair,Husband,White,Male,0,0,60,United-States,1,25-44,0
65,Private,11th,7,Widowed,Sales,Other-relative,White,Female,0,0,20,United-States,0,45plus,0
20,Private,HS-grad,9,Never-married,Craft-repair,Other-relative,White,Male,0,0,40,El-Salvador,0,under25,0
30,Private,HS-grad,9,Married-civ-spouse,Machine-op-inspct,Husband,White,Male,0,0,45,United-States,0,25-44,0
28,Private,Some-college,10,Divorced,Adm-clerical,Not-in-family,White,Female,0,0,40,United-States,0,25-44,0
50,Local-gov,Masters,14,Married-civ-spouse,Prof-specialty,Husband,White,Male,7298,0,40,United-States,1,45plus,1
38,Private,HS-grad,9,Married-civ-spouse,Exec-managerial,Other-relative,White,Male,0,0,40,United-States,1,25-44,0
32,Self-emp-not-inc,10th,6,Married-civ-spouse,Exec-managerial,Husband,White,Male,0,0,45,United-States,0,25-44,0
27,Private,HS-grad,9,Never-married,Transport-moving,Own-child,White,Male,0,0,40,United-States,0,25-44,0
90,Private,HS-grad,9,Married-civ-spouse,Machine-op-inspct,Husband,White,Male,0,0,40,United-States,0,45plus,0
42,Private,HS-grad,9,Never-married,Sales,Own-child,White,Female,0,0,40,United-States,0,25-44,0
20,Local-gov,Some-college,10,Never-married,Protective-serv,Own-child,White,Male,0,0,25,United-States,0,under25,0
34,Self-emp-inc,HS-grad,9,Never-married,Farming-fishing,Own-child,White,Male,0,0,55,United-States,0,25-44,0
62,Private,10th,6,Divorced,Other-service,Unmarried,White,Female,0,0,40,United-States,0,45plus,0
49,Private,Bachelors,13,Never-married,Prof-specialty,Unmarried,White,Female,0,0,40,United-States,0,45plus,0
37,Private,HS-grad,9,Married-civ-spouse,Transport-moving,Husband,White,Male,0,0,45,United-States,0,25-44,0
28,Private,Assoc-voc,11,Never-married,Tech-support,Own-child,White,Female,0,0,38,United-States,0,25-44,0
24,Private,HS-grad,9,Never-married,Other-service,Unmarried,White,Female,0,0,32,United-States,0,under25,0
52,State-gov,HS-grad,9,Divorced,Adm-clerical,Not-in-family,White,Female,0,0,40,England,0,45plus,0
35,Federal-gov,Doctorate,16,Never-married,Prof-specialty,Not-in-family,Amer-Indian-Eskimo,Female,0,0,60,United-States,1,25-44,0
56,State-gov,Some-college,10,Married-civ-spouse,Exec-managerial,Husband,White,Male,0,0,40,United-States,1,45plus,0
62,Private,5th-6th,3,Married-civ-spouse,Farming-fishing,Husband,White,Male,0,0,24,Mexico,0,45plus,0
25,Private,10th,6,Never-married,Craft-repair,Not-in-family,White,Male,0,0,40,United-States,0,under25,0
35,Local-gov,Some-college,10,Married-civ-spouse,Protective-serv,Husband,White,Male,0,0,40,United-States,0,25-44,0
25,Private,Bachelors,13,Never-married,Tech-support,Own-child,White,Female,0,0,16,United-States,0,under25,0
29,Federal-gov,Bachelors,13,Married-AF-spouse,Prof-specialty,Husband,White,Male,0,0,50,United-States,1,25-44,0
19,Private,HS-grad,9,Never-married,Adm-clerical,Own-child,White,Male,0,0,40,United-States,0,under25,0
41,Private,Bachelors,13,Married-civ-spouse,Tech-support,Wife,White,Female,0,0,25,United-States,1,25-44,1
34,Private,Some-college,10,Never-married,Adm-clerical,Not-in-family,White,Female,0,0,40,United-States,0,25-44,0
30,Private,HS-grad,9,Married-civ-spouse,Adm-clerical,Wife,White,Female,7298,0,40,United-States,1,25-44,1
18,Self-emp-not-inc,HS-grad,9,Never-married,Farming-fishing,Other-relative,White,Male,0,0,40,United-States,0,under25,0
34,Private,HS-grad,9,Divorced,Transport-moving,Unmarried,White,Female,1151,0,48,Germany,0,25-44,0
28,Local-gov,Bachelors,13,Married-civ-spouse,Protective-serv,Husband,Black,Male,0,0,42,United-States,1,25-44,1
19,Private,Some-college,10,Never-married,Other-service,Not-in-family,White,Female,0,0,40,United-States,0,under25,0
27,Private,Bachelors,13,Married-civ-spouse,Tech-support,Wife,White,Female,0,0,40,United-States,1,25-44,1
20,Private,Some-college,10,Never-married,Sales,Own-child,White,Female,0,0,6,United-States,0,under25,0
35,Private,Bachelors,13,Married-civ-spouse,Exec-managerial,Husband,White,Male,0,0,50,United-States,1,25-44,1
50,Private,Masters,14,Divorced,Exec-managerial,Not-in-family,White,Male,0,0,62,United-States,1,45plus,1
21,Private,Some-college,10,Never-married,Sales,Own-child,Black,Male,0,0,25,United-States,0,under25,0
58,Private,HS-grad,9,Widowed,Craft-repair,Unmarried,White,Male,8614,0,52,Mexico,1,45plus,1
58,Local-gov,Masters,14,Married-civ-spouse,Prof-specialty,Husband,Black,Male,7688,0,30,United-States,1,45plus,1
18,Private,HS-grad,9,Never-married,Machine-op-inspct,Not-in-family,White,Female,0,0,30,United-States,0,under25,0
30,Local-gov,Some-college,10,Divorced,Adm-clerical,Unmarried,White,Female,0,0,40,United-States,0,25-44,0
55,Private,HS-grad,9,Married-civ-spouse,Craft-repair,Husband,White,Male,0,0,40,United-States,0,45plus,0
45,Private,9th,5,Married-civ-spouse,Machine-op-inspct,Wife,White,Female,0,0,40,United-States,1,25-44,0
52,Self-emp-not-inc,HS-grad,9,Never-married,Prof-specialty,Not-in-family,White,Male,0,0,50,United-States,0,45plus,0
24,Private,HS-grad,9,Never-married,Handlers-cleaners,Other-relative,White,Male,0,0,40,United-States,0,under25,0
39,Private,Bachelors,13,Married-civ-spouse,Exec-managerial,Husband,White,Male,15024,0,50,United-States,1,25-44,1
21,Private,Assoc-voc,11,Never-married,Adm-clerical,Own-child,White,Female,0,0,40,United-States,0,under25,0
62,Self-emp-not-inc,HS-grad,9,Married-civ-spouse,Transport-moving,Husband,White,Male,0,0,48,United-States,0,45plus,0
18,Private,Some-college,10,Never-married,Adm-clerical,Own-child,White,Male,0,0,30,United-States,0,under25,0
52,Private,HS-grad,9,Married-civ-spouse,Craft-repair,Husband,White,Male,0,0,50,United-States,1,45plus,0
43,Local-gov,Some-college,10,Divorced,Adm-clerical,Unmarried,White,Female,0,0,40,United-States,0,25-44,0
44,Private,Masters,14,Married-civ-spouse,Prof-specialty,Husband,White,Male,7688,0,55,United-States,1,25-44,1
34,Self-emp-not-inc,HS-grad,9,Married-civ-spouse,Exec-managerial,Husband,White,Male,0,0,50,United-States,0,25-44,0
42,Local-gov,Masters,14,Married-civ-spouse,Prof-specialty,Husband,White,Male,0,0,35,United-States,1,25-44,1
72,Private,Bachelors,13,Divorced,Sales,Not-in-family,White,Male,0,0,30,United-States,0,45plus,0
28,Private,Bachelors,13,Never-married,Tech-support,Not-in-family,White,Female,0,0,35,United-States,0,25-44,0
22,Local-gov,11th,7,Never-married,Handlers-cleaners,Own-child,White,Male,0,0,35,United-States,0,under25,0
28,Private,Bachelors,13,Never-married,Prof-specialty,Not-in-family,White,Female,0,0,40,United-States,0,25-44,0
59,Self-emp-not-inc,5th-6th,3,Married-civ-spouse,Other-service,Husband,White,Male,2580,0,15,El-Salvador,0,45plus,0
18,Private,10th,6,Never-married,Transport-moving,Not-in-family,White,Male,0,0,56,United-States,0,under25,0
52,Self-emp-not-inc,Masters,14,Married-civ-spouse,Sales,Husband,White,Male,0,0,70,United-States,0,45plus,1
19,Private,HS-grad,9,Never-married,Sales,Own-child,White,Male,0,0,38,United-States,0,under25,0
37,Private,HS-grad,9,Married-civ-spouse,Machine-op-inspct,Husband,White,Male,0,1848,48,United-States,1,25-44,1
27,Private,Some-college,10,Married-civ-spouse,Craft-repair,Husband,White,Male,0,0,60,United-States,0,25-44,0
30,Local-gov,Some-college,10,Never-married,Handlers-cleaners,Own-child,White,Male,0,0,40,United-States,0,25-44,0
48,Private,Masters,14,Married-civ-spouse,Transport-moving,Husband,White,Male,0,0,55,United-States,1,45plus,1
22,Private,11th,7,Separated,Craft-repair,Not-in-family,White,Male,0,0,40,United-States,0,under25,0
18,Self-emp-not-inc,HS-grad,9,Never-married,Farming-fishing,Own-child,Asian-Pac-Islander,Male,0,0,40,United-States,0,under25,0
37,Private,HS-grad,9,Married-civ-spouse,Exec-managerial,Husband,White,Male,0,1887,50,United-States,1,25-44,1
25,Private,Some-college,10,Never-married,Tech-support,Own-child,White,Male,0,0,25,United-States,0,under25,0
49,Private,HS-grad,9,Divorced,Adm-clerical,Not-in-family,White,Male,0,0,40,United-States,0,45plus,0
18,Private,HS-grad,9,Never-married,Other-service,Not-in-family,White,Female,0,0,45,United-States,0,under25,0
44,Private,Assoc-acdm,12,Divorced,Tech-support,Unmarried,White,Female,0,0,40,United-States,0,25-44,0
32,Private,HS-grad,9,Married-civ-spouse,Transport-moving,Husband,White,Male,0,0,40,United-States,0,25-44,0
48,Private,Some-college,10,Separated,Adm-clerical,Other-relative,Black,Female,0,0,40,United-States,0,45plus,0
58,Private,Bachelors,13,Widowed,Exec-managerial,Unmarried,White,Female,0,0,40,United-States,0,45plus,0
75,Private,Some-college,10,Married-civ-spouse,Transport-moving,Husband,White,Male,0,0,16,United-States,0,45plus,0
31,Private,HS-grad,9,Married-civ-spouse,Adm-clerical,Husband,Asian-Pac-Islander,Male,0,0,40,United-States,0,25-44,0
40,Private,Bachelors,13,Never-married,Adm-clerical,Unmarried,Black,Female,2977,0,40,United-States,0,25-44,0
30,Federal-gov,HS-grad,9,Married-civ-spouse,Armed-Forces,Other-relative,Amer-Indian-Eskimo,Male,0,0,48,United-States,0,25-44,0
29,Private,HS-grad,9,Married-civ-spouse,Craft-repair,Husband,White,Male,0,0,40,United-States,0,25-44,0
57,Local-gov,HS-grad,9,Divorced,Adm-clerical,Unmarried,White,Female,0,0,40,United-States,0,45plus,0
27,Federal-gov,HS-grad,9,Never-married,Adm-clerical,Not-in-family,Black,Female,0,0,40,United-States,0,25-44,0
29,Private,Bachelors,13,Never-married,Sales,Not-in-family,White,Male,0,0,50,United-States,1,25-44,0
31,Private,HS-grad,9,Separated,Craft-repair,Unmarried,White,Female,0,0,40,Mexico,0,25-44,0
54,Private,HS-grad,9,Married-civ-spouse,Machine-op-inspct,Husband,White,Male,0,0,45,United-States,1,45plus,0
32,Federal-gov,HS-grad,9,Married-civ-spouse,Adm-clerical,Wife,White,Female,0,0,40,United-States,1,25-44,0
43,Self-emp-inc,Masters,14,Married-civ-spouse,Exec-managerial,Husband,White,Male,0,0,50,United-States,1,25-44,1
21,Private,Some-college,10,Never-married,Prof-specialty,Own-child,White,Female,0,0,8,United-States,0,under25,0
55,Private,HS-grad,9,Divorced,Sales,Not-in-family,White,Female,0,0,40,England,0,45plus,0
23,Private,Assoc-voc,11,Married-civ-spouse,Handlers-cleaners,Husband,White,Male,0,0,40,United-States,0,under25,0
37,Private,Some-college,10,Divorced,Tech-support,Unmarried,White,Female,0,0,40,United-States,0,25-44,0
19,Private,10th,6,Never-married,Handlers-cleaners,Own-child,White,Male,0,0,25,United-States,0,under25,0
21,Private,9th,5,Never-married,Handlers-cleaners,Other-relative,White,Male,0,0,40,Mexico,0,under25,0
39,Private,HS-grad,9,Married-civ-spouse,Prof-specialty,Husband,White,Male,0,0,45,United-States,0,25-44,0
20,State-gov,Assoc-acdm,12,Never-married,Prof-specialty,Not-in-family,White,Male,0,0,30,United-States,0,under25,0
40,Private,Assoc-voc,11,Divorced,Craft-repair,Unmarried,White,Female,0,0,40,United-States,0,25-44,0
73,Private,HS-grad,9,Married-civ-spouse,Farming-fishing,Husband,White,Male,0,0,50,United-States,0,45plus,0
37,Self-emp-inc,Some-college,10,Married-civ-spouse,Transport-moving,Husband,White,Male,0,0,55,United-States,1,25-44,0
36,Private,Masters,14,Widowed,Tech-support,Unmarried,Asian-Pac-Islander,Female,0,0,40,India,0,25-44,0
19,Private,Some-college,10,Never-married,Sales,Own-child,White,Female,0,0,30,United-States,0,under25,0
43,Private,HS-grad,9,Divorced,Craft-repair,Not-in-family,White,Male,0,0,40,United-States,0,25-44,0
38,Private,10th,6,Divorced,Craft-repair,Not-in-family,White,Male,0,0,40,United-States,0,25-44,0
24,Private,Some-college,10,Never-married,Machine-op-inspct,Not-in-family,White,Male,0,0,40,United-States,0,under25,0
29,Local-gov,Bachelors,13,Never-married,Prof-specialty,Not-in-family,White,Male,0,0,40,United-States,0,25-44,0
50,Local-gov,Assoc-voc,11,Married-civ-spouse,Protective-serv,Husband,White,Male,0,0,40,United-States,1,45plus,0
27,Private,HS-grad,9,Married-civ-spouse,Adm-clerical,Wife,White,Female,5178,0,40,United-States,1,25-44,1
38,Private,Bachelors,13,Never-married,Other-service,Not-in-family,White,Male,0,0,20,United-States,0,25-44,0
51,Private,11th,7,Divorced,Transport-moving,Own-child,White,Male,0,0,40,United-States,0,45plus,0
22,Private,Some-college,10,Never-married,Other-service,Own-child,White,Male,0,0,35,United-States,0,under25,0
49,Private,Masters,14,Married-civ-spouse,Exec-managerial,Husband,White,Male,0,0,45,United-States,1,45plus,1
39,Private,Assoc-voc,11,Married-civ-spouse,Tech-support,Husband,Asian-Pac-Islander,Male,0,0,40,Philippines,0,25-44,0
41,State-gov,Masters,14,Never-married,Adm-clerical,Not-in-family,Black,Female,0,0,40,United-States,0,25-44,0
40,Self-emp-inc,HS-grad,9,Married-civ-spouse,Exec-managerial,Husband,White,Male,0,0,50,United-States,0,25-44,0
26,Private,HS-grad,9,Never-married,Adm-clerical,Own-child,White,Male,0,0,40,United-States,0,25-44,0
26,Private,Bachelors,13,Never-married,Prof-specialty,Not-in-family,White,Male,0,0,70,United-States,0,25-44,0
39,Private,HS-grad,9,Divorced,Machine-op-inspct,Unmarried,White,Female,0,0,40,United-States,0,25-44,0
37,Self-emp-inc,Some-college,10,Married-civ-spouse,Exec-managerial,Husband,White,Male,0,0,50,United-States,1,25-44,1
45,Private,Bachelors,13,Married-civ-spouse,Exec-managerial,Husband,White,Male,0,0,72,Canada,1,25-44,1
24,Private,Bachelors,13,Never-married,Sales,Not-in-family,White,Male,0,0,50,United-States,0,under25,0
51,Private,Some-college,10,Married-civ-spouse,Adm-clerical,Husband,White,Male,15024,0,40,United-States,1,45plus,1
43,Private,Masters,14,Married-civ-spouse,Exec-managerial,Husband,White,Male,0,0,43,United-States,1,25-44,1
54,Local-gov,Masters,14,Married-civ-spouse,Prof-specialty,Husband,White,Male,0,0,50,United-States,1,45plus,1
30,Private,HS-grad,9,Separated,Adm-clerical,Unmarried,Black,Female,0,0,40,United-States,0,25-44,0
42,Private,HS-grad,9,Married-civ-spouse,Sales,Husband,White,Male,0,0,40,United-States,0,25-44,0
40,Local-gov,HS-grad,9,Married-civ-spouse,Transport-moving,Husband,White,Male,0,0,40,United-States,0,25-44,0
46,Private,Prof-school,15,Divorced,Prof-specialty,Not-in-family,White,Male,0,2824,40,United-States,1,45plus,1
56,Private,Some-college,10,Married-civ-spouse,Craft-repair,Husband,White,Male,0,0,50,United-States,1,45plus,0
31,Local-gov,Some-college,10,Never-married,Adm-clerical,Own-child,Amer-Indian-Eskimo,Female,0,0,25,United-States,0,25-44,0
34,Self-emp-not-inc,HS-grad,9,Married-civ-spouse,Craft-repair,Husband,White,Male,0,0,50,United-States,0,25-44,0
39,Private,Bachelors,13,Married-civ-spouse,Sales,Husband,White,Male,0,0,50,United-States,1,25-44,1
63,Private,HS-grad,9,Married-civ-spouse,Prof-specialty,Husband,White,Male,0,0,45,United-States,0,45plus,0
45,Local-gov,HS-grad,9,Married-civ-spouse,Craft-repair,Husband,Black,Male,0,0,40,United-States,1,25-44,0
57,State-gov,Some-college,10,Married-civ-spouse,Prof-specialty,Husband,Black,Male,0,0,35,United-States,1,45plus,0
30,Private,Some-college,10,Divorced,Exec-managerial,Not-in-family,White,Male,8614,0,50,United-States,1,25-44,1
52,Federal-gov,HS-grad,9,Married-civ-spouse,Adm-clerical,Husband,White,Male,0,0,40,United-States,0,45plus,0
34,Private,Bachelors,13,Never-married,Prof-specialty,Not-in-family,White,Female,0,0,45,United-States,0,25-44,0
32,Private,Assoc-acdm,12,Never-married,Adm-clerical,Not-in-family,White,Female,0,0,45,United-States,0,25-44,0
28,Private,7th-8th,4,Married-civ-spouse,Prof-specialty,Husband,White,Male,0,0,55,United-States,0,25-44,0
42,Local-gov,Bachelors,13,Married-spouse-absent,Prof-specialty,Not-in-family,White,Female,8614,0,45,United-States,1,25-44,1
45,Private,Assoc-acdm,12,Divorced,Exec-managerial,Unmarried,White,Male,0,0,40,United-States,0,25-44,0
24,Private,Some-college,10,Never-married,Adm-clerical,Own-child,Black,Female,0,0,20,United-States,0,under25,0
33,Private,Some-college,10,Married-spouse-absent,Prof-specialty,Not-in-family,White,Male,0,0,40,United-States,0,25-44,0
35,State-gov,HS-grad,9,Never-married,Tech-support,Own-child,White,Male,0,0,40,United-States,0,25-44,0
30,Private,Bachelors,13,Married-civ-spouse,Prof-specialty,Wife,White,Female,0,0,40,United-States,0,25-44,1
27,Private,HS-grad,9,Married-civ-spouse,Craft-repair,Husband,White,Male,0,0,40,United-States,1,25-44,0
30,Private,Assoc-acdm,12,Married-civ-spouse,Prof-specialty,Husband,White,Male,0,0,40,United-States,0,25-44,0
35,Private,Masters,14,Never-married,Prof-specialty,Not-in-family,White,Male,0,0,60,United-States,1,25-44,0
61,Private,12th,8,Married-civ-spouse,Craft-repair,Husband,White,Male,0,0,40,Mexico,0,45plus,0
28,State-gov,Masters,14,Married-civ-spouse,Prof-specialty,Wife,White,Female,0,0,50,United-States,1,25-44,1
59,Private,Bachelors,13,Divorced,Sales,Not-in-family,White,Male,0,0,55,United-States,1,45plus,0
57,State-gov,Doctorate,16,Married-civ-spouse,Prof-specialty,Husband,White,Male,0,0,40,United-States,1,45plus,1
35,Private,10th,6,Never-married,Other-service,Unmarried,Black,Female,0,0,38,United-States,0,25-44,0
58,Private,Some-college,10,Divorced,Other-service,Unmarried,Black,Female,0,0,40,United-States,0,45plus,0
44,Private,Bachelors,13,Divorced,Transport-moving,Not-in-family,White,Male,0,0,40,United-States,0,25-44,0
29,Federal-gov,Some-college,10,Never-married,Adm-clerical,Other-relative,White,Male,0,0,40,United-States,0,25-44,0
21,Private,HS-grad,9,Never-married,Adm-clerical,Unmarried,Black,Female,0,0,40,United-States,0,under25,0
33,Local-gov,Some-college,10,Married-civ-spouse,Protective-serv,Husband,White,Male,3908,0,40,United-States,0,25-44,0
55,Private,Some-college,10,Divorced,Adm-clerical,Not-in-family,White,Female,0,0,40,United-States,0,45plus,0
39,Self-emp-inc,Masters,14,Never-married,Prof-specialty,Not-in-family,White,Female,0,0,40,United-States,0,25-44,0
28,Private,Bachelors,13,Never-married,Exec-managerial,Not-in-family,White,Male,0,0,50,United-States,1,25-44,0
33,Private,HS-grad,9,Married-civ-spouse,Machine-op-inspct,Husband,White,Male,0,0,40,United-States,1,25-44,0
68,Private,Masters,14,Never-married,Adm-clerical,Not-in-family,White,Female,6360,0,20,United-States,0,45plus,0
28,Private,Some-college,10,Married-civ-spouse,Tech-support,Husband,White,Male,0,0,40,United-States,1,25-44,0
47,Private,Bachelors,13,Married-civ-spouse,Prof-specialty,Husband,White,Male,15024,0,50,United-States,1,45plus,1
50,Self-emp-not-inc,Bachelors,13,Never-married,Craft-repair,Not-in-family,White,Male,4416,0,45,United-States,0,45plus,0
38,Private,Some-college,10,Married-civ-spouse,Sales,Wife,White,Female,0,0,40,United-States,0,25-44,0
24,Local-gov,Bachelors,13,Married-civ-spouse,Prof-specialty,Wife,Black,Female,0,0,40,United-States,0,under25,1
24,Private,11th,7,Never-married,Machine-op-inspct,Not-in-family,White,Female,0,0,40,United-States,0,under25,0
35,Local-gov,Some-college,10,Divorced,Adm-clerical,Own-child,White,Female,0,0,38,United-States,0,25-44,0
24,Private,Bachelors,13,Never-married,Sales,Not-in-family,White,Female,0,0,40,United-States,0,under25,0
58,Private,Masters,14,Divorced,Prof-specialty,Not-in-family,White,Male,0,0,20,United-States,0,45plus,0
26,Self-emp-not-inc,Assoc-acdm,12,Never-married,Craft-repair,Not-in-family,White,Male,0,0,40,United-States,0,25-44,0
40,Private,HS-grad,9,Married-civ-spouse,Exec-managerial,Wife,White,Female,0,0,24,United-States,1,25-44,0
54,State-gov,Assoc-voc,11,Married-civ-spouse,Protective-serv,Husband,White,Male,0,0,40,United-States,0,45plus,0
35,Private,Masters,14,Married-civ-spouse,Exec-managerial,Husband,Asian-Pac-Islander,Male,0,0,50,United-States,1,25-44,1
36,Federal-gov,Bachelors,13,Married-civ-spouse,Adm-clerical,Husband,White,Male,0,1848,55,United-States,1,25-44,1
23,Private,Some-college,10,Never-married,Sales,Not-in-family,White,Female,0,0,30,United-States,0,under25,0
19,State-gov,Some-college,10,Never-married,Adm-clerical,Own-child,White,Male,0,0,15,United-States,0,under25,0
41,Local-gov,Masters,14,Never-married,Prof-specialty,Not-in-family,White,Female,0,0,40,United-States,0,25-44,0
41,Private,Some-college,10,Married-civ-spouse,Craft-repair,Husband,White,Male,0,0,56,United-States,1,25-44,0
59,Private,HS-grad,9,Married-civ-spouse,Other-service,Husband,White,Male,0,0,45,Cuba,0,45plus,0
39,Private,Some-college,10,Married-civ-spouse,Sales,Husband,White,Male,0,0,40,Philippines,1,25-44,0
19,Private,Some-college,10,Never-married,Sales,Own-child,White,Male,0,0,15,United-States,0,under25,0
63,Self-emp-not-inc,HS-grad,9,Married-civ-spouse,Farming-fishing,Husband,White,Male,0,0,98,United-States,0,45plus,0
49,Private,Prof-school,15,Married-civ-spouse,Prof-specialty,Husband,White,Male,0,0,60,United-States,1,45plus,1
24,Private,Bachelors,13,Never-married,Sales,Own-child,White,Female,0,0,15,United-States,0,under25,0
40,Private,Bachelors,13,Married-civ-spouse,Prof-specialty,Husband,White,Male,0,1887,40,United-States,1,25-44,1
35,Private,HS-grad,9,Married-civ-spouse,Protective-serv,Husband,White,Male,0,0,55,United-States,0,25-44,0
34,Private,HS-grad,9,Married-civ-spouse,Sales,Husband,White,Male,0,0,65,United-States,1,25-44,0
49,Private,HS-grad,9,Never-married,Adm-clerical,Not-in-family,White,Female,0,0,44,United-States,0,45plus,0
51,Private,HS-grad,9,Married-civ-spouse,Prof-specialty,Husband,White,Male,0,0,46,United-States,1,45plus,0
32,Private,HS-grad,9,Married-spouse-absent,Other-service,Unmarried,White,Female,0,0,20,United-States,0,25-44,0
34,Private,Assoc-acdm,12,Married-civ-spouse,Craft-repair,Husband,White,Male,0,0,44,United-States,0,25-44,0
19,Private,HS-grad,9,Never-married,Handlers-cleaners,Own-child,White,Female,0,0,25,United-States,0,under25,0
24,Private,Assoc-voc,11,Never-married,Sales,Unmarried,Asian-Pac-Islander,Male,0,0,50,South,0,under25,0
32,Private,HS-grad,9,Never-married,Machine-op-inspct,Not-in-family,White,Male,0,0,45,United-States,0,25-44,0
76,Private,Bachelors,13,Married-civ-spouse,Exec-managerial,Husband,White,Male,0,0,40,United-States,0,45plus,1
41,Private,HS-grad,9,Married-civ-spouse,Adm-clerical,Husband,White,Male,0,0,40,United-States,1,25-44,0
36,Private,Bachelors,13,Married-civ-spouse,Sales,Husband,White,Male,0,1887,35,United-States,1,25-44,1
31,Private,9th,5,Never-married,Other-service,Own-child,White,Male,0,0,40,United-States,0,25-44,0
28,Private,Some-college,10,Married-civ-spouse,Machine-op-inspct,Husband,White,Male,0,0,45,United-States,0,25-44,0
32,Federal-gov,Assoc-voc,11,Never-married,Prof-specialty,Other-relative,Asian-Pac-Islander,Male,0,0,40,United-States,0,25-44,0
47,Private,7th-8th,4,Divorced,Handlers-cleaners,Other-relative,Black,Male,0,0,40,United-States,0,45plus,0
52,State-gov,Some-college,10,Married-civ-spouse,Tech-support,Husband,White,Male,0,0,50,United-States,0,45plus,0
23,Local-gov,HS-grad,9,Never-married,Other-service,Not-in-family,White,Female,0,0,40,United-States,0,under25,0
58,Private,HS-grad,9,Married-civ-spouse,Exec-managerial,Husband,White,Male,15024,0,60,United-States,1,45plus,1
63,Private,Some-college,10,Married-civ-spouse,Prof-specialty,Husband,White,Male,0,0,40,United-States,0,45plus,0
28,Private,HS-grad,9,Married-civ-spouse,Craft-repair,Husband,White,Male,0,0,45,United-States,0,25-44,0
23,Private,Some-college,10,Married-civ-spouse,Craft-repair,Husband,White,Male,0,0,40,United-States,0,under25,0
52,Private,Bachelors,13,Married-civ-spouse,Exec-managerial,Husband,White,Male,0,0,50,United-States,0,45plus,1
51,Self-emp-not-inc,HS-grad,9,Divorced,Sales,Not-in-family,White,Female,0,0,44,United-States,0,45plus,0
34,Private,Some-college,10,Married-civ-spouse,Adm-clerical,Husband,White,Male,0,0,40,United-States,1,25-44,0
61,Private,HS-grad,9,Married-civ-spouse,Tech-support,Husband,White,Male,0,0,40,United-States,1,45plus,0
22,Private,Bachelors,13,Never-married,Prof-specialty,Not-in-family,White,Male,0,0,50,United-States,0,under25,0
45,Private,Bachelors,13,Never-married,Prof-specialty,Not-in-family,White,Female,0,0,40,Germany,0,25-44,0
23,Private,Some-college,10,Never-married,Prof-specialty,Own-child,White,Male,0,0,20,United-States,0,under25,0
29,Private,Some-college,10,Never-married,Exec-managerial,Not-in-family,White,Male,0,0,45,United-States,0,25-44,0
39,Local-gov,HS-grad,9,Never-married,Protective-serv,Own-child,Amer-Indian-Eskimo,Male,4650,0,48,United-States,0,25-44,0
31,Private,Some-college,10,Married-civ-spouse,Adm-clerical,Husband,White,Male,0,0,40,United-States,0,25-44,0
33,Private,11th,7,Separated,Machine-op-inspct,Other-relative,White,Male,0,0,30,United-States,0,25-44,0
49,Private,Some-college,10,Married-civ-spouse,Farming-fishing,Husband,White,Male,0,0,50,United-States,0,45plus,0
36,Self-emp-not-inc,Bachelors,13,Divorced,Prof-specialty,Not-in-family,Black,Female,0,0,40,United-States,1,25-44,0
30,Private,Bachelors,13,Never-married,Adm-clerical,Not-in-family,White,Male,0,0,50,United-States,0,25-44,0
41,Local-gov,Some-college,10,Divorced,Exec-managerial,Not-in-family,White,Female,0,0,40,United-States,0,25-44,0
46,Private,HS-grad,9,Married-civ-spouse,Machine-op-inspct,Husband,White,Male,0,0,43,United-States,1,45plus,0
46,Federal-gov,Assoc-acdm,12,Divorced,Adm-clerical,Unmarried,White,Female,0,0,40,United-States,0,45plus,0
54,Federal-gov,HS-grad,9,Never-married,Adm-clerical,Unmarried,White,Female,0,0,20,United-States,0,45plus,0
51,Private,Some-college,10,Married-civ-spouse,Prof-specialty,Wife,White,Female,0,0,40,United-States,1,45plus,0
39,Private,HS-grad,9,Divorced,Adm-clerical,Not-in-family,White,Female,0,0,40,United-States,0,25-44,0
25,Private,HS-grad,9,Never-married,Craft-repair,Own-child,Black,Male,0,0,50,United-States,0,under25,0
35,Private,Some-college,10,Never-married,Machine-op-inspct,Other-relative,Amer-Indian-Eskimo,Male,0,0,40,United-States,0,25-44,0
39,Private,Assoc-acdm,12,Married-civ-spouse,Tech-support,Husband,White,Male,0,0,40,France,1,25-44,0
47,Federal-gov,Some-college,10,Divorced,Adm-clerical,Unmarried,Black,Female,0,0,40,United-States,0,45plus,0
39,Federal-gov,Prof-school,15,Never-married,Prof-specialty,Not-in-family,White,Male,0,0,55,United-States,1,25-44,1
21,Private,Some-college,10,Never-married,Exec-managerial,Own-child,White,Female,0,0,30,United-States,0,under25,0
75,Self-emp-not-inc,Prof-school,15,Married-civ-spouse,Prof-specialty,Husband,White,Male,0,0,35,United-States,0,45plus,1
39,Private,Some-college,10,Divorced,Sales,Other-relative,White,Female,0,0,35,United-States,0,25-44,0
71,Private,HS-grad,9,Divorced,Other-service,Not-in-family,White,Female,0,0,16,United-States,0,45plus,0
31,Private,HS-grad,9,Never-married,Other-service,Unmarried,White,Female,0,0,8,United-States,0,25-44,0
23,Private,7th-8th,4,Never-married,Craft-repair,Not-in-family,White,Male,0,0,25,Germany,0,under25,0
43,Local-gov,Some-college,10,Married-civ-spouse,Adm-clerical,Wife,White,Female,0,1902,40,United-States,1,25-44,1
30,Private,11th,7,Married-spouse-absent,Handlers-cleaners,Not-in-family,Amer-Indian-Eskimo,Male,0,0,40,Mexico,0,25-44,0
45,Federal-gov,HS-grad,9,Never-married,Transport-moving,Not-in-family,Black,Male,3325,0,40,United-States,0,25-44,0
20,Private,Some-college,10,Never-married,Prof-specialty,Not-in-family,White,Female,0,0,30,United-States,0,under25,0
30,Private,HS-grad,9,Married-civ-spouse,Transport-moving,Husband,White,Male,0,0,40,United-States,0,25-44,0
42,Self-emp-not-inc,Some-college,10,Married-civ-spouse,Exec-managerial,Husband,White,Male,0,0,55,United-States,1,25-44,0
46,Private,Some-college,10,Married-civ-spouse,Craft-repair,Husband,White,Male,0,0,44,United-States,0,45plus,0
60,Self-emp-inc,HS-grad,9,Married-civ-spouse,Adm-clerical,Wife,White,Female,15024,0,15,United-States,1,45plus,1
53,Private,HS-grad,9,Divorced,Machine-op-inspct,Unmarried,Black,Male,0,0,32,United-States,0,45plus,0
39,Private,Bachelors,13,Married-civ-spouse,Prof-specialty,Husband,Asian-Pac-Islander,Male,0,0,48,Philippines,1,25-44,1
31,Private,HS-grad,9,Never-married,Other-service,Own-child,White,Female,0,0,38,United-States,0,25-44,0
43,Private,HS-grad,9,Divorced,Machine-op-inspct,Own-child,White,Male,0,0,40,United-States,0,25-44,0
41,Self-emp-inc,Doctorate,16,Married-civ-spouse,Prof-specialty,Husband,White,Male,99999,0,70,United-States,1,25-44,1
59,Local-gov,HS-grad,9,Widowed,Craft-repair,Not-in-family,Black,Male,0,0,40,United-States,0,45plus,0
53,Private,12th,8,Married-spouse-absent,Handlers-cleaners,Not-in-family,Other,Male,0,0,56,Dominican-Republic,0,45plus,0
20,Private,Some-college,10,Never-married,Adm-clerical,Own-child,White,Female,0,0,35,United-States,0,under25,0
57,Private,HS-grad,9,Separated,Craft-repair,Unmarried,White,Male,0,0,40,United-States,0,45plus,0
28,Private,HS-grad,9,Never-married,Handlers-cleaners,Own-child,White,Male,0,0,40,United-States,0,25-44,0
34,Private,Bachelors,13,Married-civ-spouse,Exec-managerial,Husband,White,Male,0,0,40,United-States,1,25-44,1
41,Private,Some-college,10,Widowed,Adm-clerical,Unmarried,Black,Female,0,0,48,United-States,0,25-44,0
37,Private,HS-grad,9,Married-civ-spouse,Adm-clerical,Wife,White,Female,0,0,40,United-States,0,25-44,0
59,Self-emp-not-inc,7th-8th,4,Married-civ-spouse,Craft-repair,Husband,White,Male,0,0,20,United-States,0,45plus,0
26,Private,Some-college,10,Married-civ-spouse,Craft-repair,Husband,White,Male,0,0,45,United-States,1,25-44,0
41,Local-gov,Some-college,10,Divorced,Craft-repair,Not-in-family,White,Male,0,0,40,United-States,0,25-44,0
31,Private,Doctorate,16,Married-civ-spouse,Prof-specialty,Husband,Asian-Pac-Islander,Male,0,0,40,China,0,25-44,1
28,Private,HS-grad,9,Never-married,Handlers-cleaners,Other-relative,White,Male,0,0,60,United-States,0,25-44,0
22,Private,HS-grad,9,Never-married,Adm-clerical,Not-in-family,White,Female,0,0,39,United-States,0,under25,0
30,Private,Bachelors,13,Never-married,Prof-specialty,Other-relative,White,Female,0,0,40,United-States,0,25-44,0
43,Private,Some-college,10,Divorced,Prof-specialty,Unmarried,White,Female,0,0,38,United-States,0,25-44,0
35,Local-gov,Bachelors,13,Married-civ-spouse,Prof-specialty,Husband,White,Male,0,0,40,United-States,0,25-44,1
28,Private,HS-grad,9,Divorced,Handlers-cleaners,Own-child,White,Male,0,0,40,United-States,0,25-44,0
54,Private,HS-grad,9,Married-civ-spouse,Sales,Husband,White,Male,3464,0,40,United-States,0,45plus,0
25,Private,HS-grad,9,Never-married,Machine-op-inspct,Not-in-family,White,Male,0,0,40,United-States,0,under25,0
35,Private,HS-grad,9,Married-civ-spouse,Transport-moving,Husband,White,Male,0,0,50,United-States,0,25-44,0
24,Private,HS-grad,9,Never-married,Adm-clerical,Not-in-family,White,Male,0,0,40,United-States,0,under25,0
18,Private,11th,7,Never-married,Prof-specialty,Own-child,White,Female,0,0,16,United-States,0,under25,0
47,Self-emp-not-inc,Bachelors,13,Divorced,Sales,Not-in-family,White,Male,0,0,50,United-States,0,45plus,0
33,Self-emp-inc,Some-college,10,Married-civ-spouse,Exec-managerial,Husband,White,Male,0,0,40,United-States,0,25-44,1
36,Private,Some-college,10,Married-civ-spouse,Sales,Husband,Black,Male,7688,0,50,United-States,1,25-44,1
33,Private,HS-grad,9,Divorced,Transport-moving,Not-in-family,Black,Male,0,0,55,United-States,0,25-44,0
68,Self-emp-not-inc,Doctorate,16,Married-civ-spouse,Prof-specialty,Husband,White,Male,0,0,50,Canada,0,45plus,1
19,Private,Some-college,10,Never-married,Other-service,Not-in-family,White,Male,0,0,20,United-States,0,under25,0
51,Private,HS-grad,9,Widowed,Tech-support,Unmarried,Black,Female,0,0,40,United-States,0,45plus,0
28,Self-emp-not-inc,HS-grad,9,Married-civ-spouse,Farming-fishing,Husband,White,Male,0,0,70,United-States,1,25-44,0
39,Private,Assoc-voc,11,Divorced,Adm-clerical,Unmarried,White,Female,0,0,40,United-States,0,25-44,0
60,Self-emp-not-inc,5th-6th,3,Married-civ-spouse,Farming-fishing,Husband,White,Male,0,0,40,United-States,0,45plus,0
24,Federal-gov,Some-college,10,Divorced,Adm-clerical,Unmarried,Black,Female,0,0,25,United-States,0,under25,0
41,Local-gov,Prof-school,15,Married-civ-spouse,Prof-specialty,Husband,White,Male,0,0,50,United-States,1,25-44,1
50,Private,HS-grad,9,Married-civ-spouse,Craft-repair,Husband,White,Male,0,0,40,United-States,1,45plus,0
31,Private,11th,7,Never-married,Transport-moving,Unmarried,White,Male,0,0,40,United-States,0,25-44,0
33,Local-gov,Bachelors,13,Never-married,Prof-specialty,Not-in-family,White,Female,0,0,50,United-States,1,25-44,0
46,Private,HS-grad,9,Separated,Craft-repair,Not-in-family,White,Male,0,0,37,United-States,0,45plus,0
33,Private,Bachelors,13,Never-married,Exec-managerial,Not-in-family,White,Female,0,0,40,United-States,0,25-44,0
44,Private,HS-grad,9,Married-civ-spouse,Craft-repair,Husband,Black,Male,0,1485,40,Haiti,0,25-44,0
34,Private,Bachelors,13,Never-married,Sales,Not-in-family,White,Male,0,0,38,United-States,0,25-44,0
27,Private,HS-grad,9,Never-married,Craft-repair,Own-child,White,Female,0,0,45,United-States,0,25-44,0
47,Private,Assoc-voc,11,Married-civ-spouse,Other-service,Husband,White,Male,0,0,40,United-States,0,45plus,0
51,Private,HS-grad,9,Married-civ-spouse,Transport-moving,Husband,White,Male,0,0,84,United-States,1,45plus,0
32,Private,Bachelors,13,Never-married,Prof-specialty,Not-in-family,White,Male,0,0,45,United-States,1,25-44,0
55,Self-emp-not-inc,10th,6,Married-civ-spouse,Craft-repair,Husband,White,Male,0,0,18,United-States,0,45plus,0
20,Private,HS-grad,9,Never-married,Machine-op-inspct,Own-child,White,Female,0,0,40,United-States,0,under25,0
43,Local-gov,HS-grad,9,Divorced,Tech-support,Not-in-family,Black,Female,0,0,40,United-States,0,25-44,0
47,Private,Some-college,10,Married-civ-spouse,Craft-repair,Husband,White,Male,0,0,40,United-States,1,45plus,0
43,Self-emp-not-inc,Bachelors,13,Never-married,Sales,Not-in-family,White,Female,0,0,60,United-States,0,25-44,0
30,Private,Bachelors,13,Never-married,Other-service,Not-in-family,White,Female,0,0,40,United-States,0,25-44,0
38,Private,Some-college,10,Married-civ-spouse,Sales,Husband,White,Male,0,0,55,United-States,1,25-44,0
19,Private,HS-grad,9,Never-married,Craft-repair,Not-in-family,White,Male,0,0,45,United-States,0,under25,0
29,Private,5th-6th,3,Married-civ-spouse,Farming-fishing,Husband,White,Male,0,0,40,Mexico,0,25-44,0
33,Private,Bachelors,13,Married-civ-spouse,Exec-managerial,Husband,White,Male,0,0,40,United-States,1,25-44,1
49,Private,Bachelors,13,Married-civ-spouse,Sales,Husband,White,Male,0,0,60,United-States,1,45plus,1
49,Self-emp-not-inc,HS-grad,9,Divorced,Farming-fishing,Not-in-family,White,Female,0,0,28,United-States,0,45plus,0
37,Self-emp-not-inc,HS-grad,9,Married-civ-spouse,Sales,Husband,White,Male,0,0,45,United-States,0,25-44,0
56,Private,HS-grad,9,Married-civ-spouse,Transport-moving,Husband,White,Male,0,0,44,United-States,1,45plus,0
17,Private,10th,6,Never-married,Priv-house-serv,Other-relative,White,Male,0,0,30,United-States,0,under25,0
51,Self-emp-not-inc,HS-grad,9,Married-civ-spouse,Transport-moving,Husband,White,Male,0,0,50,United-States,0,45plus,0
26,Private,HS-grad,9,Divorced,Adm-clerical,Unmarried,White,Female,0,0,48,United-States,0,25-44,0
34,Federal-gov,Some-college,10,Married-AF-spouse,Adm-clerical,Wife,White,Female,0,0,40,United-States,1,25-44,0
33,Private,HS-grad,9,Never-married,Adm-clerical,Own-child,White,Male,0,0,40,United-States,0,25-44,0
41,Self-emp-not-inc,Assoc-voc,11,Married-civ-spouse,Farming-fishing,Husband,White,Male,0,0,60,United-States,0,25-44,0
66,Self-emp-inc,HS-grad,9,Married-civ-spouse,Transport-moving,Husband,White,Male,0,0,50,United-States,1,45plus,0
45,Private,Bachelors,13,Married-civ-spouse,Exec-managerial,Wife,White,Female,0,0,40,United-States,1,25-44,1
44,Private,Some-college,10,Married-civ-spouse,Sales,Husband,White,Male,0,0,40,United-States,1,25-44,0
69,Private,Bachelors,13,Married-civ-spouse,Handlers-cleaners,Husband,White,Male,0,0,20,United-States,0,45plus,0
32,Private,HS-grad,9,Divorced,Craft-repair,Unmarried,White,Male,0,0,35,United-States,0,25-44,0
28,Private,Some-college,10,Divorced,Machine-op-inspct,Unmarried,Black,Female,0,0,25,United-States,0,25-44,0
28,Private,HS-grad,9,Married-civ-spouse,Transport-moving,Husband,White,Male,0,0,60,United-States,0,25-44,0
58,Private,HS-grad,9,Married-civ-spouse,Exec-managerial,Husband,White,Male,7688,0,40,United-States,1,45plus,1
34,Private,Prof-school,15,Never-married,Exec-managerial,Own-child,White,Male,0,0,50,United-States,0,25-44,0
57,Federal-gov,Some-college,10,Married-civ-spouse,Exec-managerial,Husband,White,Male,0,0,40,United-States,1,45plus,1
28,Private,Bachelors,13,Never-married,Other-service,Not-in-family,White,Male,0,0,43,Mexico,0,25-44,0
44,Private,HS-grad,9,Married-civ-spouse,Craft-repair,Husband,White,Male,0,0,40,United-States,0,25-44,0
53,Private,10th,6,Married-civ-spouse,Craft-repair,Husband,Black,Male,0,0,40,United-States,0,45plus,0
52,Private,HS-grad,9,Widowed,Transport-moving,Not-in-family,White,Male,0,0,40,United-States,0,45plus,0
38,Private,HS-grad,9,Separated,Other-service,Unmarried,Black,Female,0,0,32,United-States,0,25-44,0
24,Private,Bachelors,13,Never-married,Tech-support,Not-in-family,White,Female,3674,0,40,United-States,0,under25,0
59,Private,Bachelors,13,Married-civ-spouse,Sales,Husband,White,Male,0,0,37,United-States,1,45plus,1
41,Private,Some-college,10,Married-civ-spouse,Sales,Husband,White,Male,3942,0,40,United-States,0,25-44,0
54,Private,7th-8th,4,Divorced,Machine-op-inspct,Not-in-family,White,Male,0,0,40,Guatemala,0,45plus,0
64,Local-gov,HS-grad,9,Divorced,Transport-moving,Unmarried,White,Male,0,0,20,United-States,0,45plus,0
38,Private,HS-grad,9,Married-civ-spouse,Exec-managerial,Husband,White,Male,0,0,50,United-States,0,25-44,0
62,Private,Bachelors,13,Widowed,Tech-support,Unmarried,White,Female,0,0,7,United-States,0,45plus,0
73,Private,HS-grad,9,Widowed,Other-service,Other-relative,White,Female,0,0,12,United-States,0,45plus,0
44,Private,Assoc-acdm,12,Married-civ-spouse,Sales,Husband,White,Male,7688,0,40,United-States,1,25-44,1
24,Private,Some-college,10,Never-married,Exec-managerial,Own-child,White,Female,0,0,45,United-States,0,under25,0
41,Local-gov,Some-college,10,Married-civ-spouse,Farming-fishing,Husband,White,Male,0,0,40,United-States,1,25-44,0
27,Private,HS-grad,9,Married-civ-spouse,Craft-repair,Husband,White,Male,0,0,40,United-States,0,25-44,0
35,State-gov,HS-grad,9,Never-married,Other-service,Unmarried,Black,Female,0,0,40,United-States,0,25-44,0
26,Self-emp-inc,Some-college,10,Never-married,Sales,Not-in-family,White,Male,0,0,48,United-States,0,25-44,0
35,Private,Some-college,10,Married-civ-spouse,Craft-repair,Husband,White,Male,0,0,50,United-States,1,25-44,0
34,Self-emp-not-inc,HS-grad,9,Married-civ-spouse,Prof-specialty,Husband,White,Male,0,0,40,United-States,1,25-44,0
45,Private,Bachelors,13,Divorced,Prof-specialty,Unmarried,White,Female,0,0,48,United-States,1,25-44,0
56,Self-emp-not-inc,Some-college,10,Married-spouse-absent,Farming-fishing,Not-in-family,White,Female,27828,0,20,United-States,1,45plus,1
31,Private,Assoc-acdm,12,Divorced,Adm-clerical,Unmarried,White,Female,0,0,41,United-States,0,25-44,0
31,Private,HS-grad,9,Married-civ-spouse,Exec-managerial,Husband,White,Male,0,0,40,United-States,1,25-44,0
47,Self-emp-not-inc,Assoc-acdm,12,Never-married,Farming-fishing,Other-relative,White,Male,10520,0,45,United-States,1,45plus,1
47,Self-emp-not-inc,Bachelors,13,Never-married,Sales,Not-in-family,White,Male,0,0,35,United-States,0,45plus,0
46,Private,Prof-school,15,Married-civ-spouse,Prof-specialty,Husband,White,Male,0,0,60,United-States,1,45plus,1
38,Local-gov,Bachelors,13,Married-civ-spouse,Prof-specialty,Wife,Black,Female,0,1887,40,United-States,1,25-44,1
44,Local-gov,Masters,14,Never-married,Prof-specialty,Not-in-family,White,Female,0,0,40,United-States,0,25-44,0
25,Private,HS-grad,9,Never-married,Exec-managerial,Own-child,White,Female,0,0,40,United-States,0,under25,0
34,Private,7th-8th,4,Married-civ-spouse,Transport-moving,Husband,Amer-Indian-Eskimo,Male,0,0,45,Mexico,0,25-44,0
29,Private,HS-grad,9,Never-married,Sales,Not-in-family,White,Female,0,0,10,United-States,0,25-44,0
24,Private,Some-college,10,Married-civ-spouse,Adm-clerical,Husband,Black,Male,0,0,40,United-States,0,under25,0
37,Private,Some-college,10,Divorced,Adm-clerical,Unmarried,White,Female,0,0,39,United-States,0,25-44,0
22,Private,10th,6,Never-married,Transport-moving,Not-in-family,Amer-Indian-Eskimo,Male,0,0,84,United-States,0,under25,0
67,Local-gov,Assoc-acdm,12,Married-civ-spouse,Exec-managerial,Husband,White,Male,0,0,35,United-States,0,45plus,1
40,Private,HS-grad,9,Married-civ-spouse,Transport-moving,Husband,White,Male,0,0,35,United-States,0,25-44,0
34,Private,Some-college,10,Married-civ-spouse,Craft-repair,Husband,White,Male,0,0,40,United-States,1,25-44,0
44,Local-gov,Bachelors,13,Divorced,Prof-specialty,Own-child,White,Female,0,0,60,United-States,0,25-44,0
43,Private,HS-grad,9,Married-civ-spouse,Handlers-cleaners,Husband,Black,Male,0,0,40,United-States,0,25-44,0
38,Private,Bachelors,13,Married-civ-spouse,Exec-managerial,Husband,White,Male,0,0,50,United-States,1,25-44,1
38,Private,Prof-school,15,Separated,Prof-specialty,Not-in-family,White,Male,0,0,35,United-States,1,25-44,0
37,Private,Some-college,10,Married-civ-spouse,Craft-repair,Husband,White,Male,0,0,50,United-States,1,25-44,0
59,Local-gov,Masters,14,Widowed,Prof-specialty,Unmarried,White,Female,4787,0,60,United-States,1,45plus,0
29,Private,Bachelors,13,Never-married,Sales,Not-in-family,White,Female,13550,0,35,United-States,1,25-44,1
48,Self-emp-not-inc,Some-college,10,Married-civ-spouse,Farming-fishing,Husband,White,Male,7298,0,60,United-States,1,45plus,1
23,Private,HS-grad,9,Never-married,Sales,Other-relative,White,Male,0,0,55,United-States,0,under25,0
30,Self-emp-not-inc,Bachelors,13,Married-spouse-absent,Craft-repair,Not-in-family,White,Male,6849,0,60,United-States,0,25-44,0
52,Self-emp-inc,Some-college,10,Divorced,Exec-managerial,Not-in-family,White,Male,0,0,65,United-States,1,45plus,0
34,Local-gov,HS-grad,9,Divorced,Adm-clerical,Unmarried,White,Female,0,0,33,United-States,0,25-44,0
23,Private,HS-grad,9,Married-civ-spouse,Craft-repair,Husband,White,Male,0,0,40,United-States,0,under25,0
40,Private,Masters,14,Married-civ-spouse,Exec-managerial,Husband,White,Male,15024,0,50,United-States,1,25-44,1
30,Private,9th,5,Married-civ-spouse,Other-service,Husband,White,Male,0,0,40,Mexico,0,25-44,0
48,Private,Masters,14,Married-civ-spouse,Exec-managerial,Husband,White,Male,0,0,40,United-States,1,45plus,1
36,Federal-gov,Some-college,10,Never-married,Exec-managerial,Not-in-family,Black,Male,13550,0,40,United-States,1,25-44,1
49,Private,Bachelors,13,Married-civ-spouse,Craft-repair,Husband,White,Male,0,1902,40,United-States,1,45plus,1
22,Private,Assoc-voc,11,Never-married,Adm-clerical,Own-child,White,Female,0,0,30,United-States,0,under25,0
22,Private,Bachelors,13,Never-married,Adm-clerical,Own-child,White,Female,0,0,40,United-States,0,under25,0
38,Private,Assoc-voc,11,Married-civ-spouse,Craft-repair,Husband,White,Male,0,0,40,United-States,1,25-44,0
18,Private,HS-grad,9,Never-married,Sales,Own-child,White,Female,0,0,15,United-States,0,under25,0
50,Self-emp-inc,Some-college,10,Married-civ-spouse,Craft-repair,Husband,White,Male,0,0,70,United-States,0,45plus,0
18,Private,11th,7,Never-married,Other-service,Own-child,White,Female,0,0,20,United-States,0,under25,0
22,Private,Some-college,10,Separated,Other-service,Own-child,White,Female,0,0,40,United-States,0,under25,0
48,Private,Bachelors,13,Married-civ-spouse,Sales,Husband,White,Male,0,0,60,United-States,0,45plus,1
40,Private,HS-grad,9,Divorced,Craft-repair,Unmarried,White,Male,0,0,40,United-States,0,25-44,0
37,Private,HS-grad,9,Married-civ-spouse,Tech-support,Husband,White,Male,0,0,40,United-States,1,25-44,0
27,Private,HS-grad,9,Widowed,Craft-repair,Unmarried,White,Female,0,1594,26,United-States,0,25-44,0
46,Private,Bachelors,13,Married-civ-spouse,Exec-managerial,Husband,White,Male,15024,0,55,United-States,1,45plus,1
39,Private,Some-college,10,Never-married,Other-service,Not-in-family,White,Female,0,0,25,United-States,0,25-44,0
45,Private,HS-grad,9,Married-civ-spouse,Sales,Husband,White,Male,0,0,50,United-States,0,25-44,0
43,Federal-gov,Bachelors,13,Married-civ-spouse,Prof-specialty,Husband,White,Male,0,0,40,Philippines,1,25-44,1
19,Private,HS-grad,9,Never-married,Other-service,Own-child,White,Female,0,0,30,United-States,0,under25,0
47,Self-emp-not-inc,Masters,14,Married-civ-spouse,Prof-specialty,Husband,White,Male,0,0,40,United-States,1,45plus,1
45,Private,Some-college,10,Married-civ-spouse,Exec-managerial,Husband,White,Male,0,0,60,United-States,1,25-44,1
47,Self-emp-not-inc,Bachelors,13,Married-civ-spouse,Sales,Husband,White,Male,15024,0,50,United-States,1,45plus,1
36,Private,Some-college,10,Married-civ-spouse,Craft-repair,Husband,White,Male,0,0,56,United-States,0,25-44,0
19,Private,HS-grad,9,Never-married,Machine-op-inspct,Own-child,White,Male,0,0,43,United-States,0,under25,0
35,Private,Bachelors,13,Married-civ-spouse,Sales,Husband,White,Male,0,0,40,United-States,1,25-44,1
34,Private,HS-grad,9,Married-civ-spouse,Adm-clerical,Husband,White,Male,0,1485,40,United-States,0,25-44,0
30,Private,Bachelors,13,Married-civ-spouse,Prof-specialty,Husband,White,Male,15024,0,35,United-States,1,25-44,1
32,Local-gov,HS-grad,9,Never-married,Transport-moving,Unmarried,Black,Female,0,0,37,United-States,0,25-44,0
52,Private,7th-8th,4,Divorced,Priv-house-serv,Own-child,Black,Female,0,0,16,United-States,0,45plus,0
44,Self-emp-not-inc,Masters,14,Married-civ-spouse,Prof-specialty,Husband,White,Male,0,0,40,United-States,0,25-44,1
24,Local-gov,Some-college,10,Never-married,Protective-serv,Own-child,White,Male,0,0,40,United-States,0,under25,0
18,Private,HS-grad,9,Never-married,Prof-specialty,Not-in-family,White,Male,0,0,30,United-States,0,under25,0
29,Private,Some-college,10,Married-civ-spouse,Exec-managerial,Own-child,Black,Female,0,0,40,United-States,0,25-44,0
25,Private,Some-college,10,Never-married,Tech-support,Own-child,White,Female,0,0,40,United-States,0,under25,0
24,Private,Some-college,10,Never-married,Sales,Own-child,White,Female,0,0,20,United-States,0,under25,0
29,Private,HS-grad,9,Married-civ-spouse,Adm-clerical,Husband,White,Male,0,0,40,United-States,0,25-44,0
43,Private,HS-grad,9,Divorced,Machine-op-inspct,Own-child,White,Female,0,0,40,Cuba,0,25-44,0
45,Local-gov,Some-college,10,Married-civ-spouse,Prof-specialty,Husband,White,Male,7688,0,50,United-States,1,25-44,1
50,Private,HS-grad,9,Married-civ-spouse,Craft-repair,Husband,White,Male,0,0,40,United-States,1,45plus,0
50,Self-emp-not-inc,Doctorate,16,Married-civ-spouse,Prof-specialty,Husband,White,Male,0,0,23,United-States,0,45plus,1
22,Private,Bachelors,13,Never-married,Exec-managerial,Own-child,White,Male,2202,0,4,United-States,0,under25,0
36,Private,Bachelors,13,Married-civ-spouse,Exec-managerial,Husband,White,Male,0,0,55,United-States,1,25-44,1
38,Private,HS-grad,9,Divorced,Other-service,Unmarried,White,Female,0,0,40,United-States,0,25-44,0
68,Private,HS-grad,9,Married-civ-spouse,Adm-clerical,Husband,White,Male,3818,0,40,United-States,0,45plus,0
49,Private,7th-8th,4,Married-civ-spouse,Machine-op-inspct,Wife,White,Female,0,0,40,Hong,0,45plus,0
51,Self-emp-not-inc,11th,7,Married-civ-spouse,Farming-fishing,Husband,White,Male,0,0,45,United-States,1,45plus,0
54,Self-emp-inc,HS-grad,9,Married-civ-spouse,Craft-repair,Husband,White,Male,0,0,40,United-States,1,45plus,0
27,Self-emp-not-inc,Some-college,10,Married-civ-spouse,Transport-moving,Other-relative,Other,Male,0,0,50,Ecuador,1,25-44,0
30,Private,11th,7,Married-civ-spouse,Machine-op-inspct,Husband,Black,Male,0,0,40,United-States,0,25-44,0
20,Private,Some-college,10,Never-married,Sales,Own-child,White,Male,0,1602,15,United-States,0,under25,0
57,Federal-gov,HS-grad,9,Divorced,Adm-clerical,Unmarried,White,Female,0,0,40,United-States,0,45plus,0
31,Local-gov,HS-grad,9,Married-civ-spouse,Protective-serv,Husband,White,Male,0,0,48,United-States,0,25-44,0
69,Private,11th,7,Married-civ-spouse,Prof-specialty,Husband,Black,Male,0,0,45,United-States,0,45plus,0
26,Private,Bachelors,13,Never-married,Prof-specialty,Not-in-family,Asian-Pac-Islander,Male,0,0,16,Japan,0,25-44,0
45,Local-gov,Masters,14,Married-civ-spouse,Prof-specialty,Husband,Black,Male,0,0,10,United-States,1,25-44,1
41,Private,Some-college,10,Divorced,Other-service,Not-in-family,White,Male,0,0,21,United-States,0,25-44,0
32,Private,Some-college,10,Never-married,Sales,Own-child,White,Male,0,0,35,United-States,0,25-44,0
39,Private,Bachelors,13,Married-civ-spouse,Adm-clerical,Husband,Asian-Pac-Islander,Male,0,0,40,Philippines,1,25-44,1
30,Private,Assoc-voc,11,Married-civ-spouse,Prof-specialty,Husband,White,Male,0,0,40,United-States,1,25-44,0
19,Private,Some-college,10,Never-married,Machine-op-inspct,Not-in-family,White,Female,0,0,35,United-States,0,under25,0
63,Private,HS-grad,9,Separated,Craft-repair,Not-in-family,White,Female,0,0,20,United-States,0,45plus,0
38,Private,HS-grad,9,Never-married,Other-service,Unmarried,White,Female,0,0,40,United-States,0,25-44,0
46,State-gov,Some-college,10,Married-civ-spouse,Exec-managerial,Husband,White,Male,7688,0,38,United-States,1,45plus,1
28,State-gov,Masters,14,Married-civ-spouse,Exec-managerial,Wife,White,Female,0,0,40,United-States,0,25-44,1
43,Private,HS-grad,9,Married-civ-spouse,Craft-repair,Husband,White,Male,0,0,40,United-States,0,25-44,0
34,Private,Some-college,10,Divorced,Adm-clerical,Unmarried,White,Female,0,0,40,United-States,0,25-44,0
33,State-gov,Some-college,10,Divorced,Adm-clerical,Unmarried,White,Female,0,0,45,United-States,0,25-44,0
25,Self-emp-not-inc,Some-college,10,Never-married,Other-service,Not-in-family,White,Female,0,0,22,United-States,0,under25,0
36,Private,Masters,14,Married-civ-spouse,Prof-specialty,Wife,White,Female,0,0,50,United-States,1,25-44,1
48,Private,Some-college,10,Divorced,Adm-clerical,Not-in-family,Black,Male,0,0,40,United-States,0,45plus,0
34,Self-emp-not-inc,Some-college,10,Never-married,Craft-repair,Not-in-family,White,Male,0,1504,60,United-States,0,25-44,0
42,Local-gov,7th-8th,4,Divorced,Other-service,Not-in-family,White,Male,0,0,40,United-States,0,25-44,0
40,Private,HS-grad,9,Married-civ-spouse,Craft-repair,Wife,White,Female,7298,0,40,United-States,1,25-44,1
39,Private,Masters,14,Married-civ-spouse,Exec-managerial,Husband,White,Male,0,0,50,United-States,1,25-44,1
19,State-gov,Some-college,10,Never-married,Adm-clerical,Other-relative,White,Female,0,0,15,Japan,0,under25,0
24,Private,11th,7,Married-civ-spouse,Craft-repair,Husband,White,Male,0,0,40,United-States,0,under25,0
45,Private,Some-college,10,Married-civ-spouse,Machine-op-inspct,Husband,White,Male,0,0,40,United-States,1,25-44,0
62,Private,Some-college,10,Married-civ-spouse,Craft-repair,Husband,White,Male,0,0,45,United-States,0,45plus,0
59,Private,HS-grad,9,Married-civ-spouse,Protective-serv,Husband,White,Male,0,0,24,United-States,1,45plus,0
37,State-gov,Prof-school,15,Married-civ-spouse,Prof-specialty,Wife,White,Female,0,0,39,United-States,1,25-44,1
62,Private,HS-grad,9,Married-civ-spouse,Machine-op-inspct,Husband,White,Male,0,0,40,United-States,0,45plus,0
42,Private,HS-grad,9,Divorced,Exec-managerial,Not-in-family,White,Female,0,0,40,United-States,1,25-44,0
38,Private,Some-college,10,Married-civ-spouse,Exec-managerial,Husband,White,Male,0,0,40,United-States,1,25-44,1
46,Self-emp-not-inc,Masters,14,Never-married,Exec-managerial,Not-in-family,White,Male,0,0,25,United-States,0,45plus,0
37,Private,Some-college,10,Married-civ-spouse,Craft-repair,Husband,White,Male,0,0,40,United-States,0,25-44,0
40,Self-emp-not-inc,Some-college,10,Married-civ-spouse,Prof-specialty,Husband,White,Male,0,0,60,United-States,0,25-44,0
53,Self-emp-not-inc,Prof-school,15,Never-married,Prof-specialty,Not-in-family,Asian-Pac-Islander,Male,27828,0,40,Philippines,1,45plus,1
35,Private,HS-grad,9,Never-married,Machine-op-inspct,Not-in-family,White,Male,0,0,40,United-States,0,25-44,0
23,Private,Bachelors,13,Never-married,Exec-managerial,Not-in-family,White,Female,0,0,45,United-States,0,under25,0
40,Private,Some-college,10,Married-civ-spouse,Craft-repair,Husband,White,Male,0,0,52,United-States,0,25-44,0
33,Local-gov,Bachelors,13,Married-civ-spouse,Protective-serv,Husband,Black,Male,0,0,70,United-States,1,25-44,1
36,Federal-gov,Bachelors,13,Married-civ-spouse,Adm-clerical,Husband,White,Male,0,0,50,United-States,1,25-44,1
21,Private,Some-college,10,Never-married,Prof-specialty,Own-child,Asian-Pac-Islander,Male,0,1974,40,United-States,0,under25,0
41,Private,HS-grad,9,Married-civ-spouse,Sales,Husband,Amer-Indian-Eskimo,Male,0,0,50,United-States,0,25-44,0
67,Self-emp-not-inc,Bachelors,13,Married-civ-spouse,Exec-managerial,Husband,White,Male,0,0,55,United-States,0,45plus,1
41,Private,Some-college,10,Married-civ-spouse,Machine-op-inspct,Husband,Black,Male,0,1902,40,United-States,1,25-44,1
30,Private,Bachelors,13,Married-civ-spouse,Adm-clerical,Wife,Black,Female,0,0,40,United-States,1,25-44,0
63,Self-emp-not-inc,Bachelors,13,Married-civ-spouse,Prof-specialty,Husband,White,Male,0,0,20,United-States,0,45plus,0
51,Private,Bachelors,13,Married-civ-spouse,Exec-managerial,Husband,White,Male,5178,0,60,United-States,1,45plus,1
19,Private,Some-college,10,Never-married,Prof-specialty,Own-child,White,Male,0,0,11,United-States,0,under25,0
55,Self-emp-not-inc,Bachelors,13,Married-civ-spouse,Exec-managerial,Husband,White,Male,0,0,99,United-States,0,45plus,1
25,Private,Some-college,10,Never-married,Tech-support,Not-in-family,Other,Female,0,0,40,United-States,0,under25,0
49,Private,Some-college,10,Separated,Exec-managerial,Unmarried,Black,Female,0,0,60,United-States,0,45plus,0
23,Private,HS-grad,9,Separated,Handlers-cleaners,Other-relative,White,Female,0,0,40,United-States,0,under25,0
34,Private,Bachelors,13,Never-married,Sales,Not-in-family,White,Female,0,0,40,United-States,0,25-44,0
22,Private,HS-grad,9,Never-married,Tech-support,Not-in-family,White,Female,0,0,40,United-States,0,under25,0
22,Private,Assoc-voc,11,Married-civ-spouse,Other-service,Husband,White,Male,0,0,44,United-States,0,under25,0
40,Self-emp-not-inc,HS-grad,9,Married-civ-spouse,Farming-fishing,Husband,White,Male,0,0,60,United-States,0,25-44,0
50,Local-gov,7th-8th,4,Married-civ-spouse,Transport-moving,Husband,White,Male,0,0,40,United-States,0,45plus,0
27,Private,Bachelors,13,Never-married,Exec-managerial,Not-in-family,White,Male,0,0,40,United-States,0,25-44,0
34,Private,HS-grad,9,Widowed,Adm-clerical,Unmarried,White,Male,0,0,15,United-States,0,25-44,0
46,Local-gov,Bachelors,13,Married-civ-spouse,Protective-serv,Husband,White,Male,0,0,40,United-States,1,45plus,1
30,Private,Assoc-acdm,12,Never-married,Prof-specialty,Not-in-family,Black,Female,0,0,25,United-States,0,25-44,0
58,Private,HS-grad,9,Married-civ-spouse,Adm-clerical,Wife,White,Female,0,0,40,United-States,0,45plus,0
35,Private,HS-grad,9,Divorced,Other-service,Not-in-family,White,Female,0,0,35,United-States,0,25-44,0
57,Private,Masters,14,Married-civ-spouse,Prof-specialty,Husband,White,Male,0,1977,45,United-States,1,45plus,1
37,Private,HS-grad,9,Married-civ-spouse,Transport-moving,Husband,White,Male,0,0,42,United-States,0,25-44,0
45,Private,Some-college,10,Divorced,Adm-clerical,Unmarried,White,Female,0,0,48,United-States,0,25-44,0
23,Private,Some-college,10,Never-married,Handlers-cleaners,Own-child,White,Male,0,0,10,United-States,0,under25,0
24,Private,HS-grad,9,Separated,Other-service,Unmarried,White,Female,0,0,50,Portugal,1,under25,0
36,Private,Masters,14,Never-married,Exec-managerial,Not-in-family,White,Female,14084,0,40,United-States,1,25-44,1
45,Private,Bachelors,13,Married-civ-spouse,Craft-repair,Husband,White,Male,0,0,45,United-States,1,25-44,1
24,Private,HS-grad,9,Married-civ-spouse,Adm-clerical,Wife,Black,Female,0,0,40,United-States,0,under25,0
40,Private,Bachelors,13,Never-married,Prof-specialty,Not-in-family,White,Female,0,0,45,United-States,0,25-44,0
59,Self-emp-not-inc,Bachelors,13,Married-civ-spouse,Farming-fishing,Husband,White,Male,0,0,30,United-States,0,45plus,0
31,Private,7th-8th,4,Never-married,Handlers-cleaners,Own-child,White,Male,0,0,50,United-States,0,25-44,0
30,Private,HS-grad,9,Married-civ-spouse,Craft-repair,Husband,White,Male,0,0,40,United-States,0,25-44,0
18,Private,Some-college,10,Never-married,Sales,Own-child,Black,Male,0,0,35,United-States,0,under25,0
42,Private,Bachelors,13,Married-civ-spouse,Exec-managerial,Husband,White,Male,0,1485,60,United-States,0,25-44,1
61,Private,9th,5,Divorced,Sales,Not-in-family,White,Male,0,0,25,United-States,0,45plus,0
36,Private,Masters,14,Married-civ-spouse,Sales,Husband,White,Male,15024,0,45,United-States,1,25-44,1
31,Federal-gov,HS-grad,9,Married-civ-spouse,Tech-support,Husband,White,Male,0,0,40,United-States,0,25-44,0
48,Private,5th-6th,3,Never-married,Handlers-cleaners,Not-in-family,White,Male,0,0,40,Mexico,0,45plus,0
44,Self-emp-inc,Bachelors,13,Married-civ-spouse,Exec-managerial,Husband,White,Male,7688,0,52,United-States,1,25-44,1
38,Private,Bachelors,13,Never-married,Tech-support,Not-in-family,White,Female,0,0,45,United-States,0,25-44,0
36,Self-emp-inc,Some-college,10,Married-civ-spouse,Protective-serv,Husband,White,Male,0,0,60,United-States,1,25-44,0
52,Private,Assoc-acdm,12,Married-civ-spouse,Exec-managerial,Husband,White,Male,0,0,55,United-States,1,45plus,1
23,Private,7th-8th,4,Never-married,Farming-fishing,Unmarried,Other,Male,0,0,36,Mexico,0,under25,0
28,Private,7th-8th,4,Married-civ-spouse,Farming-fishing,Husband,White,Male,0,0,40,Mexico,0,25-44,0
32,State-gov,Bachelors,13,Never-married,Prof-specialty,Own-child,White,Female,0,0,40,United-States,0,25-44,0
21,Private,Some-college,10,Never-married,Other-service,Own-child,White,Male,0,0,40,United-States,0,under25,0
43,Private,HS-grad,9,Married-civ-spouse,Handlers-cleaners,Husband,White,Male,0,0,42,United-States,1,25-44,0
29,Private,10th,6,Never-married,Craft-repair,Not-in-family,White,Male,0,0,40,Mexico,0,25-44,0
22,Private,Bachelors,13,Never-married,Prof-specialty,Not-in-family,White,Male,0,0,40,United-States,0,under25,0
63,Self-emp-inc,Masters,14,Divorced,Prof-specialty,Not-in-family,White,Male,0,0,70,United-States,1,45plus,0
35,Self-emp-not-inc,Bachelors,13,Divorced,Exec-managerial,Unmarried,White,Female,0,0,55,United-States,0,25-44,0
53,Local-gov,1st-4th,2,Married-civ-spouse,Other-service,Husband,White,Male,0,0,32,Mexico,0,45plus,0
43,Private,Bachelors,13,Divorced,Exec-managerial,Not-in-family,White,Male,0,0,35,United-States,0,25-44,0
34,Private,Assoc-acdm,12,Divorced,Adm-clerical,Not-in-family,Black,Male,0,0,40,United-States,0,25-44,0
25,Self-emp-not-inc,HS-grad,9,Never-married,Other-service,Unmarried,White,Female,0,0,30,United-States,0,under25,0
29,Self-emp-not-inc,Assoc-acdm,12,Never-married,Other-service,Own-child,White,Male,0,0,60,United-States,0,25-44,0
22,Private,HS-grad,9,Never-married,Other-service,Not-in-family,White,Male,0,0,27,United-States,0,under25,0
48,Private,Some-college,10,Divorced,Other-service,Unmarried,White,Female,0,0,32,United-States,0,45plus,0
47,Private,Some-college,10,Married-civ-spouse,Tech-support,Husband,White,Male,0,0,60,United-States,0,45plus,0
38,Private,Some-college,10,Married-civ-spouse,Sales,Husband,White,Male,0,0,60,United-States,0,25-44,0
54,Private,HS-grad,9,Never-married,Sales,Not-in-family,White,Male,0,0,40,United-States,0,45plus,0
45,Private,Masters,14,Married-civ-spouse,Exec-managerial,Husband,White,Male,0,0,50,United-States,1,25-44,1
52,Private,Some-college,10,Married-civ-spouse,Craft-repair,Husband,White,Male,0,0,40,United-States,1,45plus,0
67,Self-emp-not-inc,HS-grad,9,Married-civ-spouse,Farming-fishing,Husband,White,Male,0,0,55,United-States,0,45plus,0
19,State-gov,Some-college,10,Never-married,Adm-clerical,Own-child,White,Male,0,0,10,United-States,0,under25,0
35,Private,Some-college,10,Married-civ-spouse,Adm-clerical,Wife,White,Female,7688,0,20,United-States,1,25-44,1
23,Private,Bachelors,13,Never-married,Other-service,Not-in-family,White,Male,0,0,35,United-States,0,under25,0
57,Self-emp-not-inc,Bachelors,13,Married-civ-spouse,Exec-managerial,Husband,White,Male,4386,0,13,United-States,1,45plus,1
23,Private,Some-college,10,Never-married,Other-service,Own-child,White,Female,0,0,15,United-States,0,under25,0
46,Self-emp-inc,Doctorate,16,Married-civ-spouse,Prof-specialty,Husband,White,Male,0,0,60,United-States,1,45plus,1
58,Self-emp-not-inc,HS-grad,9,Divorced,Exec-managerial,Not-in-family,White,Male,0,0,70,United-States,0,45plus,0
28,Private,HS-grad,9,Never-married,Other-service,Not-in-family,Black,Female,0,0,48,United-States,0,25-44,0
34,Private,Bachelors,13,Married-civ-spouse,Prof-specialty,Husband,White,Male,0,0,40,United-States,1,25-44,1
46,Private,7th-8th,4,Married-spouse-absent,Transport-moving,Not-in-family,White,Male,0,0,45,United-States,0,45plus,0
54,Private,Bachelors,13,Married-civ-spouse,Exec-managerial,Husband,Asian-Pac-Islander,Male,0,0,50,Japan,1,45plus,1
30,Private,HS-grad,9,Married-civ-spouse,Other-service,Husband,Black,Male,0,0,25,United-States,0,25-44,0
35,Private,11th,7,Separated,Other-service,Unmarried,Black,Female,0,0,40,United-States,0,25-44,0
50,Private,HS-grad,9,Married-civ-spouse,Craft-repair,Husband,White,Male,0,0,44,United-States,1,45plus,0
28,Private,Assoc-acdm,12,Never-married,Exec-managerial,Not-in-family,White,Male,0,0,65,United-States,1,25-44,0
26,Private,HS-grad,9,Never-married,Transport-moving,Own-child,White,Male,0,0,40,United-States,0,25-44,0
32,Private,Bachelors,13,Married-civ-spouse,Sales,Husband,White,Male,0,0,40,United-States,0,25-44,1
32,Federal-gov,Bachelors,13,Married-civ-spouse,Prof-specialty,Husband,Asian-Pac-Islander,Male,0,0,56,United-States,1,25-44,1
29,Self-emp-not-inc,Assoc-voc,11,Never-married,Adm-clerical,Not-in-family,White,Female,2174,0,40,United-States,0,25-44,0
49,Local-gov,Masters,14,Married-civ-spouse,Exec-managerial,Husband,White,Male,0,0,40,United-States,1,45plus,1
26,Private,HS-grad,9,Never-married,Other-service,Own-child,White,Male,0,0,40,United-States,0,25-44,0
43,State-gov,HS-grad,9,Divorced,Exec-managerial,Unmarried,White,Female,0,0,40,United-States,0,25-44,0
17,Private,10th,6,Never-married,Other-service,Own-child,White,Male,0,0,8,United-States,0,under25,0
38,Federal-gov,Bachelors,13,Married-civ-spouse,Sales,Husband,White,Male,7688,0,42,United-States,1,25-44,1
41,Private,Prof-school,15,Married-civ-spouse,Prof-specialty,Wife,White,Female,0,0,40,United-States,1,25-44,1
37,Private,Some-college,10,Married-civ-spouse,Craft-repair,Husband,White,Male,0,0,52,United-States,0,25-44,0
45,Private,Some-college,10,Divorced,Sales,Not-in-family,White,Male,4650,0,40,United-States,0,25-44,0
28,Private,HS-grad,9,Divorced,Protective-serv,Not-in-family,White,Male,0,0,40,United-States,0,25-44,0
46,Self-emp-not-inc,Prof-school,15,Married-civ-spouse,Prof-specialty,Husband,White,Male,0,1902,45,United-States,1,45plus,1
23,Private,HS-grad,9,Never-married,Sales,Not-in-family,White,Male,0,0,48,United-States,0,under25,0
41,Private,10th,6,Never-married,Handlers-cleaners,Unmarried,White,Male,0,0,50,United-States,0,25-44,0
20,Private,5th-6th,3,Never-married,Handlers-cleaners,Not-in-family,White,Male,0,0,25,Mexico,0,under25,0
43,Local-gov,Masters,14,Married-civ-spouse,Prof-specialty,Husband,White,Male,0,0,50,United-States,0,25-44,1
35,Private,Bachelors,13,Married-civ-spouse,Exec-managerial,Wife,White,Female,0,1977,30,United-States,1,25-44,1
55,Private,Assoc-voc,11,Married-civ-spouse,Craft-repair,Husband,White,Male,0,0,50,Hungary,1,45plus,0
24,Private,Some-college,10,Never-married,Exec-managerial,Not-in-family,Black,Female,0,0,20,United-States,0,under25,0
52,Local-gov,Masters,14,Married-civ-spouse,Prof-specialty,Husband,White,Male,0,0,40,United-States,0,45plus,1
52,Private,HS-grad,9,Divorced,Craft-repair,Unmarried,White,Female,0,0,50,United-States,0,45plus,0
36,Private,HS-grad,9,Divorced,Machine-op-inspct,Not-in-family,White,Male,0,0,40,United-States,0,25-44,0
30,Private,Some-college,10,Married-civ-spouse,Craft-repair,Husband,White,Male,0,0,40,United-States,0,25-44,0
32,Private,9th,5,Married-civ-spouse,Craft-repair,Husband,White,Male,0,0,40,United-States,0,25-44,0
54,Private,Bachelors,13,Married-civ-spouse,Sales,Husband,White,Male,0,0,40,United-States,1,45plus,1
26,Private,HS-grad,9,Married-civ-spouse,Craft-repair,Husband,White,Male,0,0,40,United-States,0,25-44,0
55,Federal-gov,HS-grad,9,Married-civ-spouse,Exec-managerial,Husband,White,Male,0,0,40,United-States,0,45plus,0
51,Local-gov,Some-college,10,Married-civ-spouse,Exec-managerial,Husband,Black,Male,0,0,40,United-States,1,45plus,1
49,Self-emp-inc,Some-college,10,Divorced,Sales,Not-in-family,White,Male,0,0,25,United-States,0,45plus,0
58,Private,Some-college,10,Never-married,Transport-moving,Not-in-family,White,Male,0,0,20,United-States,0,45plus,0
45,Local-gov,Bachelors,13,Married-civ-spouse,Farming-fishing,Husband,Asian-Pac-Islander,Male,7298,0,40,United-States,1,25-44,1
18,Self-emp-inc,11th,7,Never-married,Farming-fishing,Own-child,White,Male,0,0,70,United-States,0,under25,0
45,Self-emp-not-inc,Assoc-voc,11,Married-civ-spouse,Farming-fishing,Husband,White,Male,0,0,50,United-States,1,25-44,0
30,Private,HS-grad,9,Never-married,Craft-repair,Own-child,White,Male,0,0,35,United-States,0,25-44,0
61,Private,Masters,14,Married-civ-spouse,Prof-specialty,Husband,Asian-Pac-Islander,Male,0,0,45,India,1,45plus,1
45,Private,HS-grad,9,Married-civ-spouse,Transport-moving,Husband,White,Male,0,0,40,United-States,0,25-44,0
44,Local-gov,Some-college,10,Divorced,Other-service,Unmarried,White,Female,0,0,40,United-States,0,25-44,0
50,Private,HS-grad,9,Divorced,Adm-clerical,Unmarried,White,Female,0,0,35,United-States,0,45plus,0
37,Private,Some-college,10,Divorced,Exec-managerial,Unmarried,White,Female,0,0,60,United-States,0,25-44,0
28,Private,Bachelors,13,Married-civ-spouse,Prof-specialty,Husband,White,Male,0,0,40,United-States,0,25-44,1
53,Self-emp-inc,Some-college,10,Widowed,Sales,Unmarried,White,Female,0,0,40,United-States,0,45plus,0
17,Private,12th,8,Never-married,Handlers-cleaners,Own-child,White,Male,0,0,20,United-States,0,under25,0
41,Private,Some-college,10,Divorced,Adm-clerical,Not-in-family,White,Female,0,0,40,United-States,0,25-44,0
46,Private,Masters,14,Married-civ-spouse,Prof-specialty,Husband,White,Male,0,1977,50,United-States,1,45plus,1
46,Private,Some-college,10,Divorced,Sales,Not-in-family,White,Female,0,0,40,United-States,0,45plus,0
46,Private,Some-college,10,Married-spouse-absent,Craft-repair,Not-in-family,Asian-Pac-Islander,Male,0,0,40,Philippines,0,45plus,0
31,Private,HS-grad,9,Separated,Exec-managerial,Unmarried,White,Female,0,0,12,United-States,0,25-44,0
30,Private,HS-grad,9,Never-married,Craft-repair,Other-relative,White,Male,0,0,40,United-States,0,25-44,0
31,Private,1st-4th,2,Married-civ-spouse,Machine-op-inspct,Husband,White,Male,0,0,40,Mexico,0,25-44,0
24,Self-emp-not-inc,HS-grad,9,Never-married,Other-service,Own-child,White,Male,0,0,30,United-States,0,under25,0
61,Private,10th,6,Married-civ-spouse,Transport-moving,Husband,White,Male,0,0,40,United-States,0,45plus,0
28,Private,11th,7,Married-civ-spouse,Adm-clerical,Wife,White,Female,0,0,40,Mexico,0,25-44,0
67,Private,Some-college,10,Divorced,Adm-clerical,Not-in-family,White,Female,0,0,40,United-States,0,45plus,0
41,Self-emp-inc,Assoc-voc,11,Married-civ-spouse,Exec-managerial,Husband,Black,Male,0,0,40,United-States,1,25-44,1
40,State-gov,Some-college,10,Divorced,Adm-clerical,Unmarried,White,Female,0,0,38,United-States,0,25-44,0
24,Self-emp-inc,Bachelors,13,Married-civ-spouse,Exec-managerial,Husband,White,Male,0,0,40,United-States,1,under25,1
26,Private,Some-college,10,Married-civ-spouse,Exec-managerial,Husband,White,Male,2407,0,50,United-States,0,25-44,0
39,Private,Some-college,10,Divorced,Adm-clerical,Unmarried,Black,Female,0,0,40,United-States,0,25-44,0
26,Local-gov,Bachelors,13,Married-civ-spouse,Prof-specialty,Wife,White,Female,0,0,55,United-States,1,25-44,1
32,Private,Some-college,10,Divorced,Exec-managerial,Unmarried,White,Female,0,0,42,United-States,0,25-44,0
27,Private,Some-college,10,Never-married,Craft-repair,Not-in-family,White,Male,0,0,45,United-States,0,25-44,0
21,Private,HS-grad,9,Never-married,Craft-repair,Own-child,Black,Male,0,0,40,United-States,0,under25,0
38,Private,Bachelors,13,Married-civ-spouse,Exec-managerial,Husband,White,Male,7298,0,50,United-States,1,25-44,1
30,Private,HS-grad,9,Separated,Exec-managerial,Unmarried,White,Female,0,0,29,United-States,0,25-44,0
61,Private,HS-grad,9,Divorced,Other-service,Not-in-family,Black,Female,0,0,40,United-States,0,45plus,0
23,Private,7th-8th,4,Never-married,Craft-repair,Other-relative,White,Male,0,0,36,United-States,0,under25,0
26,Local-gov,Bachelors,13,Never-married,Adm-clerical,Not-in-family,White,Male,0,0,42,United-States,0,25-44,0
19,Private,Some-college,10,Never-married,Other-service,Own-child,White,Female,0,0,30,United-States,0,under25,0
29,Self-emp-not-inc,Some-college,10,Married-civ-spouse,Craft-repair,Husband,Asian-Pac-Islander,Male,0,0,40,South,0,25-44,0
46,Private,11th,7,Married-civ-spouse,Craft-repair,Husband,White,Male,0,1902,40,United-States,1,45plus,0
36,Private,7th-8th,4,Married-civ-spouse,Machine-op-inspct,Husband,White,Male,0,0,40,United-States,0,25-44,0
19,Private,Some-college,10,Never-married,Sales,Other-relative,White,Female,0,0,25,United-States,0,under25,0
29,Private,Bachelors,13,Never-married,Other-service,Not-in-family,White,Male,0,0,35,United-States,0,25-44,0
36,Private,Bachelors,13,Married-civ-spouse,Sales,Husband,White,Male,0,0,40,United-States,1,25-44,1
23,Local-gov,Bachelors,13,Never-married,Prof-specialty,Other-relative,White,Female,0,0,50,United-States,0,under25,0
35,Private,HS-grad,9,Married-civ-spouse,Handlers-cleaners,Husband,White,Male,0,0,40,United-States,0,25-44,0
34,Private,Assoc-voc,11,Married-civ-spouse,Prof-specialty,Husband,White,Male,4386,0,50,United-States,1,25-44,0
21,Private,Some-college,10,Never-married,Adm-clerical,Not-in-family,White,Female,0,0,40,United-States,0,under25,0
28,Private,HS-grad,9,Divorced,Transport-moving,Not-in-family,White,Male,0,0,70,United-States,0,25-44,0
20,Private,Some-college,10,Never-married,Craft-repair,Not-in-family,White,Female,0,0,40,United-States,0,under25,0
55,Private,Some-college,10,Married-civ-spouse,Exec-managerial,Husband,White,Male,0,0,70,United-States,1,45plus,1
24,Private,HS-grad,9,Married-civ-spouse,Transport-moving,Husband,Black,Male,0,0,40,United-States,0,under25,0
21,Private,Some-college,10,Never-married,Other-service,Own-child,White,Male,0,0,30,United-States,0,under25,0
36,Private,HS-grad,9,Separated,Other-service,Unmarried,Black,Female,0,0,28,United-States,0,25-44,0
54,Private,HS-grad,9,Married-civ-spouse,Craft-repair,Husband,White,Male,0,0,40,United-States,0,45plus,0
50,Private,Some-college,10,Divorced,Craft-repair,Not-in-family,Black,Female,0,0,45,United-States,0,45plus,0
38,Private,HS-grad,9,Married-civ-spouse,Exec-managerial,Husband,White,Male,0,0,44,United-States,1,25-44,0
18,Private,Some-college,10,Never-married,Sales,Own-child,White,Female,0,0,15,United-States,0,under25,0
38,Private,HS-grad,9,Married-civ-spouse,Craft-repair,Husband,White,Male,0,0,40,United-States,0,25-44,0
45,Private,Assoc-voc,11,Married-civ-spouse,Craft-repair,Husband,White,Male,0,0,40,United-States,0,25-44,0
41,Private,HS-grad,9,Married-civ-spouse,Transport-moving,Husband,White,Male,0,0,40,United-States,0,25-44,0
44,Private,Bachelors,13,Never-married,Other-service,Not-in-family,White,Male,0,0,48,United-States,0,25-44,0
22,Private,Some-college,10,Never-married,Other-service,Own-child,White,Female,0,0,20,United-States,0,under25,0
27,Private,Masters,14,Never-married,Prof-specialty,Not-in-family,White,Male,0,0,40,United-States,0,25-44,0
22,State-gov,Some-college,10,Never-married,Adm-clerical,Not-in-family,White,Female,0,0,40,United-States,0,under25,0
29,Private,Assoc-voc,11,Married-civ-spouse,Transport-moving,Husband,White,Male,0,0,55,United-States,0,25-44,0
25,Private,Some-college,10,Never-married,Prof-specialty,Own-child,White,Male,0,0,40,United-States,0,under25,0
38,Private,Some-college,10,Married-civ-spouse,Craft-repair,Husband,White,Male,0,0,36,United-States,1,25-44,0
19,Private,Some-college,10,Never-married,Handlers-cleaners,Own-child,White,Male,0,0,20,United-States,0,under25,0
40,Private,11th,7,Divorced,Other-service,Other-relative,White,Female,0,0,20,United-States,0,25-44,0
39,Private,HS-grad,9,Married-civ-spouse,Machine-op-inspct,Husband,White,Male,0,0,40,United-States,1,25-44,0
60,Private,7th-8th,4,Married-civ-spouse,Craft-repair,Husband,White,Male,0,0,40,United-States,0,45plus,0
22,Private,Some-college,10,Never-married,Machine-op-inspct,Own-child,White,Female,0,0,30,United-States,0,under25,0
28,Private,Assoc-acdm,12,Never-married,Other-service,Not-in-family,Other,Male,0,0,40,United-States,0,25-44,0
21,Private,Assoc-voc,11,Never-married,Other-service,Not-in-family,White,Female,0,0,50,United-States,0,under25,0
27,Private,Bachelors,13,Never-married,Tech-support,Own-child,White,Female,0,0,40,United-States,0,25-44,0
56,Self-emp-not-inc,Bachelors,13,Never-married,Prof-specialty,Not-in-family,White,Male,0,0,20,United-States,0,45plus,0
57,Private,10th,6,Married-civ-spouse,Craft-repair,Husband,White,Male,0,0,43,United-States,0,45plus,0
75,Private,Some-college,10,Widowed,Prof-specialty,Not-in-family,White,Female,0,0,8,United-States,0,45plus,0
58,Local-gov,Masters,14,Widowed,Prof-specialty,Unmarried,White,Male,0,0,35,United-States,1,45plus,0
22,Private,11th,7,Never-married,Craft-repair,Not-in-family,White,Male,0,0,50,United-States,0,under25,0
53,Private,HS-grad,9,Divorced,Other-service,Not-in-family,White,Female,0,0,40,United-States,0,45plus,0
43,Private,Bachelors,13,Married-civ-spouse,Exec-managerial,Husband,White,Male,0,0,40,United-States,1,25-44,1
30,Federal-gov,Some-college,10,Married-civ-spouse,Adm-clerical,Husband,White,Male,7298,0,48,Cuba,1,25-44,1
49,Local-gov,HS-grad,9,Married-civ-spouse,Protective-serv,Husband,White,Male,0,0,40,United-States,1,45plus,0
53,Self-emp-inc,Bachelors,13,Married-civ-spouse,Sales,Husband,White,Male,0,0,60,United-States,1,45plus,1
45,Private,HS-grad,9,Divorced,Craft-repair,Not-in-family,White,Male,0,0,40,United-States,0,25-44,0
37,Private,HS-grad,9,Divorced,Craft-repair,Unmarried,White,Male,1506,0,40,United-States,0,25-44,0
40,Private,Some-college,10,Divorced,Craft-repair,Unmarried,Black,Female,0,0,30,United-States,0,25-44,0
24,Private,Bachelors,13,Married-civ-spouse,Exec-managerial,Wife,White,Female,0,0,40,United-States,0,under25,0
42,Self-emp-not-inc,Bachelors,13,Married-civ-spouse,Farming-fishing,Husband,White,Male,0,0,50,United-States,0,25-44,0
23,Private,Bachelors,13,Never-married,Tech-support,Own-child,White,Female,3325,0,40,United-States,0,under25,0
67,Private,Some-college,10,Married-civ-spouse,Sales,Husband,White,Male,0,1844,70,United-States,0,45plus,1
24,Private,Assoc-voc,11,Married-civ-spouse,Transport-moving,Husband,White,Male,0,0,40,United-States,0,under25,0
62,Private,Some-college,10,Married-civ-spouse,Other-service,Husband,White,Male,0,0,40,United-States,0,45plus,0
43,Private,HS-grad,9,Married-civ-spouse,Craft-repair,Husband,Other,Male,0,0,40,Mexico,0,25-44,0
28,Federal-gov,HS-grad,9,Never-married,Machine-op-inspct,Own-child,White,Male,0,0,48,United-States,0,25-44,0
41,Private,Some-college,10,Divorced,Sales,Unmarried,White,Female,0,0,48,United-States,0,25-44,0
29,Private,HS-grad,9,Married-civ-spouse,Craft-repair,Husband,White,Male,0,0,40,United-States,0,25-44,0
42,Self-emp-inc,Prof-school,15,Married-civ-spouse,Prof-specialty,Husband,White,Male,0,2415,60,United-States,1,25-44,1
48,Private,1st-4th,2,Married-civ-spouse,Other-service,Husband,White,Male,0,0,40,United-States,0,45plus,0
53,Self-emp-inc,Doctorate,16,Divorced,Exec-managerial,Not-in-family,White,Male,14084,0,50,United-States,1,45plus,1
17,Private,10th,6,Never-married,Other-service,Own-child,White,Male,0,0,20,United-States,0,under25,0
34,Private,HS-grad,9,Married-civ-spouse,Craft-repair,Husband,White,Male,0,0,40,United-States,0,25-44,0
34,Private,HS-grad,9,Married-civ-spouse,Other-service,Husband,White,Male,0,0,40,United-States,0,25-44,0
54,Private,HS-grad,9,Never-married,Prof-specialty,Not-in-family,White,Male,0,0,40,United-States,0,45plus,0
29,Private,Bachelors,13,Never-married,Sales,Not-in-family,White,Female,3325,0,45,United-States,0,25-44,0
31,Private,Bachelors,13,Married-civ-spouse,Prof-specialty,Husband,White,Male,0,0,40,United-States,1,25-44,1
32,Private,HS-grad,9,Never-married,Transport-moving,Not-in-family,White,Male,0,0,60,United-States,0,25-44,0
39,Private,Some-college,10,Married-civ-spouse,Sales,Wife,Asian-Pac-Islander,Female,0,0,40,Philippines,0,25-44,0
20,Private,10th,6,Never-married,Machine-op-inspct,Not-in-family,White,Male,0,0,40,United-States,0,under25,0
24,Private,HS-grad,9,Married-civ-spouse,Protective-serv,Husband,White,Male,0,0,40,United-States,0,under25,0
40,Private,Bachelors,13,Never-married,Adm-clerical,Not-in-family,White,Male,0,0,40,United-States,0,25-44,0
32,Private,HS-grad,9,Divorced,Craft-repair,Own-child,White,Male,0,0,40,United-States,0,25-44,0
41,Private,HS-grad,9,Married-civ-spouse,Exec-managerial,Husband,White,Male,0,0,40,United-States,1,25-44,0
22,Private,9th,5,Never-married,Handlers-cleaners,Other-relative,White,Male,0,0,30,United-States,0,under25,0
32,Self-emp-inc,Some-college,10,Never-married,Exec-managerial,Not-in-family,White,Male,0,0,70,Cuba,0,25-44,0
24,Private,HS-grad,9,Married-civ-spouse,Sales,Wife,White,Female,0,0,40,United-States,1,under25,0
56,Private,11th,7,Married-civ-spouse,Farming-fishing,Husband,White,Male,0,0,50,United-States,0,45plus,0
20,Private,7th-8th,4,Never-married,Machine-op-inspct,Other-relative,White,Male,0,0,40,United-States,0,under25,0
33,Private,HS-grad,9,Separated,Machine-op-inspct,Unmarried,Black,Female,0,0,40,United-States,0,25-44,0
25,State-gov,Bachelors,13,Never-married,Protective-serv,Not-in-family,Black,Male,0,0,40,United-States,0,under25,0
25,Private,HS-grad,9,Married-civ-spouse,Tech-support,Other-relative,White,Female,0,0,48,United-States,1,under25,0
36,Private,Some-college,10,Married-civ-spouse,Craft-repair,Husband,White,Male,0,0,40,Japan,0,25-44,0
37,Private,Bachelors,13,Married-civ-spouse,Exec-managerial,Husband,White,Male,0,0,50,United-States,1,25-44,1
21,Private,Some-college,10,Never-married,Adm-clerical,Not-in-family,White,Male,0,0,45,United-States,0,under25,0
22,Private,Some-college,10,Never-married,Exec-managerial,Own-child,White,Male,0,0,40,United-States,0,under25,0
38,Private,Bachelors,13,Married-civ-spouse,Exec-managerial,Husband,White,Male,0,0,40,United-States,1,25-44,1
46,Local-gov,HS-grad,9,Divorced,Prof-specialty,Not-in-family,White,Female,0,0,40,United-States,0,45plus,0
62,Private,Prof-school,15,Married-civ-spouse,Prof-specialty,Husband,White,Male,0,0,30,United-States,1,45plus,1
59,Private,HS-grad,9,Married-civ-spouse,Craft-repair,Husband,White,Male,0,0,40,United-States,1,45plus,0
43,Private,HS-grad,9,Divorced,Adm-clerical,Unmarried,Black,Female,0,0,45,United-States,0,25-44,0
39,Private,Some-college,10,Divorced,Sales,Not-in-family,White,Female,0,0,38,United-States,0,25-44,0
61,Federal-gov,Prof-school,15,Married-civ-spouse,Prof-specialty,Husband,White,Male,0,0,50,United-States,1,45plus,1
40,Private,11th,7,Never-married,Transport-moving,Own-child,White,Male,0,0,35,United-States,0,25-44,0
48,Private,HS-grad,9,Never-married,Prof-specialty,Unmarried,Black,Female,0,0,28,United-States,0,45plus,0
20,Private,HS-grad,9,Married-civ-spouse,Sales,Husband,White,Male,0,0,45,United-States,0,under25,0
43,Private,Bachelors,13,Never-married,Prof-specialty,Not-in-family,White,Male,0,0,40,United-States,0,25-44,0
40,Private,Bachelors,13,Married-civ-spouse,Exec-managerial,Husband,White,Male,0,0,40,United-States,1,25-44,1
29,Private,HS-grad,9,Never-married,Adm-clerical,Not-in-family,White,Female,0,0,44,United-States,0,25-44,0
32,Self-emp-not-inc,Bachelors,13,Married-civ-spouse,Prof-specialty,Husband,White,Male,7688,0,40,United-States,1,25-44,1
25,Private,Some-college,10,Married-spouse-absent,Sales,Not-in-family,White,Male,0,0,50,United-States,0,under25,0
46,Private,Assoc-voc,11,Never-married,Transport-moving,Not-in-family,White,Male,0,0,50,United-States,0,45plus,0
26,Private,Assoc-voc,11,Never-married,Adm-clerical,Own-child,White,Female,0,0,40,United-States,0,25-44,0
71,Private,HS-grad,9,Married-civ-spouse,Sales,Husband,White,Male,0,0,36,United-States,0,45plus,0
38,Private,Some-college,10,Separated,Other-service,Not-in-family,White,Female,4650,0,72,United-States,0,25-44,0
59,Private,HS-grad,9,Widowed,Other-service,Not-in-family,White,Female,0,0,35,United-States,0,45plus,0
38,Private,Some-college,10,Married-civ-spouse,Craft-repair,Husband,White,Male,0,0,41,United-States,0,25-44,0
18,Self-emp-not-inc,Some-college,10,Never-married,Farming-fishing,Own-child,White,Male,0,0,30,United-States,0,under25,0
32,State-gov,HS-grad,9,Married-civ-spouse,Protective-serv,Husband,White,Male,0,0,40,United-States,0,25-44,0
65,Local-gov,HS-grad,9,Married-civ-spouse,Other-service,Husband,White,Male,0,0,8,United-States,0,45plus,0
21,Private,Some-college,10,Never-married,Other-service,Own-child,White,Male,0,0,24,United-States,0,under25,0
58,Private,HS-grad,9,Divorced,Tech-support,Not-in-family,White,Male,4787,0,39,United-States,1,45plus,0
30,Self-emp-not-inc,Some-college,10,Divorced,Other-service,Unmarried,White,Female,0,0,30,United-States,0,25-44,0
34,Private,HS-grad,9,Never-married,Machine-op-inspct,Unmarried,Black,Female,0,0,48,United-States,0,25-44,0
22,State-gov,Some-college,10,Never-married,Prof-specialty,Own-child,White,Female,0,0,20,United-States,0,under25,0
24,Private,Bachelors,13,Never-married,Prof-specialty,Own-child,White,Male,0,0,20,United-States,0,under25,0
43,Private,10th,6,Married-civ-spouse,Handlers-cleaners,Husband,Black,Male,0,0,40,United-States,0,25-44,0
22,State-gov,Some-college,10,Married-civ-spouse,Other-service,Husband,Black,Male,0,0,15,United-States,0,under25,0
58,Private,7th-8th,4,Married-civ-spouse,Transport-moving,Husband,Black,Male,0,0,40,United-States,0,45plus,0
28,Private,Masters,14,Married-spouse-absent,Sales,Not-in-family,White,Female,0,0,80,United-States,1,25-44,0
43,State-gov,Bachelors,13,Married-civ-spouse,Exec-managerial,Husband,White,Male,0,0,35,United-States,1,25-44,1
22,State-gov,Assoc-acdm,12,Never-married,Prof-specialty,Not-in-family,White,Female,0,0,15,United-States,0,under25,0
23,Private,HS-grad,9,Never-married,Handlers-cleaners,Not-in-family,White,Male,0,0,30,United-States,0,under25,0
25,Private,Bachelors,13,Never-married,Adm-clerical,Own-child,White,Female,0,0,40,United-States,0,under25,0
47,Private,7th-8th,4,Married-civ-spouse,Handlers-cleaners,Husband,White,Male,0,0,40,Portugal,0,45plus,0
23,Private,Assoc-acdm,12,Never-married,Other-service,Own-child,Black,Male,0,0,44,United-States,0,under25,0
48,Private,HS-grad,9,Divorced,Other-service,Unmarried,Black,Female,0,0,40,United-States,0,45plus,0
23,Private,11th,7,Married-civ-spouse,Machine-op-inspct,Husband,White,Male,0,0,40,Puerto-Rico,0,under25,0
32,Private,Bachelors,13,Married-civ-spouse,Tech-support,Husband,White,Male,0,1902,40,United-States,1,25-44,1
33,Private,HS-grad,9,Married-civ-spouse,Exec-managerial,Husband,White,Male,5013,0,40,United-States,0,25-44,0
37,Self-emp-not-inc,Assoc-voc,11,Never-married,Farming-fishing,Own-child,White,Male,0,0,84,United-States,0,25-44,0
19,Private,HS-grad,9,Married-civ-spouse,Craft-repair,Husband,White,Male,0,0,40,United-States,0,under25,0
49,Private,HS-grad,9,Married-civ-spouse,Transport-moving,Husband,White,Male,0,0,40,United-States,0,45plus,0
76,Private,Masters,14,Married-civ-spouse,Exec-managerial,Husband,White,Male,0,0,40,United-States,1,45plus,1
35,Self-emp-not-inc,HS-grad,9,Divorced,Farming-fishing,Own-child,White,Male,0,0,50,United-States,0,25-44,0
29,Federal-gov,Bachelors,13,Never-married,Prof-specialty,Not-in-family,Black,Male,0,0,40,United-States,0,25-44,0
35,Private,Bachelors,13,Married-civ-spouse,Sales,Husband,White,Male,0,0,40,United-States,0,25-44,1
38,Private,HS-grad,9,Married-civ-spouse,Exec-managerial,Wife,White,Female,0,0,55,United-States,0,25-44,0
26,Private,Masters,14,Married-civ-spouse,Prof-specialty,Husband,White,Male,5013,0,40,United-States,0,25-44,1
28,Private,Bachelors,13,Never-married,Craft-repair,Own-child,White,Male,0,0,40,United-States,1,25-44,0
25,Local-gov,HS-grad,9,Never-married,Craft-repair,Own-child,White,Male,0,0,40,United-States,0,under25,0
31,Private,HS-grad,9,Married-civ-spouse,Transport-moving,Husband,White,Male,0,0,50,United-States,0,25-44,0
50,Private,5th-6th,3,Married-spouse-absent,Other-service,Unmarried,White,Female,0,0,34,Mexico,0,45plus,0
21,Private,Assoc-voc,11,Never-married,Protective-serv,Not-in-family,White,Male,0,0,40,United-States,0,under25,0
20,Private,Some-college,10,Divorced,Other-service,Own-child,White,Female,0,0,29,United-States,0,under25,0
22,Private,HS-grad,9,Never-married,Other-service,Not-in-family,White,Female,0,0,24,United-States,0,under25,0
24,Private,Assoc-voc,11,Never-married,Tech-support,Not-in-family,White,Male,0,0,45,United-States,0,under25,0
37,Private,HS-grad,9,Never-married,Machine-op-inspct,Unmarried,Black,Female,0,0,40,United-States,0,25-44,0
57,Local-gov,HS-grad,9,Widowed,Other-service,Unmarried,White,Female,0,0,30,United-States,0,45plus,0
50,Self-emp-not-inc,10th,6,Divorced,Sales,Not-in-family,White,Female,0,0,50,United-States,0,45plus,0
20,Private,Some-college,10,Never-married,Other-service,Own-child,White,Female,0,0,20,United-States,0,under25,0
38,Private,Masters,14,Married-civ-spouse,Exec-managerial,Husband,White,Male,0,0,45,United-States,1,25-44,1
41,Private,5th-6th,3,Married-civ-spouse,Farming-fishing,Wife,White,Female,0,0,40,Mexico,0,25-44,0
31,Private,HS-grad,9,Married-civ-spouse,Craft-repair,Husband,White,Male,0,0,51,United-States,0,25-44,0
31,Private,HS-grad,9,Married-civ-spouse,Craft-repair,Husband,White,Male,0,0,50,United-States,1,25-44,0
20,Private,12th,8,Never-married,Adm-clerical,Own-child,White,Female,0,0,40,United-States,0,under25,0
21,Private,9th,5,Never-married,Transport-moving,Own-child,White,Male,0,0,40,United-States,0,under25,0
21,State-gov,Some-college,10,Never-married,Exec-managerial,Own-child,White,Male,0,0,40,United-States,0,under25,0
70,Local-gov,HS-grad,9,Widowed,Adm-clerical,Not-in-family,White,Female,0,0,12,United-States,0,45plus,0
24,Private,Bachelors,13,Never-married,Prof-specialty,Not-in-family,White,Male,0,0,40,United-States,0,under25,0
57,Private,HS-grad,9,Divorced,Craft-repair,Not-in-family,White,Male,0,0,40,United-States,0,45plus,0
40,Self-emp-not-inc,HS-grad,9,Married-civ-spouse,Farming-fishing,Husband,White,Male,0,0,70,United-States,1,25-44,0
21,Private,Some-college,10,Never-married,Sales,Own-child,White,Female,0,0,20,United-States,0,under25,0
80,Self-emp-not-inc,11th,7,Married-civ-spouse,Exec-managerial,Husband,White,Male,0,0,25,United-States,0,45plus,0
51,Private,HS-grad,9,Married-civ-spouse,Farming-fishing,Husband,White,Male,0,0,80,United-States,1,45plus,0
62,Private,HS-grad,9,Divorced,Machine-op-inspct,Not-in-family,White,Female,2174,0,40,United-States,0,45plus,0
32,Private,Bachelors,13,Never-married,Exec-managerial,Own-child,White,Female,10520,0,40,United-States,1,25-44,0
29,Private,10th,6,Never-married,Other-service,Own-child,Black,Female,0,0,32,United-States,0,25-44,0
31,Private,HS-grad,9,Divorced,Handlers-cleaners,Not-in-family,White,Male,0,0,40,United-States,0,25-44,0
36,Private,HS-grad,9,Never-married,Sales,Not-in-family,White,Female,0,0,40,United-States,0,25-44,0
31,Private,Some-college,10,Married-civ-spouse,Other-service,Husband,White,Male,0,0,55,Mexico,0,25-44,0
45,Self-emp-not-inc,Some-college,10,Never-married,Sales,Own-child,White,Female,0,0,35,United-States,0,25-44,0
18,Private,HS-grad,9,Never-married,Adm-clerical,Own-child,White,Female,0,0,30,United-States,0,under25,0
45,Private,Bachelors,13,Married-civ-spouse,Exec-managerial,Husband,White,Male,0,1977,55,United-States,1,25-44,1
39,Federal-gov,HS-grad,9,Married-civ-spouse,Adm-clerical,Husband,White,Male,0,0,50,United-States,0,25-44,0
18,Private,HS-grad,9,Never-married,Transport-moving,Own-child,White,Male,1055,0,25,United-States,0,under25,0
30,Private,HS-grad,9,Never-married,Handlers-cleaners,Unmarried,White,Female,0,0,40,United-States,0,25-44,0
26,Private,HS-grad,9,Married-civ-spouse,Sales,Husband,White,Male,0,0,40,United-States,0,25-44,0
26,State-gov,HS-grad,9,Married-civ-spouse,Protective-serv,Husband,Asian-Pac-Islander,Male,0,0,40,United-States,1,25-44,0
39,Private,Some-college,10,Married-civ-spouse,Exec-managerial,Husband,White,Male,0,0,48,United-States,0,25-44,1
43,Local-gov,Masters,14,Divorced,Prof-specialty,Unmarried,Black,Female,9562,0,40,United-States,1,25-44,1
39,Self-emp-not-inc,10th,6,Married-spouse-absent,Other-service,Not-in-family,White,Female,0,1721,15,United-States,0,25-44,0
48,Private,HS-grad,9,Married-civ-spouse,Craft-repair,Husband,White,Male,0,0,45,United-States,0,45plus,0
35,Private,9th,5,Married-civ-spouse,Handlers-cleaners,Husband,White,Male,0,0,46,United-States,0,25-44,0
43,Self-emp-inc,HS-grad,9,Married-civ-spouse,Farming-fishing,Husband,White,Male,0,0,45,United-States,0,25-44,0
61,Private,12th,8,Widowed,Machine-op-inspct,Unmarried,White,Female,0,0,40,Italy,0,45plus,0
23,Private,12th,8,Never-married,Other-service,Not-in-family,White,Female,0,0,38,United-States,0,under25,0
58,Private,HS-grad,9,Married-civ-spouse,Craft-repair,Husband,White,Male,0,0,40,United-States,1,45plus,0
35,Private,Some-college,10,Never-married,Machine-op-inspct,Not-in-family,White,Male,0,1974,40,United-States,0,25-44,0
27,Local-gov,Bachelors,13,Never-married,Transport-moving,Not-in-family,White,Female,0,0,40,United-States,0,25-44,0
22,Private,HS-grad,9,Never-married,Adm-clerical,Own-child,White,Female,0,0,40,United-States,0,under25,0
54,Private,HS-grad,9,Married-civ-spouse,Craft-repair,Husband,White,Male,0,2051,40,United-States,0,45plus,0
51,Self-emp-not-inc,HS-grad,9,Married-civ-spouse,Sales,Husband,White,Male,0,0,60,United-States,1,45plus,0
23,Private,Some-college,10,Married-spouse-absent,Other-service,Not-in-family,White,Female,0,0,50,United-States,0,under25,0
25,Private,Bachelors,13,Never-married,Sales,Unmarried,Asian-Pac-Islander,Male,0,0,44,Philippines,0,under25,0
49,Self-emp-not-inc,Bachelors,13,Married-civ-spouse,Craft-repair,Husband,White,Male,0,0,50,United-States,1,45plus,1
51,Private,Bachelors,13,Married-civ-spouse,Exec-managerial,Husband,White,Male,0,0,40,United-States,1,45plus,1
30,Self-emp-not-inc,Some-college,10,Married-civ-spouse,Adm-clerical,Wife,White,Female,0,0,20,United-States,1,25-44,0
51,Private,HS-grad,9,Divorced,Adm-clerical,Not-in-family,White,Female,0,0,40,United-States,0,45plus,0
33,Local-gov,Masters,14,Married-civ-spouse,Prof-specialty,Wife,White,Female,7688,0,35,United-States,1,25-44,1
29,Private,HS-grad,9,Never-married,Other-service,Other-relative,White,Female,0,0,40,United-States,0,25-44,0
53,Private,HS-grad,9,Married-civ-spouse,Adm-clerical,Wife,White,Female,0,0,40,United-States,1,45plus,0
25,State-gov,Bachelors,13,Never-married,Prof-specialty,Not-in-family,White,Female,0,0,40,United-States,0,under25,0
24,Private,Some-college,10,Never-married,Transport-moving,Own-child,White,Male,0,0,50,United-States,0,under25,0
51,Local-gov,HS-grad,9,Separated,Protective-serv,Not-in-family,Black,Male,0,0,40,United-States,0,45plus,0
49,Private,HS-grad,9,Divorced,Machine-op-inspct,Other-relative,White,Female,0,0,55,United-States,0,45plus,0
53,Private,HS-grad,9,Divorced,Craft-repair,Unmarried,Black,Female,0,0,48,United-States,0,45plus,0
29,Private,HS-grad,9,Married-civ-spouse,Adm-clerical,Wife,Asian-Pac-Islander,Female,0,0,35,Vietnam,0,25-44,0
25,Private,10th,6,Married-civ-spouse,Protective-serv,Wife,Black,Female,0,0,50,United-States,0,under25,0
39,Private,11th,7,Married-civ-spouse,Prof-specialty,Husband,White,Male,0,0,60,United-States,0,25-44,0
34,Self-emp-not-inc,Prof-school,15,Married-civ-spouse,Prof-specialty,Husband,White,Male,0,0,55,United-States,1,25-44,1
62,Private,7th-8th,4,Married-civ-spouse,Protective-serv,Husband,White,Male,0,0,91,United-States,0,45plus,0
25,Private,Bachelors,13,Never-married,Craft-repair,Not-in-family,White,Male,0,0,40,Mexico,0,under25,0
26,Private,Some-college,10,Never-married,Machine-op-inspct,Not-in-family,Asian-Pac-Islander,Male,0,0,45,United-States,1,25-44,0
70,Self-emp-not-inc,Some-college,10,Married-civ-spouse,Exec-managerial,Husband,White,Male,0,0,35,United-States,0,45plus,0
42,Private,HS-grad,9,Divorced,Adm-clerical,Unmarried,White,Female,0,0,40,United-States,0,25-44,0
46,Private,Bachelors,13,Never-married,Adm-clerical,Unmarried,Asian-Pac-Islander,Female,0,0,40,Philippines,0,45plus,0
33,Private,HS-grad,9,Married-civ-spouse,Craft-repair,Husband,White,Male,3411,0,40,United-States,0,25-44,0
33,Private,Some-college,10,Never-married,Adm-clerical,Unmarried,White,Female,0,0,35,Puerto-Rico,0,25-44,0
46,Private,HS-grad,9,Married-civ-spouse,Sales,Husband,White,Male,0,0,45,United-States,1,45plus,0
24,Private,HS-grad,9,Never-married,Transport-moving,Not-in-family,White,Male,0,0,40,United-States,0,under25,0
56,Private,HS-grad,9,Divorced,Adm-clerical,Not-in-family,White,Female,0,0,40,United-States,0,45plus,0
37,Self-emp-not-inc,Bachelors,13,Married-civ-spouse,Sales,Wife,White,Female,0,0,50,United-States,0,25-44,1
24,Private,HS-grad,9,Never-married,Transport-moving,Unmarried,Black,Male,0,0,40,United-States,0,under25,0
33,Self-emp-not-inc,HS-grad,9,Separated,Craft-repair,Other-relative,White,Male,0,0,50,United-States,0,25-44,0
42,Private,Masters,14,Never-married,Exec-managerial,Not-in-family,White,Male,0,0,40,United-States,0,25-44,0
25,Private,9th,5,Married-spouse-absent,Adm-clerical,Unmarried,Asian-Pac-Islander,Female,0,0,40,Vietnam,0,under25,0
40,Private,Some-college,10,Married-civ-spouse,Other-service,Husband,White,Male,0,0,40,United-States,0,25-44,0
51,Federal-gov,HS-grad,9,Married-civ-spouse,Transport-moving,Husband,White,Male,7688,0,40,United-States,1,45plus,1
54,Private,HS-grad,9,Widowed,Other-service,Unmarried,White,Female,0,0,40,United-States,0,45plus,0
44,Private,Some-college,10,Divorced,Adm-clerical,Unmarried,White,Female,0,0,40,United-States,0,25-44,0
33,Local-gov,HS-grad,9,Married-civ-spouse,Other-service,Husband,Black,Male,2105,0,40,United-States,0,25-44,0
46,Private,HS-grad,9,Married-civ-spouse,Other-service,Husband,White,Male,0,0,40,United-States,0,45plus,0
18,Private,HS-grad,9,Never-married,Other-service,Own-child,White,Female,0,0,20,United-States,0,under25,0
31,Private,HS-grad,9,Never-married,Farming-fishing,Unmarried,White,Male,0,0,45,United-States,0,25-44,0
54,Self-emp-inc,HS-grad,9,Married-civ-spouse,Exec-managerial,Husband,White,Male,0,0,98,United-States,1,45plus,0
39,Private,Bachelors,13,Married-civ-spouse,Exec-managerial,Husband,White,Male,15024,0,45,United-States,1,25-44,1
35,Self-emp-not-inc,Masters,14,Married-civ-spouse,Sales,Husband,White,Male,0,0,40,United-States,1,25-44,1
51,State-gov,Masters,14,Married-civ-spouse,Prof-specialty,Husband,White,Male,0,1977,60,United-States,1,45plus,1
38,Self-emp-inc,Bachelors,13,Married-civ-spouse,Sales,Husband,White,Male,7688,0,40,United-States,1,25-44,1
57,Private,HS-grad,9,Divorced,Other-service,Not-in-family,White,Male,0,0,38,United-States,0,45plus,0
43,State-gov,Bachelors,13,Married-civ-spouse,Adm-clerical,Husband,White,Male,0,0,50,United-States,1,25-44,1
58,Private,HS-grad,9,Married-civ-spouse,Priv-house-serv,Other-relative,Asian-Pac-Islander,Female,0,0,60,Philippines,0,45plus,0
23,State-gov,Some-college,10,Never-married,Other-service,Not-in-family,White,Male,0,0,50,United-States,0,under25,0
44,Self-emp-not-inc,12th,8,Married-civ-spouse,Exec-managerial,Husband,Asian-Pac-Islander,Male,0,0,60,Vietnam,0,25-44,0
58,Self-emp-inc,HS-grad,9,Divorced,Sales,Not-in-family,White,Male,0,0,50,United-States,0,45plus,0
32,Private,Bachelors,13,Married-civ-spouse,Sales,Husband,White,Male,0,0,45,United-States,0,25-44,1
36,Private,Prof-school,15,Married-civ-spouse,Prof-specialty,Husband,White,Male,0,0,50,United-States,1,25-44,1
26,Private,Bachelors,13,Never-married,Other-service,Not-in-family,White,Female,0,0,25,United-States,0,25-44,0
26,Private,Some-college,10,Married-civ-spouse,Machine-op-inspct,Husband,Black,Male,0,0,40,United-States,0,25-44,0
51,Local-gov,Bachelors,13,Married-civ-spouse,Protective-serv,Husband,White,Male,0,0,40,United-States,1,45plus,1
36,Private,11th,7,Never-married,Craft-repair,Not-in-family,Black,Female,0,0,40,United-States,0,25-44,0
32,Private,Assoc-voc,11,Married-civ-spouse,Adm-clerical,Wife,White,Female,0,0,45,United-States,0,25-44,0
24,Private,Bachelors,13,Never-married,Exec-managerial,Not-in-family,White,Male,0,0,45,United-States,0,under25,0
23,Private,HS-grad,9,Married-civ-spouse,Adm-clerical,Other-relative,White,Female,0,0,35,United-States,0,under25,0
25,Private,Some-college,10,Never-married,Adm-clerical,Not-in-family,White,Female,0,0,40,United-States,0,under25,0
56,Private,Masters,14,Married-civ-spouse,Exec-managerial,Wife,White,Female,0,0,50,United-States,0,45plus,1
34,Private,HS-grad,9,Married-civ-spouse,Sales,Wife,White,Female,0,0,15,United-States,0,25-44,0
49,Private,HS-grad,9,Married-civ-spouse,Machine-op-inspct,Husband,White,Male,0,0,40,United-States,0,45plus,0
29,Private,HS-grad,9,Married-civ-spouse,Prof-specialty,Husband,White,Male,0,0,40,United-States,0,25-44,0
61,Private,7th-8th,4,Married-civ-spouse,Machine-op-inspct,Husband,White,Male,0,0,40,Italy,0,45plus,0
31,Self-emp-not-inc,Some-college,10,Married-civ-spouse,Machine-op-inspct,Husband,White,Male,0,0,48,United-States,0,25-44,0
31,Private,Some-college,10,Never-married,Craft-repair,Not-in-family,White,Male,0,0,40,United-States,0,25-44,0
58,Self-emp-not-inc,7th-8th,4,Married-civ-spouse,Transport-moving,Husband,White,Male,0,0,40,United-States,1,45plus,0
20,Federal-gov,Some-college,10,Never-married,Adm-clerical,Other-relative,White,Female,0,0,40,United-States,0,under25,0
45,Federal-gov,Bachelors,13,Married-civ-spouse,Handlers-cleaners,Husband,White,Male,0,0,40,United-States,0,25-44,1
39,Local-gov,Assoc-acdm,12,Married-civ-spouse,Craft-repair,Husband,Black,Male,7298,0,40,United-States,1,25-44,1
42,State-gov,HS-grad,9,Married-civ-spouse,Transport-moving,Husband,Amer-Indian-Eskimo,Male,0,0,40,United-States,0,25-44,0
38,Private,HS-grad,9,Never-married,Craft-repair,Not-in-family,White,Male,0,0,40,United-States,0,25-44,0
38,Private,Masters,14,Married-civ-spouse,Prof-specialty,Husband,White,Male,0,0,25,United-States,0,25-44,1
41,Private,HS-grad,9,Separated,Handlers-cleaners,Not-in-family,Black,Male,0,0,40,United-States,0,25-44,0
64,Local-gov,HS-grad,9,Divorced,Adm-clerical,Not-in-family,White,Female,0,0,40,United-States,0,45plus,0
23,Private,Bachelors,13,Never-married,Farming-fishing,Not-in-family,White,Male,0,0,40,United-States,0,under25,0
21,Private,HS-grad,9,Never-married,Other-service,Own-child,White,Male,0,0,35,United-States,0,under25,0
36,Private,HS-grad,9,Divorced,Exec-managerial,Not-in-family,White,Male,0,0,40,United-States,0,25-44,0
17,Private,11th,7,Never-married,Handlers-cleaners,Own-child,White,Male,0,0,40,Canada,0,under25,0
63,Private,Some-college,10,Widowed,Other-service,Not-in-family,White,Female,0,0,40,United-States,0,45plus,0
19,Private,Some-college,10,Never-married,Sales,Own-child,White,Female,0,1602,10,United-States,0,under25,0
24,Private,Some-college,10,Never-married,Tech-support,Own-child,White,Female,0,0,20,United-States,0,under25,0
63,Private,Bachelors,13,Never-married,Adm-clerical,Not-in-family,White,Male,0,0,40,United-States,0,45plus,0
59,Private,HS-grad,9,Divorced,Exec-managerial,Not-in-family,White,Female,0,0,40,United-States,0,45plus,0
37,Private,Masters,14,Married-civ-spouse,Tech-support,Husband,White,Male,0,0,60,United-States,1,25-44,1
42,Private,Some-college,10,Divorced,Machine-op-inspct,Not-in-family,White,Male,0,1590,40,United-States,0,25-44,0
27,Private,Some-college,10,Married-civ-spouse,Adm-clerical,Wife,Black,Female,0,2377,20,United-States,0,25-44,0
33,Private,HS-grad,9,Divorced,Handlers-cleaners,Own-child,White,Male,0,0,45,United-States,0,25-44,0
34,Private,HS-grad,9,Married-civ-spouse,Craft-repair,Husband,White,Male,0,0,40,Germany,0,25-44,0
45,Self-emp-not-inc,Some-college,10,Married-civ-spouse,Other-service,Husband,White,Male,3103,0,42,United-States,0,25-44,0
41,Private,Prof-school,15,Married-civ-spouse,Sales,Husband,White,Male,0,0,50,United-States,0,25-44,1
44,Private,HS-grad,9,Married-civ-spouse,Other-service,Wife,Asian-Pac-Islander,Female,0,0,50,Philippines,0,25-44,0
33,Private,Some-college,10,Married-civ-spouse,Machine-op-inspct,Husband,Black,Male,0,0,40,United-States,0,25-44,0
34,Private,HS-grad,9,Married-civ-spouse,Machine-op-inspct,Husband,White,Male,0,0,40,United-States,0,25-44,0
30,Private,Masters,14,Married-civ-spouse,Prof-specialty,Husband,White,Male,0,0,44,United-States,1,25-44,1
22,Private,Some-college,10,Never-married,Prof-specialty,Other-relative,Asian-Pac-Islander,Female,0,0,20,South,0,under25,0
19,Private,11th,7,Separated,Other-service,Own-child,White,Female,0,0,40,United-States,0,under25,0
71,Self-emp-not-inc,7th-8th,4,Married-civ-spouse,Farming-fishing,Husband,White,Male,0,0,50,United-States,0,45plus,0
29,Private,Some-college,10,Married-civ-spouse,Adm-clerical,Wife,White,Female,0,0,65,United-States,0,25-44,0
39,Private,HS-grad,9,Divorced,Transport-moving,Own-child,White,Male,0,0,60,United-States,0,25-44,0
52,Private,5th-6th,3,Married-civ-spouse,Sales,Wife,White,Female,0,0,15,El-Salvador,0,45plus,0
59,Private,HS-grad,9,Widowed,Machine-op-inspct,Not-in-family,White,Female,0,0,40,United-States,0,45plus,0
20,Private,11th,7,Never-married,Handlers-cleaners,Not-in-family,White,Male,0,0,32,Mexico,0,under25,0
28,Local-gov,9th,5,Married-civ-spouse,Craft-repair,Husband,Black,Male,0,0,40,Trinadad&Tobago,1,25-44,0
29,Private,Bachelors,13,Married-civ-spouse,Prof-specialty,Wife,White,Female,0,0,24,United-States,0,25-44,1
90,Private,HS-grad,9,Widowed,Transport-moving,Unmarried,White,Male,0,0,99,United-States,0,45plus,0
26,Self-emp-not-inc,HS-grad,9,Never-married,Craft-repair,Own-child,White,Male,0,0,50,United-States,0,25-44,0
51,Private,HS-grad,9,Married-civ-spouse,Machine-op-inspct,Husband,Black,Male,0,0,40,United-States,1,45plus,0
17,Private,10th,6,Never-married,Other-service,Own-child,Black,Male,0,0,15,United-States,0,under25,0
33,Private,Bachelors,13,Married-civ-spouse,Exec-managerial,Husband,White,Male,15024,0,50,United-States,1,25-44,1
52,State-gov,Doctorate,16,Married-civ-spouse,Prof-specialty,Husband,White,Male,0,1887,70,Germany,1,45plus,1
29,Local-gov,Some-college,10,Never-married,Farming-fishing,Not-in-family,White,Male,0,0,40,United-States,0,25-44,0
56,Private,HS-grad,9,Separated,Craft-repair,Not-in-family,White,Female,0,0,40,United-States,0,45plus,0
35,Private,HS-grad,9,Divorced,Craft-repair,Unmarried,White,Male,2354,0,40,United-States,0,25-44,0
38,Private,Bachelors,13,Married-civ-spouse,Exec-managerial,Husband,White,Male,15024,0,65,United-States,1,25-44,1
26,Private,HS-grad,9,Never-married,Craft-repair,Unmarried,Black,Female,0,0,40,United-States,0,25-44,0
36,Self-emp-not-inc,Prof-school,15,Divorced,Prof-specialty,Unmarried,White,Male,25236,0,40,United-States,1,25-44,1
38,Private,Masters,14,Married-civ-spouse,Prof-specialty,Husband,Black,Male,0,0,40,United-States,1,25-44,1
30,Local-gov,Bachelors,13,Married-civ-spouse,Prof-specialty,Wife,White,Female,0,0,33,United-States,1,25-44,1
43,Private,HS-grad,9,Married-civ-spouse,Craft-repair,Husband,White,Male,0,0,40,United-States,0,25-44,0
23,Private,Some-college,10,Never-married,Adm-clerical,Not-in-family,White,Female,0,0,24,Greece,0,under25,0
21,Private,Some-college,10,Married-civ-spouse,Adm-clerical,Husband,White,Male,0,0,40,United-States,0,under25,0
75,Self-emp-not-inc,HS-grad,9,Divorced,Sales,Not-in-family,White,Male,2346,0,15,United-States,0,45plus,0
23,Private,11th,7,Divorced,Other-service,Unmarried,White,Female,0,0,35,United-States,0,under25,0
24,Private,Bachelors,13,Never-married,Machine-op-inspct,Not-in-family,Asian-Pac-Islander,Male,0,0,45,China,0,under25,0
45,Private,HS-grad,9,Married-civ-spouse,Craft-repair,Husband,White,Male,0,0,40,United-States,0,25-44,0
25,Private,HS-grad,9,Married-civ-spouse,Sales,Husband,White,Male,0,0,40,United-States,0,under25,0
39,Private,HS-grad,9,Married-civ-spouse,Craft-repair,Husband,White,Male,0,0,40,United-States,0,25-44,0
28,Private,9th,5,Married-civ-spouse,Sales,Husband,White,Male,4508,0,40,United-States,0,25-44,0
37,Private,Some-college,10,Married-civ-spouse,Craft-repair,Husband,White,Male,0,0,40,United-States,0,25-44,0
27,Private,Bachelors,13,Married-civ-spouse,Exec-managerial,Husband,White,Male,0,0,45,United-States,0,25-44,1
61,Private,HS-grad,9,Married-civ-spouse,Exec-managerial,Husband,White,Male,0,0,50,United-States,1,45plus,0
33,Self-emp-inc,Bachelors,13,Married-civ-spouse,Sales,Husband,White,Male,0,0,65,United-States,0,25-44,1
23,Private,Some-college,10,Married-civ-spouse,Handlers-cleaners,Husband,White,Male,0,0,40,United-States,0,under25,0
28,Private,Some-college,10,Never-married,Tech-support,Own-child,White,Female,0,0,24,United-States,0,25-44,0
56,Private,HS-grad,9,Married-civ-spouse,Craft-repair,Husband,White,Male,2885,0,45,United-States,0,45plus,0
47,Private,Assoc-acdm,12,Married-civ-spouse,Adm-clerical,Wife,White,Female,0,0,40,Italy,1,45plus,0
49,Federal-gov,HS-grad,9,Married-civ-spouse,Adm-clerical,Husband,White,Male,0,0,40,United-States,1,45plus,0
45,Private,Doctorate,16,Married-civ-spouse,Prof-specialty,Husband,White,Male,0,0,40,Poland,1,25-44,1
32,Private,Bachelors,13,Never-married,Prof-specialty,Unmarried,White,Female,0,0,40,United-States,0,25-44,0
43,Private,Some-college,10,Married-civ-spouse,Protective-serv,Husband,Other,Male,0,0,32,United-States,0,25-44,0
26,Local-gov,Bachelors,13,Never-married,Prof-specialty,Not-in-family,White,Female,4865,0,35,United-States,0,25-44,0
31,Private,Some-college,10,Separated,Other-service,Unmarried,White,Female,0,0,50,Mexico,0,25-44,0
33,State-gov,Some-college,10,Separated,Adm-clerical,Own-child,Black,Male,0,0,35,United-States,0,25-44,0
20,Private,HS-grad,9,Never-married,Other-service,Not-in-family,White,Male,0,0,8,United-States,0,under25,0
23,Private,HS-grad,9,Never-married,Other-service,Unmarried,White,Female,0,0,35,United-States,0,under25,0
31,Private,Some-college,10,Never-married,Adm-clerical,Not-in-family,White,Female,0,0,52,United-States,0,25-44,0
30,Self-emp-inc,Some-college,10,Married-civ-spouse,Exec-managerial,Husband,White,Male,0,0,70,United-States,0,25-44,0
32,Private,Assoc-voc,11,Married-civ-spouse,Other-service,Husband,White,Male,0,0,60,United-States,1,25-44,0
34,State-gov,HS-grad,9,Married-civ-spouse,Transport-moving,Husband,Black,Male,0,0,40,United-States,0,25-44,0
22,Private,HS-grad,9,Divorced,Sales,Own-child,White,Male,0,0,40,United-States,0,under25,0
26,Private,9th,5,Never-married,Other-service,Own-child,White,Female,0,0,38,El-Salvador,0,25-44,0
30,Private,Bachelors,13,Married-civ-spouse,Prof-specialty,Husband,White,Male,0,1740,45,United-States,0,25-44,1
40,Private,Bachelors,13,Never-married,Sales,Not-in-family,White,Female,0,0,45,United-States,0,25-44,0
24,Private,11th,7,Never-married,Machine-op-inspct,Unmarried,White,Female,0,0,40,United-States,0,under25,0
40,Private,Bachelors,13,Never-married,Prof-specialty,Other-relative,White,Female,0,0,40,United-States,0,25-44,0
20,Private,Some-college,10,Never-married,Other-service,Own-child,White,Female,0,0,20,United-States,0,under25,0
40,Federal-gov,Some-college,10,Married-civ-spouse,Craft-repair,Husband,White,Male,0,1579,40,United-States,0,25-44,0
24,Private,Bachelors,13,Never-married,Sales,Not-in-family,White,Male,0,0,50,United-States,0,under25,0
21,Private,Some-college,10,Never-married,Handlers-cleaners,Own-child,White,Male,0,0,40,United-States,0,under25,0
64,Local-gov,Some-college,10,Never-married,Transport-moving,Unmarried,White,Male,0,0,40,United-States,0,45plus,0
36,Self-emp-not-inc,Prof-school,15,Married-civ-spouse,Craft-repair,Husband,White,Male,0,0,60,United-States,0,25-44,1
27,Private,HS-grad,9,Never-married,Adm-clerical,Own-child,White,Female,0,0,40,United-States,0,25-44,0
43,State-gov,HS-grad,9,Never-married,Craft-repair,Unmarried,White,Male,0,0,40,United-States,0,25-44,0
35,Self-emp-inc,HS-grad,9,Married-civ-spouse,Other-service,Husband,White,Male,0,0,60,United-States,0,25-44,0
44,Federal-gov,Some-college,10,Married-civ-spouse,Craft-repair,Husband,White,Male,0,0,40,United-States,0,25-44,0
26,Private,Bachelors,13,Never-married,Prof-specialty,Not-in-family,White,Female,0,0,20,United-States,0,25-44,0
40,Private,HS-grad,9,Divorced,Exec-managerial,Unmarried,White,Female,0,625,52,United-States,0,25-44,0
46,Self-emp-inc,Bachelors,13,Married-civ-spouse,Sales,Husband,White,Male,0,0,50,United-States,1,45plus,1
47,Federal-gov,HS-grad,9,Married-spouse-absent,Adm-clerical,Not-in-family,Black,Female,0,0,40,Puerto-Rico,0,45plus,0
49,Private,HS-grad,9,Married-civ-spouse,Protective-serv,Husband,White,Male,0,0,40,United-States,0,45plus,0
50,Private,HS-grad,9,Widowed,Prof-specialty,Unmarried,Black,Female,0,0,40,United-States,0,45plus,0
24,Private,HS-grad,9,Never-married,Machine-op-inspct,Other-relative,Black,Female,0,0,30,United-States,0,under25,0
27,Local-gov,Bachelors,13,Never-married,Prof-specialty,Not-in-family,Amer-Indian-Eskimo,Female,3325,0,43,United-States,0,25-44,0
28,Private,HS-grad,9,Married-civ-spouse,Adm-clerical,Husband,White,Male,0,0,40,United-States,0,25-44,0
27,Private,Some-college,10,Never-married,Craft-repair,Not-in-family,Asian-Pac-Islander,Male,0,1876,45,Cambodia,0,25-44,0
45,Private,HS-grad,9,Separated,Machine-op-inspct,Unmarried,Black,Female,0,0,40,United-States,0,25-44,0
52,Private,Bachelors,13,Married-civ-spouse,Exec-managerial,Husband,White,Male,0,0,55,United-States,1,45plus,1
52,Private,HS-grad,9,Never-married,Other-service,Unmarried,White,Female,0,0,45,United-States,0,45plus,0
40,Private,HS-grad,9,Never-married,Machine-op-inspct,Not-in-family,White,Male,0,0,45,United-States,0,25-44,0
39,Private,Some-college,10,Married-civ-spouse,Craft-repair,Husband,Black,Male,0,0,52,United-States,1,25-44,0
32,Private,Some-college,10,Never-married,Craft-repair,Own-child,White,Male,0,0,40,United-States,0,25-44,0
22,State-gov,Some-college,10,Never-married,Protective-serv,Own-child,Black,Female,0,0,40,United-States,0,under25,0
59,Private,Some-college,10,Separated,Adm-clerical,Other-relative,White,Male,3325,0,40,United-States,0,45plus,0
51,Private,7th-8th,4,Separated,Machine-op-inspct,Not-in-family,Black,Female,0,0,30,United-States,0,45plus,0
22,Private,HS-grad,9,Never-married,Machine-op-inspct,Not-in-family,White,Male,0,0,42,United-States,0,under25,0
55,Self-emp-not-inc,HS-grad,9,Married-civ-spouse,Other-service,Husband,White,Male,0,0,40,United-States,0,45plus,0
49,Private,Bachelors,13,Married-civ-spouse,Prof-specialty,Husband,White,Male,0,0,40,Columbia,0,45plus,1
27,Private,Bachelors,13,Never-married,Adm-clerical,Own-child,White,Male,0,0,38,United-States,0,25-44,0
31,Private,Masters,14,Married-civ-spouse,Sales,Husband,White,Male,0,0,76,United-States,1,25-44,1
46,Private,Bachelors,13,Married-civ-spouse,Exec-managerial,Husband,White,Male,0,0,35,United-States,1,45plus,1
46,Private,7th-8th,4,Married-civ-spouse,Transport-moving,Husband,White,Male,0,0,40,United-States,0,45plus,0
42,Local-gov,Masters,14,Divorced,Prof-specialty,Not-in-family,White,Male,0,0,40,United-States,0,25-44,0
50,Federal-gov,HS-grad,9,Divorced,Prof-specialty,Not-in-family,White,Male,0,1590,40,United-States,0,45plus,0
77,Self-emp-not-inc,Some-college,10,Never-married,Craft-repair,Not-in-family,White,Male,0,0,40,United-States,0,45plus,0
43,State-gov,Prof-school,15,Divorced,Prof-specialty,Not-in-family,White,Male,0,0,50,United-States,0,25-44,1
27,Private,Bachelors,13,Married-civ-spouse,Adm-clerical,Wife,White,Female,0,0,40,Cuba,1,25-44,0
46,Local-gov,Some-college,10,Divorced,Transport-moving,Not-in-family,White,Female,0,0,40,United-States,0,45plus,0
23,Private,Bachelors,13,Never-married,Prof-specialty,Not-in-family,Asian-Pac-Islander,Male,0,0,55,Ireland,0,under25,0
37,Private,Some-college,10,Married-civ-spouse,Handlers-cleaners,Husband,White,Male,0,0,40,United-States,0,25-44,0
25,Private,11th,7,Never-married,Adm-clerical,Own-child,Black,Female,0,0,40,United-States,0,under25,0
57,Self-emp-not-inc,Some-college,10,Married-civ-spouse,Other-service,Husband,White,Male,0,0,48,United-States,0,45plus,0
33,Private,HS-grad,9,Married-civ-spouse,Prof-specialty,Husband,White,Male,0,0,60,United-States,0,25-44,0
25,Private,HS-grad,9,Never-married,Other-service,Not-in-family,Black,Female,0,0,35,United-States,0,under25,0
45,Private,HS-grad,9,Married-civ-spouse,Machine-op-inspct,Husband,White,Male,0,0,40,United-States,0,25-44,0
20,Private,Some-college,10,Never-married,Other-service,Not-in-family,White,Female,0,0,30,United-States,0,under25,0
38,Private,Assoc-acdm,12,Married-civ-spouse,Exec-managerial,Husband,White,Male,0,0,55,Italy,0,25-44,1
30,Private,HS-grad,9,Married-civ-spouse,Craft-repair,Husband,White,Male,0,0,50,United-States,0,25-44,0
57,Private,7th-8th,4,Widowed,Machine-op-inspct,Unmarried,Black,Female,0,0,40,United-States,0,45plus,0
30,Private,Bachelors,13,Married-civ-spouse,Craft-repair,Husband,Asian-Pac-Islander,Male,0,0,36,Vietnam,1,25-44,0
51,Private,HS-grad,9,Married-civ-spouse,Adm-clerical,Husband,White,Male,0,0,50,United-States,0,45plus,0
53,Private,HS-grad,9,Separated,Transport-moving,Not-in-family,White,Male,0,0,30,United-States,0,45plus,0
71,Self-emp-not-inc,Masters,14,Married-civ-spouse,Sales,Husband,White,Male,10605,0,40,United-States,1,45plus,1
36,Private,Bachelors,13,Never-married,Prof-specialty,Not-in-family,White,Female,0,0,32,United-States,0,25-44,0
65,Private,HS-grad,9,Widowed,Adm-clerical,Unmarried,White,Female,0,0,40,United-States,0,45plus,0
39,Private,Some-college,10,Divorced,Sales,Own-child,White,Male,0,1380,70,United-States,0,25-44,0
52,Private,HS-grad,9,Married-civ-spouse,Sales,Husband,White,Male,7298,0,50,United-States,1,45plus,1
18,Private,12th,8,Never-married,Handlers-cleaners,Own-child,White,Male,0,0,6,United-States,0,under25,0
27,Private,HS-grad,9,Never-married,Sales,Own-child,Asian-Pac-Islander,Male,0,0,40,United-States,0,25-44,0
31,Local-gov,Some-college,10,Married-civ-spouse,Exec-managerial,Husband,White,Male,0,0,35,United-States,0,25-44,0
47,Self-emp-not-inc,HS-grad,9,Married-civ-spouse,Farming-fishing,Husband,White,Male,0,0,60,United-States,0,45plus,0
34,Private,HS-grad,9,Never-married,Other-service,Not-in-family,White,Female,0,0,28,United-States,0,25-44,0
23,Private,Bachelors,13,Never-married,Adm-clerical,Own-child,White,Female,0,0,35,United-States,0,under25,0
39,Self-emp-not-inc,Prof-school,15,Married-civ-spouse,Prof-specialty,Husband,White,Male,0,1977,50,United-States,1,25-44,1
44,Private,Some-college,10,Divorced,Exec-managerial,Not-in-family,White,Female,0,0,50,United-States,0,25-44,0
73,Private,Some-college,10,Married-civ-spouse,Adm-clerical,Wife,White,Female,20051,0,36,United-States,1,45plus,1
27,Private,Bachelors,13,Never-married,Sales,Not-in-family,White,Female,0,0,40,United-States,0,25-44,0
52,Local-gov,Some-college,10,Married-civ-spouse,Transport-moving,Husband,White,Male,0,0,40,United-States,0,45plus,0
63,Private,HS-grad,9,Married-civ-spouse,Adm-clerical,Wife,White,Female,3471,0,40,United-States,0,45plus,0
29,Private,Some-college,10,Never-married,Craft-repair,Not-in-family,White,Female,0,0,40,United-States,0,25-44,0
19,Private,Some-college,10,Never-married,Other-service,Own-child,White,Female,0,0,25,United-States,0,under25,0
20,Private,Some-college,10,Never-married,Sales,Own-child,Asian-Pac-Islander,Female,0,0,20,United-States,0,under25,0
36,Private,Assoc-acdm,12,Never-married,Exec-managerial,Unmarried,White,Male,0,0,50,United-States,0,25-44,0
22,Private,Some-college,10,Never-married,Craft-repair,Own-child,White,Female,0,0,35,United-States,0,under25,0
52,Private,7th-8th,4,Never-married,Other-service,Own-child,White,Female,0,0,7,United-States,0,45plus,0
36,Private,HS-grad,9,Divorced,Craft-repair,Unmarried,White,Male,0,0,40,United-States,0,25-44,0
24,Private,11th,7,Never-married,Handlers-cleaners,Not-in-family,White,Male,0,0,40,United-States,0,under25,0
29,Private,Some-college,10,Married-civ-spouse,Tech-support,Husband,White,Male,0,0,40,United-States,0,25-44,0
36,Private,Some-college,10,Widowed,Sales,Not-in-family,White,Female,0,0,20,United-States,0,25-44,0
26,Private,Bachelors,13,Married-civ-spouse,Exec-managerial,Wife,White,Female,0,0,45,United-States,1,25-44,1
22,Private,Assoc-voc,11,Never-married,Sales,Not-in-family,Black,Female,0,0,25,United-States,0,under25,0
23,Private,Bachelors,13,Never-married,Other-service,Not-in-family,White,Female,0,0,40,United-States,0,under25,0
46,Self-emp-not-inc,HS-grad,9,Married-civ-spouse,Farming-fishing,Husband,White,Male,0,1672,50,United-States,0,45plus,0
38,Private,HS-grad,9,Divorced,Craft-repair,Not-in-family,Black,Male,0,0,40,United-States,0,25-44,0
49,Private,Bachelors,13,Married-civ-spouse,Prof-specialty,Husband,White,Male,5013,0,45,United-States,0,45plus,1
22,Private,HS-grad,9,Never-married,Sales,Not-in-family,White,Female,0,0,30,United-States,0,under25,0
42,Self-emp-inc,Doctorate,16,Married-civ-spouse,Prof-specialty,Husband,White,Male,0,1977,60,United-States,1,25-44,1
19,Private,HS-grad,9,Never-married,Sales,Unmarried,Black,Male,0,0,30,Haiti,0,under25,0
51,Local-gov,7th-8th,4,Married-civ-spouse,Transport-moving,Husband,White,Male,0,0,40,United-States,0,45plus,0
59,Local-gov,Some-college,10,Married-civ-spouse,Exec-managerial,Husband,White,Male,0,0,60,United-States,1,45plus,1
19,Private,HS-grad,9,Never-married,Farming-fishing,Own-child,White,Male,0,0,40,United-States,0,under25,0
37,Local-gov,Prof-school,15,Married-civ-spouse,Prof-specialty,Husband,White,Male,0,0,60,United-States,1,25-44,1
58,Self-emp-not-inc,Masters,14,Married-civ-spouse,Exec-managerial,Husband,White,Male,0,0,50,United-States,0,45plus,1
31,Private,Some-college,10,Married-civ-spouse,Adm-clerical,Husband,White,Male,0,0,40,United-States,0,25-44,0
34,Private,Masters,14,Married-civ-spouse,Exec-managerial,Husband,Asian-Pac-Islander,Male,7298,0,35,Taiwan,1,25-44,1
28,Private,Some-college,10,Never-married,Craft-repair,Own-child,Amer-Indian-Eskimo,Male,0,0,40,United-States,0,25-44,0
62,Private,9th,5,Married-civ-spouse,Other-service,Husband,Black,Male,0,0,42,United-States,0,45plus,0
30,Private,Some-college,10,Married-civ-spouse,Machine-op-inspct,Husband,White,Male,0,0,40,United-States,1,25-44,0
61,Private,11th,7,Married-civ-spouse,Other-service,Husband,White,Male,0,0,40,United-States,1,45plus,0
38,Local-gov,Bachelors,13,Never-married,Exec-managerial,Unmarried,Asian-Pac-Islander,Male,0,1741,40,Vietnam,0,25-44,0
46,Private,Assoc-voc,11,Divorced,Adm-clerical,Not-in-family,White,Female,0,0,40,United-States,0,45plus,0
41,Private,Some-college,10,Divorced,Craft-repair,Not-in-family,White,Male,0,0,46,United-States,1,25-44,0
34,Private,Some-college,10,Never-married,Craft-repair,Not-in-family,White,Male,0,0,40,United-States,0,25-44,0
50,State-gov,Masters,14,Divorced,Prof-specialty,Unmarried,White,Female,0,0,40,United-States,0,45plus,0
37,Self-emp-not-inc,HS-grad,9,Married-civ-spouse,Tech-support,Husband,White,Male,0,0,30,United-States,0,25-44,0
24,Private,HS-grad,9,Married-civ-spouse,Transport-moving,Own-child,White,Female,0,0,40,United-States,0,under25,0
60,Private,7th-8th,4,Married-spouse-absent,Machine-op-inspct,Not-in-family,White,Male,0,0,40,United-States,0,45plus,0
53,Private,Bachelors,13,Divorced,Exec-managerial,Not-in-family,White,Male,0,0,70,United-States,0,45plus,0
43,Private,Bachelors,13,Married-civ-spouse,Adm-clerical,Husband,White,Male,0,0,40,United-States,1,25-44,1
23,Local-gov,Some-college,10,Never-married,Other-service,Not-in-family,Black,Male,0,0,30,United-States,0,under25,0
36,Private,HS-grad,9,Never-married,Tech-support,Not-in-family,White,Male,0,0,50,United-States,0,25-44,0
20,Private,Some-college,10,Never-married,Other-service,Own-child,White,Male,0,0,27,United-States,0,under25,0
25,Local-gov,Bachelors,13,Never-married,Exec-managerial,Not-in-family,White,Female,0,0,20,United-States,0,under25,0
46,Private,Bachelors,13,Married-civ-spouse,Exec-managerial,Husband,White,Male,0,0,50,United-States,1,45plus,1
36,Self-emp-not-inc,Masters,14,Married-civ-spouse,Prof-specialty,Husband,White,Male,0,0,45,United-States,1,25-44,1
22,Private,HS-grad,9,Never-married,Other-service,Own-child,Black,Male,0,0,30,United-States,0,under25,0
24,Private,Bachelors,13,Never-married,Adm-clerical,Own-child,White,Male,0,0,40,United-States,0,under25,0
62,Private,Masters,14,Married-civ-spouse,Prof-specialty,Husband,White,Male,0,0,40,United-States,1,45plus,1
39,State-gov,Some-college,10,Married-civ-spouse,Protective-serv,Husband,White,Male,0,0,70,United-States,0,25-44,0
55,Private,HS-grad,9,Married-civ-spouse,Transport-moving,Husband,White,Male,7688,0,40,United-States,1,45plus,1
29,Private,Bachelors,13,Married-civ-spouse,Exec-managerial,Husband,White,Male,0,0,52,Yugoslavia,1,25-44,1
42,Self-emp-not-inc,HS-grad,9,Separated,Other-service,Not-in-family,White,Female,0,0,22,United-States,0,25-44,0
24,Self-emp-not-inc,Some-college,10,Never-married,Farming-fishing,Own-child,White,Male,0,0,60,United-States,0,under25,0
45,Federal-gov,Bachelors,13,Never-married,Exec-managerial,Not-in-family,White,Female,0,0,40,United-States,0,25-44,0
51,Local-gov,Doctorate,16,Married-civ-spouse,Prof-specialty,Husband,White,Male,0,1887,40,United-States,1,45plus,1
24,Private,HS-grad,9,Married-civ-spouse,Farming-fishing,Husband,Black,Male,0,0,35,United-States,0,under25,0
19,Private,HS-grad,9,Never-married,Sales,Not-in-family,White,Male,4101,0,48,United-States,0,under25,0
39,Private,HS-grad,9,Separated,Other-service,Other-relative,Black,Male,0,0,40,United-States,0,25-44,0
20,Private,HS-grad,9,Married-civ-spouse,Handlers-cleaners,Husband,White,Male,0,0,48,United-States,0,under25,0
29,Private,12th,8,Never-married,Other-service,Not-in-family,Other,Male,0,0,40,United-States,0,25-44,0
66,Self-emp-inc,Bachelors,13,Married-civ-spouse,Exec-managerial,Husband,White,Male,10605,0,40,United-States,1,45plus,1
49,Private,Bachelors,13,Married-civ-spouse,Exec-managerial,Wife,White,Female,0,0,43,United-States,0,45plus,1
38,Private,Bachelors,13,Married-civ-spouse,Adm-clerical,Husband,White,Male,7298,0,50,United-States,1,25-44,1
50,Private,Bachelors,13,Married-civ-spouse,Sales,Husband,White,Male,0,0,40,United-States,0,45plus,1
62,Private,7th-8th,4,Married-civ-spouse,Protective-serv,Husband,White,Male,0,0,40,Cuba,0,45plus,0
43,Private,Some-college,10,Married-civ-spouse,Craft-repair,Husband,White,Male,0,0,60,United-States,0,25-44,0
67,Private,HS-grad,9,Married-civ-spouse,Priv-house-serv,Wife,Black,Female,0,0,20,United-States,0,45plus,0
36,Private,HS-grad,9,Married-civ-spouse,Exec-managerial,Husband,White,Male,0,0,40,United-States,0,25-44,0
23,Private,Bachelors,13,Never-married,Exec-managerial,Not-in-family,White,Female,0,0,50,United-States,0,under25,0
43,Private,5th-6th,3,Never-married,Machine-op-inspct,Unmarried,White,Female,0,0,40,Mexico,0,25-44,0
37,Private,HS-grad,9,Married-civ-spouse,Machine-op-inspct,Husband,Black,Male,0,0,40,United-States,0,25-44,0
69,Self-emp-not-inc,7th-8th,4,Married-civ-spouse,Sales,Husband,White,Male,0,0,55,United-States,0,45plus,0
26,Self-emp-not-inc,Bachelors,13,Married-civ-spouse,Exec-managerial,Husband,White,Male,0,0,20,United-States,0,25-44,0
49,Private,Bachelors,13,Married-spouse-absent,Adm-clerical,Not-in-family,Amer-Indian-Eskimo,Male,0,0,40,Philippines,0,45plus,0
36,Private,9th,5,Married-civ-spouse,Sales,Own-child,White,Male,0,0,50,United-States,1,25-44,0
42,Private,HS-grad,9,Married-civ-spouse,Transport-moving,Husband,Amer-Indian-Eskimo,Male,0,0,60,United-States,0,25-44,0
59,Private,HS-grad,9,Divorced,Machine-op-inspct,Not-in-family,White,Female,0,0,40,United-States,0,45plus,0
42,Self-emp-not-inc,Prof-school,15,Divorced,Prof-specialty,Unmarried,White,Male,0,0,60,United-States,1,25-44,0
34,Private,Assoc-voc,11,Married-civ-spouse,Machine-op-inspct,Husband,White,Male,0,0,40,United-States,0,25-44,0
21,Private,HS-grad,9,Never-married,Craft-repair,Own-child,Black,Male,0,0,40,United-States,0,under25,0
28,Local-gov,Bachelors,13,Never-married,Prof-specialty,Not-in-family,Black,Female,0,0,60,United-States,0,25-44,0
36,Private,HS-grad,9,Never-married,Adm-clerical,Not-in-family,Black,Female,0,0,40,United-States,0,25-44,0
21,Private,10th,6,Separated,Sales,Unmarried,Black,Female,0,0,38,United-States,0,under25,0
41,Private,Bachelors,13,Married-civ-spouse,Exec-managerial,Husband,White,Male,0,0,40,United-States,1,25-44,1
55,Private,HS-grad,9,Divorced,Exec-managerial,Not-in-family,White,Male,0,0,60,United-States,1,45plus,0
40,State-gov,Masters,14,Divorced,Exec-managerial,Unmarried,White,Female,1506,0,40,United-States,0,25-44,0
55,Private,HS-grad,9,Married-civ-spouse,Other-service,Other-relative,Asian-Pac-Islander,Male,0,0,40,Philippines,0,45plus,0
31,Private,HS-grad,9,Married-civ-spouse,Craft-repair,Husband,White,Male,0,0,40,United-States,0,25-44,0
18,Private,HS-grad,9,Never-married,Adm-clerical,Own-child,White,Female,0,0,40,United-States,0,under25,0
27,Private,Bachelors,13,Married-spouse-absent,Adm-clerical,Not-in-family,White,Male,0,0,40,United-States,0,25-44,0
28,Private,Masters,14,Divorced,Sales,Own-child,White,Female,0,0,40,United-States,0,25-44,0
24,Private,Bachelors,13,Never-married,Adm-clerical,Own-child,White,Female,0,0,20,United-States,0,under25,0
41,Private,Bachelors,13,Married-civ-spouse,Exec-managerial,Husband,White,Male,7688,0,50,United-States,1,25-44,1
61,Private,HS-grad,9,Never-married,Adm-clerical,Not-in-family,White,Female,0,0,40,United-States,0,45plus,0
51,Self-emp-not-inc,HS-grad,9,Married-civ-spouse,Farming-fishing,Husband,White,Male,3103,0,60,United-States,1,45plus,0
41,Private,Masters,14,Never-married,Exec-managerial,Not-in-family,White,Male,27828,0,50,United-States,1,25-44,1
23,Private,Bachelors,13,Never-married,Sales,Own-child,White,Male,0,0,32,United-States,0,under25,0
36,Private,Masters,14,Married-civ-spouse,Sales,Husband,White,Male,7688,0,50,United-States,1,25-44,1
40,Private,Assoc-voc,11,Married-civ-spouse,Exec-managerial,Husband,White,Male,0,0,50,United-States,1,25-44,1
34,Private,HS-grad,9,Separated,Exec-managerial,Unmarried,White,Female,0,0,30,United-States,0,25-44,0
58,Private,7th-8th,4,Divorced,Machine-op-inspct,Own-child,White,Male,0,0,40,United-States,0,45plus,0
27,Private,Prof-school,15,Never-married,Prof-specialty,Not-in-family,White,Male,0,0,50,United-States,0,25-44,0
31,Private,Bachelors,13,Never-married,Exec-managerial,Not-in-family,White,Female,0,1408,40,United-States,0,25-44,0
44,Self-emp-not-inc,HS-grad,9,Married-civ-spouse,Exec-managerial,Husband,White,Male,0,0,66,United-States,0,25-44,0
33,Private,HS-grad,9,Divorced,Other-service,Own-child,White,Female,0,0,40,United-States,0,25-44,0
24,Private,HS-grad,9,Never-married,Sales,Own-child,White,Female,0,0,55,United-States,0,under25,0
41,Private,Some-college,10,Married-civ-spouse,Exec-managerial,Wife,White,Female,0,1902,40,United-States,1,25-44,1
36,Private,Assoc-acdm,12,Divorced,Adm-clerical,Unmarried,White,Female,0,0,42,United-States,0,25-44,0
58,Private,HS-grad,9,Married-civ-spouse,Exec-managerial,Husband,White,Male,0,0,60,United-States,1,45plus,0
37,Private,Bachelors,13,Married-civ-spouse,Exec-managerial,Husband,White,Male,0,0,50,United-States,1,25-44,1
36,Private,Bachelors,13,Married-civ-spouse,Prof-specialty,Husband,White,Male,0,0,45,United-States,0,25-44,1
23,Private,Some-college,10,Never-married,Adm-clerical,Own-child,White,Male,0,0,20,United-States,0,under25,0
49,Self-emp-not-inc,Assoc-acdm,12,Married-civ-spouse,Craft-repair,Husband,White,Male,0,0,30,Columbia,0,45plus,0
47,Self-emp-not-inc,Some-college,10,Divorced,Other-service,Not-in-family,White,Female,0,0,45,United-States,0,45plus,0
40,Private,9th,5,Never-married,Craft-repair,Other-relative,Black,Male,0,0,49,United-States,0,25-44,0
58,Self-emp-not-inc,HS-grad,9,Married-civ-spouse,Farming-fishing,Husband,White,Male,0,0,50,United-States,0,45plus,0
48,Private,Some-college,10,Widowed,Sales,Unmarried,White,Male,0,0,50,United-States,1,45plus,0
57,Private,Assoc-acdm,12,Divorced,Tech-support,Not-in-family,White,Female,0,0,40,United-States,0,45plus,0
22,Private,10th,6,Never-married,Adm-clerical,Not-in-family,White,Female,0,0,40,United-States,0,under25,0
35,Private,Bachelors,13,Never-married,Exec-managerial,Not-in-family,White,Female,0,0,50,United-States,1,25-44,0
29,Private,Bachelors,13,Never-married,Prof-specialty,Own-child,White,Female,0,0,72,United-States,0,25-44,0
75,Self-emp-inc,Some-college,10,Widowed,Sales,Not-in-family,White,Male,0,0,40,United-States,1,45plus,0
23,Private,12th,8,Never-married,Sales,Own-child,White,Female,0,0,25,United-States,0,under25,0
25,Private,HS-grad,9,Married-civ-spouse,Handlers-cleaners,Husband,White,Male,2407,0,40,United-States,0,under25,0
59,Private,9th,5,Separated,Machine-op-inspct,Unmarried,White,Female,0,0,40,Mexico,0,45plus,0
30,State-gov,Bachelors,13,Married-civ-spouse,Prof-specialty,Husband,Asian-Pac-Islander,Male,0,0,40,India,1,25-44,0
50,Private,Some-college,10,Married-civ-spouse,Sales,Husband,White,Male,0,0,40,United-States,0,45plus,0
52,Federal-gov,Bachelors,13,Married-civ-spouse,Protective-serv,Husband,White,Male,0,0,60,United-States,1,45plus,1
58,Private,Some-college,10,Married-civ-spouse,Prof-specialty,Husband,White,Male,0,0,42,United-States,0,45plus,1
27,Private,Masters,14,Never-married,Machine-op-inspct,Not-in-family,White,Female,0,0,40,United-States,0,25-44,0
40,Private,HS-grad,9,Divorced,Craft-repair,Not-in-family,White,Female,0,0,40,United-States,0,25-44,0
33,Self-emp-not-inc,HS-grad,9,Married-civ-spouse,Craft-repair,Husband,White,Male,0,0,40,United-States,0,25-44,0
21,Private,HS-grad,9,Never-married,Other-service,Own-child,White,Female,0,0,35,United-States,0,under25,0
43,Private,Assoc-voc,11,Married-civ-spouse,Sales,Husband,White,Male,0,0,40,United-States,1,25-44,0
52,Self-emp-not-inc,Some-college,10,Never-married,Adm-clerical,Unmarried,White,Male,0,0,5,United-States,0,45plus,0
26,State-gov,Bachelors,13,Never-married,Exec-managerial,Not-in-family,White,Female,0,0,35,United-States,0,25-44,0
49,Local-gov,Masters,14,Never-married,Prof-specialty,Not-in-family,White,Female,0,0,80,United-States,0,45plus,0
53,Private,HS-grad,9,Widowed,Machine-op-inspct,Not-in-family,White,Female,0,0,40,United-States,0,45plus,0
46,Federal-gov,HS-grad,9,Married-civ-spouse,Adm-clerical,Husband,White,Male,0,0,40,United-States,1,45plus,0
22,Private,Some-college,10,Never-married,Adm-clerical,Own-child,White,Male,0,0,40,United-States,0,under25,0
40,Local-gov,HS-grad,9,Married-civ-spouse,Craft-repair,Husband,Black,Male,0,0,35,United-States,0,25-44,0
49,Private,Masters,14,Married-spouse-absent,Prof-specialty,Not-in-family,White,Male,0,0,40,United-States,0,45plus,0
58,Local-gov,Bachelors,13,Married-civ-spouse,Prof-specialty,Wife,White,Female,0,0,40,United-States,1,45plus,1
50,Self-emp-not-inc,Doctorate,16,Divorced,Prof-specialty,Not-in-family,White,Female,0,0,60,United-States,1,45plus,1
46,Private,Some-college,10,Married-civ-spouse,Craft-repair,Husband,Asian-Pac-Islander,Male,0,0,40,Vietnam,0,45plus,0
41,Private,Bachelors,13,Married-civ-spouse,Tech-support,Husband,White,Male,0,0,38,United-States,0,25-44,1
53,Self-emp-inc,11th,7,Widowed,Exec-managerial,Not-in-family,White,Female,0,0,30,United-States,0,45plus,0
40,Private,HS-grad,9,Never-married,Adm-clerical,Unmarried,Black,Female,0,0,35,United-States,0,25-44,0
19,Private,Some-college,10,Never-married,Other-service,Own-child,White,Female,0,0,25,United-States,0,under25,0
29,Private,HS-grad,9,Never-married,Sales,Not-in-family,White,Female,0,0,35,United-States,0,25-44,0
54,Private,Assoc-acdm,12,Widowed,Adm-clerical,Unmarried,White,Female,0,0,30,United-States,0,45plus,0
19,Private,HS-grad,9,Never-married,Handlers-cleaners,Own-child,White,Male,0,0,28,United-States,0,under25,0
54,Private,9th,5,Married-civ-spouse,Exec-managerial,Husband,White,Male,0,0,45,United-States,1,45plus,0
28,Self-emp-not-inc,HS-grad,9,Never-married,Craft-repair,Own-child,White,Male,0,0,40,United-States,0,25-44,0
33,Private,Prof-school,15,Never-married,Prof-specialty,Not-in-family,White,Female,0,0,50,United-States,1,25-44,0
42,Self-emp-inc,Masters,14,Married-civ-spouse,Exec-managerial,Husband,White,Male,0,0,40,United-States,1,25-44,1
42,Local-gov,Bachelors,13,Married-civ-spouse,Prof-specialty,Husband,White,Male,0,0,60,United-States,1,25-44,1
36,Private,11th,7,Married-civ-spouse,Craft-repair,Husband,White,Male,0,0,60,United-States,0,25-44,0
21,Private,1st-4th,2,Married-civ-spouse,Other-service,Other-relative,White,Male,0,0,40,England,0,under25,0
39,Local-gov,Some-college,10,Married-civ-spouse,Exec-managerial,Husband,White,Male,0,0,40,United-States,0,25-44,0
34,Private,HS-grad,9,Married-civ-spouse,Exec-managerial,Husband,White,Male,0,1887,45,United-States,1,25-44,1
36,Private,HS-grad,9,Divorced,Craft-repair,Unmarried,White,Male,0,0,40,United-States,0,25-44,0
21,Private,12th,8,Married-civ-spouse,Craft-repair,Husband,White,Male,0,0,40,United-States,0,under25,0
53,Local-gov,Bachelors,13,Divorced,Prof-specialty,Unmarried,White,Female,0,0,57,United-States,0,45plus,0
52,Self-emp-inc,Bachelors,13,Married-civ-spouse,Sales,Husband,White,Male,0,0,55,United-States,0,45plus,1
38,Private,Bachelors,13,Divorced,Exec-managerial,Not-in-family,White,Male,6849,0,60,United-States,0,25-44,0
22,Private,HS-grad,9,Never-married,Adm-clerical,Own-child,White,Male,0,0,40,United-States,0,under25,0
42,Private,Masters,14,Married-civ-spouse,Sales,Husband,White,Male,0,0,50,United-States,1,25-44,1
42,Self-emp-not-inc,Assoc-acdm,12,Divorced,Craft-repair,Own-child,Amer-Indian-Eskimo,Male,0,0,35,United-States,0,25-44,0
47,Local-gov,HS-grad,9,Divorced,Exec-managerial,Not-in-family,White,Female,0,0,40,United-States,0,45plus,0
43,Local-gov,Masters,14,Divorced,Prof-specialty,Unmarried,White,Female,0,0,40,United-States,0,25-44,0
58,Private,HS-grad,9,Married-civ-spouse,Craft-repair,Husband,White,Male,0,0,25,United-States,0,45plus,0
39,Private,Prof-school,15,Never-married,Prof-specialty,Not-in-family,White,Female,14084,0,35,United-States,1,25-44,1
31,Private,Bachelors,13,Divorced,Exec-managerial,Unmarried,White,Female,0,0,40,United-States,0,25-44,0
23,Private,HS-grad,9,Never-married,Adm-clerical,Own-child,Black,Female,0,0,40,United-States,0,under25,0
49,Self-emp-not-inc,10th,6,Never-married,Craft-repair,Not-in-family,Black,Male,0,0,32,United-States,0,45plus,0
42,Self-emp-not-inc,Some-college,10,Married-civ-spouse,Craft-repair,Husband,White,Male,0,0,45,United-States,0,25-44,0
41,Private,Assoc-voc,11,Never-married,Craft-repair,Not-in-family,White,Male,0,0,30,United-States,0,25-44,0
39,Local-gov,Masters,14,Divorced,Prof-specialty,Unmarried,White,Female,0,0,40,United-States,0,25-44,0
45,Federal-gov,HS-grad,9,Married-civ-spouse,Adm-clerical,Husband,White,Male,0,0,40,United-States,1,25-44,0
50,Local-gov,Masters,14,Divorced,Exec-managerial,Not-in-family,White,Female,4650,0,70,United-States,0,45plus,1
18,Private,11th,7,Never-married,Sales,Own-child,White,Male,0,0,13,United-States,0,under25,0
70,Private,10th,6,Married-civ-spouse,Handlers-cleaners,Husband,White,Male,0,0,32,United-States,0,45plus,0
42,Self-emp-not-inc,HS-grad,9,Divorced,Exec-managerial,Unmarried,White,Male,0,0,55,United-States,0,25-44,0
49,Private,HS-grad,9,Married-civ-spouse,Machine-op-inspct,Wife,White,Female,0,0,40,United-States,0,45plus,0
40,Private,Bachelors,13,Never-married,Sales,Not-in-family,White,Male,0,0,53,United-States,0,25-44,0
48,Private,Bachelors,13,Divorced,Handlers-cleaners,Not-in-family,White,Male,0,0,43,United-States,0,45plus,0
36,Local-gov,Bachelors,13,Divorced,Prof-specialty,Unmarried,White,Female,0,0,40,United-States,0,25-44,0
37,Private,Bachelors,13,Married-civ-spouse,Exec-managerial,Husband,White,Male,0,0,45,United-States,1,25-44,1
44,Private,Some-college,10,Divorced,Other-service,Unmarried,Black,Female,0,0,35,United-States,0,25-44,0
41,Local-gov,Some-college,10,Divorced,Other-service,Unmarried,White,Female,0,0,45,United-States,0,25-44,0
44,Private,Assoc-acdm,12,Divorced,Prof-specialty,Not-in-family,White,Female,0,0,40,United-States,1,25-44,0
68,Local-gov,10th,6,Separated,Other-service,Not-in-family,Black,Female,0,0,90,United-States,0,45plus,0
47,Private,Some-college,10,Divorced,Adm-clerical,Not-in-family,White,Female,0,0,60,United-States,0,45plus,0
34,Private,HS-grad,9,Married-civ-spouse,Craft-repair,Husband,White,Male,0,0,40,United-States,0,25-44,0
62,Self-emp-not-inc,7th-8th,4,Married-civ-spouse,Craft-repair,Husband,White,Male,0,0,10,United-States,0,45plus,0
33,Private,Some-college,10,Never-married,Prof-specialty,Not-in-family,Black,Male,0,0,40,United-States,0,25-44,0
44,Local-gov,12th,8,Married-civ-spouse,Handlers-cleaners,Husband,White,Male,0,0,40,United-States,0,25-44,0
29,Private,HS-grad,9,Divorced,Machine-op-inspct,Unmarried,White,Male,0,0,40,United-States,0,25-44,0
31,Private,HS-grad,9,Married-civ-spouse,Craft-repair,Wife,White,Female,0,0,45,United-States,0,25-44,0
48,Self-emp-not-inc,Doctorate,16,Never-married,Prof-specialty,Unmarried,White,Female,0,0,60,United-States,1,45plus,0
37,Private,Some-college,10,Married-civ-spouse,Craft-repair,Husband,White,Male,0,0,40,United-States,0,25-44,0
30,Private,HS-grad,9,Never-married,Sales,Other-relative,White,Male,0,0,40,United-States,0,25-44,0
22,Private,Some-college,10,Never-married,Sales,Other-relative,White,Male,0,0,38,United-States,0,under25,0
36,Private,HS-grad,9,Married-civ-spouse,Machine-op-inspct,Husband,White,Male,0,0,40,United-States,0,25-44,0
53,Self-emp-inc,Doctorate,16,Married-civ-spouse,Exec-managerial,Husband,White,Male,0,0,70,United-States,1,45plus,1
64,Private,HS-grad,9,Married-civ-spouse,Craft-repair,Husband,White,Male,0,0,40,United-States,0,45plus,0
43,Private,Assoc-acdm,12,Divorced,Craft-repair,Not-in-family,White,Male,0,0,40,United-States,0,25-44,0
49,Private,HS-grad,9,Divorced,Craft-repair,Unmarried,White,Male,0,0,40,United-States,0,45plus,0
46,Private,Assoc-acdm,12,Never-married,Adm-clerical,Not-in-family,White,Female,0,0,47,Cuba,0,45plus,0
30,Private,HS-grad,9,Married-civ-spouse,Sales,Husband,White,Male,0,0,45,United-States,0,25-44,0
21,Private,Some-college,10,Never-married,Other-service,Own-child,White,Male,0,0,15,United-States,0,under25,0
31,Self-emp-not-inc,Bachelors,13,Divorced,Exec-managerial,Unmarried,White,Male,0,0,60,United-States,1,25-44,0
54,Private,Some-college,10,Married-civ-spouse,Sales,Husband,White,Male,0,2415,50,United-States,1,45plus,1
51,Private,HS-grad,9,Married-civ-spouse,Machine-op-inspct,Husband,White,Male,0,0,40,United-States,0,45plus,0
21,Private,Some-college,10,Never-married,Machine-op-inspct,Own-child,White,Female,0,0,40,United-States,0,under25,0
43,Private,Some-college,10,Divorced,Prof-specialty,Unmarried,Black,Female,0,0,40,United-States,0,25-44,0
41,Private,11th,7,Married-civ-spouse,Protective-serv,Husband,White,Male,0,0,55,United-States,0,25-44,0
39,Private,Bachelors,13,Never-married,Prof-specialty,Not-in-family,White,Male,0,0,40,United-States,0,25-44,0
59,Private,Masters,14,Married-civ-spouse,Prof-specialty,Husband,White,Male,0,0,60,United-States,0,45plus,1
31,Local-gov,Assoc-acdm,12,Never-married,Adm-clerical,Own-child,Amer-Indian-Eskimo,Female,0,0,40,United-States,0,25-44,0
33,Private,Some-college,10,Married-civ-spouse,Craft-repair,Husband,White,Male,0,0,50,United-States,0,25-44,0
21,Private,Some-college,10,Never-married,Prof-specialty,Own-child,White,Male,0,0,10,United-States,0,under25,0
58,Private,HS-grad,9,Divorced,Exec-managerial,Unmarried,White,Female,0,0,40,United-States,0,45plus,0
36,Private,12th,8,Separated,Other-service,Unmarried,White,Female,0,0,40,Mexico,0,25-44,0
42,Local-gov,Some-college,10,Married-civ-spouse,Craft-repair,Husband,White,Male,0,0,40,United-States,1,25-44,0
42,Private,Bachelors,13,Married-civ-spouse,Adm-clerical,Husband,Asian-Pac-Islander,Male,0,0,40,Philippines,1,25-44,1
31,State-gov,Some-college,10,Married-civ-spouse,Adm-clerical,Husband,White,Male,0,0,38,United-States,0,25-44,0
46,Federal-gov,Prof-school,15,Married-civ-spouse,Prof-specialty,Husband,White,Male,15024,0,50,United-States,1,45plus,1
60,Self-emp-not-inc,Bachelors,13,Married-civ-spouse,Farming-fishing,Husband,White,Male,0,0,50,United-States,0,45plus,0
52,Private,Some-college,10,Divorced,Sales,Not-in-family,White,Male,0,0,50,United-States,0,45plus,0
28,Private,Some-college,10,Never-married,Adm-clerical,Not-in-family,White,Female,0,0,40,United-States,0,25-44,0
43,State-gov,HS-grad,9,Never-married,Transport-moving,Not-in-family,White,Male,0,0,60,United-States,0,25-44,0
41,Private,Some-college,10,Married-civ-spouse,Adm-clerical,Husband,White,Male,0,0,50,United-States,1,25-44,0
46,Private,HS-grad,9,Married-civ-spouse,Farming-fishing,Husband,White,Male,4064,0,55,United-States,0,45plus,0
62,Private,HS-grad,9,Married-civ-spouse,Craft-repair,Husband,White,Male,0,0,45,United-States,1,45plus,0
33,Local-gov,HS-grad,9,Separated,Other-service,Own-child,White,Female,0,0,80,United-States,0,25-44,0
46,Private,Some-college,10,Married-civ-spouse,Transport-moving,Husband,White,Male,0,1887,40,United-States,1,45plus,1
44,Federal-gov,Masters,14,Never-married,Prof-specialty,Not-in-family,White,Female,0,0,40,United-States,0,25-44,0
45,Private,Doctorate,16,Married-civ-spouse,Prof-specialty,Husband,White,Male,7688,0,50,United-States,1,25-44,1
46,Private,11th,7,Married-civ-spouse,Other-service,Wife,Black,Female,0,0,35,United-States,1,45plus,0
24,Private,Bachelors,13,Married-civ-spouse,Prof-specialty,Husband,White,Male,0,0,44,United-States,1,under25,0
26,Private,Bachelors,13,Never-married,Exec-managerial,Not-in-family,White,Female,0,1669,50,United-States,0,25-44,0
19,Private,HS-grad,9,Never-married,Machine-op-inspct,Own-child,Black,Female,0,0,20,United-States,0,under25,0
23,Private,1st-4th,2,Married-civ-spouse,Machine-op-inspct,Wife,Amer-Indian-Eskimo,Female,0,0,35,Mexico,0,under25,0
31,Private,HS-grad,9,Never-married,Other-service,Not-in-family,White,Female,0,0,30,United-States,0,25-44,0
48,Private,7th-8th,4,Married-civ-spouse,Machine-op-inspct,Husband,White,Male,0,0,40,United-States,0,45plus,0
47,Private,HS-grad,9,Married-civ-spouse,Protective-serv,Husband,White,Male,0,0,40,United-States,0,45plus,0
17,Private,9th,5,Never-married,Sales,Own-child,Black,Male,0,0,22,United-States,0,under25,0
28,Private,Some-college,10,Never-married,Priv-house-serv,Not-in-family,White,Female,0,0,40,United-States,0,25-44,0
45,Private,Some-college,10,Married-civ-spouse,Sales,Husband,White,Male,0,0,45,United-States,0,25-44,0
55,Private,Bachelors,13,Married-civ-spouse,Prof-specialty,Husband,White,Male,0,0,60,United-States,1,45plus,1
19,Private,HS-grad,9,Never-married,Craft-repair,Own-child,White,Male,0,0,35,United-States,0,under25,0
60,Private,9th,5,Married-civ-spouse,Farming-fishing,Husband,White,Male,0,0,45,United-States,0,45plus,0
47,Private,Some-college,10,Married-civ-spouse,Prof-specialty,Husband,White,Male,0,0,50,United-States,1,45plus,1
21,Private,HS-grad,9,Never-married,Exec-managerial,Own-child,White,Female,0,0,40,United-States,0,under25,0
60,Self-emp-not-inc,HS-grad,9,Married-civ-spouse,Sales,Husband,White,Male,0,0,40,United-States,0,45plus,0
43,Private,Some-college,10,Never-married,Exec-managerial,Unmarried,White,Male,0,0,50,United-States,0,25-44,0
46,Local-gov,Masters,14,Married-civ-spouse,Prof-specialty,Wife,White,Female,0,0,45,United-States,1,45plus,1
43,Private,Some-college,10,Married-civ-spouse,Transport-moving,Husband,White,Male,0,0,60,United-States,1,25-44,0
21,Private,HS-grad,9,Never-married,Adm-clerical,Own-child,White,Female,0,0,40,United-States,0,under25,0
48,Private,Some-college,10,Married-civ-spouse,Exec-managerial,Husband,White,Male,0,0,40,United-States,1,45plus,1
39,Private,Some-college,10,Married-civ-spouse,Transport-moving,Husband,White,Male,0,0,43,United-States,0,25-44,0
37,Private,Assoc-voc,11,Divorced,Sales,Not-in-family,White,Male,0,0,45,United-States,1,25-44,0
54,Local-gov,HS-grad,9,Married-civ-spouse,Other-service,Wife,White,Female,0,0,35,United-States,0,45plus,0
26,Private,Bachelors,13,Never-married,Exec-managerial,Not-in-family,White,Female,0,0,50,United-States,0,25-44,0
20,Private,HS-grad,9,Never-married,Other-service,Own-child,White,Male,0,0,40,United-States,0,under25,0
35,Private,9th,5,Married-civ-spouse,Machine-op-inspct,Husband,White,Male,0,0,40,Canada,0,25-44,0
45,Private,Assoc-acdm,12,Widowed,Tech-support,Unmarried,White,Male,0,0,40,United-States,1,25-44,0
24,Local-gov,Some-college,10,Never-married,Protective-serv,Not-in-family,White,Male,0,0,50,United-States,0,under25,0
27,Private,Bachelors,13,Never-married,Handlers-cleaners,Unmarried,White,Male,0,0,35,United-States,0,25-44,0
23,Private,Bachelors,13,Never-married,Adm-clerical,Own-child,White,Female,0,0,20,United-States,0,under25,0
22,Private,Some-college,10,Never-married,Adm-clerical,Own-child,White,Female,0,0,40,United-States,0,under25,0
31,Private,HS-grad,9,Married-civ-spouse,Transport-moving,Husband,White,Male,0,0,40,United-States,0,25-44,0
34,Federal-gov,Some-college,10,Married-civ-spouse,Machine-op-inspct,Husband,Black,Male,0,0,52,United-States,0,25-44,0
40,Private,Bachelors,13,Married-spouse-absent,Prof-specialty,Not-in-family,Asian-Pac-Islander,Male,13550,0,40,Cambodia,1,25-44,1
49,Private,Some-college,10,Divorced,Adm-clerical,Not-in-family,White,Male,0,0,40,United-States,0,45plus,0
32,Private,Bachelors,13,Never-married,Other-service,Not-in-family,Asian-Pac-Islander,Male,0,0,40,South,0,25-44,0
62,Self-emp-inc,Bachelors,13,Married-civ-spouse,Farming-fishing,Husband,White,Male,0,2415,60,United-States,1,45plus,1
24,Private,Some-college,10,Never-married,Adm-clerical,Own-child,White,Male,0,0,40,India,0,under25,0
28,Private,Bachelors,13,Married-civ-spouse,Tech-support,Husband,White,Male,0,0,40,United-States,1,25-44,0
48,Federal-gov,Some-college,10,Divorced,Exec-managerial,Not-in-family,White,Male,0,0,40,United-States,0,45plus,0
25,Private,HS-grad,9,Divorced,Other-service,Not-in-family,White,Male,2597,0,40,United-States,0,under25,0
52,Private,HS-grad,9,Divorced,Machine-op-inspct,Not-in-family,White,Female,0,0,38,United-States,0,45plus,0
38,Private,Some-college,10,Divorced,Transport-moving,Not-in-family,Black,Male,0,0,55,United-States,0,25-44,0
19,Private,HS-grad,9,Never-married,Craft-repair,Other-relative,White,Male,0,0,35,United-States,0,under25,0
31,Private,HS-grad,9,Divorced,Adm-clerical,Unmarried,White,Female,0,0,50,United-States,0,25-44,0
54,Self-emp-not-inc,Bachelors,13,Married-civ-spouse,Sales,Husband,White,Male,0,0,40,United-States,0,45plus,1
50,Private,Assoc-acdm,12,Divorced,Sales,Not-in-family,White,Female,0,0,40,United-States,0,45plus,0
35,State-gov,HS-grad,9,Married-civ-spouse,Protective-serv,Husband,White,Male,0,0,40,United-States,1,25-44,0
39,Private,Masters,14,Married-civ-spouse,Exec-managerial,Husband,White,Male,0,0,40,Cuba,1,25-44,1
36,Private,11th,7,Married-civ-spouse,Craft-repair,Husband,White,Male,0,0,50,United-States,0,25-44,0
37,Private,Bachelors,13,Married-civ-spouse,Exec-managerial,Husband,White,Male,0,0,50,United-States,1,25-44,1
32,Private,10th,6,Married-civ-spouse,Transport-moving,Husband,White,Male,0,0,40,United-States,0,25-44,0
31,Private,12th,8,Divorced,Other-service,Unmarried,White,Female,0,0,21,United-States,0,25-44,0
36,Private,HS-grad,9,Married-civ-spouse,Craft-repair,Husband,White,Male,0,0,40,United-States,1,25-44,0
27,Private,HS-grad,9,Never-married,Handlers-cleaners,Own-child,White,Male,0,0,40,United-States,0,25-44,0
31,Private,Assoc-acdm,12,Married-civ-spouse,Craft-repair,Husband,White,Male,0,0,40,United-States,1,25-44,0
46,Federal-gov,Some-college,10,Married-civ-spouse,Craft-repair,Husband,White,Male,0,0,40,United-States,1,45plus,0
20,Local-gov,HS-grad,9,Never-married,Adm-clerical,Own-child,White,Male,0,0,40,United-States,0,under25,0
32,Private,Some-college,10,Divorced,Prof-specialty,Not-in-family,White,Female,0,0,30,United-States,0,25-44,0
17,Private,11th,7,Never-married,Sales,Own-child,White,Female,0,0,16,United-States,0,under25,0
42,Private,HS-grad,9,Divorced,Sales,Not-in-family,White,Male,0,0,47,United-States,0,25-44,0
33,Private,7th-8th,4,Married-civ-spouse,Adm-clerical,Husband,White,Male,0,0,45,United-States,0,25-44,0
42,Private,10th,6,Married-civ-spouse,Craft-repair,Own-child,Other,Male,0,0,43,United-States,1,25-44,0
38,Local-gov,HS-grad,9,Married-civ-spouse,Transport-moving,Husband,White,Male,0,0,20,United-States,0,25-44,0
24,Private,Bachelors,13,Never-married,Exec-managerial,Not-in-family,White,Male,0,0,40,United-States,0,under25,0
65,Private,Some-college,10,Widowed,Adm-clerical,Not-in-family,White,Female,0,0,15,United-States,0,45plus,0
42,Private,Some-college,10,Never-married,Sales,Not-in-family,White,Male,0,0,45,United-States,0,25-44,0
20,State-gov,Some-college,10,Never-married,Prof-specialty,Own-child,White,Male,0,0,40,United-States,0,under25,0
46,Private,10th,6,Divorced,Adm-clerical,Own-child,Black,Male,0,0,40,United-States,0,45plus,0
67,Private,Masters,14,Married-civ-spouse,Sales,Husband,White,Male,0,0,30,United-States,1,45plus,1
21,Private,HS-grad,9,Married-civ-spouse,Handlers-cleaners,Husband,White,Male,0,0,32,United-States,0,under25,0
26,Private,HS-grad,9,Married-civ-spouse,Adm-clerical,Wife,White,Female,0,0,52,United-States,1,25-44,0
36,Local-gov,HS-grad,9,Never-married,Other-service,Not-in-family,White,Male,0,0,40,United-States,0,25-44,0
29,Private,Some-college,10,Separated,Handlers-cleaners,Not-in-family,Black,Male,0,0,42,United-States,0,25-44,0
42,Private,Some-college,10,Married-civ-spouse,Sales,Husband,White,Male,0,0,50,United-States,1,25-44,0
24,Private,Some-college,10,Married-civ-spouse,Craft-repair,Husband,White,Male,0,0,60,United-States,0,under25,0
30,Private,Some-college,10,Married-civ-spouse,Machine-op-inspct,Husband,White,Male,0,0,40,United-States,1,25-44,0
64,Private,Bachelors,13,Never-married,Sales,Unmarried,White,Female,0,0,40,Peru,0,45plus,0
67,Private,Bachelors,13,Married-civ-spouse,Prof-specialty,Husband,White,Male,0,0,40,United-States,1,45plus,1
43,Private,Assoc-acdm,12,Married-civ-spouse,Handlers-cleaners,Husband,White,Male,0,0,60,United-States,0,25-44,0
68,Private,HS-grad,9,Married-civ-spouse,Protective-serv,Husband,White,Male,0,0,24,United-States,0,45plus,0
44,Private,Bachelors,13,Married-civ-spouse,Exec-managerial,Husband,White,Male,0,0,40,United-States,1,25-44,1
47,Self-emp-not-inc,Bachelors,13,Widowed,Exec-managerial,Unmarried,Asian-Pac-Islander,Female,0,0,60,Thailand,0,45plus,0
21,Private,HS-grad,9,Never-married,Handlers-cleaners,Own-child,White,Female,0,0,40,United-States,0,under25,0
18,Private,11th,7,Married-civ-spouse,Craft-repair,Husband,White,Male,0,0,40,United-States,0,under25,0
33,Private,Bachelors,13,Married-civ-spouse,Adm-clerical,Husband,White,Male,0,0,60,Iran,1,25-44,1
56,Private,HS-grad,9,Married-civ-spouse,Craft-repair,Husband,White,Male,0,0,40,United-States,0,45plus,0
38,Self-emp-inc,Some-college,10,Married-civ-spouse,Exec-managerial,Husband,White,Male,7298,0,40,United-States,1,25-44,1
35,Private,Some-college,10,Married-civ-spouse,Craft-repair,Husband,White,Male,2407,0,40,United-States,0,25-44,0
46,Self-emp-not-inc,Masters,14,Married-civ-spouse,Exec-managerial,Husband,White,Male,0,0,45,United-States,1,45plus,1
42,Private,HS-grad,9,Divorced,Machine-op-inspct,Not-in-family,White,Female,0,0,40,United-States,0,25-44,0
73,Self-emp-not-inc,HS-grad,9,Married-civ-spouse,Exec-managerial,Husband,White,Male,0,0,40,United-States,0,45plus,0
24,Private,HS-grad,9,Never-married,Transport-moving,Own-child,White,Male,0,0,50,United-States,0,under25,0
65,Private,HS-grad,9,Married-civ-spouse,Sales,Husband,White,Male,0,0,18,United-States,0,45plus,0
46,Private,Bachelors,13,Married-civ-spouse,Sales,Husband,White,Male,0,0,50,Germany,1,45plus,1
49,Federal-gov,Assoc-voc,11,Married-civ-spouse,Craft-repair,Husband,Asian-Pac-Islander,Male,0,0,40,United-States,1,45plus,0
50,Private,12th,8,Married-civ-spouse,Sales,Husband,Asian-Pac-Islander,Male,0,0,40,Cambodia,1,45plus,0
62,Self-emp-inc,Bachelors,13,Divorced,Sales,Not-in-family,White,Male,99999,0,40,United-States,1,45plus,1
68,Private,Assoc-voc,11,Widowed,Exec-managerial,Not-in-family,White,Female,0,0,40,United-States,0,45plus,0
27,Private,HS-grad,9,Divorced,Handlers-cleaners,Not-in-family,White,Male,0,0,40,United-States,0,25-44,0
39,Private,HS-grad,9,Married-civ-spouse,Adm-clerical,Husband,White,Male,4508,0,24,United-States,0,25-44,0
59,Private,Bachelors,13,Divorced,Exec-managerial,Not-in-family,White,Male,0,0,40,United-States,0,45plus,0
40,Private,10th,6,Separated,Transport-moving,Own-child,White,Male,0,0,35,United-States,0,25-44,0
33,Private,Some-college,10,Never-married,Craft-repair,Not-in-family,Black,Male,0,0,40,United-States,0,25-44,0
52,Private,HS-grad,9,Married-civ-spouse,Craft-repair,Husband,White,Male,0,0,40,United-States,1,45plus,0
26,Private,HS-grad,9,Married-civ-spouse,Transport-moving,Husband,Other,Male,0,0,40,United-States,0,25-44,0
36,Federal-gov,HS-grad,9,Married-civ-spouse,Adm-clerical,Husband,White,Male,0,0,40,United-States,0,25-44,0
44,Private,HS-grad,9,Married-civ-spouse,Transport-moving,Husband,White,Male,0,0,40,United-States,0,25-44,0
27,Private,Bachelors,13,Never-married,Adm-clerical,Not-in-family,White,Female,0,0,40,United-States,0,25-44,0
46,Private,HS-grad,9,Married-civ-spouse,Tech-support,Husband,Black,Male,0,0,40,United-States,1,45plus,0
49,Private,Some-college,10,Never-married,Exec-managerial,Not-in-family,Black,Female,0,0,40,United-States,0,45plus,0
28,Private,Some-college,10,Divorced,Sales,Unmarried,White,Female,0,0,45,United-States,0,25-44,0
20,Private,Some-college,10,Never-married,Farming-fishing,Own-child,White,Male,0,0,10,United-States,0,under25,0
49,Local-gov,Masters,14,Never-married,Prof-specialty,Not-in-family,White,Female,4650,0,40,United-States,0,45plus,0
22,Private,Bachelors,13,Never-married,Exec-managerial,Own-child,White,Female,0,0,50,United-States,0,under25,0
38,Private,Assoc-voc,11,Married-civ-spouse,Craft-repair,Husband,White,Male,0,0,50,United-States,1,25-44,0
43,Federal-gov,Bachelors,13,Married-spouse-absent,Tech-support,Not-in-family,Asian-Pac-Islander,Male,0,0,40,United-States,0,25-44,0
46,Private,HS-grad,9,Divorced,Adm-clerical,Not-in-family,White,Female,0,0,40,United-States,0,45plus,0
34,Private,Bachelors,13,Married-civ-spouse,Other-service,Wife,Asian-Pac-Islander,Female,7688,0,50,Philippines,1,25-44,1
22,Private,Some-college,10,Married-civ-spouse,Other-service,Husband,White,Male,0,0,35,United-States,0,under25,0
22,Private,HS-grad,9,Never-married,Other-service,Own-child,White,Male,0,0,50,United-States,0,under25,0
31,Private,HS-grad,9,Married-civ-spouse,Craft-repair,Husband,White,Male,0,0,65,United-States,0,25-44,0
29,Private,HS-grad,9,Married-civ-spouse,Prof-specialty,Husband,White,Male,0,0,40,United-States,1,25-44,0
33,Private,12th,8,Divorced,Exec-managerial,Not-in-family,White,Male,0,0,40,United-States,0,25-44,0
34,Private,Doctorate,16,Married-civ-spouse,Prof-specialty,Husband,White,Male,0,0,60,United-States,1,25-44,1
28,Private,11th,7,Married-civ-spouse,Transport-moving,Husband,White,Male,0,0,50,United-States,0,25-44,0
18,Private,11th,7,Never-married,Sales,Own-child,White,Female,0,0,15,United-States,0,under25,0
42,Private,Bachelors,13,Divorced,Prof-specialty,Not-in-family,White,Male,0,0,40,United-States,0,25-44,0
40,Private,HS-grad,9,Never-married,Exec-managerial,Not-in-family,Amer-Indian-Eskimo,Male,6849,0,43,United-States,0,25-44,0
22,Private,HS-grad,9,Married-civ-spouse,Craft-repair,Husband,White,Male,0,0,40,United-States,0,under25,0
21,Private,Some-college,10,Never-married,Sales,Own-child,White,Male,0,0,40,Columbia,0,under25,0
52,Private,Some-college,10,Divorced,Exec-managerial,Not-in-family,White,Female,0,0,50,United-States,0,45plus,0
45,State-gov,Some-college,10,Married-civ-spouse,Adm-clerical,Husband,White,Male,0,0,40,United-States,0,25-44,0
44,Self-emp-inc,HS-grad,9,Married-civ-spouse,Sales,Wife,White,Female,0,0,60,United-States,0,25-44,0
33,Private,HS-grad,9,Married-civ-spouse,Craft-repair,Husband,Black,Male,0,0,40,United-States,0,25-44,0
37,Private,Masters,14,Married-civ-spouse,Exec-managerial,Husband,White,Male,15024,0,45,United-States,1,25-44,1
24,Private,HS-grad,9,Never-married,Sales,Own-child,White,Male,0,0,45,United-States,0,under25,0
50,Federal-gov,Bachelors,13,Divorced,Exec-managerial,Not-in-family,White,Male,0,0,55,United-States,1,45plus,0
28,Private,Bachelors,13,Never-married,Adm-clerical,Not-in-family,White,Male,0,0,40,United-States,0,25-44,0
21,Self-emp-not-inc,Some-college,10,Never-married,Tech-support,Not-in-family,White,Male,0,0,25,United-States,0,under25,0
67,Self-emp-not-inc,Masters,14,Widowed,Prof-specialty,Not-in-family,White,Male,18481,0,2,United-States,1,45plus,1
30,Private,Bachelors,13,Married-civ-spouse,Sales,Husband,White,Male,0,0,40,United-States,1,25-44,1
59,Private,Prof-school,15,Married-spouse-absent,Prof-specialty,Unmarried,White,Male,0,0,50,United-States,0,45plus,0
37,Private,HS-grad,9,Married-civ-spouse,Craft-repair,Husband,White,Male,0,0,99,United-States,1,25-44,0
38,Private,Bachelors,13,Married-civ-spouse,Prof-specialty,Husband,Amer-Indian-Eskimo,Male,0,0,70,United-States,1,25-44,1
44,Private,HS-grad,9,Married-civ-spouse,Tech-support,Husband,White,Male,0,0,45,United-States,1,25-44,0
48,Self-emp-inc,HS-grad,9,Married-civ-spouse,Craft-repair,Husband,White,Male,7298,0,50,United-States,1,45plus,1
23,Private,Preschool,1,Never-married,Other-service,Own-child,White,Female,0,0,15,United-States,0,under25,0
66,Private,Some-college,10,Married-civ-spouse,Exec-managerial,Husband,White,Male,0,0,24,United-States,0,45plus,0
21,Private,Some-college,10,Married-civ-spouse,Machine-op-inspct,Husband,White,Male,0,0,20,United-States,0,under25,0
19,Private,Some-college,10,Never-married,Other-service,Own-child,White,Female,0,0,30,United-States,0,under25,0
37,Private,HS-grad,9,Married-civ-spouse,Craft-repair,Husband,White,Male,0,0,50,United-States,1,25-44,0
47,Local-gov,Some-college,10,Divorced,Adm-clerical,Unmarried,White,Female,0,0,38,Mexico,0,45plus,0
51,Private,Doctorate,16,Never-married,Prof-specialty,Not-in-family,White,Male,0,0,40,United-States,1,45plus,0
22,Private,HS-grad,9,Never-married,Other-service,Own-child,White,Female,0,0,35,United-States,0,under25,0
36,Self-emp-not-inc,9th,5,Married-civ-spouse,Craft-repair,Husband,White,Male,0,0,30,United-States,0,25-44,0
41,Private,HS-grad,9,Married-civ-spouse,Craft-repair,Husband,White,Male,0,0,40,United-States,0,25-44,0
23,Private,12th,8,Never-married,Machine-op-inspct,Own-child,White,Male,0,0,21,Mexico,0,under25,0
37,Local-gov,HS-grad,9,Never-married,Craft-repair,Not-in-family,White,Male,0,0,40,United-States,0,25-44,0
22,Private,HS-grad,9,Never-married,Adm-clerical,Not-in-family,White,Male,0,0,40,United-States,0,under25,0
25,Private,Some-college,10,Never-married,Other-service,Own-child,White,Male,0,0,40,Poland,0,under25,0
34,Private,Bachelors,13,Married-civ-spouse,Prof-specialty,Husband,White,Male,0,0,60,United-States,1,25-44,1
39,Private,10th,6,Married-civ-spouse,Handlers-cleaners,Husband,White,Male,0,0,45,United-States,0,25-44,0
30,Private,HS-grad,9,Never-married,Transport-moving,Own-child,Black,Male,0,0,40,United-States,0,25-44,0
30,Private,HS-grad,9,Never-married,Machine-op-inspct,Other-relative,White,Female,0,0,35,Puerto-Rico,0,25-44,0
36,Private,HS-grad,9,Never-married,Other-service,Own-child,White,Male,0,0,40,United-States,0,25-44,0
26,Private,Assoc-acdm,12,Never-married,Tech-support,Not-in-family,White,Male,0,0,45,United-States,0,25-44,0
26,Self-emp-inc,Bachelors,13,Never-married,Adm-clerical,Own-child,White,Female,0,0,50,United-States,0,25-44,0
24,Private,Bachelors,13,Never-married,Prof-specialty,Own-child,White,Male,0,0,20,United-States,0,under25,0
48,Local-gov,Masters,14,Divorced,Prof-specialty,Not-in-family,White,Female,0,0,40,United-States,1,45plus,0
55,Private,HS-grad,9,Divorced,Other-service,Unmarried,White,Female,0,0,40,United-States,0,45plus,0
34,Private,HS-grad,9,Married-civ-spouse,Craft-repair,Husband,White,Male,0,0,40,United-States,1,25-44,0
58,Self-emp-not-inc,Some-college,10,Married-civ-spouse,Farming-fishing,Husband,White,Male,0,0,35,United-States,0,45plus,0
29,Self-emp-not-inc,HS-grad,9,Married-civ-spouse,Machine-op-inspct,Husband,White,Male,0,0,40,United-States,0,25-44,0
44,Self-emp-inc,Some-college,10,Married-civ-spouse,Craft-repair,Husband,White,Male,0,0,58,United-States,1,25-44,1
27,Private,Some-college,10,Never-married,Craft-repair,Own-child,Asian-Pac-Islander,Male,0,1980,40,Philippines,0,25-44,0
27,Self-emp-not-inc,Assoc-voc,11,Never-married,Craft-repair,Own-child,White,Male,0,0,40,United-States,0,25-44,0
39,Private,7th-8th,4,Never-married,Other-service,Own-child,White,Male,0,0,40,Mexico,0,25-44,0
43,Private,HS-grad,9,Divorced,Other-service,Own-child,Asian-Pac-Islander,Female,0,0,40,South,0,25-44,0
40,Private,HS-grad,9,Divorced,Tech-support,Unmarried,White,Female,0,0,40,United-States,0,25-44,0
37,Private,HS-grad,9,Married-civ-spouse,Adm-clerical,Husband,White,Male,0,0,40,United-States,0,25-44,0
28,Private,Some-college,10,Never-married,Exec-managerial,Not-in-family,White,Female,0,0,50,United-States,0,25-44,0
24,Private,Some-college,10,Never-married,Sales,Unmarried,White,Male,0,0,50,Mexico,0,under25,0
60,Private,Some-college,10,Married-civ-spouse,Other-service,Husband,White,Male,0,0,40,United-States,0,45plus,0
46,Private,HS-grad,9,Divorced,Prof-specialty,Not-in-family,White,Female,0,0,40,United-States,0,45plus,0
33,Private,Bachelors,13,Married-civ-spouse,Exec-managerial,Husband,White,Male,0,0,40,United-States,1,25-44,1
51,State-gov,Bachelors,13,Married-civ-spouse,Exec-managerial,Husband,White,Male,0,0,35,United-States,1,45plus,1
23,Private,HS-grad,9,Married-civ-spouse,Machine-op-inspct,Wife,White,Female,3942,0,40,United-States,0,under25,0
35,Self-emp-not-inc,Bachelors,13,Married-civ-spouse,Sales,Husband,White,Male,0,0,60,Japan,0,25-44,1
27,Private,HS-grad,9,Never-married,Machine-op-inspct,Not-in-family,White,Male,0,0,40,United-States,0,25-44,0
60,Private,Bachelors,13,Married-civ-spouse,Exec-managerial,Husband,White,Male,0,0,45,United-States,1,45plus,1
39,Private,Assoc-voc,11,Married-civ-spouse,Tech-support,Husband,White,Male,0,0,40,United-States,0,25-44,0
31,Private,HS-grad,9,Married-civ-spouse,Transport-moving,Husband,White,Male,0,0,50,United-States,1,25-44,0
40,Private,Some-college,10,Divorced,Adm-clerical,Unmarried,White,Female,0,0,40,United-States,0,25-44,0
58,Private,7th-8th,4,Never-married,Handlers-cleaners,Not-in-family,White,Female,0,0,33,United-States,0,45plus,0
45,Private,Bachelors,13,Married-civ-spouse,Prof-specialty,Wife,Asian-Pac-Islander,Female,5178,0,40,Philippines,1,25-44,1
39,Private,Masters,14,Never-married,Other-service,Not-in-family,White,Female,0,0,32,United-States,0,25-44,0
46,Private,Some-college,10,Never-married,Adm-clerical,Not-in-family,White,Female,0,0,40,United-States,0,45plus,0
18,Private,12th,8,Never-married,Craft-repair,Own-child,White,Male,0,0,10,United-States,0,under25,0
19,Private,Some-college,10,Never-married,Sales,Own-child,White,Female,0,0,40,United-States,0,under25,0
52,Private,Some-college,10,Married-civ-spouse,Adm-clerical,Husband,White,Male,0,0,40,United-States,1,45plus,0
25,Private,Bachelors,13,Never-married,Tech-support,Not-in-family,White,Male,0,0,60,United-States,1,under25,0
48,Private,HS-grad,9,Married-civ-spouse,Adm-clerical,Husband,White,Male,0,0,70,United-States,1,45plus,0
49,Local-gov,Masters,14,Married-civ-spouse,Exec-managerial,Husband,Black,Male,0,0,47,United-States,1,45plus,1
34,Private,Bachelors,13,Never-married,Exec-managerial,Own-child,White,Male,0,0,40,United-States,0,25-44,0
34,Local-gov,Masters,14,Never-married,Prof-specialty,Not-in-family,White,Female,0,0,50,United-States,0,25-44,0
62,Private,Bachelors,13,Married-civ-spouse,Exec-managerial,Husband,White,Male,0,0,35,United-States,1,45plus,1
23,Private,Bachelors,13,Never-married,Exec-managerial,Own-child,White,Female,0,0,40,United-States,0,under25,0
26,Private,Bachelors,13,Never-married,Prof-specialty,Not-in-family,White,Male,0,0,48,United-States,0,25-44,0
28,Self-emp-not-inc,Bachelors,13,Married-civ-spouse,Sales,Wife,White,Female,0,0,5,United-States,0,25-44,0
48,Private,11th,7,Married-civ-spouse,Other-service,Wife,White,Female,0,0,40,United-States,0,45plus,0
42,Private,HS-grad,9,Divorced,Transport-moving,Not-in-family,White,Male,0,1980,46,United-States,0,25-44,0
21,Private,HS-grad,9,Never-married,Prof-specialty,Own-child,White,Female,0,0,30,United-States,0,under25,0
17,Private,9th,5,Never-married,Other-service,Not-in-family,White,Male,0,0,6,United-States,0,under25,0
40,Private,Masters,14,Never-married,Exec-managerial,Not-in-family,White,Female,0,0,40,United-States,1,25-44,0
43,Private,HS-grad,9,Married-civ-spouse,Adm-clerical,Wife,White,Female,0,0,25,United-States,1,25-44,0
48,Private,HS-grad,9,Divorced,Adm-clerical,Unmarried,White,Female,0,0,52,United-States,0,45plus,0
36,Private,HS-grad,9,Married-civ-spouse,Machine-op-inspct,Husband,White,Male,0,0,40,United-States,0,25-44,0
41,Private,Assoc-voc,11,Divorced,Tech-support,Not-in-family,White,Female,3325,0,40,United-States,0,25-44,0
40,Private,HS-grad,9,Never-married,Other-service,Not-in-family,White,Female,0,0,35,United-States,0,25-44,0
49,Private,7th-8th,4,Married-civ-spouse,Craft-repair,Husband,White,Male,0,0,40,United-States,0,45plus,0
51,Private,Prof-school,15,Married-civ-spouse,Prof-specialty,Husband,White,Male,0,0,50,United-States,1,45plus,1
66,Private,Bachelors,13,Married-civ-spouse,Sales,Husband,White,Male,0,0,50,United-States,1,45plus,1
34,State-gov,HS-grad,9,Never-married,Handlers-cleaners,Not-in-family,Black,Male,0,0,40,United-States,0,25-44,0
52,Private,Masters,14,Divorced,Prof-specialty,Not-in-family,White,Female,0,0,40,United-States,1,45plus,0
64,Self-emp-not-inc,7th-8th,4,Married-civ-spouse,Craft-repair,Husband,White,Male,0,0,20,United-States,0,45plus,0
35,Private,Assoc-voc,11,Never-married,Transport-moving,Not-in-family,White,Male,0,0,40,United-States,0,25-44,0
23,Private,HS-grad,9,Never-married,Adm-clerical,Not-in-family,White,Female,0,0,40,United-States,0,under25,0
25,Private,Some-college,10,Never-married,Adm-clerical,Not-in-family,White,Male,0,0,42,United-States,0,under25,0
27,Private,HS-grad,9,Never-married,Handlers-cleaners,Own-child,White,Female,0,0,40,United-States,0,25-44,0
47,Private,Masters,14,Divorced,Sales,Not-in-family,White,Female,0,0,6,United-States,0,45plus,0
31,Local-gov,Assoc-acdm,12,Never-married,Protective-serv,Unmarried,White,Male,0,0,40,United-States,0,25-44,0
19,Private,HS-grad,9,Never-married,Handlers-cleaners,Own-child,White,Male,0,0,10,United-States,0,under25,0
39,Private,Some-college,10,Married-civ-spouse,Adm-clerical,Husband,Asian-Pac-Islander,Male,0,0,25,Mexico,0,25-44,0
49,Private,HS-grad,9,Divorced,Adm-clerical,Unmarried,White,Female,0,0,38,United-States,0,45plus,0
25,Private,Bachelors,13,Never-married,Other-service,Not-in-family,White,Female,0,0,37,United-States,0,under25,0
21,Private,Some-college,10,Never-married,Other-service,Not-in-family,White,Female,0,0,20,United-States,0,under25,0
55,Private,Bachelors,13,Married-civ-spouse,Protective-serv,Husband,White,Male,0,0,40,United-States,1,45plus,1
19,Private,Some-college,10,Never-married,Other-service,Own-child,White,Male,0,0,14,United-States,0,under25,0
31,Federal-gov,Bachelors,13,Never-married,Exec-managerial,Own-child,White,Female,0,0,40,Cuba,0,25-44,0
40,Private,Bachelors,13,Widowed,Exec-managerial,Unmarried,White,Female,0,0,40,United-States,0,25-44,0
28,Private,Bachelors,13,Married-civ-spouse,Exec-managerial,Husband,White,Male,0,0,45,United-States,1,25-44,1
46,Private,Some-college,10,Married-civ-spouse,Craft-repair,Husband,White,Male,0,1902,50,United-States,1,45plus,1
64,Private,Assoc-voc,11,Married-civ-spouse,Craft-repair,Husband,White,Male,0,0,48,United-States,0,45plus,0
46,Private,Assoc-acdm,12,Married-civ-spouse,Craft-repair,Husband,White,Male,0,1485,55,United-States,0,45plus,0
29,Private,Assoc-acdm,12,Married-civ-spouse,Prof-specialty,Husband,White,Male,0,0,50,United-States,0,25-44,0
37,Private,Bachelors,13,Divorced,Prof-specialty,Not-in-family,White,Female,0,0,40,United-States,0,25-44,0
64,Private,Some-college,10,Widowed,Tech-support,Unmarried,White,Female,0,0,40,United-States,0,45plus,0
39,Self-emp-not-inc,Prof-school,15,Married-civ-spouse,Prof-specialty,Husband,White,Male,15024,0,60,United-States,1,25-44,1
43,Private,HS-grad,9,Married-civ-spouse,Craft-repair,Husband,White,Male,0,0,40,United-States,1,25-44,0
45,Private,Some-college,10,Married-civ-spouse,Craft-repair,Husband,White,Male,0,0,40,United-States,0,25-44,0
39,Local-gov,Masters,14,Married-civ-spouse,Prof-specialty,Wife,White,Female,0,0,50,England,1,25-44,1
35,Private,HS-grad,9,Divorced,Craft-repair,Not-in-family,White,Male,0,0,40,United-States,0,25-44,0
27,Local-gov,HS-grad,9,Never-married,Protective-serv,Not-in-family,Black,Male,2174,0,40,United-States,0,25-44,0
27,Private,Assoc-acdm,12,Never-married,Craft-repair,Unmarried,White,Male,0,0,40,United-States,0,25-44,0
37,State-gov,Assoc-acdm,12,Divorced,Protective-serv,Not-in-family,Black,Male,0,0,38,United-States,0,25-44,0
23,Private,Bachelors,13,Never-married,Exec-managerial,Own-child,Asian-Pac-Islander,Male,0,0,40,United-States,0,under25,0
80,Self-emp-not-inc,7th-8th,4,Never-married,Farming-fishing,Unmarried,White,Male,0,0,20,United-States,0,45plus,0
35,Private,Assoc-voc,11,Divorced,Prof-specialty,Unmarried,White,Female,0,0,40,United-States,0,25-44,0
29,Self-emp-inc,HS-grad,9,Married-civ-spouse,Exec-managerial,Husband,White,Male,0,0,45,United-States,0,25-44,0
44,Federal-gov,Assoc-voc,11,Married-civ-spouse,Craft-repair,Husband,Black,Male,0,0,40,United-States,1,25-44,0
23,Private,Some-college,10,Married-civ-spouse,Other-service,Husband,White,Male,0,0,40,United-States,0,under25,0
28,Private,HS-grad,9,Married-civ-spouse,Tech-support,Husband,White,Male,0,0,40,United-States,0,25-44,0
52,Self-emp-not-inc,Bachelors,13,Married-civ-spouse,Adm-clerical,Wife,White,Female,99999,0,30,United-States,1,45plus,1
46,Local-gov,Masters,14,Married-civ-spouse,Prof-specialty,Husband,White,Male,0,0,40,United-States,1,45plus,1
57,Self-emp-not-inc,10th,6,Married-civ-spouse,Craft-repair,Husband,White,Male,0,0,40,United-States,0,45plus,0
30,Private,9th,5,Never-married,Craft-repair,Own-child,White,Male,0,0,45,United-States,0,25-44,0
44,Self-emp-not-inc,Some-college,10,Never-married,Farming-fishing,Own-child,White,Male,0,0,60,United-States,0,25-44,0
36,Local-gov,Bachelors,13,Separated,Prof-specialty,Not-in-family,White,Male,0,0,40,United-States,0,25-44,0
31,Private,HS-grad,9,Married-civ-spouse,Machine-op-inspct,Husband,White,Male,0,0,40,United-States,1,25-44,0
42,Private,Bachelors,13,Married-civ-spouse,Exec-managerial,Husband,White,Male,0,0,40,United-States,1,25-44,1
44,Self-emp-not-inc,Some-college,10,Married-civ-spouse,Craft-repair,Husband,White,Male,0,0,40,United-States,0,25-44,0
63,Private,HS-grad,9,Never-married,Craft-repair,Not-in-family,White,Male,0,0,40,United-States,0,45plus,0
45,Private,HS-grad,9,Married-civ-spouse,Craft-repair,Husband,Asian-Pac-Islander,Male,0,0,40,Vietnam,0,25-44,0
33,Private,HS-grad,9,Married-civ-spouse,Transport-moving,Husband,White,Male,0,0,46,United-States,0,25-44,0
33,Private,Assoc-voc,11,Never-married,Other-service,Unmarried,Black,Female,0,0,40,United-States,0,25-44,0
25,Private,Bachelors,13,Never-married,Exec-managerial,Own-child,White,Male,0,0,40,United-States,0,under25,0
61,Self-emp-inc,Some-college,10,Married-civ-spouse,Sales,Husband,White,Male,0,0,40,United-States,0,45plus,0
39,State-gov,Masters,14,Married-civ-spouse,Prof-specialty,Other-relative,Other,Female,7688,0,38,United-States,1,25-44,1
45,Self-emp-inc,Doctorate,16,Married-civ-spouse,Prof-specialty,Husband,White,Male,0,0,60,United-States,1,25-44,1
44,Private,HS-grad,9,Married-civ-spouse,Transport-moving,Husband,White,Male,0,0,40,Ecuador,0,25-44,0
23,Private,Masters,14,Never-married,Sales,Not-in-family,White,Female,0,0,20,United-States,0,under25,0
30,State-gov,HS-grad,9,Separated,Adm-clerical,Unmarried,Black,Female,0,0,40,United-States,0,25-44,0
61,Private,7th-8th,4,Never-married,Other-service,Not-in-family,White,Male,0,0,48,United-States,0,45plus,0
64,Self-emp-not-inc,HS-grad,9,Married-civ-spouse,Farming-fishing,Husband,White,Male,0,0,40,United-States,1,45plus,0
46,State-gov,HS-grad,9,Married-civ-spouse,Other-service,Husband,White,Male,0,0,43,United-States,1,45plus,0
40,Private,HS-grad,9,Divorced,Craft-repair,Unmarried,White,Male,0,0,40,United-States,0,25-44,0
64,Self-emp-not-inc,Bachelors,13,Married-civ-spouse,Prof-specialty,Husband,White,Male,0,0,24,United-States,1,45plus,0
18,Private,11th,7,Never-married,Prof-specialty,Own-child,White,Male,0,0,15,United-States,0,under25,0
64,Private,HS-grad,9,Divorced,Other-service,Not-in-family,White,Female,0,0,15,United-States,0,45plus,0
46,Federal-gov,Bachelors,13,Married-civ-spouse,Prof-specialty,Husband,White,Male,0,0,40,United-States,1,45plus,1
48,Self-emp-inc,HS-grad,9,Married-civ-spouse,Craft-repair,Husband,White,Male,0,0,60,United-States,1,45plus,0
53,Local-gov,Preschool,1,Never-married,Machine-op-inspct,Not-in-family,White,Female,0,0,35,United-States,0,45plus,0
38,Self-emp-not-inc,Some-college,10,Never-married,Other-service,Not-in-family,White,Female,0,0,20,United-States,0,25-44,0
31,Private,HS-grad,9,Married-civ-spouse,Craft-repair,Husband,White,Male,0,0,40,United-States,0,25-44,0
24,Private,Some-college,10,Never-married,Sales,Own-child,White,Female,0,0,17,United-States,0,under25,0
18,Private,11th,7,Never-married,Sales,Own-child,White,Female,0,0,20,United-States,0,under25,0
20,Private,HS-grad,9,Never-married,Sales,Own-child,Black,Female,0,0,35,United-States,0,under25,0
35,Private,Some-college,10,Married-civ-spouse,Craft-repair,Husband,Black,Male,0,0,50,Jamaica,1,25-44,0
29,Private,HS-grad,9,Married-civ-spouse,Sales,Husband,White,Male,0,1887,55,United-States,1,25-44,1
36,Private,Some-college,10,Married-civ-spouse,Craft-repair,Husband,White,Male,0,1887,40,United-States,1,25-44,1
39,Private,Some-college,10,Married-civ-spouse,Craft-repair,Husband,White,Male,0,0,45,United-States,1,25-44,0
50,Local-gov,Masters,14,Married-civ-spouse,Prof-specialty,Wife,White,Female,0,1902,40,United-States,1,45plus,1
47,Private,HS-grad,9,Divorced,Adm-clerical,Unmarried,White,Male,0,0,40,Honduras,0,45plus,0
37,Private,HS-grad,9,Married-civ-spouse,Craft-repair,Husband,White,Male,0,0,40,United-States,0,25-44,0
28,Local-gov,Masters,14,Married-civ-spouse,Prof-specialty,Wife,White,Female,0,1902,55,United-States,0,25-44,1
29,Private,Masters,14,Never-married,Sales,Not-in-family,White,Male,0,0,50,United-States,1,25-44,0
35,Private,HS-grad,9,Divorced,Craft-repair,Own-child,White,Male,0,0,20,United-States,0,25-44,0
32,Private,HS-grad,9,Married-civ-spouse,Handlers-cleaners,Husband,White,Male,0,0,45,United-States,0,25-44,0
57,Private,HS-grad,9,Married-civ-spouse,Other-service,Husband,Black,Male,0,0,48,England,0,45plus,0
41,Private,HS-grad,9,Married-civ-spouse,Transport-moving,Husband,White,Male,0,1887,45,United-States,1,25-44,1
41,Private,Bachelors,13,Married-civ-spouse,Farming-fishing,Husband,White,Male,0,0,40,United-States,0,25-44,0
39,Private,Some-college,10,Divorced,Exec-managerial,Not-in-family,White,Female,0,0,40,United-States,0,25-44,0
43,Private,Some-college,10,Never-married,Exec-managerial,Not-in-family,White,Female,0,0,50,United-States,0,25-44,0
27,Private,HS-grad,9,Married-civ-spouse,Machine-op-inspct,Husband,White,Male,0,0,45,United-States,0,25-44,0
26,Private,HS-grad,9,Married-civ-spouse,Craft-repair,Husband,Black,Male,0,1848,60,United-States,1,25-44,1
17,Private,11th,7,Never-married,Farming-fishing,Own-child,White,Male,0,0,45,United-States,0,under25,0
32,Private,Assoc-acdm,12,Married-civ-spouse,Exec-managerial,Wife,White,Female,0,1485,40,United-States,1,25-44,0
56,Self-emp-not-inc,HS-grad,9,Married-civ-spouse,Exec-managerial,Husband,White,Male,0,0,48,United-States,0,45plus,0
59,Private,Some-college,10,Married-civ-spouse,Tech-support,Husband,White,Male,0,0,40,United-States,1,45plus,0
44,Private,Some-college,10,Married-civ-spouse,Tech-support,Husband,White,Male,0,0,18,United-States,1,25-44,0
28,Private,10th,6,Never-married,Transport-moving,Not-in-family,White,Male,0,0,45,United-States,0,25-44,0
52,Self-emp-not-inc,Doctorate,16,Married-civ-spouse,Prof-specialty,Husband,White,Male,0,0,60,United-States,1,45plus,1
40,Private,Some-college,10,Married-civ-spouse,Prof-specialty,Wife,White,Female,0,0,40,United-States,0,25-44,1
21,Private,HS-grad,9,Never-married,Machine-op-inspct,Own-child,White,Male,0,0,40,United-States,0,under25,0
43,Self-emp-not-inc,10th,6,Divorced,Farming-fishing,Unmarried,White,Male,0,0,25,United-States,0,25-44,0
29,Private,Some-college,10,Never-married,Farming-fishing,Own-child,White,Male,0,0,40,United-States,0,25-44,0
49,Federal-gov,Some-college,10,Divorced,Exec-managerial,Not-in-family,White,Female,0,0,50,United-States,0,45plus,0
46,Private,Masters,14,Married-civ-spouse,Sales,Husband,White,Male,0,2415,65,United-States,1,45plus,1
20,Private,11th,7,Never-married,Other-service,Own-child,Black,Male,594,0,20,United-States,0,under25,0
56,Self-emp-not-inc,Bachelors,13,Married-spouse-absent,Prof-specialty,Not-in-family,White,Female,0,0,40,United-States,1,45plus,0
55,Private,5th-6th,3,Married-civ-spouse,Machine-op-inspct,Husband,White,Male,0,0,40,Mexico,0,45plus,0
42,State-gov,Masters,14,Never-married,Prof-specialty,Not-in-family,White,Male,0,0,70,United-States,0,25-44,0
45,Private,11th,7,Widowed,Adm-clerical,Unmarried,White,Female,0,0,40,United-States,0,25-44,0
26,Private,Assoc-acdm,12,Divorced,Prof-specialty,Unmarried,White,Female,0,0,45,United-States,0,25-44,0
81,Private,9th,5,Widowed,Priv-house-serv,Not-in-family,Black,Female,2062,0,5,United-States,0,45plus,0
38,Private,HS-grad,9,Married-civ-spouse,Craft-repair,Husband,White,Male,0,0,50,United-States,0,25-44,0
30,Private,Some-college,10,Married-civ-spouse,Other-service,Wife,White,Female,0,0,40,United-States,0,25-44,0
38,Private,Assoc-acdm,12,Divorced,Adm-clerical,Unmarried,White,Female,0,0,40,United-States,0,25-44,0
52,Self-emp-not-inc,HS-grad,9,Divorced,Craft-repair,Not-in-family,Black,Male,0,0,40,United-States,0,45plus,0
33,State-gov,Masters,14,Never-married,Prof-specialty,Not-in-family,Asian-Pac-Islander,Male,0,0,30,Japan,0,25-44,0
46,Private,Masters,14,Married-civ-spouse,Exec-managerial,Husband,White,Male,0,0,50,United-States,1,45plus,1
48,Local-gov,Prof-school,15,Married-civ-spouse,Prof-specialty,Husband,White,Male,0,0,45,United-States,1,45plus,1
42,Self-emp-not-inc,HS-grad,9,Married-civ-spouse,Craft-repair,Husband,White,Male,0,2002,40,United-States,0,25-44,0
17,Private,11th,7,Never-married,Sales,Own-child,White,Female,0,0,12,United-States,0,under25,0
29,Private,Bachelors,13,Never-married,Sales,Not-in-family,White,Male,0,0,40,United-States,0,25-44,0
20,Private,Some-college,10,Never-married,Exec-managerial,Own-child,White,Male,0,0,40,United-States,0,under25,0
24,Private,Some-college,10,Married-civ-spouse,Adm-clerical,Husband,White,Male,0,0,15,United-States,0,under25,0
19,Private,HS-grad,9,Never-married,Sales,Not-in-family,White,Female,0,0,40,United-States,0,under25,0
33,Private,Bachelors,13,Never-married,Prof-specialty,Not-in-family,White,Female,0,0,40,United-States,0,25-44,0
43,Private,Some-college,10,Married-civ-spouse,Craft-repair,Husband,White,Male,0,0,40,United-States,0,25-44,0
21,State-gov,Some-college,10,Never-married,Adm-clerical,Own-child,White,Female,0,0,30,United-States,0,under25,0
56,Private,Bachelors,13,Married-civ-spouse,Exec-managerial,Husband,White,Male,4508,0,40,United-States,0,45plus,1
39,Local-gov,HS-grad,9,Married-civ-spouse,Craft-repair,Husband,White,Male,0,0,40,United-States,1,25-44,0
59,Private,HS-grad,9,Married-civ-spouse,Craft-repair,Husband,White,Male,0,0,45,United-States,0,45plus,0
23,Private,Some-college,10,Married-civ-spouse,Other-service,Husband,Black,Male,0,0,50,United-States,0,under25,0
49,Private,HS-grad,9,Divorced,Machine-op-inspct,Not-in-family,Black,Male,0,0,40,United-States,0,45plus,0
35,Private,Bachelors,13,Married-civ-spouse,Craft-repair,Husband,Asian-Pac-Islander,Male,0,0,40,Philippines,1,25-44,1
23,Private,HS-grad,9,Never-married,Sales,Unmarried,White,Female,0,0,48,United-States,0,under25,0
71,Self-emp-not-inc,HS-grad,9,Married-civ-spouse,Farming-fishing,Husband,Amer-Indian-Eskimo,Male,0,0,35,United-States,0,45plus,0
17,Private,9th,5,Never-married,Other-service,Own-child,White,Male,0,0,16,United-States,0,under25,0
24,Local-gov,Bachelors,13,Married-civ-spouse,Protective-serv,Husband,White,Male,0,0,45,United-States,0,under25,1
37,Private,Some-college,10,Never-married,Adm-clerical,Not-in-family,White,Female,0,0,40,United-States,0,25-44,0
36,Private,Some-college,10,Separated,Exec-managerial,Not-in-family,White,Male,0,0,60,United-States,1,25-44,0
21,Private,HS-grad,9,Separated,Other-service,Not-in-family,White,Female,0,0,40,United-States,0,under25,0
37,Local-gov,Some-college,10,Divorced,Protective-serv,Unmarried,White,Male,0,0,48,Germany,0,25-44,0
55,Private,HS-grad,9,Separated,Other-service,Not-in-family,White,Female,0,0,16,United-States,0,45plus,0
45,Local-gov,Prof-school,15,Divorced,Prof-specialty,Unmarried,Black,Female,0,1726,40,United-States,0,25-44,0
64,Private,7th-8th,4,Married-civ-spouse,Craft-repair,Husband,White,Male,0,0,40,United-States,0,45plus,0
54,Private,Some-college,10,Married-civ-spouse,Exec-managerial,Husband,White,Male,0,0,44,United-States,1,45plus,1
25,Private,Bachelors,13,Never-married,Exec-managerial,Not-in-family,White,Female,0,0,50,United-States,0,under25,0
39,Self-emp-not-inc,Bachelors,13,Married-civ-spouse,Farming-fishing,Wife,White,Female,0,0,50,United-States,0,25-44,1
26,Local-gov,Bachelors,13,Never-married,Prof-specialty,Not-in-family,Black,Female,0,0,40,United-States,0,25-44,0
56,Private,Bachelors,13,Never-married,Exec-managerial,Not-in-family,White,Male,14084,0,45,United-States,1,45plus,1
23,Private,5th-6th,3,Married-civ-spouse,Handlers-cleaners,Husband,White,Male,0,0,40,Mexico,0,under25,0
28,Private,Some-college,10,Divorced,Handlers-cleaners,Not-in-family,White,Male,0,0,50,United-States,0,25-44,0
30,Private,Bachelors,13,Never-married,Exec-managerial,Unmarried,White,Female,0,0,45,United-States,1,25-44,0
31,Local-gov,Bachelors,13,Never-married,Exec-managerial,Not-in-family,White,Female,0,0,50,United-States,0,25-44,0
29,Private,Assoc-acdm,12,Married-civ-spouse,Craft-repair,Husband,White,Male,0,0,45,United-States,0,25-44,0
23,Private,11th,7,Married-civ-spouse,Transport-moving,Husband,White,Male,4508,0,25,United-States,0,under25,0
26,Private,Bachelors,13,Married-civ-spouse,Craft-repair,Husband,White,Male,0,0,40,United-States,1,25-44,0
35,Federal-gov,HS-grad,9,Never-married,Adm-clerical,Not-in-family,White,Male,0,0,40,United-States,0,25-44,0
29,Private,HS-grad,9,Never-married,Adm-clerical,Unmarried,White,Male,0,0,35,Mexico,0,25-44,0
78,Private,Masters,14,Widowed,Craft-repair,Unmarried,Asian-Pac-Islander,Male,0,0,40,South,0,45plus,0
53,Self-emp-inc,Some-college,10,Widowed,Exec-managerial,Not-in-family,White,Male,0,0,40,United-States,1,45plus,0
33,Self-emp-inc,Bachelors,13,Married-civ-spouse,Sales,Husband,White,Male,0,0,50,United-States,1,25-44,1
52,State-gov,Bachelors,13,Married-civ-spouse,Protective-serv,Husband,White,Male,0,0,40,United-States,0,45plus,1
27,Private,5th-6th,3,Never-married,Transport-moving,Not-in-family,White,Male,0,0,40,Mexico,0,25-44,0
43,Federal-gov,Assoc-acdm,12,Married-civ-spouse,Prof-specialty,Wife,Black,Female,0,0,40,United-States,0,25-44,1
36,State-gov,Bachelors,13,Divorced,Prof-specialty,Unmarried,White,Female,0,0,40,United-States,0,25-44,0
31,Private,Bachelors,13,Married-civ-spouse,Prof-specialty,Husband,White,Male,0,0,40,United-States,1,25-44,1
47,Private,HS-grad,9,Divorced,Adm-clerical,Not-in-family,Black,Female,0,0,40,United-States,0,45plus,0
50,Private,HS-grad,9,Divorced,Machine-op-inspct,Not-in-family,White,Female,0,0,40,United-States,0,45plus,0
68,Private,HS-grad,9,Married-civ-spouse,Craft-repair,Husband,White,Male,0,0,8,United-States,0,45plus,0
27,Private,Assoc-voc,11,Never-married,Machine-op-inspct,Unmarried,Black,Female,0,0,40,United-States,0,25-44,0
37,Self-emp-not-inc,HS-grad,9,Divorced,Exec-managerial,Unmarried,White,Male,0,0,55,United-States,0,25-44,0
37,Private,Some-college,10,Divorced,Exec-managerial,Not-in-family,White,Female,0,0,40,United-States,1,25-44,0
28,Self-emp-not-inc,Bachelors,13,Never-married,Prof-specialty,Not-in-family,White,Male,0,0,50,United-States,1,25-44,0
20,Private,HS-grad,9,Married-civ-spouse,Craft-repair,Husband,White,Male,0,0,40,United-States,0,under25,0
25,Private,HS-grad,9,Never-married,Machine-op-inspct,Own-child,White,Male,0,0,40,United-States,0,under25,0
54,Private,10th,6,Married-civ-spouse,Transport-moving,Husband,White,Male,0,0,40,United-States,0,45plus,0
58,Private,Bachelors,13,Married-civ-spouse,Other-service,Husband,Asian-Pac-Islander,Male,0,0,40,South,0,45plus,0
25,Private,HS-grad,9,Never-married,Transport-moving,Unmarried,White,Male,0,0,40,Mexico,0,under25,0
41,Self-emp-not-inc,HS-grad,9,Married-civ-spouse,Sales,Other-relative,White,Female,0,0,40,Cuba,0,25-44,0
32,Private,11th,7,Divorced,Other-service,Unmarried,White,Female,0,0,40,United-States,0,25-44,0
43,Self-emp-not-inc,HS-grad,9,Married-civ-spouse,Farming-fishing,Husband,White,Male,0,0,30,United-States,0,25-44,0
35,Private,HS-grad,9,Married-civ-spouse,Craft-repair,Husband,White,Male,0,0,40,United-States,0,25-44,0
28,Private,HS-grad,9,Never-married,Exec-managerial,Not-in-family,White,Female,0,0,50,United-States,0,25-44,0
55,Private,5th-6th,3,Divorced,Other-service,Unmarried,Black,Male,0,0,25,United-States,0,45plus,0
30,Private,Prof-school,15,Never-married,Tech-support,Own-child,White,Female,0,0,24,United-States,0,25-44,0
45,Private,Doctorate,16,Married-civ-spouse,Exec-managerial,Husband,White,Male,0,0,45,United-States,1,25-44,1
47,Private,Some-college,10,Married-civ-spouse,Exec-managerial,Husband,White,Male,0,0,50,United-States,1,45plus,1
78,Private,HS-grad,9,Widowed,Other-service,Not-in-family,Black,Female,2964,0,40,United-States,0,45plus,0
49,Private,HS-grad,9,Married-civ-spouse,Craft-repair,Husband,White,Male,0,0,40,United-States,0,45plus,0
61,Self-emp-not-inc,7th-8th,4,Married-civ-spouse,Farming-fishing,Husband,White,Male,0,0,56,United-States,0,45plus,0
38,Self-emp-inc,Some-college,10,Married-civ-spouse,Exec-managerial,Wife,White,Female,0,0,45,United-States,0,25-44,1
37,Private,Some-college,10,Married-civ-spouse,Exec-managerial,Husband,White,Male,0,0,57,United-States,0,25-44,1
36,Private,Some-college,10,Divorced,Adm-clerical,Unmarried,White,Female,0,0,40,United-States,0,25-44,0
25,Self-emp-not-inc,Bachelors,13,Never-married,Prof-specialty,Own-child,White,Male,0,0,30,United-States,0,under25,0
39,Private,HS-grad,9,Married-civ-spouse,Machine-op-inspct,Husband,White,Male,0,0,40,United-States,0,25-44,0
40,Private,Assoc-acdm,12,Married-civ-spouse,Exec-managerial,Husband,White,Male,0,0,40,United-States,1,25-44,1
29,Federal-gov,Some-college,10,Married-civ-spouse,Tech-support,Husband,White,Male,0,0,40,United-States,1,25-44,0
29,Private,7th-8th,4,Married-civ-spouse,Transport-moving,Husband,White,Male,0,0,40,Mexico,0,25-44,0
43,Private,Bachelors,13,Married-civ-spouse,Machine-op-inspct,Husband,Amer-Indian-Eskimo,Male,0,0,40,United-States,0,25-44,1
18,Private,HS-grad,9,Never-married,Adm-clerical,Own-child,White,Female,0,0,40,United-States,0,under25,0
49,Local-gov,Some-college,10,Married-civ-spouse,Handlers-cleaners,Husband,White,Male,7298,0,40,United-States,1,45plus,1
42,Private,HS-grad,9,Never-married,Craft-repair,Not-in-family,White,Male,0,0,40,United-States,0,25-44,0
42,Private,HS-grad,9,Married-civ-spouse,Transport-moving,Husband,White,Male,0,1902,50,United-States,1,25-44,1
29,Private,HS-grad,9,Married-civ-spouse,Machine-op-inspct,Husband,White,Male,0,0,40,United-States,0,25-44,0
34,Private,Masters,14,Married-civ-spouse,Prof-specialty,Husband,White,Male,0,0,45,United-States,1,25-44,1
42,Private,HS-grad,9,Married-civ-spouse,Transport-moving,Husband,White,Male,0,0,30,United-States,0,25-44,0
44,Private,HS-grad,9,Married-civ-spouse,Adm-clerical,Wife,White,Female,0,0,30,United-States,0,25-44,0
46,Private,HS-grad,9,Divorced,Adm-clerical,Unmarried,White,Female,0,1590,43,United-States,0,45plus,0
55,Private,HS-grad,9,Divorced,Adm-clerical,Unmarried,White,Female,0,0,40,United-States,0,45plus,0
36,Private,HS-grad,9,Divorced,Sales,Not-in-family,White,Female,0,0,40,United-States,0,25-44,0
46,Private,7th-8th,4,Divorced,Exec-managerial,Not-in-family,White,Male,0,0,40,United-States,0,45plus,0
47,Private,HS-grad,9,Married-civ-spouse,Craft-repair,Husband,White,Male,0,0,40,United-States,0,45plus,0
41,Local-gov,HS-grad,9,Divorced,Transport-moving,Not-in-family,Black,Female,0,0,38,United-States,0,25-44,0
39,Private,11th,7,Married-civ-spouse,Other-service,Husband,Black,Male,2635,0,37,United-States,0,25-44,0
39,Private,Some-college,10,Married-civ-spouse,Machine-op-inspct,Husband,White,Male,0,0,40,United-States,0,25-44,0
31,Private,Bachelors,13,Never-married,Prof-specialty,Not-in-family,White,Male,0,0,47,United-States,0,25-44,0
27,Private,Bachelors,13,Never-married,Exec-managerial,Not-in-family,White,Male,0,0,45,United-States,0,25-44,0
42,Private,HS-grad,9,Never-married,Other-service,Not-in-family,White,Female,0,0,65,United-States,0,25-44,0
28,Private,Bachelors,13,Never-married,Sales,Not-in-family,White,Female,0,0,48,United-States,0,25-44,0
46,Private,Bachelors,13,Never-married,Sales,Not-in-family,White,Male,0,0,45,United-States,1,45plus,0
37,Self-emp-not-inc,HS-grad,9,Divorced,Farming-fishing,Unmarried,White,Male,0,0,56,United-States,0,25-44,0
30,Private,HS-grad,9,Married-civ-spouse,Exec-managerial,Husband,White,Male,0,0,62,United-States,0,25-44,0
48,Private,HS-grad,9,Married-civ-spouse,Prof-specialty,Wife,White,Female,0,0,8,United-States,0,45plus,0
27,State-gov,Some-college,10,Separated,Other-service,Not-in-family,White,Female,0,0,30,United-States,0,25-44,0
42,Self-emp-not-inc,HS-grad,9,Married-civ-spouse,Craft-repair,Husband,White,Male,0,2042,48,United-States,0,25-44,0
22,Private,Some-college,10,Never-married,Adm-clerical,Other-relative,Black,Female,0,0,30,Jamaica,0,under25,0
24,Private,HS-grad,9,Married-civ-spouse,Machine-op-inspct,Husband,White,Male,0,0,40,United-States,0,under25,0
36,Private,1st-4th,2,Never-married,Other-service,Other-relative,Other,Female,0,0,40,El-Salvador,0,25-44,0
34,Private,HS-grad,9,Separated,Other-service,Not-in-family,Black,Male,0,0,40,United-States,0,25-44,0
33,Private,HS-grad,9,Married-civ-spouse,Handlers-cleaners,Husband,White,Male,0,0,40,United-States,0,25-44,0
20,Private,Some-college,10,Never-married,Exec-managerial,Not-in-family,Black,Male,0,0,47,United-States,0,under25,0
44,Private,Some-college,10,Married-civ-spouse,Exec-managerial,Husband,White,Male,0,0,40,United-States,1,25-44,1
48,Private,Bachelors,13,Never-married,Exec-managerial,Not-in-family,White,Male,0,0,50,United-States,0,45plus,0
60,Private,11th,7,Married-civ-spouse,Sales,Husband,White,Male,0,0,40,United-States,1,45plus,0
26,Private,Some-college,10,Married-civ-spouse,Exec-managerial,Husband,White,Male,0,0,60,United-States,0,25-44,0
22,Private,Some-college,10,Never-married,Prof-specialty,Not-in-family,White,Female,0,0,40,United-States,0,under25,0
31,Private,1st-4th,2,Separated,Handlers-cleaners,Unmarried,White,Male,0,0,35,Honduras,0,25-44,0
60,Private,HS-grad,9,Married-civ-spouse,Craft-repair,Husband,White,Male,0,0,35,United-States,0,45plus,0
27,Private,10th,6,Married-civ-spouse,Machine-op-inspct,Husband,White,Male,0,0,40,United-States,0,25-44,0
55,Private,11th,7,Widowed,Adm-clerical,Unmarried,White,Female,0,0,40,United-States,0,45plus,0
25,Private,HS-grad,9,Never-married,Sales,Unmarried,Black,Female,0,0,35,United-States,0,under25,0
32,Private,HS-grad,9,Married-civ-spouse,Craft-repair,Husband,White,Male,0,0,40,United-States,0,25-44,0
75,Private,HS-grad,9,Married-civ-spouse,Craft-repair,Husband,White,Male,0,0,20,United-States,0,45plus,0
63,Private,11th,7,Married-civ-spouse,Protective-serv,Husband,White,Male,4386,0,37,United-States,1,45plus,0
34,Private,11th,7,Married-civ-spouse,Transport-moving,Husband,White,Male,0,0,50,United-States,0,25-44,0
18,Private,11th,7,Never-married,Sales,Own-child,White,Female,0,0,20,United-States,0,under25,0
29,State-gov,Masters,14,Married-civ-spouse,Prof-specialty,Husband,White,Male,0,0,15,United-States,0,25-44,0
34,Private,Some-college,10,Married-civ-spouse,Exec-managerial,Wife,White,Female,0,1485,40,United-States,1,25-44,1
19,Private,12th,8,Never-married,Other-service,Own-child,White,Male,0,0,25,United-States,0,under25,0
19,Private,Some-college,10,Never-married,Adm-clerical,Own-child,White,Male,0,0,25,United-States,0,under25,0
30,Private,Bachelors,13,Widowed,Prof-specialty,Unmarried,White,Female,0,0,55,United-States,1,25-44,0
30,Private,Bachelors,13,Married-AF-spouse,Exec-managerial,Wife,White,Female,0,0,40,United-States,1,25-44,0
23,Private,Assoc-voc,11,Never-married,Exec-managerial,Own-child,White,Male,0,0,40,United-States,0,under25,0
29,Private,Some-college,10,Married-civ-spouse,Transport-moving,Husband,White,Male,0,0,45,United-States,1,25-44,0
43,Private,Some-college,10,Married-civ-spouse,Sales,Husband,White,Male,0,0,38,United-States,1,25-44,0
20,Private,Some-college,10,Never-married,Adm-clerical,Own-child,White,Female,0,0,20,United-States,0,under25,0
29,State-gov,Masters,14,Never-married,Prof-specialty,Not-in-family,White,Male,0,0,40,United-States,0,25-44,0
47,Private,Some-college,10,Married-civ-spouse,Adm-clerical,Husband,White,Male,0,0,44,United-States,1,45plus,0
30,State-gov,HS-grad,9,Married-civ-spouse,Other-service,Wife,White,Female,0,0,72,United-States,0,25-44,0
32,Private,HS-grad,9,Married-civ-spouse,Exec-managerial,Husband,White,Male,0,0,40,United-States,0,25-44,0
20,Private,HS-grad,9,Never-married,Adm-clerical,Own-child,White,Female,0,0,30,United-States,0,under25,0
50,Private,HS-grad,9,Married-civ-spouse,Transport-moving,Husband,White,Male,0,0,50,United-States,1,45plus,0
20,Private,Some-college,10,Never-married,Craft-repair,Own-child,White,Male,0,0,40,United-States,0,under25,0
40,Self-emp-not-inc,HS-grad,9,Married-civ-spouse,Transport-moving,Husband,White,Male,0,0,75,United-States,1,25-44,0
19,Private,Some-college,10,Never-married,Adm-clerical,Own-child,White,Female,0,0,40,United-States,0,under25,0
34,Private,Some-college,10,Married-civ-spouse,Adm-clerical,Wife,White,Female,0,2057,40,United-States,0,25-44,0
42,Private,Bachelors,13,Divorced,Exec-managerial,Not-in-family,White,Female,0,0,55,United-States,1,25-44,0
35,Private,Prof-school,15,Married-civ-spouse,Prof-specialty,Husband,White,Male,0,0,80,United-States,1,25-44,1
32,Private,Assoc-voc,11,Divorced,Prof-specialty,Not-in-family,White,Male,0,0,40,United-States,0,25-44,0
48,State-gov,Doctorate,16,Married-civ-spouse,Prof-specialty,Husband,White,Male,0,0,65,United-States,1,45plus,1
64,Private,Some-college,10,Married-civ-spouse,Exec-managerial,Wife,White,Female,10566,0,35,United-States,0,45plus,1
40,Private,10th,6,Married-civ-spouse,Other-service,Wife,Black,Female,0,0,32,United-States,0,25-44,0
27,Self-emp-not-inc,HS-grad,9,Married-civ-spouse,Farming-fishing,Husband,White,Male,0,0,50,United-States,0,25-44,0
26,Private,Some-college,10,Never-married,Craft-repair,Own-child,White,Male,0,0,40,United-States,0,25-44,0
28,State-gov,Bachelors,13,Never-married,Prof-specialty,Not-in-family,White,Male,0,0,20,United-States,0,25-44,0
31,Private,HS-grad,9,Married-civ-spouse,Machine-op-inspct,Husband,White,Male,5013,0,40,United-States,0,25-44,0
18,Private,Some-college,10,Never-married,Sales,Own-child,White,Female,0,0,15,United-States,0,under25,0
30,Local-gov,Bachelors,13,Married-civ-spouse,Protective-serv,Husband,White,Male,0,0,40,United-States,1,25-44,1
39,Private,HS-grad,9,Separated,Machine-op-inspct,Not-in-family,Black,Male,2176,0,40,United-States,0,25-44,0
46,Private,Some-college,10,Divorced,Priv-house-serv,Unmarried,White,Female,0,0,30,United-States,0,45plus,0
39,Private,Some-college,10,Never-married,Machine-op-inspct,Not-in-family,White,Male,0,0,40,United-States,0,25-44,0
39,Private,Masters,14,Married-civ-spouse,Prof-specialty,Husband,White,Male,7688,0,45,United-States,1,25-44,1
45,Private,Bachelors,13,Married-civ-spouse,Exec-managerial,Husband,White,Male,0,0,40,United-States,1,25-44,1
40,Private,Bachelors,13,Divorced,Sales,Not-in-family,White,Male,0,1564,60,United-States,1,25-44,0
36,Private,HS-grad,9,Married-civ-spouse,Craft-repair,Husband,White,Male,7298,0,40,United-States,1,25-44,1
21,Private,Some-college,10,Never-married,Other-service,Own-child,White,Male,0,0,35,United-States,0,under25,0
21,Private,Some-college,10,Never-married,Sales,Own-child,White,Female,0,0,16,United-States,0,under25,0
36,Private,HS-grad,9,Divorced,Craft-repair,Not-in-family,White,Male,0,0,55,United-States,0,25-44,0
43,Private,Some-college,10,Never-married,Handlers-cleaners,Own-child,Asian-Pac-Islander,Female,1055,0,40,United-States,0,25-44,0
23,Private,HS-grad,9,Never-married,Other-service,Not-in-family,White,Female,0,0,35,United-States,0,under25,0
34,Private,Some-college,10,Never-married,Exec-managerial,Not-in-family,White,Female,0,0,50,United-States,0,25-44,0
38,Private,Assoc-voc,11,Married-civ-spouse,Exec-managerial,Husband,White,Male,0,0,45,United-States,1,25-44,1
49,Private,Bachelors,13,Married-civ-spouse,Sales,Husband,White,Male,0,0,26,United-States,1,45plus,0
54,Self-emp-inc,Bachelors,13,Married-civ-spouse,Exec-managerial,Husband,White,Male,0,0,40,United-States,1,45plus,1
45,Private,Bachelors,13,Never-married,Prof-specialty,Not-in-family,White,Male,0,0,40,United-States,0,25-44,0
45,Private,HS-grad,9,Separated,Sales,Not-in-family,White,Female,0,0,40,United-States,0,25-44,0
19,Private,Some-college,10,Never-married,Other-service,Own-child,White,Female,0,0,20,United-States,0,under25,0
33,Self-emp-not-inc,HS-grad,9,Married-civ-spouse,Craft-repair,Husband,White,Male,0,0,35,United-States,0,25-44,0
42,Private,Some-college,10,Divorced,Exec-managerial,Unmarried,White,Female,0,0,45,United-States,0,25-44,0
18,Private,HS-grad,9,Never-married,Adm-clerical,Not-in-family,White,Female,0,0,40,United-States,0,under25,0
25,Self-emp-not-inc,9th,5,Never-married,Craft-repair,Not-in-family,White,Male,0,0,15,United-States,0,under25,0
27,Private,Some-college,10,Divorced,Craft-repair,Not-in-family,White,Male,0,0,45,United-States,0,25-44,0
60,Private,HS-grad,9,Divorced,Adm-clerical,Unmarried,White,Female,0,0,37,United-States,0,45plus,0
35,Self-emp-not-inc,HS-grad,9,Married-civ-spouse,Craft-repair,Husband,White,Male,0,0,40,United-States,0,25-44,0
36,Private,Bachelors,13,Never-married,Sales,Not-in-family,White,Female,0,1741,40,United-States,0,25-44,0
21,Private,HS-grad,9,Married-spouse-absent,Machine-op-inspct,Own-child,White,Female,0,0,40,Dominican-Republic,0,under25,0
59,Private,HS-grad,9,Married-civ-spouse,Transport-moving,Husband,White,Male,0,0,45,United-States,1,45plus,0
33,Private,HS-grad,9,Married-civ-spouse,Adm-clerical,Husband,White,Male,0,0,40,United-States,0,25-44,0
38,Private,Some-college,10,Married-civ-spouse,Handlers-cleaners,Husband,White,Male,0,0,40,United-States,0,25-44,0
49,Private,12th,8,Divorced,Machine-op-inspct,Not-in-family,White,Female,0,0,40,United-States,0,45plus,0
54,Private,HS-grad,9,Divorced,Sales,Unmarried,White,Female,0,0,35,United-States,0,45plus,0
31,Self-emp-inc,Doctorate,16,Never-married,Prof-specialty,Own-child,White,Male,0,0,40,United-States,0,25-44,0
47,Federal-gov,HS-grad,9,Never-married,Exec-managerial,Not-in-family,White,Female,0,0,40,United-States,0,45plus,0
41,Private,Bachelors,13,Divorced,Other-service,Not-in-family,White,Male,0,0,40,United-States,0,25-44,0
27,Private,10th,6,Separated,Machine-op-inspct,Own-child,White,Male,0,0,35,Mexico,0,25-44,0
49,Self-emp-inc,Masters,14,Married-civ-spouse,Exec-managerial,Husband,White,Male,0,0,50,United-States,1,45plus,1
44,Private,Assoc-voc,11,Married-civ-spouse,Prof-specialty,Husband,White,Male,0,0,50,United-States,1,25-44,1
38,Private,Some-college,10,Married-civ-spouse,Prof-specialty,Husband,White,Male,0,0,40,United-States,0,25-44,0
40,Private,Bachelors,13,Divorced,Adm-clerical,Not-in-family,White,Female,0,0,35,United-States,0,25-44,0
58,Private,HS-grad,9,Married-civ-spouse,Exec-managerial,Husband,White,Male,0,0,45,United-States,1,45plus,0
44,Private,Some-college,10,Married-civ-spouse,Sales,Husband,White,Male,0,0,60,United-States,1,25-44,0
39,Self-emp-inc,Bachelors,13,Married-civ-spouse,Exec-managerial,Husband,White,Male,0,0,60,United-States,1,25-44,1
42,Local-gov,HS-grad,9,Divorced,Farming-fishing,Not-in-family,White,Male,0,0,40,United-States,0,25-44,0
46,Private,HS-grad,9,Divorced,Sales,Other-relative,White,Female,0,0,40,United-States,0,45plus,0
18,Private,12th,8,Never-married,Other-service,Own-child,White,Female,0,0,20,United-States,0,under25,0
53,Self-emp-not-inc,HS-grad,9,Married-civ-spouse,Craft-repair,Husband,White,Male,0,0,60,United-States,0,45plus,0
23,Private,12th,8,Never-married,Transport-moving,Not-in-family,White,Male,0,0,46,United-States,0,under25,0
34,Private,HS-grad,9,Divorced,Craft-repair,Not-in-family,White,Male,0,0,40,United-States,0,25-44,0
64,Federal-gov,Some-college,10,Married-civ-spouse,Transport-moving,Husband,White,Male,0,0,40,United-States,1,45plus,0
50,Local-gov,Masters,14,Married-civ-spouse,Prof-specialty,Husband,White,Male,7688,0,50,United-States,1,45plus,1
20,State-gov,Some-college,10,Married-civ-spouse,Other-service,Husband,White,Male,0,0,20,United-States,0,under25,0
18,Private,11th,7,Never-married,Sales,Own-child,White,Male,0,0,20,United-States,0,under25,0
59,Self-emp-inc,Prof-school,15,Married-civ-spouse,Prof-specialty,Husband,White,Male,0,0,40,United-States,1,45plus,1
51,Private,Masters,14,Married-civ-spouse,Craft-repair,Husband,White,Male,0,0,40,United-States,1,45plus,1
57,Private,Bachelors,13,Married-civ-spouse,Prof-specialty,Husband,White,Male,3103,0,50,United-States,1,45plus,1
41,Private,5th-6th,3,Married-spouse-absent,Priv-house-serv,Not-in-family,White,Female,0,0,32,Mexico,0,25-44,0
26,Private,Assoc-voc,11,Never-married,Craft-repair,Own-child,White,Male,0,0,48,United-States,0,25-44,0
19,Self-emp-not-inc,11th,7,Married-civ-spouse,Craft-repair,Own-child,White,Male,0,2129,55,United-States,0,under25,0
40,Private,Some-college,10,Divorced,Exec-managerial,Unmarried,White,Female,1831,0,30,United-States,0,25-44,0
43,Private,HS-grad,9,Married-civ-spouse,Craft-repair,Husband,White,Male,0,0,40,United-States,0,25-44,0
30,Local-gov,Assoc-voc,11,Divorced,Protective-serv,Unmarried,Amer-Indian-Eskimo,Female,0,0,40,United-States,0,25-44,0
27,Self-emp-inc,9th,5,Never-married,Craft-repair,Own-child,White,Male,0,0,40,United-States,0,25-44,0
22,Private,HS-grad,9,Divorced,Tech-support,Unmarried,White,Female,0,0,30,Germany,0,under25,0
20,Private,Some-college,10,Never-married,Adm-clerical,Own-child,White,Female,0,0,10,United-States,0,under25,0
61,Private,HS-grad,9,Married-civ-spouse,Craft-repair,Husband,White,Male,0,0,40,United-States,0,45plus,0
45,Private,HS-grad,9,Never-married,Craft-repair,Own-child,White,Male,0,0,40,United-States,0,25-44,0
17,Private,11th,7,Never-married,Other-service,Own-child,White,Male,0,0,20,United-States,0,under25,0
53,Local-gov,HS-grad,9,Widowed,Other-service,Not-in-family,White,Female,0,0,30,United-States,0,45plus,0
57,Private,HS-grad,9,Married-civ-spouse,Transport-moving,Husband,White,Male,0,0,40,United-States,1,45plus,0
20,Private,Some-college,10,Never-married,Machine-op-inspct,Own-child,White,Female,0,0,40,United-States,0,under25,0
28,Private,Some-college,10,Never-married,Craft-repair,Own-child,White,Male,0,0,50,United-States,0,25-44,0
23,Private,HS-grad,9,Never-married,Sales,Own-child,White,Male,0,0,40,United-States,0,under25,0
35,Private,HS-grad,9,Separated,Other-service,Not-in-family,Black,Male,0,0,40,United-States,0,25-44,0
41,Local-gov,Some-college,10,Never-married,Prof-specialty,Other-relative,White,Male,0,0,7,United-States,0,25-44,0
30,Private,10th,6,Never-married,Craft-repair,Not-in-family,White,Male,0,0,50,United-States,0,25-44,0
44,Private,Some-college,10,Married-civ-spouse,Sales,Husband,White,Male,0,0,40,United-States,1,25-44,0
38,Private,HS-grad,9,Separated,Craft-repair,Unmarried,White,Female,0,0,35,United-States,0,25-44,0
42,Private,HS-grad,9,Divorced,Sales,Not-in-family,White,Female,0,0,42,United-States,0,25-44,0
22,Private,HS-grad,9,Never-married,Craft-repair,Not-in-family,White,Male,0,0,50,United-States,0,under25,0
47,Private,Some-college,10,Married-civ-spouse,Tech-support,Husband,White,Male,0,0,45,United-States,0,45plus,0
29,State-gov,Bachelors,13,Never-married,Prof-specialty,Not-in-family,White,Male,0,0,50,United-States,0,25-44,0
45,State-gov,Masters,14,Married-civ-spouse,Prof-specialty,Husband,White,Male,0,0,45,United-States,1,25-44,1
29,Private,HS-grad,9,Never-married,Exec-managerial,Not-in-family,Asian-Pac-Islander,Female,0,0,40,United-States,0,25-44,0
18,Private,11th,7,Never-married,Sales,Own-child,Black,Female,0,0,10,United-States,0,under25,0
46,Self-emp-inc,Bachelors,13,Married-civ-spouse,Sales,Husband,White,Male,0,0,45,United-States,0,45plus,1
24,Private,Bachelors,13,Never-married,Tech-support,Not-in-family,White,Male,0,0,55,United-States,0,under25,0
32,Private,HS-grad,9,Divorced,Craft-repair,Own-child,White,Male,0,0,40,United-States,0,25-44,0
25,Private,HS-grad,9,Never-married,Craft-repair,Own-child,Black,Male,0,0,40,United-States,0,under25,0
56,Private,9th,5,Married-civ-spouse,Other-service,Husband,White,Male,0,0,40,United-States,0,45plus,0
50,Private,HS-grad,9,Married-civ-spouse,Exec-managerial,Husband,White,Male,0,0,40,United-States,0,45plus,0
36,Private,Assoc-voc,11,Never-married,Tech-support,Not-in-family,White,Male,0,0,45,United-States,0,25-44,0
49,Self-emp-inc,HS-grad,9,Married-civ-spouse,Exec-managerial,Husband,White,Male,0,0,50,United-States,0,45plus,0
35,Self-emp-not-inc,Some-college,10,Married-civ-spouse,Exec-managerial,Husband,White,Male,3908,0,60,United-States,0,25-44,0
20,Private,HS-grad,9,Never-married,Machine-op-inspct,Not-in-family,White,Male,0,0,40,United-States,0,under25,0
38,Private,Some-college,10,Married-civ-spouse,Sales,Husband,Asian-Pac-Islander,Male,0,0,40,Philippines,0,25-44,0
58,State-gov,HS-grad,9,Married-spouse-absent,Other-service,Unmarried,Black,Female,0,0,40,Honduras,0,45plus,0
42,Private,HS-grad,9,Married-civ-spouse,Craft-repair,Husband,White,Male,0,0,50,United-States,1,25-44,0
20,Private,5th-6th,3,Married-spouse-absent,Farming-fishing,Other-relative,White,Male,0,0,40,Mexico,0,under25,0
23,Private,Bachelors,13,Never-married,Sales,Not-in-family,White,Male,0,0,25,United-States,0,under25,0
48,Local-gov,Bachelors,13,Married-civ-spouse,Prof-specialty,Husband,White,Male,0,0,40,United-States,0,45plus,1
27,State-gov,Masters,14,Never-married,Prof-specialty,Not-in-family,White,Female,0,0,50,Germany,0,25-44,0
46,Private,HS-grad,9,Widowed,Adm-clerical,Unmarried,White,Female,0,0,43,United-States,0,45plus,0
31,Private,Some-college,10,Never-married,Other-service,Not-in-family,White,Female,0,0,40,United-States,0,25-44,0
28,Private,Some-college,10,Never-married,Exec-managerial,Not-in-family,Black,Female,0,0,45,Jamaica,0,25-44,0
51,Local-gov,HS-grad,9,Divorced,Protective-serv,Unmarried,White,Male,0,0,52,United-States,0,45plus,0
31,Private,Masters,14,Never-married,Prof-specialty,Not-in-family,Black,Male,0,0,40,United-States,0,25-44,0
66,Local-gov,HS-grad,9,Married-civ-spouse,Exec-managerial,Husband,White,Male,3432,0,20,United-States,0,45plus,0
36,Self-emp-not-inc,Some-college,10,Married-civ-spouse,Craft-repair,Husband,White,Male,0,0,60,United-States,1,25-44,0
22,Local-gov,Bachelors,13,Never-married,Prof-specialty,Own-child,White,Female,0,0,35,United-States,0,under25,0
47,Self-emp-not-inc,Some-college,10,Married-civ-spouse,Other-service,Wife,White,Female,0,0,52,United-States,0,45plus,0
36,Private,HS-grad,9,Married-civ-spouse,Transport-moving,Husband,White,Male,0,0,25,United-States,1,25-44,0
18,Local-gov,12th,8,Never-married,Protective-serv,Own-child,White,Male,0,0,40,United-States,0,under25,0
22,Private,Some-college,10,Never-married,Protective-serv,Own-child,White,Male,0,0,25,United-States,0,under25,0
30,Private,Some-college,10,Never-married,Machine-op-inspct,Not-in-family,White,Female,0,0,40,United-States,0,25-44,0
59,Private,Bachelors,13,Married-civ-spouse,Craft-repair,Husband,Black,Male,0,0,48,United-States,1,45plus,1
39,Local-gov,Some-college,10,Divorced,Prof-specialty,Own-child,White,Female,0,0,45,United-States,0,25-44,0
23,Private,Some-college,10,Never-married,Other-service,Unmarried,White,Female,0,0,20,United-States,0,under25,0
60,Private,HS-grad,9,Divorced,Exec-managerial,Not-in-family,White,Female,0,1092,40,United-States,0,45plus,0
39,Private,9th,5,Separated,Craft-repair,Own-child,White,Male,0,0,35,Mexico,0,25-44,0
42,Local-gov,Bachelors,13,Married-civ-spouse,Exec-managerial,Husband,White,Male,0,1485,40,United-States,0,25-44,1
23,Private,Some-college,10,Never-married,Exec-managerial,Own-child,White,Male,0,0,40,United-States,0,under25,0
49,Self-emp-not-inc,9th,5,Divorced,Other-service,Not-in-family,White,Female,0,0,20,United-States,0,45plus,0
25,Private,Some-college,10,Never-married,Prof-specialty,Not-in-family,White,Female,0,0,40,United-States,0,under25,0
32,Private,HS-grad,9,Separated,Craft-repair,Unmarried,Black,Male,0,0,40,United-States,0,25-44,0
41,Federal-gov,Masters,14,Divorced,Prof-specialty,Unmarried,White,Female,1506,0,40,United-States,0,25-44,0
56,Private,HS-grad,9,Never-married,Other-service,Not-in-family,Black,Female,0,0,40,United-States,0,45plus,0
26,Federal-gov,Bachelors,13,Never-married,Tech-support,Not-in-family,Other,Male,0,0,60,United-States,0,25-44,0
60,Self-emp-not-inc,Some-college,10,Married-civ-spouse,Farming-fishing,Husband,White,Male,0,0,15,United-States,0,45plus,0
35,Self-emp-not-inc,HS-grad,9,Separated,Transport-moving,Not-in-family,White,Male,0,0,70,United-States,0,25-44,0
30,State-gov,Masters,14,Married-civ-spouse,Prof-specialty,Husband,Asian-Pac-Islander,Male,0,0,10,China,0,25-44,0
29,Private,Assoc-voc,11,Married-civ-spouse,Machine-op-inspct,Husband,White,Male,0,0,40,United-States,0,25-44,0
50,Private,Doctorate,16,Divorced,Prof-specialty,Other-relative,White,Male,10520,0,50,United-States,1,45plus,1
34,Private,HS-grad,9,Married-civ-spouse,Exec-managerial,Wife,Black,Female,0,0,40,United-States,0,25-44,0
25,Self-emp-not-inc,HS-grad,9,Married-civ-spouse,Craft-repair,Husband,White,Male,0,0,40,United-States,0,under25,0
43,Self-emp-not-inc,HS-grad,9,Married-civ-spouse,Farming-fishing,Husband,White,Male,0,0,50,United-States,0,25-44,0
21,Private,HS-grad,9,Never-married,Farming-fishing,Own-child,White,Male,0,0,24,United-States,0,under25,0
53,Private,HS-grad,9,Married-civ-spouse,Craft-repair,Husband,White,Male,0,0,40,United-States,1,45plus,0
67,Private,11th,7,Married-civ-spouse,Transport-moving,Husband,White,Male,0,0,40,United-States,0,45plus,0
36,Private,HS-grad,9,Married-civ-spouse,Machine-op-inspct,Husband,White,Male,0,0,44,United-States,1,25-44,0
20,State-gov,Some-college,10,Never-married,Other-service,Own-child,White,Female,0,0,20,United-States,0,under25,0
44,Private,HS-grad,9,Divorced,Craft-repair,Unmarried,White,Male,0,0,40,United-States,0,25-44,0
27,Private,HS-grad,9,Married-civ-spouse,Sales,Wife,White,Female,0,0,50,United-States,0,25-44,0
40,Private,Bachelors,13,Divorced,Adm-clerical,Unmarried,White,Female,0,0,20,United-States,0,25-44,0
45,Local-gov,Bachelors,13,Married-civ-spouse,Craft-repair,Husband,White,Male,0,0,35,United-States,1,25-44,1
26,Private,10th,6,Never-married,Handlers-cleaners,Not-in-family,White,Male,0,0,40,United-States,0,25-44,0
34,Private,HS-grad,9,Married-civ-spouse,Craft-repair,Husband,White,Male,0,0,55,United-States,1,25-44,0
45,Self-emp-not-inc,Masters,14,Never-married,Prof-specialty,Not-in-family,White,Female,0,0,60,United-States,0,25-44,0
32,Private,Bachelors,13,Married-civ-spouse,Prof-specialty,Wife,White,Female,0,1902,32,United-States,1,25-44,1
31,Private,Doctorate,16,Married-civ-spouse,Prof-specialty,Wife,White,Female,0,0,90,United-States,0,25-44,1
47,Private,Some-college,10,Married-civ-spouse,Handlers-cleaners,Husband,White,Male,0,0,40,United-States,0,45plus,0
54,Private,HS-grad,9,Widowed,Sales,Unmarried,White,Female,0,0,40,United-States,0,45plus,0
58,Local-gov,Bachelors,13,Married-civ-spouse,Exec-managerial,Husband,White,Male,0,0,40,United-States,0,45plus,1
38,Private,Some-college,10,Married-civ-spouse,Craft-repair,Husband,White,Male,0,0,40,Italy,0,25-44,0
22,Private,Some-college,10,Divorced,Machine-op-inspct,Own-child,White,Female,0,0,40,United-States,0,under25,0
50,Private,HS-grad,9,Married-civ-spouse,Transport-moving,Husband,White,Male,0,0,70,United-States,0,45plus,0
25,Private,Bachelors,13,Never-married,Prof-specialty,Not-in-family,White,Male,0,0,20,United-States,0,under25,0
18,Private,Some-college,10,Never-married,Other-service,Own-child,White,Female,0,0,20,United-States,0,under25,0
35,Self-emp-not-inc,HS-grad,9,Divorced,Farming-fishing,Not-in-family,White,Male,0,0,80,Puerto-Rico,0,25-44,0
40,Federal-gov,Some-college,10,Divorced,Exec-managerial,Not-in-family,Black,Female,0,0,40,United-States,0,25-44,0
26,Private,Bachelors,13,Never-married,Prof-specialty,Not-in-family,White,Male,0,0,38,United-States,0,25-44,0
62,Local-gov,HS-grad,9,Widowed,Other-service,Not-in-family,White,Female,0,0,18,United-States,0,45plus,0
28,Private,HS-grad,9,Never-married,Craft-repair,Unmarried,White,Male,2354,0,40,United-States,0,25-44,0
30,Private,HS-grad,9,Never-married,Machine-op-inspct,Not-in-family,White,Male,0,0,40,United-States,0,25-44,0
24,Private,Assoc-acdm,12,Married-civ-spouse,Sales,Own-child,White,Female,0,0,20,United-States,0,under25,0
33,Self-emp-not-inc,HS-grad,9,Married-civ-spouse,Transport-moving,Husband,White,Male,0,0,45,United-States,0,25-44,0
57,Private,9th,5,Married-civ-spouse,Machine-op-inspct,Husband,White,Male,0,0,40,Puerto-Rico,0,45plus,0
40,Private,Assoc-voc,11,Never-married,Prof-specialty,Not-in-family,White,Male,0,0,42,United-States,0,25-44,0
36,Private,Assoc-voc,11,Married-civ-spouse,Sales,Husband,White,Male,0,0,50,United-States,1,25-44,0
29,Private,HS-grad,9,Never-married,Craft-repair,Not-in-family,White,Male,0,1974,35,United-States,0,25-44,0
36,Private,Some-college,10,Divorced,Craft-repair,Not-in-family,White,Male,0,0,40,United-States,0,25-44,0
41,Private,HS-grad,9,Never-married,Adm-clerical,Other-relative,White,Female,0,0,40,United-States,0,25-44,0
38,Self-emp-not-inc,Some-college,10,Divorced,Craft-repair,Not-in-family,White,Male,0,0,40,United-States,0,25-44,0
18,Private,11th,7,Never-married,Other-service,Own-child,White,Female,0,0,22,United-States,0,under25,0
37,Private,Masters,14,Never-married,Prof-specialty,Not-in-family,White,Female,0,0,38,United-States,1,25-44,0
31,Private,HS-grad,9,Married-civ-spouse,Exec-managerial,Husband,White,Male,0,0,40,United-States,1,25-44,0
39,Private,Masters,14,Married-civ-spouse,Exec-managerial,Husband,White,Male,0,1848,45,United-States,1,25-44,1
44,Private,Bachelors,13,Married-civ-spouse,Exec-managerial,Husband,White,Male,0,0,40,United-States,1,25-44,1
55,State-gov,Assoc-voc,11,Widowed,Prof-specialty,Unmarried,White,Female,6849,0,40,United-States,0,45plus,0
34,Self-emp-not-inc,10th,6,Married-civ-spouse,Farming-fishing,Husband,White,Male,0,0,40,United-States,0,25-44,0
54,Private,1st-4th,2,Separated,Priv-house-serv,Other-relative,White,Female,0,0,40,Mexico,0,45plus,0
17,Private,10th,6,Never-married,Other-service,Own-child,White,Male,0,0,10,United-States,0,under25,0
46,Private,Bachelors,13,Married-civ-spouse,Craft-repair,Husband,White,Male,0,0,44,United-States,1,45plus,1
32,Private,Some-college,10,Married-civ-spouse,Machine-op-inspct,Husband,Asian-Pac-Islander,Male,0,0,40,Philippines,0,25-44,0
38,Private,Some-college,10,Married-civ-spouse,Prof-specialty,Husband,White,Male,0,0,40,United-States,0,25-44,0
17,Private,10th,6,Never-married,Other-service,Own-child,White,Male,0,0,25,United-States,0,under25,0
38,Self-emp-not-inc,HS-grad,9,Married-civ-spouse,Other-service,Husband,White,Male,3464,0,80,Italy,0,25-44,0
44,Private,Assoc-voc,11,Married-civ-spouse,Handlers-cleaners,Husband,Black,Male,0,0,40,United-States,0,25-44,0
38,Private,Bachelors,13,Married-civ-spouse,Exec-managerial,Husband,White,Male,15024,0,50,United-States,1,25-44,1
42,Private,HS-grad,9,Divorced,Machine-op-inspct,Not-in-family,White,Male,0,0,40,United-States,0,25-44,0
42,Private,HS-grad,9,Married-civ-spouse,Transport-moving,Husband,White,Male,0,0,46,United-States,0,25-44,0
59,Local-gov,HS-grad,9,Widowed,Other-service,Not-in-family,White,Female,0,1504,19,United-States,0,45plus,0
22,Private,Some-college,10,Never-married,Sales,Not-in-family,White,Male,0,0,42,United-States,0,under25,0
55,Self-emp-not-inc,Some-college,10,Married-civ-spouse,Craft-repair,Husband,White,Male,0,0,50,United-States,0,45plus,0
40,Private,HS-grad,9,Married-civ-spouse,Transport-moving,Husband,White,Male,0,0,40,United-States,1,25-44,0
29,Private,HS-grad,9,Never-married,Other-service,Unmarried,Black,Female,0,0,40,Japan,0,25-44,0
17,State-gov,10th,6,Never-married,Farming-fishing,Own-child,White,Male,0,0,40,United-States,0,under25,0
49,Private,Bachelors,13,Married-civ-spouse,Sales,Husband,White,Male,0,2415,55,United-States,1,45plus,1
19,Private,11th,7,Never-married,Handlers-cleaners,Own-child,White,Male,0,0,40,Mexico,0,under25,0
49,Private,Bachelors,13,Divorced,Exec-managerial,Unmarried,White,Female,0,0,40,United-States,0,45plus,0
60,Private,HS-grad,9,Married-civ-spouse,Machine-op-inspct,Husband,White,Male,7688,0,40,United-States,1,45plus,1
28,Local-gov,HS-grad,9,Never-married,Other-service,Own-child,Black,Male,0,0,30,United-States,0,25-44,0
48,Self-emp-not-inc,7th-8th,4,Married-civ-spouse,Craft-repair,Husband,White,Male,0,0,40,Italy,0,45plus,0
19,Private,Some-college,10,Never-married,Other-service,Other-relative,White,Female,0,0,25,United-States,0,under25,0
29,Private,Some-college,10,Never-married,Adm-clerical,Not-in-family,White,Male,0,0,60,United-States,0,25-44,0
41,Local-gov,HS-grad,9,Married-civ-spouse,Protective-serv,Husband,White,Male,0,0,40,United-States,0,25-44,0
36,Private,9th,5,Married-civ-spouse,Machine-op-inspct,Husband,White,Male,0,0,40,United-States,0,25-44,0
20,Private,Some-college,10,Never-married,Sales,Own-child,White,Male,0,0,40,United-States,0,under25,0
46,Private,Assoc-acdm,12,Widowed,Tech-support,Unmarried,White,Female,6497,0,40,United-States,0,45plus,0
21,Private,Some-college,10,Never-married,Adm-clerical,Own-child,White,Male,0,0,40,United-States,0,under25,0
62,Self-emp-not-inc,HS-grad,9,Married-civ-spouse,Craft-repair,Husband,White,Male,10566,0,40,United-States,0,45plus,1
21,State-gov,Some-college,10,Never-married,Prof-specialty,Not-in-family,White,Female,0,0,8,United-States,0,under25,0
39,Private,Assoc-acdm,12,Married-civ-spouse,Exec-managerial,Wife,White,Female,15024,0,45,United-States,1,25-44,1
50,Private,Doctorate,16,Married-civ-spouse,Prof-specialty,Husband,White,Male,0,1902,65,United-States,1,45plus,1
52,Private,Masters,14,Married-civ-spouse,Exec-managerial,Husband,White,Male,0,1902,50,Greece,1,45plus,1
34,Private,HS-grad,9,Divorced,Craft-repair,Not-in-family,White,Male,3325,0,35,United-States,0,25-44,0
19,Private,Some-college,10,Never-married,Adm-clerical,Other-relative,White,Male,0,0,30,Nicaragua,0,under25,0
51,Self-emp-not-inc,Prof-school,15,Married-civ-spouse,Prof-specialty,Husband,White,Male,0,0,40,United-States,0,45plus,1
21,Private,HS-grad,9,Never-married,Craft-repair,Own-child,White,Male,0,0,40,United-States,0,under25,0
24,Private,Some-college,10,Never-married,Exec-managerial,Own-child,White,Male,0,0,25,United-States,0,under25,0
40,Private,Some-college,10,Married-civ-spouse,Adm-clerical,Husband,White,Male,0,0,40,United-States,1,25-44,0
47,Local-gov,Masters,14,Married-civ-spouse,Prof-specialty,Husband,White,Male,0,0,40,United-States,0,45plus,1
20,Private,HS-grad,9,Never-married,Craft-repair,Unmarried,White,Male,0,0,40,United-States,0,under25,0
43,Self-emp-not-inc,Bachelors,13,Married-civ-spouse,Sales,Husband,White,Male,0,0,40,United-States,1,25-44,1
39,Private,Assoc-acdm,12,Separated,Adm-clerical,Unmarried,White,Male,0,0,40,United-States,0,25-44,0
27,Private,11th,7,Never-married,Craft-repair,Not-in-family,White,Male,0,0,40,United-States,0,25-44,0
53,State-gov,HS-grad,9,Married-civ-spouse,Other-service,Wife,Amer-Indian-Eskimo,Female,0,0,28,United-States,1,45plus,0
40,Private,HS-grad,9,Married-civ-spouse,Transport-moving,Husband,White,Male,0,0,40,United-States,0,25-44,0
31,Private,HS-grad,9,Married-civ-spouse,Craft-repair,Husband,White,Male,0,0,40,United-States,0,25-44,0
46,Private,HS-grad,9,Separated,Other-service,Not-in-family,Black,Female,0,0,45,Jamaica,0,45plus,0
19,Private,HS-grad,9,Never-married,Craft-repair,Not-in-family,White,Male,0,0,49,United-States,0,under25,0
19,Private,Some-college,10,Never-married,Craft-repair,Own-child,White,Male,0,0,20,United-States,0,under25,0
27,Private,Preschool,1,Married-civ-spouse,Farming-fishing,Other-relative,White,Male,41310,0,24,Mexico,0,25-44,1
32,Private,Bachelors,13,Married-civ-spouse,Farming-fishing,Husband,White,Male,0,0,60,United-States,0,25-44,1
43,Private,Some-college,10,Married-civ-spouse,Sales,Husband,White,Male,7298,0,40,United-States,1,25-44,1
60,Private,HS-grad,9,Married-civ-spouse,Sales,Husband,White,Male,0,0,40,United-States,0,45plus,0
62,Private,7th-8th,4,Widowed,Machine-op-inspct,Not-in-family,White,Female,0,0,40,United-States,0,45plus,0
50,Private,Some-college,10,Married-civ-spouse,Tech-support,Husband,White,Male,0,0,60,United-States,1,45plus,0
38,Private,HS-grad,9,Married-civ-spouse,Handlers-cleaners,Husband,Black,Male,0,0,40,United-States,0,25-44,0
20,Private,Some-college,10,Never-married,Sales,Not-in-family,White,Male,0,0,45,United-States,0,under25,0
58,Self-emp-inc,Some-college,10,Married-civ-spouse,Exec-managerial,Husband,White,Male,0,0,65,United-States,1,45plus,1
34,Private,HS-grad,9,Separated,Handlers-cleaners,Unmarried,White,Female,0,0,40,United-States,0,25-44,0
58,Private,HS-grad,9,Separated,Other-service,Unmarried,White,Female,0,0,40,Dominican-Republic,0,45plus,0
50,Self-emp-not-inc,Bachelors,13,Married-civ-spouse,Craft-repair,Husband,White,Male,0,0,45,United-States,1,45plus,1
52,Private,10th,6,Divorced,Other-service,Other-relative,White,Female,0,0,25,United-States,0,45plus,0
28,Private,HS-grad,9,Never-married,Transport-moving,Unmarried,White,Male,0,0,50,United-States,0,25-44,0
34,Private,HS-grad,9,Never-married,Handlers-cleaners,Not-in-family,White,Male,0,0,60,United-States,0,25-44,0
32,Private,Assoc-voc,11,Married-civ-spouse,Machine-op-inspct,Husband,White,Male,0,0,40,United-States,0,25-44,0
23,Private,Some-college,10,Never-married,Adm-clerical,Own-child,Black,Female,0,0,25,United-States,0,under25,0
61,Private,HS-grad,9,Divorced,Exec-managerial,Not-in-family,White,Female,0,0,40,United-States,0,45plus,0
55,Federal-gov,Masters,14,Married-civ-spouse,Exec-managerial,Husband,Asian-Pac-Islander,Male,0,0,60,United-States,1,45plus,1
47,Self-emp-not-inc,Bachelors,13,Married-civ-spouse,Sales,Husband,White,Male,0,0,40,United-States,0,45plus,1
46,Self-emp-not-inc,HS-grad,9,Married-civ-spouse,Farming-fishing,Husband,White,Male,0,0,35,United-States,0,45plus,0
23,Private,Bachelors,13,Never-married,Exec-managerial,Unmarried,White,Male,0,0,40,United-States,0,under25,0
38,Private,Assoc-voc,11,Married-civ-spouse,Craft-repair,Husband,White,Male,0,0,55,United-States,1,25-44,0
36,Self-emp-not-inc,Bachelors,13,Married-civ-spouse,Exec-managerial,Husband,White,Male,2407,0,40,United-States,0,25-44,1
65,Private,HS-grad,9,Married-civ-spouse,Exec-managerial,Husband,White,Male,0,0,40,United-States,1,45plus,0
39,Private,HS-grad,9,Married-civ-spouse,Craft-repair,Husband,White,Male,0,0,40,United-States,0,25-44,0
36,Local-gov,HS-grad,9,Married-civ-spouse,Other-service,Wife,White,Female,0,0,35,United-States,0,25-44,0
27,Self-emp-not-inc,Assoc-voc,11,Never-married,Prof-specialty,Other-relative,White,Male,0,0,30,United-States,0,25-44,0
46,Private,Masters,14,Married-civ-spouse,Exec-managerial,Husband,White,Male,0,0,45,United-States,1,45plus,1
42,State-gov,Some-college,10,Married-civ-spouse,Protective-serv,Husband,White,Male,0,0,40,United-States,1,25-44,0
32,Private,HS-grad,9,Married-civ-spouse,Transport-moving,Husband,White,Male,0,0,50,United-States,1,25-44,0
37,Private,HS-grad,9,Married-civ-spouse,Transport-moving,Husband,White,Male,0,0,52,United-States,0,25-44,0
34,Private,HS-grad,9,Married-civ-spouse,Exec-managerial,Husband,White,Male,0,0,40,United-States,0,25-44,0
38,Private,Bachelors,13,Married-civ-spouse,Prof-specialty,Wife,White,Female,0,0,32,United-States,1,25-44,1
56,Private,HS-grad,9,Never-married,Handlers-cleaners,Own-child,White,Male,0,0,28,United-States,0,45plus,0
39,Private,Bachelors,13,Married-civ-spouse,Exec-managerial,Husband,White,Male,0,0,60,Italy,1,25-44,1
45,Private,Bachelors,13,Married-civ-spouse,Adm-clerical,Husband,White,Male,0,0,15,United-States,0,25-44,0
55,Private,Bachelors,13,Married-civ-spouse,Exec-managerial,Husband,Other,Male,0,1579,35,India,0,45plus,1
48,State-gov,HS-grad,9,Divorced,Craft-repair,Own-child,White,Male,8614,0,40,United-States,1,45plus,0
42,Private,Some-college,10,Married-civ-spouse,Other-service,Husband,White,Male,0,0,40,United-States,1,25-44,0
41,Private,Some-college,10,Divorced,Machine-op-inspct,Not-in-family,White,Male,0,0,40,United-States,0,25-44,0
57,Private,HS-grad,9,Married-civ-spouse,Exec-managerial,Husband,White,Male,0,0,40,United-States,0,45plus,0
34,Private,HS-grad,9,Married-civ-spouse,Adm-clerical,Husband,White,Male,0,0,50,United-States,1,25-44,0
24,Private,Some-college,10,Never-married,Machine-op-inspct,Own-child,Other,Male,0,0,14,United-States,0,under25,0
34,Self-emp-inc,Masters,14,Separated,Prof-specialty,Not-in-family,White,Female,4787,0,40,United-States,1,25-44,0
31,Private,12th,8,Divorced,Transport-moving,Own-child,White,Male,0,0,40,United-States,0,25-44,0
41,Private,Some-college,10,Married-civ-spouse,Craft-repair,Husband,White,Male,0,0,40,United-States,0,25-44,0
48,Private,HS-grad,9,Divorced,Prof-specialty,Unmarried,White,Female,0,0,38,United-States,0,45plus,0
46,Federal-gov,Bachelors,13,Married-civ-spouse,Prof-specialty,Husband,White,Male,7688,0,45,United-States,1,45plus,1
39,Self-emp-not-inc,Some-college,10,Married-civ-spouse,Other-service,Wife,White,Female,0,0,15,United-States,1,25-44,0
53,Private,HS-grad,9,Married-civ-spouse,Priv-house-serv,Other-relative,White,Female,0,0,40,United-States,0,45plus,0
41,Private,Bachelors,13,Widowed,Sales,Unmarried,Black,Male,0,0,50,United-States,0,25-44,0
24,State-gov,Assoc-acdm,12,Married-civ-spouse,Adm-clerical,Husband,White,Male,0,0,30,United-States,0,under25,0
22,Private,10th,6,Never-married,Craft-repair,Not-in-family,White,Male,0,0,30,United-States,0,under25,0
27,Private,Some-college,10,Never-married,Craft-repair,Not-in-family,Black,Male,0,0,40,United-States,0,25-44,0
37,Private,Some-college,10,Married-civ-spouse,Tech-support,Wife,White,Female,5013,0,40,United-States,0,25-44,0
22,Private,HS-grad,9,Married-civ-spouse,Sales,Wife,White,Female,0,0,40,United-States,0,under25,0
29,Local-gov,Some-college,10,Never-married,Handlers-cleaners,Not-in-family,White,Male,0,0,50,United-States,0,25-44,0
23,Private,Some-college,10,Never-married,Other-service,Own-child,White,Male,0,0,32,United-States,0,under25,0
30,Private,Bachelors,13,Never-married,Exec-managerial,Not-in-family,White,Male,0,0,40,United-States,0,25-44,0
46,Local-gov,HS-grad,9,Never-married,Craft-repair,Own-child,White,Male,0,0,40,United-States,0,45plus,0
51,Private,Some-college,10,Married-civ-spouse,Sales,Husband,White,Male,0,0,40,United-States,1,45plus,0
24,Local-gov,Some-college,10,Never-married,Protective-serv,Unmarried,Other,Male,1151,0,40,United-States,0,under25,0
34,Private,Some-college,10,Married-civ-spouse,Prof-specialty,Husband,White,Male,7298,0,50,United-States,1,25-44,1
24,Private,Some-college,10,Never-married,Adm-clerical,Not-in-family,White,Male,0,2205,24,United-States,0,under25,0
59,Private,11th,7,Divorced,Farming-fishing,Not-in-family,White,Male,0,0,40,United-States,0,45plus,0
27,Private,Bachelors,13,Never-married,Adm-clerical,Not-in-family,White,Female,0,0,40,United-States,0,25-44,0
26,Private,Bachelors,13,Married-civ-spouse,Sales,Husband,White,Male,4064,0,50,United-States,0,25-44,1
46,Self-emp-inc,Masters,14,Married-civ-spouse,Sales,Husband,White,Male,0,0,50,United-States,1,45plus,1
44,Private,HS-grad,9,Divorced,Other-service,Unmarried,White,Female,0,0,40,United-States,0,25-44,0
25,Federal-gov,HS-grad,9,Never-married,Adm-clerical,Other-relative,White,Female,0,0,40,United-States,0,under25,0
73,Private,HS-grad,9,Widowed,Other-service,Not-in-family,White,Female,0,0,37,United-States,0,45plus,0
26,State-gov,Bachelors,13,Never-married,Prof-specialty,Own-child,White,Male,0,0,40,United-States,0,25-44,0
20,Private,Some-college,10,Never-married,Machine-op-inspct,Own-child,White,Male,0,0,40,United-States,0,under25,0
22,Private,HS-grad,9,Never-married,Other-service,Not-in-family,White,Female,0,0,40,United-States,0,under25,0
34,Private,Bachelors,13,Married-civ-spouse,Craft-repair,Husband,White,Male,0,0,40,United-States,1,25-44,1
52,Private,Bachelors,13,Divorced,Farming-fishing,Not-in-family,White,Male,0,0,40,United-States,0,45plus,0
57,Private,10th,6,Married-civ-spouse,Craft-repair,Husband,White,Male,0,0,40,United-States,0,45plus,0
61,Private,HS-grad,9,Married-civ-spouse,Exec-managerial,Wife,White,Female,15024,0,38,United-States,1,45plus,1
33,Self-emp-not-inc,Some-college,10,Never-married,Other-service,Not-in-family,White,Male,0,0,35,United-States,0,25-44,0
22,Private,HS-grad,9,Never-married,Craft-repair,Not-in-family,White,Male,0,0,50,United-States,0,under25,0
21,Private,Assoc-acdm,12,Never-married,Adm-clerical,Not-in-family,White,Female,0,0,25,United-States,0,under25,0
38,Local-gov,Masters,14,Married-civ-spouse,Prof-specialty,Husband,White,Male,0,0,40,United-States,1,25-44,1
38,Self-emp-not-inc,9th,5,Divorced,Craft-repair,Not-in-family,White,Male,0,0,40,United-States,0,25-44,0
38,Private,Some-college,10,Never-married,Sales,Own-child,White,Female,0,0,50,United-States,0,25-44,0
44,Private,Some-college,10,Divorced,Adm-clerical,Not-in-family,White,Female,0,0,40,United-States,0,25-44,0
27,Private,HS-grad,9,Never-married,Exec-managerial,Own-child,White,Male,0,0,40,United-States,0,25-44,0
39,Private,Masters,14,Never-married,Sales,Not-in-family,White,Male,0,2444,45,United-States,1,25-44,0
17,Private,11th,7,Never-married,Adm-clerical,Own-child,Asian-Pac-Islander,Female,0,0,24,United-States,0,under25,0
44,Private,HS-grad,9,Married-civ-spouse,Sales,Husband,White,Male,0,0,68,United-States,0,25-44,0
28,Private,Some-college,10,Never-married,Adm-clerical,Own-child,White,Male,0,0,40,United-States,0,25-44,0
43,Private,Masters,14,Married-civ-spouse,Prof-specialty,Husband,White,Male,0,0,40,United-States,1,25-44,1
49,Self-emp-not-inc,Some-college,10,Widowed,Craft-repair,Unmarried,White,Female,0,0,30,United-States,0,45plus,0
48,Private,Bachelors,13,Never-married,Other-service,Unmarried,Asian-Pac-Islander,Female,0,0,40,Vietnam,0,45plus,0
42,Private,10th,6,Married-civ-spouse,Machine-op-inspct,Husband,White,Male,0,0,40,United-States,0,25-44,0
25,Private,HS-grad,9,Never-married,Handlers-cleaners,Own-child,White,Male,0,0,95,United-States,0,under25,0
40,Private,HS-grad,9,Married-civ-spouse,Sales,Husband,White,Male,0,0,60,United-States,1,25-44,0
21,Private,Assoc-voc,11,Married-civ-spouse,Farming-fishing,Husband,White,Male,0,0,46,United-States,0,under25,0
48,Self-emp-not-inc,Some-college,10,Married-civ-spouse,Exec-managerial,Husband,Asian-Pac-Islander,Male,0,0,65,United-States,0,45plus,0
32,Private,Some-college,10,Never-married,Other-service,Own-child,White,Male,0,0,35,United-States,0,25-44,0
51,Private,HS-grad,9,Never-married,Other-service,Not-in-family,Black,Male,0,0,40,Haiti,0,45plus,0
31,Private,Bachelors,13,Married-civ-spouse,Adm-clerical,Husband,Asian-Pac-Islander,Male,0,0,60,India,0,25-44,0
19,Private,Some-college,10,Never-married,Other-service,Own-child,White,Female,0,0,10,United-States,0,under25,0
47,Private,HS-grad,9,Divorced,Adm-clerical,Unmarried,White,Female,0,0,40,United-States,0,45plus,0
36,Private,HS-grad,9,Married-civ-spouse,Craft-repair,Husband,White,Male,0,0,40,United-States,0,25-44,0
39,Private,HS-grad,9,Divorced,Exec-managerial,Not-in-family,White,Male,0,0,80,United-States,0,25-44,0
35,Private,HS-grad,9,Separated,Adm-clerical,Unmarried,White,Female,0,0,32,United-States,0,25-44,0
32,Private,Some-college,10,Married-civ-spouse,Sales,Husband,White,Male,0,0,40,United-States,1,25-44,0
44,Self-emp-inc,Masters,14,Married-civ-spouse,Prof-specialty,Husband,White,Male,0,2415,55,United-States,1,25-44,1
29,Private,Bachelors,13,Married-civ-spouse,Prof-specialty,Husband,White,Male,0,0,40,United-States,1,25-44,1
23,Local-gov,Some-college,10,Married-civ-spouse,Protective-serv,Husband,Black,Male,0,0,40,United-States,0,under25,0
47,Private,HS-grad,9,Divorced,Craft-repair,Unmarried,White,Male,0,625,40,United-States,0,45plus,0
46,Private,HS-grad,9,Divorced,Transport-moving,Not-in-family,White,Male,0,0,54,United-States,0,45plus,0
46,Federal-gov,HS-grad,9,Married-civ-spouse,Adm-clerical,Husband,Black,Male,0,0,80,United-States,1,45plus,0
53,Private,HS-grad,9,Widowed,Adm-clerical,Not-in-family,Black,Female,0,0,40,United-States,0,45plus,0
28,Private,7th-8th,4,Separated,Handlers-cleaners,Not-in-family,White,Male,0,0,40,Mexico,0,25-44,0
37,Private,HS-grad,9,Never-married,Craft-repair,Not-in-family,Asian-Pac-Islander,Male,0,0,40,Hong,0,25-44,0
35,Private,9th,5,Never-married,Exec-managerial,Not-in-family,White,Female,0,0,40,United-States,0,25-44,0
59,Private,HS-grad,9,Divorced,Tech-support,Unmarried,White,Female,0,0,40,United-States,0,45plus,0
66,Private,HS-grad,9,Widowed,Priv-house-serv,Not-in-family,White,Female,0,0,8,United-States,0,45plus,0
52,Private,Bachelors,13,Married-civ-spouse,Exec-managerial,Husband,White,Male,99999,0,50,United-States,1,45plus,1
62,Federal-gov,HS-grad,9,Married-civ-spouse,Adm-clerical,Husband,Black,Male,0,0,40,United-States,0,45plus,0
34,Private,HS-grad,9,Married-civ-spouse,Handlers-cleaners,Husband,Black,Male,0,0,40,United-States,0,25-44,0
22,Private,HS-grad,9,Never-married,Handlers-cleaners,Own-child,White,Male,0,0,40,United-States,0,under25,0
44,State-gov,Masters,14,Married-civ-spouse,Exec-managerial,Husband,White,Male,0,0,40,United-States,0,25-44,1
25,State-gov,Some-college,10,Never-married,Handlers-cleaners,Own-child,White,Male,0,0,40,United-States,0,under25,0
29,Private,Assoc-voc,11,Married-civ-spouse,Prof-specialty,Husband,White,Male,0,0,40,United-States,0,25-44,0
31,Private,Assoc-voc,11,Divorced,Sales,Not-in-family,Amer-Indian-Eskimo,Female,0,0,40,United-States,0,25-44,0
20,Private,Some-college,10,Never-married,Prof-specialty,Own-child,White,Female,0,0,2,United-States,0,under25,0
37,Private,Masters,14,Married-civ-spouse,Exec-managerial,Husband,White,Male,0,0,40,United-States,1,25-44,1
44,Federal-gov,HS-grad,9,Never-married,Adm-clerical,Unmarried,White,Female,0,0,40,United-States,0,25-44,0
39,Private,HS-grad,9,Never-married,Craft-repair,Not-in-family,White,Male,0,1564,50,United-States,1,25-44,0
27,Private,Some-college,10,Never-married,Sales,Own-child,White,Male,0,0,35,United-States,0,25-44,0
47,Federal-gov,Bachelors,13,Never-married,Adm-clerical,Unmarried,Black,Male,0,0,40,United-States,1,45plus,0
32,Private,Some-college,10,Married-civ-spouse,Exec-managerial,Husband,White,Male,0,0,60,United-States,1,25-44,0
37,Private,Some-college,10,Married-civ-spouse,Exec-managerial,Husband,White,Male,0,0,40,United-States,0,25-44,1
35,State-gov,Some-college,10,Divorced,Exec-managerial,Not-in-family,Black,Female,0,0,40,United-States,0,25-44,0
47,State-gov,Masters,14,Separated,Prof-specialty,Not-in-family,White,Male,0,0,38,United-States,0,45plus,0
27,Private,5th-6th,3,Never-married,Farming-fishing,Unmarried,White,Male,0,0,50,United-States,0,25-44,0
26,Private,HS-grad,9,Married-civ-spouse,Craft-repair,Husband,White,Male,0,0,40,United-States,0,25-44,0
17,Private,12th,8,Never-married,Sales,Own-child,White,Female,0,0,20,United-States,0,under25,0
38,Self-emp-not-inc,HS-grad,9,Divorced,Farming-fishing,Not-in-family,White,Male,0,0,50,United-States,0,25-44,0
41,Private,Bachelors,13,Married-civ-spouse,Exec-managerial,Husband,White,Male,0,0,60,United-States,1,25-44,1
17,Private,10th,6,Never-married,Sales,Other-relative,Black,Female,0,0,12,United-States,0,under25,0
33,Private,Bachelors,13,Never-married,Exec-managerial,Own-child,White,Male,0,0,40,United-States,0,25-44,0
35,Private,HS-grad,9,Never-married,Other-service,Not-in-family,White,Male,3325,0,50,United-States,0,25-44,0
21,Private,Bachelors,13,Never-married,Adm-clerical,Not-in-family,White,Male,0,0,40,Columbia,0,under25,0
47,Private,Some-college,10,Divorced,Adm-clerical,Unmarried,Black,Female,0,0,40,United-States,0,45plus,0
22,Private,HS-grad,9,Married-civ-spouse,Machine-op-inspct,Husband,White,Male,0,0,40,United-States,0,under25,0
40,Private,HS-grad,9,Married-civ-spouse,Sales,Husband,White,Male,0,0,40,United-States,1,25-44,0
25,Private,HS-grad,9,Never-married,Prof-specialty,Own-child,White,Male,0,0,40,United-States,0,under25,0
23,Private,HS-grad,9,Married-civ-spouse,Transport-moving,Husband,White,Male,0,0,40,United-States,0,under25,0
25,Private,HS-grad,9,Married-civ-spouse,Other-service,Husband,White,Male,0,0,30,United-States,0,under25,0
47,Private,HS-grad,9,Married-civ-spouse,Machine-op-inspct,Husband,White,Male,0,0,50,United-States,1,45plus,0
50,Private,HS-grad,9,Married-civ-spouse,Transport-moving,Husband,White,Male,0,0,40,United-States,1,45plus,0
60,Private,Bachelors,13,Divorced,Prof-specialty,Not-in-family,White,Female,0,0,42,United-States,0,45plus,0
36,Private,Some-college,10,Married-civ-spouse,Farming-fishing,Husband,White,Male,0,0,56,United-States,1,25-44,0
27,Local-gov,Masters,14,Never-married,Prof-specialty,Own-child,White,Male,0,0,35,United-States,0,25-44,0
22,Private,HS-grad,9,Divorced,Sales,Own-child,White,Female,0,0,33,United-States,0,under25,0
33,Private,HS-grad,9,Married-civ-spouse,Prof-specialty,Husband,White,Male,0,0,40,United-States,0,25-44,0
67,Self-emp-not-inc,Prof-school,15,Married-civ-spouse,Prof-specialty,Husband,White,Male,20051,0,25,United-States,1,45plus,1
30,Private,Bachelors,13,Married-civ-spouse,Exec-managerial,Husband,White,Male,0,0,40,United-States,1,25-44,1
27,Private,10th,6,Married-civ-spouse,Craft-repair,Other-relative,White,Male,0,0,55,United-States,0,25-44,0
47,Private,Bachelors,13,Married-civ-spouse,Sales,Husband,White,Male,0,0,70,United-States,0,45plus,1
22,State-gov,12th,8,Never-married,Exec-managerial,Not-in-family,White,Male,0,0,50,United-States,1,under25,0
18,Local-gov,10th,6,Never-married,Protective-serv,Own-child,White,Female,0,0,6,United-States,0,under25,0
25,Private,9th,5,Married-civ-spouse,Machine-op-inspct,Husband,White,Male,0,0,45,United-States,0,under25,0
24,Private,Bachelors,13,Never-married,Sales,Own-child,White,Male,0,0,40,United-States,0,under25,0
34,State-gov,Some-college,10,Married-civ-spouse,Exec-managerial,Husband,White,Male,0,0,38,United-States,0,25-44,0
36,Private,Assoc-voc,11,Divorced,Craft-repair,Not-in-family,White,Male,0,0,40,United-States,0,25-44,0
58,Private,12th,8,Married-civ-spouse,Transport-moving,Other-relative,White,Male,0,0,40,United-States,0,45plus,0
59,Self-emp-not-inc,Bachelors,13,Married-civ-spouse,Sales,Husband,White,Male,15024,0,55,United-States,1,45plus,1
28,Local-gov,Bachelors,13,Married-civ-spouse,Handlers-cleaners,Husband,White,Male,0,0,65,United-States,1,25-44,1
30,Private,Bachelors,13,Never-married,Exec-managerial,Not-in-family,White,Male,0,0,42,United-States,0,25-44,0
51,Private,Bachelors,13,Married-civ-spouse,Prof-specialty,Husband,Amer-Indian-Eskimo,Male,15024,0,40,United-States,1,45plus,1
37,Private,HS-grad,9,Married-civ-spouse,Craft-repair,Husband,White,Male,0,0,40,United-States,0,25-44,0
53,Local-gov,HS-grad,9,Married-civ-spouse,Adm-clerical,Wife,White,Female,0,0,40,United-States,1,45plus,0
40,State-gov,HS-grad,9,Married-civ-spouse,Craft-repair,Husband,White,Male,0,0,40,United-States,0,25-44,0
51,Self-emp-not-inc,HS-grad,9,Divorced,Exec-managerial,Not-in-family,White,Female,99999,0,35,United-States,1,45plus,1
48,Federal-gov,HS-grad,9,Married-civ-spouse,Adm-clerical,Wife,White,Female,0,0,40,United-States,1,45plus,0
49,Private,11th,7,Married-civ-spouse,Priv-house-serv,Other-relative,White,Female,0,0,40,United-States,0,45plus,0
46,Self-emp-not-inc,Some-college,10,Divorced,Exec-managerial,Unmarried,White,Female,0,0,50,United-States,0,45plus,0
38,Private,Assoc-voc,11,Divorced,Craft-repair,Not-in-family,White,Male,0,0,40,United-States,0,25-44,0
56,Private,9th,5,Married-civ-spouse,Craft-repair,Husband,White,Male,0,0,40,United-States,0,45plus,0
53,Private,HS-grad,9,Divorced,Other-service,Unmarried,White,Female,0,0,40,United-States,0,45plus,0
59,Private,HS-grad,9,Married-civ-spouse,Craft-repair,Husband,White,Male,0,0,40,United-States,0,45plus,0
40,Private,Bachelors,13,Married-civ-spouse,Other-service,Wife,White,Female,0,0,40,Puerto-Rico,0,25-44,0
23,Local-gov,Bachelors,13,Never-married,Prof-specialty,Own-child,White,Female,0,0,45,United-States,0,under25,0
44,Private,Some-college,10,Married-civ-spouse,Sales,Husband,White,Male,0,0,60,United-States,1,25-44,0
47,Private,HS-grad,9,Separated,Craft-repair,Unmarried,Black,Male,0,0,40,United-States,0,45plus,0
50,State-gov,HS-grad,9,Married-civ-spouse,Handlers-cleaners,Husband,White,Male,0,0,40,United-States,0,45plus,0
36,Private,HS-grad,9,Married-civ-spouse,Craft-repair,Husband,White,Male,0,0,40,United-States,1,25-44,0
20,Private,Some-college,10,Never-married,Handlers-cleaners,Own-child,White,Male,0,0,12,United-States,0,under25,0
19,Private,HS-grad,9,Never-married,Other-service,Own-child,Black,Male,0,0,40,United-States,0,under25,0
24,Private,Some-college,10,Never-married,Sales,Own-child,White,Male,0,0,35,United-States,0,under25,0
46,Private,HS-grad,9,Married-civ-spouse,Craft-repair,Husband,White,Male,0,0,40,United-States,0,45plus,0
45,Private,Some-college,10,Married-civ-spouse,Craft-repair,Other-relative,Asian-Pac-Islander,Male,0,0,40,Philippines,0,25-44,0
47,Local-gov,Masters,14,Never-married,Prof-specialty,Not-in-family,White,Male,0,0,40,United-States,0,45plus,0
37,Private,HS-grad,9,Married-civ-spouse,Farming-fishing,Husband,White,Male,0,0,40,United-States,0,25-44,0
21,Private,10th,6,Married-civ-spouse,Other-service,Husband,White,Male,0,0,25,United-States,0,under25,0
39,Private,11th,7,Married-civ-spouse,Transport-moving,Husband,White,Male,0,0,40,United-States,0,25-44,0
31,Private,Some-college,10,Married-civ-spouse,Sales,Husband,White,Male,0,0,40,United-States,1,25-44,0
18,Private,11th,7,Never-married,Other-service,Own-child,Black,Male,0,0,8,United-States,0,under25,0
60,Self-emp-not-inc,HS-grad,9,Divorced,Sales,Not-in-family,Black,Male,2597,0,55,United-States,0,45plus,0
24,State-gov,Some-college,10,Never-married,Adm-clerical,Own-child,White,Male,0,0,12,United-States,0,under25,0
37,Private,Some-college,10,Widowed,Machine-op-inspct,Unmarried,Black,Female,0,0,48,United-States,0,25-44,0
35,State-gov,HS-grad,9,Married-civ-spouse,Protective-serv,Husband,Black,Male,0,0,40,United-States,0,25-44,0
50,Self-emp-inc,Prof-school,15,Married-civ-spouse,Prof-specialty,Husband,White,Male,99999,0,80,United-States,1,45plus,1
42,Private,Some-college,10,Divorced,Exec-managerial,Not-in-family,White,Male,0,1408,40,United-States,0,25-44,0
52,Local-gov,HS-grad,9,Married-civ-spouse,Craft-repair,Husband,White,Male,0,2051,40,United-States,0,45plus,0
43,Self-emp-not-inc,HS-grad,9,Married-civ-spouse,Transport-moving,Husband,White,Male,0,0,45,United-States,0,25-44,0
36,Private,HS-grad,9,Married-civ-spouse,Craft-repair,Husband,White,Male,0,0,40,United-States,0,25-44,0
30,Private,Bachelors,13,Married-civ-spouse,Other-service,Wife,White,Female,0,0,40,United-States,1,25-44,0
50,Private,Masters,14,Married-civ-spouse,Prof-specialty,Husband,White,Male,15024,0,45,United-States,1,45plus,1
52,Private,HS-grad,9,Widowed,Adm-clerical,Not-in-family,White,Female,0,0,40,United-States,0,45plus,0
28,State-gov,Bachelors,13,Married-civ-spouse,Protective-serv,Husband,White,Male,0,0,50,United-States,0,25-44,1
50,Federal-gov,Some-college,10,Divorced,Exec-managerial,Unmarried,White,Male,0,0,40,United-States,0,45plus,0
31,Private,Bachelors,13,Married-civ-spouse,Prof-specialty,Husband,White,Male,0,0,40,United-States,0,25-44,1
43,Private,Bachelors,13,Married-civ-spouse,Exec-managerial,Husband,White,Male,0,0,50,United-States,1,25-44,1
22,Private,HS-grad,9,Married-civ-spouse,Craft-repair,Husband,White,Male,0,0,40,United-States,0,under25,0
53,Private,9th,5,Married-civ-spouse,Transport-moving,Husband,White,Male,0,0,40,United-States,0,45plus,0
27,Private,Bachelors,13,Married-civ-spouse,Sales,Other-relative,White,Male,0,0,40,United-States,1,25-44,0
22,Private,HS-grad,9,Never-married,Transport-moving,Own-child,White,Male,0,0,40,United-States,0,under25,0
74,Private,Bachelors,13,Widowed,Other-service,Not-in-family,White,Female,0,0,8,United-States,0,45plus,0
35,Private,Some-college,10,Married-civ-spouse,Exec-managerial,Husband,White,Male,0,0,50,United-States,0,25-44,0
40,Private,HS-grad,9,Divorced,Craft-repair,Own-child,White,Male,0,0,40,United-States,0,25-44,0
32,Self-emp-inc,Bachelors,13,Married-civ-spouse,Sales,Husband,White,Male,0,0,40,United-States,0,25-44,1
36,Local-gov,Masters,14,Married-civ-spouse,Prof-specialty,Wife,White,Female,0,0,60,United-States,1,25-44,1
24,Private,Some-college,10,Never-married,Farming-fishing,Not-in-family,White,Male,0,0,20,United-States,0,under25,0
74,Self-emp-not-inc,Bachelors,13,Married-civ-spouse,Exec-managerial,Husband,White,Male,0,0,10,United-States,0,45plus,1
43,Private,HS-grad,9,Married-civ-spouse,Machine-op-inspct,Wife,White,Female,0,0,40,Nicaragua,0,25-44,0
31,Private,HS-grad,9,Married-civ-spouse,Machine-op-inspct,Husband,White,Male,0,0,40,United-States,0,25-44,0
33,Private,HS-grad,9,Married-civ-spouse,Machine-op-inspct,Husband,White,Male,0,0,40,United-States,0,25-44,0
20,Private,Some-college,10,Never-married,Sales,Not-in-family,White,Female,0,0,30,United-States,0,under25,0
32,Private,HS-grad,9,Never-married,Other-service,Unmarried,Black,Female,0,0,13,United-States,0,25-44,0
48,Private,Bachelors,13,Married-spouse-absent,Prof-specialty,Other-relative,Asian-Pac-Islander,Female,0,0,36,Philippines,1,45plus,0
20,Private,Some-college,10,Never-married,Adm-clerical,Own-child,White,Female,0,0,40,United-States,0,under25,0
37,Private,Some-college,10,Never-married,Tech-support,Own-child,Black,Female,0,0,40,United-States,0,25-44,0
39,Private,HS-grad,9,Separated,Exec-managerial,Not-in-family,White,Male,14344,0,40,United-States,1,25-44,1
45,Private,Bachelors,13,Married-civ-spouse,Craft-repair,Husband,White,Male,7298,0,55,United-States,1,25-44,1
32,Private,HS-grad,9,Married-civ-spouse,Craft-repair,Husband,White,Male,0,0,40,United-States,1,25-44,0
53,Private,HS-grad,9,Married-civ-spouse,Exec-managerial,Husband,White,Male,0,0,60,United-States,1,45plus,0
35,Private,Bachelors,13,Never-married,Prof-specialty,Not-in-family,White,Female,0,0,40,United-States,0,25-44,0
61,Local-gov,Bachelors,13,Married-spouse-absent,Prof-specialty,Not-in-family,White,Male,0,0,40,United-States,0,45plus,0
57,Private,HS-grad,9,Never-married,Exec-managerial,Not-in-family,White,Male,0,0,40,United-States,0,45plus,0
61,Private,HS-grad,9,Widowed,Exec-managerial,Not-in-family,White,Female,0,0,40,United-States,0,45plus,0
29,Private,Assoc-voc,11,Never-married,Priv-house-serv,Own-child,White,Female,0,0,40,United-States,0,25-44,0
24,Private,HS-grad,9,Married-civ-spouse,Transport-moving,Husband,White,Male,0,0,45,United-States,0,under25,0
18,Private,12th,8,Never-married,Craft-repair,Own-child,White,Male,594,0,20,United-States,0,under25,0
26,Private,Assoc-acdm,12,Never-married,Prof-specialty,Own-child,White,Female,0,0,36,United-States,0,25-44,0
23,Private,HS-grad,9,Never-married,Transport-moving,Not-in-family,White,Male,0,0,38,United-States,0,under25,0
41,Private,HS-grad,9,Married-civ-spouse,Craft-repair,Husband,Other,Male,0,0,40,United-States,0,25-44,0
26,Private,Some-college,10,Never-married,Sales,Other-relative,White,Female,0,0,20,United-States,0,25-44,0
41,Private,Some-college,10,Married-civ-spouse,Sales,Husband,White,Male,0,0,55,United-States,0,25-44,0
28,Private,Bachelors,13,Never-married,Prof-specialty,Not-in-family,White,Female,0,0,35,United-States,0,25-44,0
34,Private,11th,7,Divorced,Handlers-cleaners,Not-in-family,White,Male,0,0,43,United-States,0,25-44,0
41,Private,HS-grad,9,Separated,Other-service,Unmarried,White,Female,0,0,40,Mexico,0,25-44,0
26,Private,Bachelors,13,Never-married,Exec-managerial,Not-in-family,White,Male,0,2258,45,United-States,1,25-44,0
34,Private,HS-grad,9,Divorced,Exec-managerial,Own-child,White,Male,0,0,44,United-States,0,25-44,0
25,Private,11th,7,Divorced,Other-service,Unmarried,White,Female,0,0,12,United-States,0,under25,0
36,Private,HS-grad,9,Never-married,Machine-op-inspct,Not-in-family,Black,Female,0,0,48,United-States,0,25-44,0
46,Private,Masters,14,Married-civ-spouse,Prof-specialty,Husband,White,Male,7688,0,46,United-States,1,45plus,1
36,Private,Some-college,10,Married-civ-spouse,Sales,Husband,White,Male,5178,0,50,United-States,1,25-44,1
33,Private,Bachelors,13,Married-civ-spouse,Sales,Husband,White,Male,0,0,45,United-States,0,25-44,1
30,Private,HS-grad,9,Married-civ-spouse,Craft-repair,Husband,White,Male,0,0,40,United-States,1,25-44,0
19,Private,12th,8,Married-spouse-absent,Other-service,Own-child,Other,Female,0,0,20,United-States,0,under25,0
35,Private,Assoc-acdm,12,Never-married,Other-service,Not-in-family,White,Female,0,0,80,United-States,1,25-44,0
37,Private,Prof-school,15,Married-civ-spouse,Prof-specialty,Husband,White,Male,0,0,50,United-States,1,25-44,1
38,Private,Some-college,10,Never-married,Adm-clerical,Unmarried,White,Female,6497,0,35,United-States,0,25-44,0
29,Private,Prof-school,15,Never-married,Prof-specialty,Not-in-family,White,Female,0,0,55,United-States,0,25-44,0
23,State-gov,Bachelors,13,Never-married,Prof-specialty,Not-in-family,White,Male,10520,0,40,United-States,1,under25,1
44,Self-emp-not-inc,Prof-school,15,Married-civ-spouse,Prof-specialty,Husband,White,Male,0,0,40,United-States,1,25-44,1
34,Private,7th-8th,4,Married-civ-spouse,Transport-moving,Husband,White,Male,0,0,40,United-States,0,25-44,0
34,Private,Masters,14,Never-married,Prof-specialty,Not-in-family,White,Male,4865,0,60,United-States,0,25-44,0
60,Private,7th-8th,4,Divorced,Other-service,Not-in-family,White,Male,0,0,40,United-States,0,45plus,0
26,Private,Some-college,10,Divorced,Prof-specialty,Not-in-family,White,Female,0,0,40,United-States,0,25-44,0
36,State-gov,Prof-school,15,Married-civ-spouse,Prof-specialty,Wife,White,Female,15024,0,50,United-States,1,25-44,1
51,Federal-gov,HS-grad,9,Married-civ-spouse,Craft-repair,Husband,White,Male,4386,0,40,United-States,1,45plus,0
24,Private,11th,7,Never-married,Machine-op-inspct,Unmarried,White,Female,0,0,40,United-States,0,under25,0
18,Private,10th,6,Never-married,Sales,Own-child,White,Female,0,0,20,United-States,0,under25,0
45,Private,Bachelors,13,Never-married,Prof-specialty,Not-in-family,White,Male,0,0,40,United-States,1,25-44,0
51,Self-emp-inc,HS-grad,9,Divorced,Exec-managerial,Not-in-family,White,Male,14084,0,40,United-States,1,45plus,1
32,Local-gov,Some-college,10,Married-civ-spouse,Protective-serv,Husband,White,Male,0,0,99,United-States,0,25-44,0
46,Private,HS-grad,9,Never-married,Handlers-cleaners,Own-child,White,Male,0,0,17,United-States,0,45plus,0
52,Private,Some-college,10,Married-spouse-absent,Adm-clerical,Not-in-family,White,Female,14084,0,16,United-States,1,45plus,0
26,State-gov,Some-college,10,Married-civ-spouse,Protective-serv,Husband,White,Male,0,0,40,United-States,0,25-44,0
44,Self-emp-not-inc,Masters,14,Married-civ-spouse,Farming-fishing,Husband,White,Male,0,0,40,United-States,1,25-44,1
56,Private,HS-grad,9,Married-civ-spouse,Machine-op-inspct,Husband,White,Male,0,0,40,United-States,0,45plus,0
51,Self-emp-not-inc,Bachelors,13,Married-civ-spouse,Exec-managerial,Wife,White,Female,0,0,40,United-States,1,45plus,1
27,Private,HS-grad,9,Married-spouse-absent,Sales,Unmarried,White,Female,0,0,25,United-States,0,25-44,0
41,Self-emp-inc,Some-college,10,Married-civ-spouse,Exec-managerial,Husband,White,Male,0,2415,55,United-States,1,25-44,1
35,Private,HS-grad,9,Divorced,Craft-repair,Unmarried,White,Female,0,0,48,United-States,0,25-44,0
29,Private,Masters,14,Never-married,Prof-specialty,Not-in-family,White,Male,0,0,40,United-States,0,25-44,0
29,Private,Some-college,10,Never-married,Adm-clerical,Own-child,White,Female,0,0,40,United-States,0,25-44,0
30,Private,HS-grad,9,Never-married,Adm-clerical,Unmarried,White,Male,0,2001,42,United-States,0,25-44,0
22,Private,Some-college,10,Never-married,Sales,Own-child,Black,Female,0,0,40,United-States,0,under25,0
40,Private,Prof-school,15,Married-civ-spouse,Craft-repair,Husband,White,Male,5178,0,40,Mexico,1,25-44,1
42,Private,HS-grad,9,Divorced,Adm-clerical,Not-in-family,White,Female,0,0,40,United-States,0,25-44,0
28,Private,Bachelors,13,Never-married,Prof-specialty,Not-in-family,White,Female,2174,0,40,United-States,0,25-44,0
33,Federal-gov,Some-college,10,Divorced,Other-service,Not-in-family,Black,Male,0,0,40,United-States,0,25-44,0
28,Self-emp-inc,Some-college,10,Never-married,Exec-managerial,Not-in-family,White,Male,0,0,50,United-States,0,25-44,0
45,Private,HS-grad,9,Married-civ-spouse,Machine-op-inspct,Husband,Black,Male,0,0,40,United-States,0,25-44,0
45,Private,HS-grad,9,Married-civ-spouse,Sales,Husband,White,Male,0,0,50,United-States,1,25-44,0
30,Private,HS-grad,9,Never-married,Craft-repair,Own-child,White,Male,0,0,50,United-States,0,25-44,0
32,State-gov,HS-grad,9,Married-civ-spouse,Protective-serv,Husband,White,Male,0,0,40,United-States,0,25-44,0
29,Self-emp-inc,Bachelors,13,Married-civ-spouse,Sales,Husband,White,Male,0,0,50,United-States,1,25-44,1
35,Private,HS-grad,9,Married-civ-spouse,Craft-repair,Husband,White,Male,0,0,40,United-States,0,25-44,0
19,Private,Assoc-voc,11,Never-married,Adm-clerical,Own-child,Black,Female,0,0,40,United-States,0,under25,0
42,Private,10th,6,Married-civ-spouse,Craft-repair,Husband,White,Male,0,0,45,United-States,0,25-44,0
38,Private,HS-grad,9,Married-civ-spouse,Exec-managerial,Husband,White,Male,7688,0,70,United-States,1,25-44,1
23,Private,Bachelors,13,Never-married,Adm-clerical,Not-in-family,White,Female,0,0,60,United-States,0,under25,0
56,Private,Masters,14,Married-civ-spouse,Prof-specialty,Husband,White,Male,0,0,40,United-States,1,45plus,1
27,Private,Some-college,10,Never-married,Handlers-cleaners,Not-in-family,Black,Male,0,0,50,United-States,0,25-44,0
42,Private,Assoc-acdm,12,Married-civ-spouse,Sales,Husband,White,Male,0,0,45,United-States,1,25-44,0
28,Private,Bachelors,13,Never-married,Exec-managerial,Not-in-family,White,Female,0,0,60,United-States,0,25-44,0
41,Private,Bachelors,13,Married-civ-spouse,Prof-specialty,Husband,White,Male,0,1887,40,United-States,1,25-44,1
39,Private,Bachelors,13,Divorced,Tech-support,Not-in-family,White,Male,0,0,40,United-States,0,25-44,0
26,Private,HS-grad,9,Married-civ-spouse,Tech-support,Husband,White,Male,0,0,40,United-States,0,25-44,0
57,Self-emp-not-inc,Doctorate,16,Married-civ-spouse,Prof-specialty,Husband,White,Male,0,0,35,United-States,0,45plus,1
63,Private,Masters,14,Divorced,Exec-managerial,Not-in-family,White,Female,0,0,40,United-States,1,45plus,0
56,Private,Bachelors,13,Married-civ-spouse,Exec-managerial,Husband,White,Male,0,0,42,United-States,1,45plus,1
44,Private,Bachelors,13,Married-civ-spouse,Exec-managerial,Husband,Black,Male,0,1902,40,United-States,1,25-44,1
39,Private,Bachelors,13,Never-married,Exec-managerial,Not-in-family,White,Female,0,0,35,United-States,0,25-44,0
32,State-gov,Doctorate,16,Never-married,Prof-specialty,Not-in-family,White,Female,0,0,70,United-States,0,25-44,0
23,Private,Some-college,10,Never-married,Adm-clerical,Own-child,White,Male,0,0,40,United-States,0,under25,0
43,Private,Assoc-voc,11,Separated,Sales,Unmarried,White,Female,0,0,45,United-States,0,25-44,0
32,Private,HS-grad,9,Never-married,Craft-repair,Own-child,White,Male,0,0,40,United-States,0,25-44,0
29,Private,10th,6,Separated,Sales,Unmarried,White,Female,0,0,40,United-States,0,25-44,0
48,Private,Some-college,10,Never-married,Handlers-cleaners,Not-in-family,White,Male,0,0,40,United-States,0,45plus,0
53,Private,Bachelors,13,Married-civ-spouse,Exec-managerial,Husband,White,Male,0,0,44,United-States,1,45plus,1
54,Private,HS-grad,9,Divorced,Other-service,Not-in-family,White,Female,0,0,40,United-States,0,45plus,0
23,Private,10th,6,Married-civ-spouse,Craft-repair,Husband,White,Male,0,0,40,Portugal,0,under25,0
40,Private,HS-grad,9,Married-civ-spouse,Other-service,Wife,Black,Female,0,0,32,United-States,0,25-44,0
34,Self-emp-not-inc,Some-college,10,Married-civ-spouse,Exec-managerial,Husband,White,Male,0,0,30,United-States,0,25-44,0
17,Private,10th,6,Never-married,Sales,Own-child,White,Male,0,0,20,United-States,0,under25,0
52,Private,HS-grad,9,Married-civ-spouse,Craft-repair,Husband,White,Male,0,0,40,United-States,1,45plus,0
74,Private,Prof-school,15,Married-civ-spouse,Prof-specialty,Husband,White,Male,99999,0,50,United-States,1,45plus,1
26,Private,Bachelors,13,Never-married,Adm-clerical,Not-in-family,White,Female,0,0,40,United-States,0,25-44,0
48,Self-emp-inc,HS-grad,9,Married-civ-spouse,Exec-managerial,Husband,White,Male,7688,0,40,United-States,1,45plus,1
58,Private,10th,6,Married-civ-spouse,Transport-moving,Husband,White,Male,0,0,50,United-States,1,45plus,0
49,Private,HS-grad,9,Married-civ-spouse,Machine-op-inspct,Husband,White,Male,0,0,40,United-States,0,45plus,0
22,Private,Some-college,10,Never-married,Adm-clerical,Own-child,White,Male,0,0,40,United-States,0,under25,0
43,Private,Some-college,10,Married-civ-spouse,Sales,Husband,White,Male,7688,0,40,United-States,1,25-44,1
58,Private,HS-grad,9,Married-civ-spouse,Craft-repair,Husband,White,Male,0,0,40,United-States,0,45plus,0
58,Self-emp-inc,10th,6,Married-civ-spouse,Transport-moving,Wife,White,Female,0,0,40,United-States,0,45plus,0
20,Private,HS-grad,9,Never-married,Other-service,Own-child,White,Male,0,0,30,United-States,0,under25,0
32,Private,HS-grad,9,Married-civ-spouse,Sales,Wife,White,Female,0,0,40,United-States,1,25-44,0
54,Local-gov,Bachelors,13,Married-civ-spouse,Exec-managerial,Husband,Asian-Pac-Islander,Male,0,0,40,Philippines,1,45plus,1
56,Private,Some-college,10,Married-civ-spouse,Farming-fishing,Husband,White,Male,0,0,60,United-States,1,45plus,0
43,Private,Bachelors,13,Married-civ-spouse,Prof-specialty,Husband,White,Male,0,1902,40,United-States,1,25-44,1
58,Private,HS-grad,9,Widowed,Adm-clerical,Unmarried,Amer-Indian-Eskimo,Male,0,0,40,United-States,0,45plus,0
37,Self-emp-not-inc,10th,6,Married-civ-spouse,Other-service,Wife,White,Female,2635,0,40,United-States,0,25-44,0
73,Private,HS-grad,9,Widowed,Sales,Other-relative,White,Female,0,0,15,United-States,0,45plus,0
34,Private,Bachelors,13,Married-civ-spouse,Exec-managerial,Husband,White,Male,3103,0,55,United-States,1,25-44,1
51,Private,Bachelors,13,Divorced,Adm-clerical,Not-in-family,White,Female,0,0,40,United-States,0,45plus,0
27,Private,HS-grad,9,Never-married,Craft-repair,Own-child,Black,Male,0,0,40,United-States,0,25-44,0
24,Private,HS-grad,9,Never-married,Handlers-cleaners,Other-relative,Black,Male,0,0,40,United-States,0,under25,0
38,Private,Some-college,10,Married-civ-spouse,Transport-moving,Husband,White,Male,0,0,40,United-States,1,25-44,0
38,Private,Some-college,10,Married-civ-spouse,Sales,Husband,White,Male,0,0,50,United-States,1,25-44,0
58,Self-emp-inc,HS-grad,9,Married-civ-spouse,Exec-managerial,Husband,White,Male,0,0,45,United-States,0,45plus,0
31,Private,HS-grad,9,Married-civ-spouse,Machine-op-inspct,Husband,Black,Male,0,0,40,United-States,0,25-44,0
23,Private,5th-6th,3,Never-married,Other-service,Own-child,White,Male,0,0,40,El-Salvador,0,under25,0
74,Self-emp-not-inc,HS-grad,9,Married-civ-spouse,Sales,Husband,White,Male,0,2149,20,United-States,0,45plus,0
46,Private,HS-grad,9,Divorced,Exec-managerial,Not-in-family,White,Male,0,0,48,United-States,1,45plus,0
33,Private,HS-grad,9,Married-civ-spouse,Sales,Husband,White,Male,0,0,45,United-States,0,25-44,0
24,Private,HS-grad,9,Never-married,Craft-repair,Not-in-family,White,Male,0,0,40,United-States,0,under25,0
37,Private,Some-college,10,Married-civ-spouse,Machine-op-inspct,Husband,White,Male,0,0,40,United-States,0,25-44,0
48,Private,Some-college,10,Divorced,Exec-managerial,Not-in-family,White,Female,0,0,40,United-States,0,45plus,0
24,Private,Some-college,10,Never-married,Adm-clerical,Not-in-family,White,Female,0,0,40,United-States,0,under25,0
51,Private,HS-grad,9,Married-civ-spouse,Adm-clerical,Wife,White,Female,0,0,40,United-States,0,45plus,0
62,Private,10th,6,Divorced,Other-service,Own-child,White,Female,0,0,40,United-States,0,45plus,0
50,Local-gov,Masters,14,Married-civ-spouse,Prof-specialty,Wife,White,Female,0,0,40,United-States,0,45plus,1
55,Self-emp-not-inc,HS-grad,9,Married-civ-spouse,Sales,Husband,White,Male,0,0,50,United-States,1,45plus,0
29,Self-emp-inc,Prof-school,15,Married-civ-spouse,Prof-specialty,Husband,White,Male,0,0,55,United-States,1,25-44,1
36,Private,Bachelors,13,Married-civ-spouse,Sales,Husband,White,Male,0,0,50,United-States,1,25-44,1
29,Private,Assoc-acdm,12,Married-civ-spouse,Exec-managerial,Wife,White,Female,0,0,50,United-States,0,25-44,1
24,Self-emp-not-inc,Assoc-acdm,12,Never-married,Craft-repair,Own-child,White,Male,0,0,40,United-States,0,under25,0
56,Private,HS-grad,9,Married-civ-spouse,Handlers-cleaners,Husband,White,Male,0,0,40,United-States,1,45plus,0
49,Private,Masters,14,Married-civ-spouse,Exec-managerial,Husband,White,Male,0,0,40,United-States,1,45plus,1
32,Private,HS-grad,9,Divorced,Other-service,Not-in-family,Black,Female,0,0,16,United-States,0,25-44,0
43,Private,Some-college,10,Married-civ-spouse,Other-service,Wife,White,Female,0,0,20,England,1,25-44,0
50,Private,HS-grad,9,Married-civ-spouse,Machine-op-inspct,Husband,White,Male,0,0,40,United-States,0,45plus,0
38,Private,Bachelors,13,Married-civ-spouse,Adm-clerical,Husband,White,Male,0,0,56,United-States,0,25-44,1
26,Local-gov,Bachelors,13,Married-civ-spouse,Prof-specialty,Husband,White,Male,0,0,40,United-States,0,25-44,0
37,Private,HS-grad,9,Married-civ-spouse,Sales,Husband,White,Male,0,0,50,United-States,0,25-44,0
31,Private,HS-grad,9,Divorced,Other-service,Own-child,White,Female,0,0,15,United-States,0,25-44,0
47,Private,Prof-school,15,Married-civ-spouse,Exec-managerial,Husband,White,Male,0,0,45,United-States,1,45plus,1
22,Private,10th,6,Never-married,Craft-repair,Other-relative,White,Male,0,0,30,United-States,0,under25,0
55,Self-emp-not-inc,9th,5,Married-civ-spouse,Farming-fishing,Husband,White,Male,0,0,25,United-States,0,45plus,0
44,Self-emp-inc,Doctorate,16,Married-civ-spouse,Prof-specialty,Husband,White,Male,0,0,60,United-States,0,25-44,1
57,Self-emp-not-inc,Prof-school,15,Married-civ-spouse,Sales,Wife,White,Female,15024,0,35,United-States,1,45plus,1
45,Self-emp-not-inc,HS-grad,9,Married-civ-spouse,Craft-repair,Husband,White,Male,0,0,50,United-States,0,25-44,0
53,Private,Some-college,10,Married-civ-spouse,Tech-support,Husband,White,Male,0,0,40,United-States,0,45plus,0
28,Private,HS-grad,9,Married-civ-spouse,Transport-moving,Husband,White,Male,0,0,45,United-States,1,25-44,0
42,Private,HS-grad,9,Married-civ-spouse,Sales,Husband,White,Male,0,0,40,United-States,0,25-44,0
33,Private,Assoc-voc,11,Separated,Adm-clerical,Own-child,Black,Female,0,0,50,United-States,0,25-44,0
33,Private,HS-grad,9,Separated,Craft-repair,Not-in-family,Amer-Indian-Eskimo,Male,0,0,35,Hong,0,25-44,0
26,Private,Assoc-voc,11,Married-civ-spouse,Craft-repair,Husband,White,Male,0,2002,40,United-States,0,25-44,0
31,Private,11th,7,Never-married,Handlers-cleaners,Own-child,White,Male,0,0,25,United-States,0,25-44,0
40,Private,Assoc-voc,11,Married-civ-spouse,Craft-repair,Husband,Black,Male,0,0,45,United-States,0,25-44,0
46,State-gov,Masters,14,Never-married,Exec-managerial,Not-in-family,White,Female,0,0,38,United-States,0,45plus,0
50,Local-gov,Some-college,10,Married-civ-spouse,Protective-serv,Husband,White,Male,0,0,48,United-States,0,45plus,0
23,Private,Some-college,10,Never-married,Exec-managerial,Not-in-family,White,Female,0,0,35,United-States,0,under25,0
32,Private,HS-grad,9,Never-married,Farming-fishing,Not-in-family,White,Male,0,0,35,United-States,0,25-44,0
65,Private,HS-grad,9,Widowed,Adm-clerical,Not-in-family,White,Female,0,810,36,United-States,0,45plus,0
38,Self-emp-not-inc,Some-college,10,Married-civ-spouse,Prof-specialty,Husband,White,Male,3137,0,50,United-States,0,25-44,0
30,Private,HS-grad,9,Married-spouse-absent,Craft-repair,Other-relative,White,Male,0,0,40,United-States,0,25-44,0
37,Private,HS-grad,9,Divorced,Adm-clerical,Unmarried,White,Female,0,0,37,United-States,0,25-44,0
40,Private,Bachelors,13,Married-civ-spouse,Tech-support,Husband,White,Male,0,0,40,United-States,1,25-44,1
39,Private,Bachelors,13,Married-civ-spouse,Exec-managerial,Husband,White,Male,0,0,70,United-States,0,25-44,1
27,Private,Some-college,10,Never-married,Other-service,Not-in-family,White,Female,0,0,25,United-States,0,25-44,0
61,Private,Some-college,10,Married-civ-spouse,Exec-managerial,Husband,White,Male,0,1672,40,United-States,0,45plus,0
47,Local-gov,Some-college,10,Married-civ-spouse,Protective-serv,Husband,White,Male,0,0,50,United-States,0,45plus,0
32,State-gov,Bachelors,13,Married-civ-spouse,Protective-serv,Husband,White,Male,0,0,40,United-States,1,25-44,1
19,Private,HS-grad,9,Never-married,Handlers-cleaners,Own-child,White,Male,0,0,25,United-States,0,under25,0
50,Self-emp-not-inc,Assoc-acdm,12,Never-married,Sales,Not-in-family,White,Female,0,1408,5,United-States,0,45plus,0
36,Self-emp-not-inc,Prof-school,15,Never-married,Prof-specialty,Not-in-family,White,Male,0,0,55,United-States,1,25-44,1
24,Private,Bachelors,13,Never-married,Prof-specialty,Own-child,Asian-Pac-Islander,Male,0,0,40,United-States,0,under25,0
69,Private,Some-college,10,Married-civ-spouse,Exec-managerial,Husband,White,Male,20051,0,50,United-States,1,45plus,1
65,Private,HS-grad,9,Married-civ-spouse,Craft-repair,Husband,White,Male,0,0,30,United-States,0,45plus,0
42,Private,Bachelors,13,Married-civ-spouse,Prof-specialty,Wife,White,Female,0,0,55,United-States,0,25-44,1
25,Private,HS-grad,9,Never-married,Craft-repair,Own-child,White,Male,0,0,40,Cuba,0,under25,0
37,Private,Bachelors,13,Married-civ-spouse,Prof-specialty,Wife,Black,Female,15024,0,40,United-States,1,25-44,1
44,Private,HS-grad,9,Married-civ-spouse,Exec-managerial,Wife,White,Female,3103,0,40,United-States,1,25-44,0
52,Private,Preschool,1,Married-civ-spouse,Other-service,Not-in-family,White,Male,0,0,40,El-Salvador,0,45plus,0
54,Private,Some-college,10,Separated,Exec-managerial,Not-in-family,White,Female,0,0,40,United-States,0,45plus,0
21,Private,HS-grad,9,Never-married,Machine-op-inspct,Own-child,White,Male,0,0,40,United-States,0,under25,0
29,Private,Some-college,10,Divorced,Exec-managerial,Not-in-family,White,Female,0,0,40,United-States,0,25-44,0
28,Private,11th,7,Divorced,Sales,Own-child,White,Male,0,0,40,United-States,0,25-44,0
64,Self-emp-not-inc,Bachelors,13,Married-civ-spouse,Exec-managerial,Husband,White,Male,15024,0,35,United-States,1,45plus,1
51,Self-emp-inc,Doctorate,16,Married-civ-spouse,Prof-specialty,Husband,White,Male,15024,0,40,United-States,1,45plus,1
40,Private,9th,5,Never-married,Transport-moving,Not-in-family,White,Male,0,0,45,United-States,0,25-44,0
26,Local-gov,Bachelors,13,Never-married,Prof-specialty,Not-in-family,White,Female,0,0,38,United-States,0,25-44,0
43,Private,Bachelors,13,Married-civ-spouse,Sales,Husband,White,Male,0,0,50,United-States,1,25-44,1
28,Self-emp-not-inc,Bachelors,13,Never-married,Prof-specialty,Not-in-family,Black,Male,0,0,50,United-States,1,25-44,0
69,Self-emp-not-inc,Bachelors,13,Married-civ-spouse,Prof-specialty,Husband,White,Male,20051,0,45,United-States,1,45plus,1
35,Private,Some-college,10,Married-civ-spouse,Craft-repair,Husband,White,Male,0,0,50,United-States,0,25-44,0
60,Self-emp-not-inc,Prof-school,15,Married-civ-spouse,Sales,Husband,White,Male,0,0,45,United-States,1,45plus,1
38,Private,Bachelors,13,Married-civ-spouse,Exec-managerial,Husband,White,Male,0,0,60,United-States,0,25-44,1
65,Self-emp-not-inc,Some-college,10,Married-civ-spouse,Machine-op-inspct,Husband,White,Male,6514,0,40,United-States,1,45plus,1
23,Private,Bachelors,13,Never-married,Tech-support,Not-in-family,Black,Female,0,0,45,United-States,0,under25,0
47,Local-gov,Some-college,10,Married-civ-spouse,Exec-managerial,Husband,White,Male,0,0,40,United-States,0,45plus,0
50,Self-emp-not-inc,Bachelors,13,Married-civ-spouse,Exec-managerial,Husband,White,Male,0,0,35,United-States,0,45plus,1
48,Self-emp-inc,Bachelors,13,Married-civ-spouse,Exec-managerial,Wife,White,Female,0,0,25,United-States,1,45plus,1
22,Private,HS-grad,9,Never-married,Exec-managerial,Own-child,White,Female,0,0,40,United-States,0,under25,0
29,Private,Some-college,10,Never-married,Adm-clerical,Not-in-family,White,Female,0,0,40,United-States,0,25-44,0
53,Private,HS-grad,9,Divorced,Adm-clerical,Unmarried,White,Female,0,0,40,United-States,0,45plus,0
27,Self-emp-inc,HS-grad,9,Never-married,Sales,Not-in-family,White,Male,0,0,50,United-States,0,25-44,0
42,Self-emp-not-inc,Prof-school,15,Married-civ-spouse,Prof-specialty,Husband,White,Male,0,0,38,United-States,1,25-44,1
43,Private,HS-grad,9,Married-civ-spouse,Machine-op-inspct,Husband,White,Male,0,0,40,United-States,0,25-44,0
43,Self-emp-not-inc,Bachelors,13,Married-civ-spouse,Exec-managerial,Husband,Asian-Pac-Islander,Male,0,0,50,Philippines,0,25-44,1
69,Private,9th,5,Never-married,Craft-repair,Other-relative,White,Male,2993,0,40,United-States,0,45plus,0
33,Private,HS-grad,9,Married-civ-spouse,Machine-op-inspct,Husband,Other,Male,0,0,40,Mexico,0,25-44,0
36,Private,HS-grad,9,Married-civ-spouse,Craft-repair,Own-child,White,Female,0,2002,40,United-States,0,25-44,0
46,Private,Some-college,10,Married-civ-spouse,Craft-repair,Husband,Black,Male,0,0,40,United-States,1,45plus,0
44,Federal-gov,Assoc-voc,11,Divorced,Tech-support,Not-in-family,White,Male,0,0,40,United-States,0,25-44,0
23,Private,HS-grad,9,Never-married,Handlers-cleaners,Not-in-family,Black,Male,0,0,40,United-States,0,under25,0
65,Private,Masters,14,Married-civ-spouse,Sales,Husband,White,Male,20051,0,40,United-States,1,45plus,1
48,Private,HS-grad,9,Divorced,Handlers-cleaners,Not-in-family,White,Male,0,0,40,United-States,0,45plus,0
51,Self-emp-not-inc,Some-college,10,Married-civ-spouse,Sales,Husband,White,Male,0,0,50,United-States,0,45plus,0
47,Private,Bachelors,13,Divorced,Sales,Unmarried,White,Female,0,0,50,United-States,0,45plus,0
33,Private,Assoc-acdm,12,Married-civ-spouse,Prof-specialty,Husband,White,Male,0,0,50,United-States,0,25-44,0
48,Private,Some-college,10,Married-civ-spouse,Handlers-cleaners,Husband,White,Male,0,0,40,United-States,0,45plus,0
20,Private,HS-grad,9,Never-married,Other-service,Own-child,White,Female,0,0,30,United-States,0,under25,0
67,Self-emp-not-inc,HS-grad,9,Widowed,Other-service,Not-in-family,White,Female,0,0,30,United-States,0,45plus,0
35,Private,Masters,14,Married-civ-spouse,Machine-op-inspct,Husband,White,Male,0,0,48,United-States,0,25-44,1
42,Private,5th-6th,3,Married-spouse-absent,Craft-repair,Not-in-family,White,Male,0,0,40,Puerto-Rico,0,25-44,0
33,Self-emp-not-inc,Assoc-voc,11,Married-civ-spouse,Prof-specialty,Wife,White,Female,3103,0,50,United-States,1,25-44,0
51,Private,9th,5,Married-civ-spouse,Machine-op-inspct,Husband,White,Male,0,0,45,United-States,0,45plus,0
43,Private,5th-6th,3,Separated,Machine-op-inspct,Not-in-family,White,Female,0,0,40,Mexico,0,25-44,0
40,Private,Some-college,10,Divorced,Machine-op-inspct,Unmarried,Black,Female,0,0,40,United-States,0,25-44,0
23,Private,Some-college,10,Never-married,Exec-managerial,Not-in-family,White,Male,0,0,40,United-States,0,under25,0
37,Private,Some-college,10,Never-married,Craft-repair,Not-in-family,White,Male,0,0,40,United-States,0,25-44,0
44,State-gov,Masters,14,Married-civ-spouse,Exec-managerial,Husband,White,Male,0,1902,40,United-States,1,25-44,1
28,Private,Bachelors,13,Never-married,Sales,Not-in-family,White,Male,0,0,40,United-States,0,25-44,0
18,Private,11th,7,Never-married,Other-service,Own-child,White,Male,0,0,15,United-States,0,under25,0
21,Private,HS-grad,9,Never-married,Other-service,Own-child,White,Female,0,0,19,United-States,0,under25,0
45,Federal-gov,Assoc-acdm,12,Divorced,Adm-clerical,Unmarried,Asian-Pac-Islander,Male,0,2080,40,Philippines,0,25-44,0
36,Private,10th,6,Married-civ-spouse,Machine-op-inspct,Own-child,White,Female,3464,0,40,United-States,0,25-44,0
27,Federal-gov,Bachelors,13,Never-married,Exec-managerial,Not-in-family,Black,Male,0,0,48,United-States,0,25-44,0
25,Private,HS-grad,9,Never-married,Sales,Not-in-family,White,Male,0,1504,37,United-States,0,under25,0
27,Private,5th-6th,3,Never-married,Other-service,Not-in-family,White,Male,0,0,75,Mexico,0,25-44,0
33,Private,HS-grad,9,Divorced,Adm-clerical,Not-in-family,Black,Female,0,0,40,United-States,0,25-44,0
46,Private,10th,6,Married-civ-spouse,Handlers-cleaners,Husband,White,Male,0,0,40,United-States,0,45plus,0
50,Private,HS-grad,9,Married-civ-spouse,Transport-moving,Husband,Black,Male,0,0,40,United-States,0,45plus,0
42,Private,9th,5,Married-civ-spouse,Craft-repair,Husband,White,Male,0,0,40,Mexico,0,25-44,0
71,Self-emp-inc,Masters,14,Married-civ-spouse,Exec-managerial,Husband,White,Male,99999,0,40,United-States,1,45plus,1
25,Private,Some-college,10,Never-married,Farming-fishing,Own-child,White,Male,0,0,20,United-States,0,under25,0
43,Private,Masters,14,Married-civ-spouse,Exec-managerial,Husband,White,Male,0,0,45,United-States,0,25-44,1
50,Self-emp-not-inc,Bachelors,13,Married-civ-spouse,Exec-managerial,Husband,White,Male,0,0,13,United-States,0,45plus,1
45,Private,HS-grad,9,Married-civ-spouse,Machine-op-inspct,Husband,White,Male,0,0,44,United-States,1,25-44,0
49,Private,HS-grad,9,Widowed,Adm-clerical,Unmarried,White,Female,0,0,40,United-States,0,45plus,0
54,Private,HS-grad,9,Widowed,Other-service,Unmarried,White,Female,0,0,32,United-States,0,45plus,0
37,State-gov,HS-grad,9,Divorced,Adm-clerical,Unmarried,White,Female,0,0,35,United-States,0,25-44,0
19,Private,HS-grad,9,Never-married,Other-service,Own-child,White,Female,0,0,20,United-States,0,under25,0
48,Private,7th-8th,4,Married-civ-spouse,Transport-moving,Husband,White,Male,0,1672,55,United-States,0,45plus,0
29,Private,Some-college,10,Never-married,Adm-clerical,Own-child,Black,Female,0,0,40,United-States,0,25-44,0
47,Private,HS-grad,9,Married-civ-spouse,Transport-moving,Husband,Amer-Indian-Eskimo,Male,0,0,40,United-States,1,45plus,0
34,Private,HS-grad,9,Married-civ-spouse,Machine-op-inspct,Husband,White,Male,0,0,48,United-States,0,25-44,0
32,Private,HS-grad,9,Never-married,Other-service,Not-in-family,White,Female,0,0,34,United-States,0,25-44,0
37,Private,Assoc-acdm,12,Married-civ-spouse,Machine-op-inspct,Husband,White,Male,0,0,40,United-States,1,25-44,0
46,Private,HS-grad,9,Married-spouse-absent,Machine-op-inspct,Not-in-family,White,Female,0,0,40,Columbia,0,45plus,0
48,Private,Some-college,10,Divorced,Prof-specialty,Unmarried,White,Female,0,0,20,United-States,0,45plus,0
39,Private,Bachelors,13,Married-civ-spouse,Exec-managerial,Husband,White,Male,0,0,40,United-States,1,25-44,1
67,Private,Bachelors,13,Married-civ-spouse,Prof-specialty,Husband,White,Male,0,0,2,United-States,0,45plus,0
25,Private,HS-grad,9,Married-civ-spouse,Adm-clerical,Wife,White,Female,0,0,40,United-States,0,under25,0
44,State-gov,Bachelors,13,Divorced,Prof-specialty,Not-in-family,White,Female,0,0,40,United-States,0,25-44,0
22,Without-pay,HS-grad,9,Never-married,Handlers-cleaners,Own-child,White,Male,4416,0,40,United-States,0,under25,0
32,Private,11th,7,Never-married,Transport-moving,Own-child,White,Male,0,0,40,United-States,0,25-44,0
32,State-gov,Some-college,10,Never-married,Adm-clerical,Not-in-family,Black,Female,0,0,40,United-States,0,25-44,0
34,Private,Assoc-acdm,12,Never-married,Craft-repair,Own-child,Black,Female,0,0,40,United-States,0,25-44,0
23,Private,Some-college,10,Never-married,Other-service,Not-in-family,White,Female,0,0,20,United-States,0,under25,0
35,Private,HS-grad,9,Divorced,Handlers-cleaners,Other-relative,White,Male,0,0,40,United-States,0,25-44,0
58,Private,Bachelors,13,Divorced,Transport-moving,Not-in-family,White,Male,0,0,45,United-States,0,45plus,0
33,Private,Assoc-voc,11,Never-married,Exec-managerial,Not-in-family,White,Male,0,0,55,United-States,1,25-44,0
36,Self-emp-not-inc,Prof-school,15,Married-civ-spouse,Prof-specialty,Husband,White,Male,0,0,60,United-States,1,25-44,1
50,Private,HS-grad,9,Married-civ-spouse,Machine-op-inspct,Husband,White,Male,0,0,40,United-States,0,45plus,0
24,Private,11th,7,Married-civ-spouse,Transport-moving,Husband,Asian-Pac-Islander,Male,0,0,40,Vietnam,0,under25,0
27,Private,Some-college,10,Never-married,Adm-clerical,Not-in-family,Black,Female,0,0,40,Jamaica,0,25-44,0
25,Private,Bachelors,13,Never-married,Adm-clerical,Not-in-family,White,Female,0,0,40,United-States,0,under25,0
24,Private,Bachelors,13,Never-married,Prof-specialty,Own-child,White,Male,0,0,40,United-States,0,under25,0
26,Self-emp-not-inc,10th,6,Married-civ-spouse,Farming-fishing,Husband,White,Male,0,0,99,United-States,0,25-44,0
32,Private,HS-grad,9,Married-civ-spouse,Machine-op-inspct,Husband,White,Male,5178,0,50,United-States,1,25-44,1
26,Private,11th,7,Married-civ-spouse,Craft-repair,Husband,White,Male,0,0,40,United-States,0,25-44,0
42,Federal-gov,Assoc-voc,11,Divorced,Adm-clerical,Unmarried,Black,Female,0,0,40,United-States,1,25-44,0
66,Private,HS-grad,9,Widowed,Sales,Other-relative,White,Female,0,0,35,United-States,0,45plus,0
29,Private,11th,7,Married-civ-spouse,Craft-repair,Husband,White,Male,3942,0,50,United-States,0,25-44,0
57,Private,Bachelors,13,Married-civ-spouse,Prof-specialty,Husband,White,Male,3103,0,40,United-States,1,45plus,1
63,Federal-gov,Some-college,10,Divorced,Exec-managerial,Unmarried,White,Female,0,0,40,United-States,0,45plus,0
45,Private,HS-grad,9,Married-civ-spouse,Craft-repair,Husband,White,Male,0,0,40,United-States,0,25-44,0
42,Self-emp-inc,HS-grad,9,Married-civ-spouse,Exec-managerial,Husband,White,Male,0,0,40,United-States,0,25-44,0
45,Private,HS-grad,9,Married-spouse-absent,Other-service,Unmarried,Black,Female,0,0,60,United-States,1,25-44,0
50,Private,Bachelors,13,Married-civ-spouse,Sales,Husband,White,Male,0,0,40,United-States,1,45plus,1
22,Private,HS-grad,9,Never-married,Adm-clerical,Own-child,White,Male,0,0,20,United-States,0,under25,0
48,Local-gov,HS-grad,9,Married-civ-spouse,Craft-repair,Husband,White,Male,0,0,60,United-States,0,45plus,0
33,Self-emp-not-inc,Bachelors,13,Married-civ-spouse,Sales,Husband,White,Male,0,0,45,United-States,1,25-44,1
52,Self-emp-not-inc,HS-grad,9,Married-civ-spouse,Farming-fishing,Husband,White,Male,0,0,70,United-States,0,45plus,0
46,Federal-gov,Some-college,10,Married-civ-spouse,Exec-managerial,Husband,White,Male,0,0,48,United-States,1,45plus,1
20,Private,Some-college,10,Never-married,Adm-clerical,Own-child,White,Female,0,0,25,United-States,0,under25,0
30,Private,HS-grad,9,Never-married,Sales,Unmarried,Black,Female,0,0,25,United-States,0,25-44,0
42,Private,HS-grad,9,Separated,Handlers-cleaners,Unmarried,White,Male,0,0,40,Poland,0,25-44,0
47,Private,Masters,14,Divorced,Exec-managerial,Unmarried,White,Male,0,0,42,United-States,0,45plus,0
33,Self-emp-not-inc,Bachelors,13,Married-civ-spouse,Prof-specialty,Husband,Black,Male,0,0,25,United-States,1,25-44,0
20,Private,Assoc-acdm,12,Never-married,Sales,Own-child,White,Female,0,0,40,United-States,0,under25,0
48,Self-emp-inc,Bachelors,13,Married-civ-spouse,Exec-managerial,Husband,White,Male,7298,0,50,United-States,1,45plus,1
38,Federal-gov,Some-college,10,Divorced,Adm-clerical,Not-in-family,White,Male,0,0,40,United-States,1,25-44,0
20,Private,HS-grad,9,Never-married,Other-service,Own-child,White,Male,0,0,30,United-States,0,under25,0
34,Self-emp-not-inc,Bachelors,13,Married-civ-spouse,Sales,Husband,White,Male,0,0,30,United-States,0,25-44,0
37,Private,11th,7,Married-civ-spouse,Other-service,Husband,White,Male,0,0,40,United-States,0,25-44,0
44,Private,Doctorate,16,Married-civ-spouse,Exec-managerial,Husband,White,Male,0,0,60,United-States,1,25-44,1
43,Private,Some-college,10,Divorced,Adm-clerical,Not-in-family,White,Female,0,0,40,United-States,0,25-44,0
33,Private,Some-college,10,Never-married,Exec-managerial,Not-in-family,Black,Female,0,0,40,United-States,0,25-44,0
20,Private,HS-grad,9,Never-married,Handlers-cleaners,Own-child,White,Male,0,0,28,United-States,0,under25,0
62,Self-emp-not-inc,HS-grad,9,Married-civ-spouse,Sales,Husband,White,Male,0,0,90,United-States,1,45plus,0
50,Private,HS-grad,9,Divorced,Adm-clerical,Not-in-family,White,Female,0,0,40,United-States,0,45plus,0
46,Self-emp-not-inc,Bachelors,13,Married-spouse-absent,Prof-specialty,Not-in-family,White,Male,0,0,25,United-States,0,45plus,0
29,Local-gov,Bachelors,13,Married-civ-spouse,Exec-managerial,Husband,Black,Male,0,0,40,United-States,1,25-44,1
35,Private,Bachelors,13,Married-civ-spouse,Exec-managerial,Husband,White,Male,0,1887,45,United-States,1,25-44,1
51,Federal-gov,Bachelors,13,Married-civ-spouse,Farming-fishing,Husband,White,Male,5178,0,40,United-States,1,45plus,1
52,Private,HS-grad,9,Divorced,Craft-repair,Not-in-family,White,Male,0,0,40,United-States,1,45plus,0
35,Private,Bachelors,13,Married-civ-spouse,Farming-fishing,Husband,White,Male,0,0,65,Yugoslavia,1,25-44,1
24,Private,HS-grad,9,Never-married,Handlers-cleaners,Other-relative,White,Male,0,0,40,United-States,0,under25,0
34,Self-emp-not-inc,HS-grad,9,Married-civ-spouse,Sales,Husband,White,Male,0,0,60,United-States,0,25-44,0
51,Private,Some-college,10,Married-civ-spouse,Exec-managerial,Husband,White,Male,0,0,60,United-States,1,45plus,1
52,Without-pay,HS-grad,9,Married-civ-spouse,Adm-clerical,Wife,White,Female,0,0,30,United-States,0,45plus,0
50,Private,HS-grad,9,Divorced,Adm-clerical,Other-relative,Asian-Pac-Islander,Female,0,0,40,Philippines,0,45plus,0
33,Private,HS-grad,9,Married-civ-spouse,Machine-op-inspct,Wife,White,Female,0,0,40,Mexico,0,25-44,0
34,Private,Masters,14,Married-civ-spouse,Exec-managerial,Husband,White,Male,0,0,40,United-States,0,25-44,1
45,Private,HS-grad,9,Married-civ-spouse,Other-service,Husband,White,Male,0,1902,40,United-States,1,25-44,0
35,Private,HS-grad,9,Married-civ-spouse,Machine-op-inspct,Husband,White,Male,0,0,40,United-States,0,25-44,0
27,Self-emp-not-inc,Some-college,10,Never-married,Exec-managerial,Not-in-family,White,Male,0,0,60,United-States,1,25-44,0
50,Private,HS-grad,9,Married-civ-spouse,Craft-repair,Husband,White,Male,0,0,48,United-States,1,45plus,0
49,Private,9th,5,Divorced,Machine-op-inspct,Not-in-family,White,Female,0,0,40,United-States,0,45plus,0
24,Private,11th,7,Never-married,Craft-repair,Own-child,White,Male,0,0,35,United-States,0,under25,0
56,Self-emp-not-inc,Prof-school,15,Married-civ-spouse,Prof-specialty,Husband,White,Male,0,1977,50,United-States,1,45plus,1
24,Private,HS-grad,9,Never-married,Machine-op-inspct,Own-child,White,Male,0,0,30,United-States,0,under25,0
25,Private,5th-6th,3,Never-married,Machine-op-inspct,Not-in-family,White,Male,0,0,40,Mexico,0,under25,0
26,Private,Some-college,10,Never-married,Exec-managerial,Unmarried,Black,Female,0,0,40,United-States,0,25-44,0
36,Self-emp-not-inc,Bachelors,13,Never-married,Farming-fishing,Not-in-family,White,Male,0,0,50,Mexico,0,25-44,0
27,Private,Bachelors,13,Never-married,Tech-support,Not-in-family,Black,Female,0,0,40,France,0,25-44,0
55,Private,Some-college,10,Divorced,Machine-op-inspct,Own-child,White,Male,0,0,40,United-States,0,45plus,0
41,Private,HS-grad,9,Never-married,Craft-repair,Not-in-family,White,Male,0,0,44,United-States,0,25-44,0
34,Private,HS-grad,9,Never-married,Craft-repair,Own-child,White,Male,0,0,40,United-States,0,25-44,0
52,Private,Assoc-acdm,12,Married-civ-spouse,Protective-serv,Husband,White,Male,0,0,40,United-States,1,45plus,0
22,Private,Assoc-voc,11,Married-civ-spouse,Tech-support,Husband,White,Male,0,0,40,United-States,0,under25,0
35,Local-gov,HS-grad,9,Married-civ-spouse,Craft-repair,Husband,White,Male,0,0,40,United-States,0,25-44,0
28,Private,HS-grad,9,Married-civ-spouse,Craft-repair,Husband,White,Male,0,0,35,United-States,0,25-44,0
26,Private,Some-college,10,Married-civ-spouse,Sales,Husband,White,Male,0,0,50,Germany,0,25-44,0
48,Private,Some-college,10,Divorced,Adm-clerical,Not-in-family,White,Female,0,0,50,United-States,0,45plus,0
26,State-gov,HS-grad,9,Married-civ-spouse,Protective-serv,Husband,White,Male,0,0,38,United-States,0,25-44,0
25,Private,Assoc-acdm,12,Never-married,Exec-managerial,Own-child,White,Male,0,0,40,United-States,0,under25,0
46,Local-gov,11th,7,Married-civ-spouse,Transport-moving,Husband,White,Male,0,0,30,United-States,0,45plus,0
19,Private,Some-college,10,Never-married,Farming-fishing,Own-child,White,Male,0,0,66,United-States,0,under25,0
48,Self-emp-not-inc,Bachelors,13,Married-spouse-absent,Exec-managerial,Not-in-family,Black,Male,0,0,40,Jamaica,1,45plus,0
36,Private,Bachelors,13,Never-married,Prof-specialty,Own-child,White,Male,0,0,50,United-States,0,25-44,0
42,Private,Some-college,10,Divorced,Prof-specialty,Unmarried,White,Female,0,0,20,United-States,0,25-44,0
42,Private,Bachelors,13,Married-civ-spouse,Tech-support,Husband,White,Male,0,0,40,United-States,1,25-44,1
64,Private,HS-grad,9,Married-civ-spouse,Transport-moving,Husband,White,Male,0,0,40,United-States,0,45plus,0
35,Private,HS-grad,9,Married-civ-spouse,Handlers-cleaners,Husband,White,Male,0,0,50,United-States,0,25-44,0
32,Private,Bachelors,13,Separated,Prof-specialty,Unmarried,White,Female,0,0,32,United-States,0,25-44,0
37,Self-emp-inc,Bachelors,13,Married-civ-spouse,Exec-managerial,Husband,White,Male,0,0,80,United-States,1,25-44,1
19,Private,Some-college,10,Never-married,Adm-clerical,Own-child,White,Female,0,0,16,United-States,0,under25,0
69,Private,Assoc-acdm,12,Divorced,Adm-clerical,Not-in-family,White,Female,2964,0,6,Germany,0,45plus,0
36,Private,Some-college,10,Married-civ-spouse,Transport-moving,Husband,White,Male,0,0,40,United-States,0,25-44,0
62,Private,HS-grad,9,Married-civ-spouse,Craft-repair,Husband,White,Male,0,0,40,United-States,0,45plus,0
45,Self-emp-inc,HS-grad,9,Married-civ-spouse,Exec-managerial,Husband,White,Male,15024,0,55,United-States,1,25-44,1
42,Self-emp-not-inc,Some-college,10,Married-civ-spouse,Farming-fishing,Wife,White,Female,0,0,50,United-States,0,25-44,0
28,Private,HS-grad,9,Married-civ-spouse,Transport-moving,Husband,Black,Male,0,0,40,United-States,0,25-44,0
42,Private,HS-grad,9,Divorced,Other-service,Unmarried,White,Female,0,0,40,United-States,0,25-44,0
19,Private,Some-college,10,Never-married,Prof-specialty,Own-child,White,Female,0,0,40,United-States,0,under25,0
19,Private,HS-grad,9,Never-married,Prof-specialty,Not-in-family,White,Female,0,0,40,United-States,0,under25,0
42,Local-gov,Masters,14,Never-married,Prof-specialty,Not-in-family,White,Female,0,0,40,United-States,1,25-44,0
33,Self-emp-not-inc,HS-grad,9,Married-civ-spouse,Craft-repair,Husband,White,Male,0,0,40,United-States,0,25-44,0
20,Private,Some-college,10,Never-married,Adm-clerical,Own-child,White,Female,0,1719,28,United-States,0,under25,0
31,Private,Masters,14,Married-civ-spouse,Exec-managerial,Husband,White,Male,0,1977,48,United-States,1,25-44,1
67,Private,HS-grad,9,Married-civ-spouse,Handlers-cleaners,Husband,White,Male,0,0,24,United-States,0,45plus,0
38,Self-emp-not-inc,Bachelors,13,Married-civ-spouse,Exec-managerial,Husband,Asian-Pac-Islander,Male,0,1902,65,United-States,1,25-44,1
17,Private,11th,7,Never-married,Other-service,Own-child,White,Female,0,0,20,United-States,0,under25,0
44,Federal-gov,HS-grad,9,Divorced,Machine-op-inspct,Not-in-family,White,Male,0,0,40,United-States,0,25-44,0
43,Private,Masters,14,Married-civ-spouse,Exec-managerial,Husband,White,Male,0,0,50,United-States,1,25-44,1
39,Private,Bachelors,13,Separated,Prof-specialty,Unmarried,Asian-Pac-Islander,Female,0,0,40,Philippines,1,25-44,0
33,State-gov,Some-college,10,Separated,Tech-support,Not-in-family,White,Male,0,0,12,United-States,0,25-44,0
43,State-gov,Doctorate,16,Separated,Prof-specialty,Unmarried,White,Female,0,0,40,United-States,1,25-44,0
28,Private,Some-college,10,Never-married,Craft-repair,Own-child,White,Male,0,0,40,United-States,0,25-44,0
34,Private,Some-college,10,Never-married,Adm-clerical,Own-child,White,Male,0,0,40,United-States,0,25-44,0
25,Private,Some-college,10,Married-civ-spouse,Adm-clerical,Wife,Black,Female,3103,0,40,United-States,1,under25,0
40,Private,Masters,14,Married-civ-spouse,Exec-managerial,Husband,White,Male,0,0,50,United-States,1,25-44,1
50,Private,Masters,14,Married-civ-spouse,Sales,Husband,White,Male,15024,0,40,United-States,1,45plus,1
53,Private,Bachelors,13,Married-civ-spouse,Exec-managerial,Husband,Black,Male,0,1902,40,United-States,1,45plus,1
46,Private,HS-grad,9,Married-civ-spouse,Machine-op-inspct,Husband,White,Male,0,0,40,United-States,1,45plus,0
23,Private,7th-8th,4,Never-married,Other-service,Not-in-family,White,Male,0,0,25,Mexico,0,under25,0
61,Self-emp-inc,Masters,14,Widowed,Exec-managerial,Unmarried,White,Female,0,0,99,United-States,0,45plus,0
23,Private,Some-college,10,Never-married,Handlers-cleaners,Own-child,White,Male,0,0,60,United-States,0,under25,0
19,Private,Some-college,10,Never-married,Adm-clerical,Not-in-family,White,Male,0,0,40,United-States,0,under25,0
18,Private,12th,8,Never-married,Other-service,Own-child,White,Female,0,0,20,United-States,0,under25,0
50,Private,Bachelors,13,Married-civ-spouse,Exec-managerial,Husband,White,Male,15024,0,40,United-States,1,45plus,1
35,Self-emp-not-inc,Prof-school,15,Married-civ-spouse,Prof-specialty,Husband,White,Male,0,0,50,United-States,1,25-44,1
34,Private,Bachelors,13,Married-civ-spouse,Sales,Husband,White,Male,0,0,45,United-States,1,25-44,1
49,Local-gov,Masters,14,Married-civ-spouse,Prof-specialty,Husband,White,Male,0,0,40,United-States,1,45plus,1
32,Private,Bachelors,13,Married-civ-spouse,Adm-clerical,Husband,White,Male,0,0,44,United-States,0,25-44,1
17,Local-gov,11th,7,Never-married,Adm-clerical,Own-child,White,Female,0,0,12,United-States,0,under25,0
26,Private,HS-grad,9,Never-married,Adm-clerical,Not-in-family,White,Female,0,0,40,United-States,0,25-44,0
25,Private,Bachelors,13,Never-married,Adm-clerical,Own-child,White,Male,0,0,40,United-States,0,under25,0
22,Private,HS-grad,9,Never-married,Adm-clerical,Own-child,White,Male,0,0,20,United-States,0,under25,0
19,Private,Some-college,10,Never-married,Other-service,Own-child,White,Male,0,0,14,United-States,0,under25,0
52,Private,HS-grad,9,Widowed,Other-service,Unmarried,Asian-Pac-Islander,Female,0,0,40,India,1,45plus,0
43,Private,Assoc-voc,11,Married-civ-spouse,Exec-managerial,Husband,White,Male,3103,0,48,United-States,1,25-44,1
24,Private,Bachelors,13,Never-married,Priv-house-serv,Not-in-family,White,Female,0,0,40,France,0,under25,0
53,Local-gov,9th,5,Married-civ-spouse,Craft-repair,Husband,White,Male,0,0,40,United-States,0,45plus,0
31,Private,HS-grad,9,Never-married,Other-service,Own-child,White,Female,0,0,30,United-States,0,25-44,0
53,Local-gov,Masters,14,Married-civ-spouse,Exec-managerial,Husband,White,Male,0,0,43,United-States,1,45plus,1
62,Private,Some-college,10,Separated,Sales,Unmarried,White,Female,0,1617,33,United-States,0,45plus,0
22,Private,Bachelors,13,Never-married,Exec-managerial,Own-child,Asian-Pac-Islander,Female,0,0,40,United-States,0,under25,0
32,Private,HS-grad,9,Married-civ-spouse,Handlers-cleaners,Wife,Black,Female,3908,0,40,United-States,0,25-44,0
46,Private,HS-grad,9,Married-civ-spouse,Exec-managerial,Husband,White,Male,0,0,40,United-States,0,45plus,0
44,Self-emp-not-inc,12th,8,Married-civ-spouse,Handlers-cleaners,Husband,Black,Male,0,0,40,United-States,1,25-44,0
30,Private,Masters,14,Never-married,Tech-support,Unmarried,White,Male,0,0,45,Nicaragua,0,25-44,0
51,Private,HS-grad,9,Married-civ-spouse,Craft-repair,Husband,White,Male,0,0,40,United-States,0,45plus,0
21,Private,HS-grad,9,Divorced,Sales,Unmarried,Amer-Indian-Eskimo,Female,0,0,38,United-States,0,under25,0
36,Self-emp-not-inc,HS-grad,9,Married-civ-spouse,Craft-repair,Husband,White,Male,2885,0,40,United-States,0,25-44,0
35,Private,9th,5,Never-married,Craft-repair,Not-in-family,White,Male,0,0,40,United-States,0,25-44,0
22,Private,HS-grad,9,Never-married,Craft-repair,Own-child,White,Male,0,0,55,United-States,0,under25,0
90,Private,Masters,14,Married-civ-spouse,Prof-specialty,Wife,White,Female,0,0,40,United-States,1,45plus,1
31,Private,Assoc-voc,11,Married-civ-spouse,Other-service,Wife,Amer-Indian-Eskimo,Female,0,0,24,Mexico,0,25-44,0
52,Self-emp-inc,Masters,14,Married-civ-spouse,Exec-managerial,Husband,White,Male,15024,0,60,United-States,1,45plus,1
34,Private,Some-college,10,Never-married,Other-service,Own-child,Black,Male,0,0,40,United-States,0,25-44,0
21,Private,HS-grad,9,Married-civ-spouse,Machine-op-inspct,Husband,White,Male,0,0,40,United-States,0,under25,0
34,Private,Some-college,10,Never-married,Prof-specialty,Not-in-family,White,Male,0,0,50,United-States,1,25-44,0
39,Private,Assoc-acdm,12,Married-civ-spouse,Tech-support,Wife,White,Female,0,0,45,United-States,0,25-44,1
27,Private,Some-college,10,Never-married,Adm-clerical,Not-in-family,White,Female,0,0,15,United-States,0,25-44,0
19,Private,HS-grad,9,Never-married,Protective-serv,Not-in-family,White,Male,0,0,32,United-States,0,under25,0
35,Private,HS-grad,9,Divorced,Sales,Not-in-family,White,Female,0,0,50,United-States,0,25-44,0
47,Private,HS-grad,9,Divorced,Adm-clerical,Unmarried,White,Female,0,0,40,United-States,0,45plus,0
45,Private,Bachelors,13,Married-civ-spouse,Farming-fishing,Husband,White,Male,0,0,60,United-States,0,25-44,1
35,Private,Some-college,10,Married-civ-spouse,Craft-repair,Husband,White,Male,0,0,40,United-States,0,25-44,0
47,Private,Masters,14,Married-civ-spouse,Adm-clerical,Wife,White,Female,7688,0,38,United-States,1,45plus,1
44,Private,Bachelors,13,Married-civ-spouse,Transport-moving,Husband,White,Male,15024,0,55,United-States,1,25-44,1
34,Local-gov,Some-college,10,Never-married,Protective-serv,Not-in-family,White,Male,0,0,50,United-States,1,25-44,0
39,Self-emp-not-inc,HS-grad,9,Never-married,Craft-repair,Own-child,Black,Female,0,0,20,United-States,0,25-44,0
24,Private,HS-grad,9,Married-civ-spouse,Machine-op-inspct,Wife,White,Female,0,0,24,United-States,0,under25,0
38,Private,11th,7,Married-civ-spouse,Craft-repair,Husband,White,Male,0,0,45,United-States,0,25-44,0
35,Private,HS-grad,9,Married-civ-spouse,Machine-op-inspct,Husband,White,Male,0,0,40,United-States,0,25-44,0
30,Private,Some-college,10,Divorced,Tech-support,Own-child,White,Female,0,0,40,United-States,0,25-44,0
90,Private,HS-grad,9,Never-married,Other-service,Not-in-family,White,Female,0,0,40,United-States,0,45plus,0
42,Private,Bachelors,13,Married-civ-spouse,Craft-repair,Wife,Black,Female,0,0,35,United-States,1,25-44,1
25,Private,Bachelors,13,Divorced,Craft-repair,Not-in-family,White,Male,0,0,40,United-States,0,under25,0
46,Private,Masters,14,Married-civ-spouse,Prof-specialty,Husband,White,Male,0,0,35,United-States,1,45plus,1
56,Private,Bachelors,13,Married-civ-spouse,Prof-specialty,Husband,White,Male,0,0,40,United-States,1,45plus,1
17,Private,11th,7,Never-married,Priv-house-serv,Own-child,White,Female,0,0,20,United-States,0,under25,0
44,Private,Some-college,10,Married-civ-spouse,Tech-support,Husband,White,Male,0,0,44,United-States,1,25-44,0
54,Federal-gov,HS-grad,9,Married-civ-spouse,Exec-managerial,Husband,White,Male,5178,0,40,United-States,1,45plus,1
23,Private,HS-grad,9,Never-married,Craft-repair,Own-child,Black,Male,0,0,40,United-States,0,under25,0
41,Private,HS-grad,9,Never-married,Machine-op-inspct,Unmarried,Black,Female,0,0,40,United-States,0,25-44,0
51,Private,Some-college,10,Married-civ-spouse,Transport-moving,Husband,White,Male,0,2603,40,United-States,0,45plus,1
50,Self-emp-inc,Masters,14,Married-civ-spouse,Prof-specialty,Husband,White,Male,7298,0,50,United-States,1,45plus,1
23,Private,HS-grad,9,Married-civ-spouse,Other-service,Husband,White,Male,0,0,40,United-States,0,under25,0
22,Private,HS-grad,9,Never-married,Tech-support,Not-in-family,White,Female,0,0,40,United-States,0,under25,0
43,Local-gov,Masters,14,Never-married,Exec-managerial,Not-in-family,White,Female,10520,0,50,United-States,1,25-44,1
64,Federal-gov,7th-8th,4,Widowed,Other-service,Unmarried,White,Female,0,0,30,Puerto-Rico,0,45plus,0
51,Local-gov,Masters,14,Married-civ-spouse,Prof-specialty,Husband,White,Male,0,0,45,United-States,0,45plus,1
19,Private,HS-grad,9,Never-married,Sales,Own-child,White,Female,0,0,35,United-States,0,under25,0
26,Local-gov,HS-grad,9,Married-civ-spouse,Craft-repair,Husband,White,Male,0,0,40,United-States,0,25-44,0
36,Private,HS-grad,9,Married-civ-spouse,Exec-managerial,Husband,White,Male,0,0,50,United-States,1,25-44,0
51,Private,HS-grad,9,Married-civ-spouse,Adm-clerical,Husband,White,Male,0,0,40,United-States,1,45plus,0
49,Private,10th,6,Married-civ-spouse,Exec-managerial,Husband,White,Male,0,0,40,United-States,0,45plus,0
45,Private,Bachelors,13,Never-married,Craft-repair,Not-in-family,White,Male,0,0,40,United-States,0,25-44,0
34,Private,Assoc-acdm,12,Divorced,Sales,Unmarried,Black,Female,0,0,45,United-States,0,25-44,0
52,Private,HS-grad,9,Married-civ-spouse,Machine-op-inspct,Husband,Black,Male,0,0,48,United-States,0,45plus,0
55,Private,HS-grad,9,Divorced,Handlers-cleaners,Not-in-family,White,Male,0,0,40,United-States,0,45plus,0
47,Private,11th,7,Married-civ-spouse,Other-service,Husband,White,Male,0,0,40,United-States,0,45plus,0
46,Local-gov,Bachelors,13,Divorced,Adm-clerical,Not-in-family,White,Female,99999,0,40,United-States,1,45plus,1
21,Private,HS-grad,9,Never-married,Adm-clerical,Not-in-family,White,Female,0,0,40,United-States,0,under25,0
56,State-gov,Bachelors,13,Married-civ-spouse,Exec-managerial,Husband,White,Male,0,0,40,United-States,0,45plus,1
17,Private,12th,8,Never-married,Handlers-cleaners,Own-child,White,Male,0,0,15,United-States,0,under25,0
44,Self-emp-not-inc,Bachelors,13,Married-civ-spouse,Farming-fishing,Husband,White,Male,0,0,90,United-States,0,25-44,0
41,Private,Bachelors,13,Divorced,Exec-managerial,Not-in-family,White,Female,0,0,55,United-States,0,25-44,0
25,Private,Some-college,10,Never-married,Adm-clerical,Not-in-family,Black,Female,0,0,40,Jamaica,0,under25,0
48,State-gov,Masters,14,Separated,Prof-specialty,Not-in-family,White,Male,0,0,60,United-States,0,45plus,0
58,Self-emp-not-inc,10th,6,Married-civ-spouse,Craft-repair,Husband,White,Male,0,0,40,United-States,0,45plus,0
33,Local-gov,HS-grad,9,Divorced,Adm-clerical,Own-child,White,Female,0,1138,40,United-States,0,25-44,0
31,Private,HS-grad,9,Never-married,Craft-repair,Other-relative,White,Male,0,0,40,United-States,0,25-44,0
43,Local-gov,Some-college,10,Separated,Craft-repair,Not-in-family,Black,Male,0,0,40,United-States,0,25-44,0
49,Private,HS-grad,9,Never-married,Adm-clerical,Unmarried,White,Female,0,0,35,United-States,0,45plus,0
47,Private,Bachelors,13,Married-civ-spouse,Exec-managerial,Wife,Black,Female,0,0,35,United-States,1,45plus,1
20,Private,9th,5,Married-civ-spouse,Machine-op-inspct,Husband,White,Male,0,0,40,United-States,0,under25,0
32,Private,10th,6,Married-spouse-absent,Other-service,Not-in-family,Black,Female,0,0,37,United-States,0,25-44,0
17,Private,11th,7,Never-married,Handlers-cleaners,Own-child,White,Male,0,1719,18,United-States,0,under25,0
50,Private,HS-grad,9,Married-civ-spouse,Prof-specialty,Husband,Asian-Pac-Islander,Male,0,0,35,South,1,45plus,0
23,Self-emp-not-inc,11th,7,Never-married,Craft-repair,Own-child,White,Male,0,0,50,Mexico,0,under25,0
32,Private,Assoc-voc,11,Never-married,Prof-specialty,Not-in-family,White,Male,0,0,40,United-States,0,25-44,0
37,Private,11th,7,Married-civ-spouse,Transport-moving,Husband,White,Male,0,0,40,United-States,0,25-44,0
37,Private,Some-college,10,Married-civ-spouse,Craft-repair,Husband,White,Male,0,0,40,United-States,1,25-44,0
33,Private,HS-grad,9,Married-spouse-absent,Other-service,Unmarried,Black,Female,0,0,38,United-States,0,25-44,0
54,Private,Bachelors,13,Married-civ-spouse,Tech-support,Husband,White,Male,0,0,25,United-States,1,45plus,0
30,Federal-gov,Bachelors,13,Never-married,Adm-clerical,Not-in-family,White,Female,0,0,35,United-States,0,25-44,0
40,Private,Bachelors,13,Married-civ-spouse,Adm-clerical,Husband,White,Male,0,0,40,Mexico,0,25-44,1
52,Self-emp-inc,HS-grad,9,Married-civ-spouse,Farming-fishing,Husband,White,Male,0,0,60,United-States,0,45plus,0
38,Self-emp-inc,Bachelors,13,Married-civ-spouse,Prof-specialty,Husband,White,Male,0,0,70,United-States,1,25-44,1
43,Local-gov,Bachelors,13,Married-civ-spouse,Prof-specialty,Husband,White,Male,0,0,40,United-States,0,25-44,1
40,Private,Preschool,1,Never-married,Other-service,Not-in-family,White,Female,0,0,20,United-States,0,25-44,0
43,Private,Bachelors,13,Divorced,Sales,Unmarried,White,Male,0,0,44,United-States,1,25-44,0
45,Private,Some-college,10,Married-civ-spouse,Adm-clerical,Husband,White,Male,0,0,40,United-States,0,25-44,0
55,Private,Bachelors,13,Married-civ-spouse,Prof-specialty,Husband,White,Male,7298,0,40,United-States,1,45plus,1
21,Private,HS-grad,9,Never-married,Transport-moving,Own-child,Black,Male,0,0,20,United-States,0,under25,0
40,Private,11th,7,Married-civ-spouse,Machine-op-inspct,Husband,White,Male,0,0,30,United-States,0,25-44,0
41,Local-gov,Bachelors,13,Married-civ-spouse,Prof-specialty,Wife,Black,Female,0,0,40,United-States,1,25-44,1
34,State-gov,Assoc-voc,11,Never-married,Adm-clerical,Unmarried,White,Female,0,0,40,United-States,0,25-44,0
45,Local-gov,Bachelors,13,Married-civ-spouse,Prof-specialty,Husband,White,Male,0,0,37,United-States,0,25-44,1
37,Local-gov,Bachelors,13,Married-civ-spouse,Prof-specialty,Wife,White,Female,0,0,30,United-States,1,25-44,1
54,Self-emp-not-inc,7th-8th,4,Divorced,Transport-moving,Not-in-family,White,Male,0,0,45,Cuba,0,45plus,0
29,Private,Bachelors,13,Never-married,Tech-support,Not-in-family,White,Male,0,0,40,United-States,0,25-44,0
61,Self-emp-not-inc,7th-8th,4,Married-civ-spouse,Sales,Husband,White,Male,0,0,30,United-States,1,45plus,0
29,Private,Bachelors,13,Never-married,Craft-repair,Not-in-family,White,Male,0,0,40,United-States,0,25-44,0
29,Private,HS-grad,9,Married-civ-spouse,Machine-op-inspct,Husband,White,Male,0,1887,30,United-States,1,25-44,0
23,Private,Assoc-acdm,12,Never-married,Sales,Own-child,White,Female,0,0,65,United-States,0,under25,0
61,Private,Some-college,10,Widowed,Adm-clerical,Other-relative,White,Female,0,0,40,United-States,0,45plus,0
40,Private,Masters,14,Married-civ-spouse,Prof-specialty,Husband,White,Male,0,0,40,United-States,0,25-44,1
48,Private,Assoc-voc,11,Divorced,Adm-clerical,Unmarried,White,Female,0,0,40,United-States,0,45plus,0
54,Private,HS-grad,9,Married-civ-spouse,Transport-moving,Husband,White,Male,0,0,70,United-States,0,45plus,0
28,Private,Assoc-voc,11,Married-civ-spouse,Other-service,Husband,White,Male,0,0,40,United-States,1,25-44,0
50,Local-gov,HS-grad,9,Married-civ-spouse,Exec-managerial,Husband,White,Male,0,0,42,United-States,1,45plus,0
35,Self-emp-not-inc,Assoc-voc,11,Never-married,Farming-fishing,Not-in-family,White,Male,0,0,60,United-States,0,25-44,0
77,Private,HS-grad,9,Widowed,Adm-clerical,Not-in-family,White,Female,0,0,32,United-States,0,45plus,0
62,Private,Some-college,10,Divorced,Exec-managerial,Not-in-family,White,Female,0,0,40,United-States,0,45plus,0
51,Self-emp-not-inc,Some-college,10,Married-civ-spouse,Prof-specialty,Wife,White,Female,0,2057,60,Canada,0,45plus,1
49,Local-gov,Masters,14,Widowed,Prof-specialty,Unmarried,White,Female,0,0,16,United-States,0,45plus,0
52,Private,11th,7,Married-civ-spouse,Machine-op-inspct,Husband,White,Male,0,0,40,United-States,0,45plus,0
74,Self-emp-inc,Some-college,10,Married-civ-spouse,Exec-managerial,Husband,White,Male,20051,0,25,United-States,1,45plus,1
23,Private,Bachelors,13,Never-married,Sales,Not-in-family,Black,Male,0,0,15,United-States,0,under25,0
43,Private,Some-college,10,Married-civ-spouse,Sales,Husband,White,Male,3103,0,40,United-States,1,25-44,0
23,Private,Assoc-acdm,12,Never-married,Other-service,Not-in-family,White,Male,0,0,40,United-States,0,under25,0
50,Private,7th-8th,4,Divorced,Craft-repair,Not-in-family,White,Female,0,0,30,United-States,0,45plus,0
22,Private,HS-grad,9,Widowed,Adm-clerical,Own-child,White,Female,0,0,40,United-States,0,under25,0
33,Private,HS-grad,9,Married-civ-spouse,Machine-op-inspct,Husband,White,Male,0,0,40,United-States,0,25-44,0
49,Private,HS-grad,9,Married-civ-spouse,Craft-repair,Husband,Black,Male,0,0,40,United-States,0,45plus,0
21,Private,Some-college,10,Never-married,Handlers-cleaners,Own-child,Asian-Pac-Islander,Male,0,0,40,Philippines,0,under25,0
35,Private,HS-grad,9,Divorced,Transport-moving,Not-in-family,White,Male,0,0,45,United-States,0,25-44,0
37,Private,9th,5,Married-civ-spouse,Transport-moving,Husband,White,Male,0,0,40,United-States,0,25-44,0
57,Self-emp-not-inc,7th-8th,4,Married-civ-spouse,Craft-repair,Husband,White,Male,0,0,40,United-States,1,45plus,0
26,Private,HS-grad,9,Never-married,Sales,Not-in-family,White,Female,0,0,50,United-States,0,25-44,0
28,Private,Some-college,10,Divorced,Other-service,Other-relative,Black,Male,0,0,24,United-States,0,25-44,0
20,Private,Some-college,10,Never-married,Machine-op-inspct,Own-child,White,Female,0,0,40,United-States,0,under25,0
34,Private,HS-grad,9,Divorced,Transport-moving,Not-in-family,White,Male,0,0,40,United-States,0,25-44,0
57,Federal-gov,Some-college,10,Divorced,Adm-clerical,Own-child,White,Male,0,0,40,United-States,0,45plus,0
24,Private,Some-college,10,Married-civ-spouse,Tech-support,Husband,White,Male,0,0,40,United-States,0,under25,0
23,Private,Some-college,10,Married-civ-spouse,Exec-managerial,Wife,Black,Female,0,0,40,United-States,0,under25,0
39,Private,Some-college,10,Divorced,Handlers-cleaners,Not-in-family,White,Male,0,0,50,United-States,1,25-44,0
21,Private,Assoc-voc,11,Never-married,Other-service,Own-child,White,Female,0,0,40,United-States,0,under25,0
43,Private,10th,6,Married-civ-spouse,Adm-clerical,Husband,White,Male,0,0,40,United-States,0,25-44,0
45,Private,Assoc-voc,11,Married-civ-spouse,Exec-managerial,Wife,White,Female,0,0,40,United-States,1,25-44,1
61,Private,Bachelors,13,Married-civ-spouse,Exec-managerial,Husband,White,Male,0,0,40,United-States,0,45plus,1
33,Private,Bachelors,13,Married-civ-spouse,Prof-specialty,Husband,White,Male,15024,0,75,United-States,1,25-44,1
30,Private,HS-grad,9,Never-married,Craft-repair,Not-in-family,White,Male,0,0,40,United-States,0,25-44,0
39,Private,Bachelors,13,Married-civ-spouse,Prof-specialty,Husband,Black,Male,0,0,30,United-States,0,25-44,1
40,Private,Preschool,1,Married-spouse-absent,Adm-clerical,Own-child,White,Male,0,0,40,United-States,0,25-44,0
27,Private,HS-grad,9,Divorced,Craft-repair,Not-in-family,White,Male,0,0,50,United-States,0,25-44,0
44,Local-gov,Bachelors,13,Never-married,Prof-specialty,Own-child,White,Male,0,0,60,United-States,0,25-44,0
52,Private,Bachelors,13,Married-civ-spouse,Prof-specialty,Husband,White,Male,0,0,40,United-States,1,45plus,1
17,Private,12th,8,Never-married,Other-service,Own-child,White,Male,0,0,15,United-States,0,under25,0
33,Private,Bachelors,13,Never-married,Handlers-cleaners,Not-in-family,White,Male,0,0,30,United-States,0,25-44,0
57,State-gov,HS-grad,9,Married-civ-spouse,Craft-repair,Husband,White,Male,0,0,40,United-States,0,45plus,0
55,Private,Some-college,10,Widowed,Adm-clerical,Unmarried,White,Female,0,0,40,United-States,0,45plus,0
37,Private,Some-college,10,Divorced,Tech-support,Unmarried,White,Female,0,0,40,United-States,0,25-44,0
46,Private,HS-grad,9,Never-married,Adm-clerical,Own-child,White,Female,0,0,40,United-States,0,45plus,0
30,Private,HS-grad,9,Separated,Other-service,Own-child,White,Female,0,0,36,United-States,0,25-44,0
41,Private,Some-college,10,Divorced,Adm-clerical,Not-in-family,Black,Female,0,0,24,El-Salvador,0,25-44,0
43,Private,Bachelors,13,Divorced,Exec-managerial,Not-in-family,Black,Female,0,0,40,United-States,1,25-44,0
46,Private,Some-college,10,Married-civ-spouse,Machine-op-inspct,Husband,White,Male,0,1628,40,United-States,0,45plus,0
79,Local-gov,Doctorate,16,Widowed,Prof-specialty,Unmarried,White,Female,0,0,40,United-States,0,45plus,0
24,Private,Some-college,10,Married-civ-spouse,Protective-serv,Other-relative,White,Male,0,0,24,United-States,0,under25,0
44,Self-emp-not-inc,Some-college,10,Separated,Sales,Unmarried,White,Male,0,0,60,United-States,0,25-44,0
63,Self-emp-not-inc,7th-8th,4,Widowed,Farming-fishing,Unmarried,White,Female,0,0,10,United-States,0,45plus,0
42,Private,HS-grad,9,Married-civ-spouse,Handlers-cleaners,Husband,White,Male,0,0,40,United-States,0,25-44,0
33,Private,Some-college,10,Never-married,Adm-clerical,Own-child,White,Female,0,0,40,United-States,0,25-44,0
20,Private,Some-college,10,Never-married,Sales,Own-child,White,Female,0,0,20,United-States,0,under25,0
54,Private,Bachelors,13,Divorced,Exec-managerial,Unmarried,White,Male,0,0,45,United-States,1,45plus,0
33,Private,Some-college,10,Never-married,Other-service,Not-in-family,Black,Male,0,0,40,United-States,0,25-44,0
55,Private,9th,5,Married-civ-spouse,Craft-repair,Husband,White,Male,0,0,48,United-States,0,45plus,0
36,Private,Some-college,10,Never-married,Adm-clerical,Unmarried,Asian-Pac-Islander,Female,0,0,40,United-States,0,25-44,0
21,Private,Some-college,10,Never-married,Adm-clerical,Own-child,White,Female,0,0,25,United-States,0,under25,0
33,Private,HS-grad,9,Never-married,Adm-clerical,Not-in-family,Black,Male,0,0,40,United-States,0,25-44,0
28,Private,Masters,14,Never-married,Prof-specialty,Not-in-family,White,Male,0,0,50,United-States,0,25-44,0
62,Federal-gov,HS-grad,9,Widowed,Exec-managerial,Not-in-family,White,Female,0,0,36,United-States,0,45plus,0
34,Local-gov,Some-college,10,Married-civ-spouse,Other-service,Wife,White,Female,0,0,40,United-States,0,25-44,0
28,Self-emp-not-inc,Some-college,10,Married-civ-spouse,Craft-repair,Husband,White,Male,0,0,40,United-States,0,25-44,0
25,Private,1st-4th,2,Never-married,Priv-house-serv,Not-in-family,White,Female,0,0,40,Guatemala,0,under25,0
55,Private,11th,7,Separated,Adm-clerical,Unmarried,Black,Female,0,0,40,United-States,0,45plus,0
59,Private,10th,6,Married-civ-spouse,Transport-moving,Husband,Black,Male,0,0,40,United-States,1,45plus,0
36,Private,HS-grad,9,Never-married,Adm-clerical,Not-in-family,White,Female,0,0,40,United-States,0,25-44,0
40,Local-gov,Assoc-voc,11,Never-married,Exec-managerial,Unmarried,Amer-Indian-Eskimo,Female,0,0,40,United-States,0,25-44,0
60,Private,11th,7,Married-civ-spouse,Machine-op-inspct,Wife,Asian-Pac-Islander,Female,0,0,30,Hong,0,45plus,0
31,Private,Some-college,10,Married-civ-spouse,Tech-support,Husband,White,Male,0,0,40,United-States,0,25-44,0
18,Private,Some-college,10,Never-married,Sales,Own-child,White,Female,2176,0,35,United-States,0,under25,0
20,State-gov,Some-college,10,Never-married,Farming-fishing,Not-in-family,White,Male,0,0,40,United-States,0,under25,0
54,Private,Assoc-acdm,12,Married-civ-spouse,Exec-managerial,Husband,White,Male,0,0,40,United-States,1,45plus,1
69,Private,11th,7,Married-civ-spouse,Adm-clerical,Husband,White,Male,0,0,20,United-States,0,45plus,0
35,Private,Masters,14,Never-married,Craft-repair,Not-in-family,White,Male,0,0,50,United-States,1,25-44,0
38,Private,Some-college,10,Married-civ-spouse,Protective-serv,Husband,Black,Male,0,0,40,United-States,1,25-44,0
46,Private,Some-college,10,Married-civ-spouse,Sales,Husband,White,Male,0,1887,40,United-States,1,45plus,1
19,Private,Some-college,10,Never-married,Sales,Own-child,White,Female,0,0,25,United-States,0,under25,0
33,Private,Bachelors,13,Married-civ-spouse,Other-service,Wife,White,Female,0,0,40,United-States,0,25-44,0
26,Private,Some-college,10,Never-married,Sales,Not-in-family,White,Female,0,0,37,United-States,0,25-44,0
29,State-gov,Some-college,10,Divorced,Adm-clerical,Own-child,White,Male,0,0,20,United-States,0,25-44,0
33,Local-gov,Bachelors,13,Never-married,Tech-support,Not-in-family,Black,Male,0,1564,52,United-States,1,25-44,0
49,Private,Some-college,10,Married-civ-spouse,Other-service,Husband,White,Male,0,0,17,United-States,0,45plus,0
28,Private,Bachelors,13,Never-married,Prof-specialty,Own-child,White,Female,0,0,15,United-States,0,25-44,0
19,Private,Some-college,10,Never-married,Other-service,Own-child,White,Male,0,0,30,United-States,0,under25,0
36,Private,Some-college,10,Married-civ-spouse,Exec-managerial,Husband,White,Male,0,0,40,United-States,0,25-44,1
39,Private,10th,6,Married-civ-spouse,Craft-repair,Husband,White,Male,0,0,40,United-States,0,25-44,0
51,Private,Masters,14,Never-married,Prof-specialty,Not-in-family,White,Male,27828,0,40,United-States,1,45plus,1
39,Self-emp-not-inc,Doctorate,16,Never-married,Prof-specialty,Not-in-family,White,Male,4787,0,40,United-States,1,25-44,0
29,Private,Bachelors,13,Never-married,Prof-specialty,Not-in-family,White,Male,0,0,40,United-States,0,25-44,0
24,Private,HS-grad,9,Married-civ-spouse,Handlers-cleaners,Husband,White,Male,0,0,40,United-States,0,under25,0
32,Private,Assoc-voc,11,Married-civ-spouse,Tech-support,Husband,White,Male,0,0,40,United-States,0,25-44,0
30,Self-emp-inc,HS-grad,9,Married-civ-spouse,Exec-managerial,Husband,White,Male,0,0,50,United-States,1,25-44,0
25,Private,Some-college,10,Married-civ-spouse,Adm-clerical,Wife,White,Female,0,0,40,United-States,1,under25,0
22,State-gov,Assoc-acdm,12,Never-married,Adm-clerical,Not-in-family,White,Male,0,0,40,United-States,0,under25,0
40,Self-emp-inc,Bachelors,13,Married-civ-spouse,Prof-specialty,Husband,White,Male,0,0,60,United-States,0,25-44,1
22,Private,Some-college,10,Never-married,Other-service,Own-child,White,Male,0,0,30,United-States,0,under25,0
30,Private,Some-college,10,Married-civ-spouse,Transport-moving,Husband,White,Male,0,0,40,United-States,0,25-44,0
51,Private,Masters,14,Married-civ-spouse,Prof-specialty,Husband,Asian-Pac-Islander,Male,5013,0,40,India,0,45plus,1
61,Self-emp-not-inc,11th,7,Married-civ-spouse,Other-service,Husband,White,Male,0,0,40,United-States,0,45plus,0
47,Private,7th-8th,4,Married-spouse-absent,Other-service,Unmarried,White,Female,0,0,30,United-States,0,45plus,0
56,Private,HS-grad,9,Married-civ-spouse,Other-service,Husband,White,Male,0,0,50,Yugoslavia,0,45plus,0
38,Private,Bachelors,13,Married-civ-spouse,Adm-clerical,Husband,White,Male,0,0,40,United-States,0,25-44,1
44,Private,HS-grad,9,Married-civ-spouse,Machine-op-inspct,Husband,Black,Male,0,0,40,United-States,0,25-44,0
61,Local-gov,HS-grad,9,Widowed,Prof-specialty,Not-in-family,White,Female,0,0,40,United-States,0,45plus,0
20,Private,Some-college,10,Never-married,Adm-clerical,Own-child,White,Male,0,0,30,United-States,0,under25,0
23,Private,HS-grad,9,Never-married,Exec-managerial,Not-in-family,White,Male,0,0,40,United-States,0,under25,0
41,Private,Bachelors,13,Married-civ-spouse,Prof-specialty,Husband,White,Male,0,0,56,United-States,1,25-44,1
49,State-gov,Some-college,10,Married-civ-spouse,Machine-op-inspct,Husband,White,Male,0,0,40,United-States,1,45plus,0
24,Local-gov,Bachelors,13,Never-married,Prof-specialty,Not-in-family,White,Female,0,0,40,United-States,0,under25,0
35,Private,HS-grad,9,Divorced,Sales,Own-child,White,Female,0,0,40,United-States,0,25-44,0
47,Private,Some-college,10,Married-civ-spouse,Craft-repair,Husband,White,Male,0,0,40,United-States,1,45plus,0
39,Private,Bachelors,13,Married-civ-spouse,Craft-repair,Husband,Asian-Pac-Islander,Male,0,0,40,Philippines,1,25-44,1
19,Private,Some-college,10,Never-married,Other-service,Own-child,White,Female,0,0,20,United-States,0,under25,0
30,Private,Bachelors,13,Never-married,Exec-managerial,Not-in-family,White,Female,0,0,55,United-States,0,25-44,0
45,Private,HS-grad,9,Married-civ-spouse,Farming-fishing,Husband,Amer-Indian-Eskimo,Male,0,0,40,United-States,0,25-44,0
61,Federal-gov,Some-college,10,Married-civ-spouse,Adm-clerical,Wife,White,Female,0,0,30,United-States,0,45plus,0
22,Private,Some-college,10,Never-married,Adm-clerical,Own-child,White,Female,0,0,40,United-States,0,under25,0
27,Local-gov,Bachelors,13,Divorced,Prof-specialty,Other-relative,White,Female,0,0,40,United-States,0,25-44,0
44,Private,Masters,14,Never-married,Exec-managerial,Not-in-family,White,Male,14084,0,56,United-States,1,25-44,1
56,Local-gov,Bachelors,13,Married-civ-spouse,Tech-support,Husband,White,Male,0,0,40,United-States,1,45plus,1
21,Private,HS-grad,9,Never-married,Sales,Own-child,White,Male,0,0,44,United-States,0,under25,0
25,Private,HS-grad,9,Divorced,Craft-repair,Not-in-family,White,Male,3325,0,45,United-States,0,under25,0
46,Private,Some-college,10,Divorced,Handlers-cleaners,Not-in-family,White,Male,0,0,45,United-States,0,45plus,0
31,Private,Some-college,10,Never-married,Adm-clerical,Not-in-family,White,Male,0,0,40,United-States,0,25-44,0
66,Private,Masters,14,Married-civ-spouse,Sales,Husband,White,Male,0,0,50,United-States,0,45plus,1
18,Private,Some-college,10,Never-married,Other-service,Own-child,White,Female,0,0,20,Mexico,0,under25,0
25,Private,HS-grad,9,Never-married,Machine-op-inspct,Own-child,White,Male,0,0,40,United-States,0,under25,0
44,Private,Some-college,10,Married-civ-spouse,Exec-managerial,Wife,White,Female,0,0,70,United-States,1,25-44,1
19,Private,HS-grad,9,Married-civ-spouse,Other-service,Wife,Black,Female,0,0,16,United-States,0,under25,0
23,Local-gov,Bachelors,13,Never-married,Prof-specialty,Not-in-family,White,Female,0,1092,40,United-States,0,under25,0
44,Private,Bachelors,13,Married-civ-spouse,Exec-managerial,Husband,White,Male,15024,0,60,United-States,1,25-44,1
35,Private,HS-grad,9,Married-civ-spouse,Transport-moving,Husband,White,Male,0,0,50,United-States,1,25-44,0
39,Private,Some-college,10,Divorced,Craft-repair,Unmarried,Black,Male,0,0,40,United-States,0,25-44,0
41,Local-gov,HS-grad,9,Separated,Other-service,Unmarried,Black,Female,0,0,40,United-States,0,25-44,0
22,Private,Bachelors,13,Never-married,Prof-specialty,Own-child,White,Male,0,0,40,United-States,0,under25,0
20,Local-gov,Some-college,10,Never-married,Other-service,Not-in-family,White,Male,0,0,40,United-States,0,under25,0
39,Private,Some-college,10,Never-married,Adm-clerical,Not-in-family,White,Female,13550,0,45,United-States,1,25-44,1
26,Private,HS-grad,9,Never-married,Handlers-cleaners,Own-child,White,Female,0,0,40,United-States,0,25-44,0
50,Private,Some-college,10,Married-civ-spouse,Sales,Husband,Asian-Pac-Islander,Male,0,0,50,United-States,1,45plus,0
22,Private,Some-college,10,Never-married,Sales,Own-child,White,Female,0,0,30,United-States,0,under25,0
18,Private,9th,5,Never-married,Sales,Own-child,White,Female,0,0,42,United-States,0,under25,0
20,Private,HS-grad,9,Never-married,Handlers-cleaners,Own-child,Black,Male,0,0,35,United-States,0,under25,0
63,Federal-gov,Some-college,10,Married-civ-spouse,Tech-support,Husband,White,Male,0,0,18,United-States,1,45plus,0
27,Private,HS-grad,9,Married-civ-spouse,Craft-repair,Husband,White,Male,0,0,40,United-States,0,25-44,0
27,Private,Some-college,10,Married-civ-spouse,Exec-managerial,Husband,White,Male,0,0,80,United-States,0,25-44,0
22,Private,HS-grad,9,Never-married,Handlers-cleaners,Own-child,White,Male,0,0,35,United-States,0,under25,0
72,Private,HS-grad,9,Widowed,Other-service,Unmarried,White,Female,0,0,16,United-States,0,45plus,0
51,Private,Masters,14,Married-civ-spouse,Exec-managerial,Husband,White,Male,0,1977,50,United-States,1,45plus,1
41,Private,Bachelors,13,Separated,Prof-specialty,Not-in-family,Black,Female,99999,0,60,United-States,1,25-44,1
27,Private,HS-grad,9,Married-civ-spouse,Farming-fishing,Husband,White,Male,0,0,40,United-States,0,25-44,0
36,Private,Bachelors,13,Never-married,Exec-managerial,Not-in-family,White,Male,8614,0,40,United-States,1,25-44,1
32,State-gov,Masters,14,Never-married,Adm-clerical,Not-in-family,White,Female,0,0,38,United-States,0,25-44,0
19,Private,HS-grad,9,Never-married,Adm-clerical,Own-child,White,Female,0,0,16,United-States,0,under25,0
42,State-gov,Some-college,10,Never-married,Exec-managerial,Not-in-family,White,Female,0,0,40,United-States,0,25-44,0
38,Private,HS-grad,9,Separated,Protective-serv,Not-in-family,Black,Male,0,0,40,United-States,0,25-44,0
44,Self-emp-not-inc,Bachelors,13,Married-civ-spouse,Exec-managerial,Husband,Asian-Pac-Islander,Male,0,0,48,South,1,25-44,1
43,Private,Some-college,10,Married-civ-spouse,Tech-support,Wife,Black,Female,0,0,40,United-States,0,25-44,0
23,Private,Some-college,10,Never-married,Adm-clerical,Own-child,White,Male,1055,0,20,United-States,0,under25,0
63,Private,Some-college,10,Married-civ-spouse,Prof-specialty,Wife,White,Female,0,0,12,United-States,0,45plus,0
46,Private,Assoc-voc,11,Married-civ-spouse,Craft-repair,Husband,White,Male,0,0,40,United-States,0,45plus,0
43,Private,HS-grad,9,Married-civ-spouse,Machine-op-inspct,Husband,White,Male,0,0,44,Mexico,0,25-44,0
26,Local-gov,Some-college,10,Married-civ-spouse,Protective-serv,Husband,White,Male,0,0,55,United-States,1,25-44,0
35,Private,12th,8,Married-civ-spouse,Craft-repair,Wife,White,Female,0,0,50,United-States,0,25-44,0
41,Local-gov,Masters,14,Married-civ-spouse,Prof-specialty,Husband,White,Male,0,0,60,United-States,0,25-44,1
36,Private,10th,6,Married-civ-spouse,Machine-op-inspct,Husband,White,Male,0,0,40,United-States,0,25-44,0
32,State-gov,Masters,14,Married-civ-spouse,Prof-specialty,Husband,White,Male,0,0,50,United-States,0,25-44,1
23,Private,Assoc-acdm,12,Never-married,Other-service,Own-child,White,Male,0,0,60,United-States,0,under25,0
39,Self-emp-inc,Bachelors,13,Married-civ-spouse,Exec-managerial,Husband,White,Male,0,0,60,United-States,1,25-44,1
51,Self-emp-not-inc,Some-college,10,Married-civ-spouse,Craft-repair,Husband,White,Male,0,0,55,United-States,0,45plus,0
25,Private,Some-college,10,Never-married,Craft-repair,Own-child,White,Male,0,0,55,United-States,0,under25,0
32,State-gov,Some-college,10,Never-married,Adm-clerical,Not-in-family,White,Male,0,0,38,United-States,0,25-44,0
37,Private,HS-grad,9,Never-married,Exec-managerial,Not-in-family,White,Female,0,0,50,United-States,0,25-44,0
46,Self-emp-not-inc,HS-grad,9,Married-civ-spouse,Sales,Own-child,White,Female,7298,0,40,United-States,1,45plus,1
40,Private,HS-grad,9,Married-civ-spouse,Exec-managerial,Husband,White,Male,0,0,40,United-States,1,25-44,0
48,Private,7th-8th,4,Married-civ-spouse,Machine-op-inspct,Husband,White,Male,0,0,40,United-States,1,45plus,0
49,Private,7th-8th,4,Married-civ-spouse,Machine-op-inspct,Husband,White,Male,0,0,40,United-States,0,45plus,0
30,Private,HS-grad,9,Married-civ-spouse,Transport-moving,Husband,White,Male,0,0,40,United-States,1,25-44,0
62,Private,Assoc-acdm,12,Widowed,Other-service,Not-in-family,White,Female,0,0,7,United-States,0,45plus,0
36,Private,Assoc-acdm,12,Never-married,Craft-repair,Not-in-family,White,Male,0,0,40,United-States,0,25-44,0
61,Self-emp-inc,HS-grad,9,Married-civ-spouse,Exec-managerial,Husband,White,Male,0,0,35,United-States,1,45plus,0
23,Private,5th-6th,3,Never-married,Handlers-cleaners,Unmarried,White,Male,0,0,30,United-States,0,under25,0
43,Private,Bachelors,13,Divorced,Exec-managerial,Not-in-family,White,Female,0,0,45,United-States,1,25-44,0
43,Private,HS-grad,9,Never-married,Adm-clerical,Not-in-family,Black,Female,0,0,40,United-States,0,25-44,0
60,Private,HS-grad,9,Married-civ-spouse,Sales,Husband,White,Male,0,0,40,United-States,0,45plus,0
42,Local-gov,Masters,14,Married-civ-spouse,Prof-specialty,Husband,White,Male,0,0,55,United-States,0,25-44,1
23,Federal-gov,Some-college,10,Never-married,Armed-Forces,Other-relative,White,Male,0,0,40,United-States,0,under25,0
38,Private,11th,7,Married-civ-spouse,Handlers-cleaners,Husband,White,Male,0,0,48,United-States,1,25-44,0
35,Private,7th-8th,4,Married-civ-spouse,Machine-op-inspct,Husband,White,Male,0,0,40,Mexico,0,25-44,0
24,Private,Some-college,10,Never-married,Adm-clerical,Own-child,White,Female,0,0,40,United-States,0,under25,0
28,Private,Some-college,10,Never-married,Craft-repair,Unmarried,White,Male,0,0,40,United-States,0,25-44,0
42,Private,Some-college,10,Never-married,Exec-managerial,Not-in-family,White,Female,0,0,40,United-States,0,25-44,0
47,Self-emp-not-inc,HS-grad,9,Married-civ-spouse,Other-service,Wife,White,Female,0,0,75,Italy,0,45plus,0
36,Private,HS-grad,9,Married-civ-spouse,Sales,Husband,White,Male,0,0,40,United-States,1,25-44,0
36,Private,5th-6th,3,Married-civ-spouse,Craft-repair,Husband,White,Male,0,0,40,Mexico,0,25-44,0
18,Private,HS-grad,9,Never-married,Adm-clerical,Not-in-family,White,Female,0,0,25,United-States,0,under25,0
28,Private,7th-8th,4,Separated,Other-service,Own-child,White,Male,0,0,60,Mexico,0,25-44,0
26,Private,Assoc-voc,11,Never-married,Sales,Own-child,White,Female,0,0,35,United-States,0,25-44,0
58,Private,Bachelors,13,Divorced,Exec-managerial,Not-in-family,White,Male,0,0,38,United-States,0,45plus,0
48,Self-emp-not-inc,HS-grad,9,Married-civ-spouse,Craft-repair,Husband,White,Male,0,0,60,England,0,45plus,0
19,Private,HS-grad,9,Never-married,Other-service,Own-child,Black,Male,0,0,30,United-States,0,under25,0
32,Local-gov,Bachelors,13,Married-civ-spouse,Adm-clerical,Wife,White,Female,0,0,40,United-States,0,25-44,1
29,Private,HS-grad,9,Never-married,Protective-serv,Other-relative,Black,Male,0,0,40,United-States,0,25-44,0
32,Private,Prof-school,15,Never-married,Sales,Not-in-family,White,Female,13550,0,50,United-States,1,25-44,1
24,Private,HS-grad,9,Married-civ-spouse,Craft-repair,Husband,White,Male,0,0,40,United-States,0,under25,0
33,Private,HS-grad,9,Married-civ-spouse,Handlers-cleaners,Husband,White,Male,0,0,35,India,0,25-44,0
34,Private,Some-college,10,Never-married,Sales,Other-relative,Black,Female,0,0,35,United-States,0,25-44,0
52,Private,12th,8,Never-married,Machine-op-inspct,Not-in-family,White,Male,0,0,40,United-States,0,45plus,0
25,Private,Some-college,10,Never-married,Exec-managerial,Own-child,Black,Male,0,0,40,United-States,0,under25,0
56,Private,HS-grad,9,Never-married,Craft-repair,Not-in-family,White,Male,0,0,40,United-States,0,45plus,0
54,Local-gov,Some-college,10,Never-married,Prof-specialty,Not-in-family,White,Female,0,0,40,Mexico,0,45plus,0
37,Private,HS-grad,9,Married-civ-spouse,Craft-repair,Husband,White,Male,0,0,40,United-States,0,25-44,0
23,Private,Some-college,10,Never-married,Sales,Own-child,White,Female,0,0,15,United-States,0,under25,0
35,Private,Doctorate,16,Married-civ-spouse,Prof-specialty,Husband,Asian-Pac-Islander,Male,0,0,40,Taiwan,1,25-44,1
46,Private,Some-college,10,Divorced,Adm-clerical,Unmarried,White,Female,0,0,40,United-States,0,45plus,0
28,Private,Some-college,10,Married-civ-spouse,Sales,Husband,White,Male,0,0,40,United-States,0,25-44,0
62,Private,Bachelors,13,Married-civ-spouse,Prof-specialty,Husband,White,Male,0,0,55,United-States,1,45plus,1
36,Private,HS-grad,9,Married-civ-spouse,Transport-moving,Husband,Amer-Indian-Eskimo,Male,0,0,40,United-States,0,25-44,0
41,Private,HS-grad,9,Divorced,Transport-moving,Not-in-family,White,Male,0,0,40,United-States,0,25-44,0
54,Private,Bachelors,13,Married-civ-spouse,Craft-repair,Husband,White,Male,0,0,45,United-States,1,45plus,1
25,Private,12th,8,Married-civ-spouse,Craft-repair,Husband,White,Male,0,0,40,United-States,1,under25,0
26,Private,HS-grad,9,Married-civ-spouse,Exec-managerial,Wife,White,Female,5013,0,40,United-States,0,25-44,0
33,Private,HS-grad,9,Never-married,Craft-repair,Not-in-family,White,Male,0,1092,40,United-States,0,25-44,0
38,Self-emp-inc,Some-college,10,Married-civ-spouse,Craft-repair,Husband,White,Male,0,0,38,United-States,0,25-44,0
20,Local-gov,HS-grad,9,Never-married,Adm-clerical,Not-in-family,White,Female,0,0,30,United-States,0,under25,0
24,Private,Assoc-voc,11,Never-married,Sales,Unmarried,White,Male,0,0,5,United-States,0,under25,0
26,Private,HS-grad,9,Married-civ-spouse,Sales,Husband,White,Male,0,0,50,United-States,1,25-44,0
47,Private,5th-6th,3,Separated,Sales,Unmarried,White,Female,0,0,40,Mexico,0,45plus,0
33,Private,Bachelors,13,Married-civ-spouse,Prof-specialty,Husband,White,Male,3103,0,43,United-States,1,25-44,1
33,Private,Bachelors,13,Married-civ-spouse,Exec-managerial,Husband,Black,Male,5178,0,40,United-States,1,25-44,1
51,Federal-gov,HS-grad,9,Married-civ-spouse,Adm-clerical,Husband,White,Male,0,0,40,United-States,1,45plus,0
37,Private,Bachelors,13,Married-civ-spouse,Sales,Husband,White,Male,0,0,50,United-States,1,25-44,1
40,Federal-gov,HS-grad,9,Divorced,Adm-clerical,Unmarried,White,Female,0,0,22,United-States,0,25-44,0
24,Private,Bachelors,13,Never-married,Prof-specialty,Not-in-family,White,Female,0,0,40,United-States,0,under25,0
51,Private,Some-college,10,Married-civ-spouse,Adm-clerical,Husband,White,Male,7298,0,40,United-States,1,45plus,1
39,State-gov,Masters,14,Married-civ-spouse,Prof-specialty,Wife,White,Female,5178,0,38,United-States,1,25-44,1
40,Private,HS-grad,9,Married-spouse-absent,Craft-repair,Not-in-family,White,Male,0,0,40,United-States,1,25-44,0
19,Private,Some-college,10,Never-married,Sales,Own-child,Asian-Pac-Islander,Female,0,0,18,Philippines,0,under25,0
67,Self-emp-inc,10th,6,Married-civ-spouse,Craft-repair,Husband,White,Male,0,0,40,United-States,0,45plus,0
47,Local-gov,Prof-school,15,Married-civ-spouse,Prof-specialty,Husband,White,Male,0,0,35,United-States,0,45plus,1
52,Private,HS-grad,9,Married-civ-spouse,Transport-moving,Husband,White,Male,0,0,60,United-States,1,45plus,0
28,Self-emp-not-inc,Bachelors,13,Married-civ-spouse,Craft-repair,Husband,White,Male,0,0,55,United-States,0,25-44,1
27,Private,HS-grad,9,Married-civ-spouse,Machine-op-inspct,Husband,White,Male,0,0,40,Mexico,0,25-44,0
52,Local-gov,12th,8,Married-civ-spouse,Craft-repair,Husband,White,Male,0,0,40,United-States,0,45plus,0
81,Private,7th-8th,4,Married-civ-spouse,Transport-moving,Husband,White,Male,0,0,10,United-States,0,45plus,0
36,Private,Masters,14,Never-married,Prof-specialty,Not-in-family,White,Female,0,0,40,United-States,0,25-44,0
25,Private,Some-college,10,Never-married,Adm-clerical,Not-in-family,White,Male,0,0,40,United-States,0,under25,0
40,Private,Assoc-acdm,12,Married-civ-spouse,Sales,Husband,White,Male,0,0,60,United-States,1,25-44,0
35,Private,Bachelors,13,Married-civ-spouse,Sales,Husband,White,Male,0,0,40,United-States,0,25-44,1
34,Self-emp-not-inc,HS-grad,9,Married-civ-spouse,Sales,Husband,White,Male,0,1902,60,United-States,1,25-44,1
27,Private,Some-college,10,Never-married,Craft-repair,Not-in-family,White,Male,0,0,45,United-States,0,25-44,0
17,Private,11th,7,Never-married,Adm-clerical,Own-child,White,Female,0,0,23,United-States,0,under25,0
41,Private,HS-grad,9,Divorced,Machine-op-inspct,Own-child,White,Male,0,0,40,United-States,0,25-44,0
67,Self-emp-not-inc,HS-grad,9,Married-civ-spouse,Transport-moving,Husband,White,Male,6418,0,58,United-States,1,45plus,1
45,Private,HS-grad,9,Married-civ-spouse,Sales,Husband,White,Male,0,0,40,United-States,0,25-44,0
26,Private,HS-grad,9,Never-married,Protective-serv,Not-in-family,Black,Female,0,0,32,United-States,0,25-44,0
51,Self-emp-not-inc,HS-grad,9,Married-civ-spouse,Craft-repair,Husband,White,Male,0,0,40,United-States,0,45plus,0
41,Local-gov,Bachelors,13,Never-married,Prof-specialty,Not-in-family,White,Female,0,0,70,United-States,0,25-44,0
45,Private,5th-6th,3,Married-civ-spouse,Transport-moving,Husband,White,Male,0,0,38,Mexico,0,25-44,0
80,Self-emp-not-inc,7th-8th,4,Widowed,Farming-fishing,Not-in-family,White,Male,0,0,35,United-States,0,45plus,0
41,Private,Bachelors,13,Married-civ-spouse,Prof-specialty,Husband,White,Male,0,0,40,Germany,0,25-44,1
31,Private,HS-grad,9,Never-married,Sales,Unmarried,Black,Female,0,0,25,United-States,0,25-44,0
18,Private,12th,8,Never-married,Other-service,Own-child,Black,Male,0,0,20,United-States,0,under25,0
30,Private,Bachelors,13,Married-civ-spouse,Sales,Husband,White,Male,0,0,45,United-States,1,25-44,1
29,State-gov,Assoc-acdm,12,Never-married,Prof-specialty,Not-in-family,Black,Male,0,0,40,United-States,1,25-44,0
30,Private,Assoc-voc,11,Married-civ-spouse,Prof-specialty,Husband,White,Male,0,0,40,United-States,0,25-44,0
46,Private,HS-grad,9,Married-civ-spouse,Adm-clerical,Husband,White,Male,0,0,58,United-States,1,45plus,0
54,Private,HS-grad,9,Widowed,Machine-op-inspct,Unmarried,White,Male,914,0,40,United-States,0,45plus,0
35,Private,HS-grad,9,Never-married,Other-service,Own-child,Black,Female,0,0,35,Jamaica,0,25-44,0
25,Private,7th-8th,4,Never-married,Machine-op-inspct,Other-relative,White,Female,0,0,40,Dominican-Republic,0,under25,0
42,Self-emp-not-inc,HS-grad,9,Never-married,Exec-managerial,Not-in-family,White,Male,0,0,48,United-States,0,25-44,0
32,Private,Bachelors,13,Never-married,Prof-specialty,Not-in-family,White,Female,0,0,50,United-States,0,25-44,0
66,State-gov,10th,6,Divorced,Other-service,Not-in-family,Black,Female,0,0,40,United-States,0,45plus,0
30,State-gov,Masters,14,Married-civ-spouse,Prof-specialty,Husband,Asian-Pac-Islander,Male,0,0,20,Taiwan,0,25-44,0
25,Private,Some-college,10,Divorced,Other-service,Own-child,Black,Male,0,0,38,United-States,0,under25,0
66,Private,Bachelors,13,Married-civ-spouse,Sales,Husband,White,Male,20051,0,40,United-States,1,45plus,1
29,Private,HS-grad,9,Never-married,Adm-clerical,Own-child,White,Female,0,0,40,United-States,0,25-44,0
62,Private,HS-grad,9,Married-civ-spouse,Craft-repair,Husband,White,Male,0,0,40,United-States,0,45plus,0
31,Private,11th,7,Divorced,Farming-fishing,Not-in-family,White,Male,0,0,50,United-States,0,25-44,0
59,Private,HS-grad,9,Divorced,Other-service,Not-in-family,Asian-Pac-Islander,Male,0,0,40,China,0,45plus,0
51,Private,Some-college,10,Divorced,Craft-repair,Not-in-family,White,Male,0,0,48,United-States,1,45plus,0
56,Private,HS-grad,9,Divorced,Adm-clerical,Unmarried,White,Female,0,0,32,United-States,0,45plus,0
26,Private,Assoc-acdm,12,Never-married,Other-service,Own-child,Black,Male,0,0,40,United-States,0,25-44,0
30,Private,HS-grad,9,Married-civ-spouse,Machine-op-inspct,Husband,White,Male,0,0,44,United-States,0,25-44,0
38,Private,HS-grad,9,Married-civ-spouse,Transport-moving,Husband,White,Male,0,0,40,United-States,0,25-44,0
38,Private,HS-grad,9,Married-civ-spouse,Machine-op-inspct,Husband,White,Male,0,0,40,United-States,0,25-44,0
46,State-gov,7th-8th,4,Never-married,Other-service,Not-in-family,Black,Female,0,0,40,United-States,0,45plus,0
21,Private,Some-college,10,Never-married,Handlers-cleaners,Own-child,White,Male,0,0,40,United-States,0,under25,0
49,Private,7th-8th,4,Married-civ-spouse,Machine-op-inspct,Husband,White,Male,0,0,48,United-States,0,45plus,0
21,Private,HS-grad,9,Never-married,Sales,Not-in-family,White,Male,0,0,55,United-States,0,under25,0
41,Private,Bachelors,13,Married-civ-spouse,Prof-specialty,Husband,White,Male,0,0,40,United-States,1,25-44,1
33,Private,10th,6,Never-married,Handlers-cleaners,Unmarried,Black,Male,0,0,40,United-States,0,25-44,0
41,Private,HS-grad,9,Married-civ-spouse,Transport-moving,Wife,White,Female,0,0,40,United-States,0,25-44,0
47,Federal-gov,HS-grad,9,Divorced,Adm-clerical,Not-in-family,White,Female,0,0,40,United-States,0,45plus,0
24,Local-gov,Bachelors,13,Never-married,Prof-specialty,Own-child,White,Female,0,0,50,United-States,0,under25,0
30,Private,Doctorate,16,Never-married,Prof-specialty,Not-in-family,White,Male,0,0,60,United-States,0,25-44,0
50,Private,Masters,14,Married-civ-spouse,Exec-managerial,Husband,White,Male,0,0,50,United-States,1,45plus,1
28,Private,Assoc-acdm,12,Never-married,Other-service,Not-in-family,Black,Female,0,0,40,United-States,0,25-44,0
19,Private,10th,6,Never-married,Other-service,Not-in-family,White,Female,0,0,40,United-States,0,under25,0
31,Private,Bachelors,13,Married-civ-spouse,Adm-clerical,Wife,White,Female,0,0,40,United-States,1,25-44,1
47,Private,HS-grad,9,Married-civ-spouse,Transport-moving,Husband,White,Male,0,0,50,United-States,0,45plus,0
19,Self-emp-not-inc,Some-college,10,Never-married,Farming-fishing,Own-child,White,Male,0,0,50,United-States,0,under25,0
55,Federal-gov,HS-grad,9,Married-civ-spouse,Tech-support,Husband,White,Male,0,1887,40,United-States,1,45plus,1
21,Private,Some-college,10,Never-married,Sales,Unmarried,White,Female,0,0,35,United-States,0,under25,0
40,Private,HS-grad,9,Married-civ-spouse,Sales,Husband,White,Male,0,0,24,United-States,0,25-44,0
38,Private,Some-college,10,Married-civ-spouse,Tech-support,Husband,White,Male,0,0,40,United-States,1,25-44,0
35,Private,HS-grad,9,Married-civ-spouse,Craft-repair,Husband,White,Male,0,0,40,United-States,0,25-44,0
24,Private,12th,8,Never-married,Farming-fishing,Own-child,Black,Male,0,0,40,United-States,0,under25,0
39,Private,HS-grad,9,Never-married,Other-service,Not-in-family,White,Male,0,0,18,United-States,0,25-44,0
23,Private,HS-grad,9,Never-married,Transport-moving,Own-child,White,Male,0,0,40,United-States,0,under25,0
42,Local-gov,HS-grad,9,Divorced,Other-service,Not-in-family,Black,Male,0,0,40,United-States,0,25-44,0
35,Private,Some-college,10,Married-civ-spouse,Sales,Husband,White,Male,0,0,40,United-States,1,25-44,0
51,Self-emp-not-inc,HS-grad,9,Married-civ-spouse,Craft-repair,Husband,White,Male,7298,0,48,United-States,1,45plus,1
36,Self-emp-not-inc,Some-college,10,Married-civ-spouse,Other-service,Wife,White,Female,0,0,40,United-States,0,25-44,0
24,Private,HS-grad,9,Divorced,Other-service,Unmarried,White,Female,0,0,40,United-States,0,under25,0
25,Private,Masters,14,Never-married,Prof-specialty,Own-child,White,Female,2597,0,31,United-States,0,under25,0
51,Local-gov,HS-grad,9,Married-civ-spouse,Craft-repair,Husband,White,Male,4386,0,40,United-States,1,45plus,0
24,Private,Some-college,10,Never-married,Machine-op-inspct,Own-child,Black,Female,0,0,45,United-States,0,under25,0
29,Private,HS-grad,9,Divorced,Adm-clerical,Unmarried,White,Female,0,0,50,United-States,0,25-44,0
24,Local-gov,11th,7,Never-married,Other-service,Not-in-family,Asian-Pac-Islander,Male,0,0,45,United-States,0,under25,0
18,Private,12th,8,Never-married,Sales,Own-child,Black,Female,0,0,20,United-States,0,under25,0
27,Private,HS-grad,9,Never-married,Machine-op-inspct,Own-child,Asian-Pac-Islander,Male,0,0,40,Philippines,0,25-44,0
31,Private,Some-college,10,Married-civ-spouse,Sales,Husband,White,Male,0,2051,57,United-States,0,25-44,0
47,Private,Some-college,10,Separated,Other-service,Not-in-family,Black,Female,0,0,35,United-States,0,45plus,0
50,Private,Bachelors,13,Married-civ-spouse,Exec-managerial,Husband,White,Male,0,0,50,United-States,1,45plus,1
37,Private,Some-college,10,Married-civ-spouse,Sales,Wife,White,Female,7298,0,40,United-States,1,25-44,1
22,Private,Bachelors,13,Never-married,Adm-clerical,Not-in-family,White,Male,0,0,40,United-States,0,under25,0
35,Private,HS-grad,9,Married-civ-spouse,Transport-moving,Husband,White,Male,0,0,60,United-States,0,25-44,0
21,Private,7th-8th,4,Never-married,Farming-fishing,Unmarried,White,Male,0,0,40,United-States,0,under25,0
49,Self-emp-inc,Some-college,10,Married-civ-spouse,Exec-managerial,Husband,White,Male,0,0,50,United-States,1,45plus,1
58,Local-gov,HS-grad,9,Married-civ-spouse,Farming-fishing,Husband,White,Male,0,0,40,United-States,0,45plus,0
45,Private,Bachelors,13,Married-civ-spouse,Sales,Husband,White,Male,0,0,55,United-States,0,25-44,1
44,Private,HS-grad,9,Married-civ-spouse,Adm-clerical,Husband,White,Male,0,0,45,United-States,0,25-44,0
40,Self-emp-not-inc,Prof-school,15,Divorced,Other-service,Not-in-family,White,Female,0,2339,35,United-States,0,25-44,0
46,Self-emp-not-inc,Prof-school,15,Married-civ-spouse,Prof-specialty,Husband,White,Male,0,0,65,United-States,1,45plus,1
30,Private,7th-8th,4,Married-civ-spouse,Craft-repair,Husband,White,Male,0,0,48,United-States,0,25-44,0
46,Private,Some-college,10,Married-civ-spouse,Sales,Husband,White,Male,0,2042,50,United-States,0,45plus,1
17,Private,HS-grad,9,Never-married,Other-service,Other-relative,White,Male,0,0,35,Mexico,0,under25,0
39,Private,HS-grad,9,Never-married,Adm-clerical,Not-in-family,White,Male,0,0,40,United-States,0,25-44,0
56,Private,Assoc-voc,11,Married-civ-spouse,Craft-repair,Husband,White,Male,0,0,45,United-States,1,45plus,0
48,Private,Some-college,10,Divorced,Exec-managerial,Not-in-family,White,Male,0,0,50,United-States,1,45plus,0
48,Self-emp-not-inc,Some-college,10,Never-married,Other-service,Not-in-family,White,Male,0,0,40,United-States,0,45plus,0
38,Private,9th,5,Married-civ-spouse,Other-service,Wife,Black,Female,0,0,24,Haiti,0,25-44,0
19,Private,HS-grad,9,Never-married,Farming-fishing,Own-child,White,Male,0,0,45,United-States,0,under25,0
44,Self-emp-not-inc,HS-grad,9,Married-civ-spouse,Machine-op-inspct,Wife,White,Female,0,0,45,United-States,0,25-44,0
24,Private,Bachelors,13,Never-married,Adm-clerical,Not-in-family,White,Female,0,0,30,United-States,0,under25,0
22,Self-emp-inc,Some-college,10,Married-civ-spouse,Craft-repair,Husband,White,Male,0,0,40,United-States,0,under25,0
44,Private,Masters,14,Married-civ-spouse,Adm-clerical,Husband,White,Male,3908,0,50,United-States,0,25-44,1
57,Private,5th-6th,3,Married-civ-spouse,Craft-repair,Husband,White,Male,0,0,40,United-States,0,45plus,0
79,Self-emp-not-inc,HS-grad,9,Married-civ-spouse,Farming-fishing,Husband,White,Male,0,0,40,United-States,0,45plus,0
33,Private,HS-grad,9,Divorced,Adm-clerical,Unmarried,Black,Female,0,0,40,United-States,0,25-44,0
17,Private,10th,6,Never-married,Other-service,Own-child,White,Male,0,0,25,United-States,0,under25,0
51,Federal-gov,Masters,14,Widowed,Sales,Unmarried,White,Male,0,0,50,El-Salvador,1,45plus,0
35,Private,HS-grad,9,Separated,Transport-moving,Not-in-family,White,Male,0,0,50,United-States,0,25-44,0
36,State-gov,Masters,14,Never-married,Prof-specialty,Own-child,White,Female,0,0,40,United-States,0,25-44,0
34,Private,Masters,14,Married-civ-spouse,Exec-managerial,Husband,White,Male,0,0,40,United-States,1,25-44,1
59,Private,HS-grad,9,Married-civ-spouse,Transport-moving,Husband,White,Male,0,0,50,United-States,0,45plus,0
30,Private,Bachelors,13,Married-civ-spouse,Exec-managerial,Husband,White,Male,3103,0,60,United-States,1,25-44,1
23,Local-gov,Bachelors,13,Never-married,Prof-specialty,Own-child,Amer-Indian-Eskimo,Male,0,0,30,United-States,0,under25,0
36,Private,Some-college,10,Divorced,Adm-clerical,Unmarried,White,Female,0,0,40,United-States,0,25-44,0
48,Private,HS-grad,9,Married-civ-spouse,Tech-support,Husband,White,Male,0,0,89,United-States,0,45plus,0
33,Self-emp-not-inc,Bachelors,13,Never-married,Sales,Not-in-family,White,Female,0,0,40,United-States,0,25-44,0
23,Private,Some-college,10,Never-married,Adm-clerical,Own-child,White,Male,0,0,40,United-States,0,under25,0
21,Private,HS-grad,9,Never-married,Craft-repair,Other-relative,White,Male,0,0,40,United-States,0,under25,0
46,Private,7th-8th,4,Married-civ-spouse,Farming-fishing,Husband,Black,Male,0,0,30,United-States,0,45plus,0
31,Private,Some-college,10,Never-married,Exec-managerial,Not-in-family,Black,Female,0,0,40,United-States,0,25-44,0
27,Private,Some-college,10,Never-married,Adm-clerical,Own-child,White,Male,0,0,20,United-States,0,25-44,0
25,Private,Bachelors,13,Married-civ-spouse,Adm-clerical,Wife,White,Female,0,0,40,United-States,0,under25,0
40,Local-gov,Assoc-acdm,12,Divorced,Exec-managerial,Not-in-family,White,Male,8614,0,50,United-States,1,25-44,1
25,Private,Bachelors,13,Never-married,Other-service,Own-child,White,Male,0,0,40,United-States,0,under25,0
19,Private,10th,6,Never-married,Craft-repair,Not-in-family,White,Male,0,0,40,United-States,0,under25,0
41,Private,HS-grad,9,Separated,Machine-op-inspct,Unmarried,White,Female,0,0,40,United-States,0,25-44,0
50,Federal-gov,10th,6,Separated,Craft-repair,Not-in-family,White,Male,0,0,56,United-States,0,45plus,0
45,State-gov,Prof-school,15,Divorced,Prof-specialty,Unmarried,White,Female,0,0,43,United-States,0,25-44,0
39,Self-emp-not-inc,Bachelors,13,Never-married,Sales,Own-child,Asian-Pac-Islander,Male,0,0,60,Iran,0,25-44,0
29,Private,Some-college,10,Married-civ-spouse,Exec-managerial,Husband,White,Male,3411,0,70,Mexico,0,25-44,0
47,Local-gov,Masters,14,Divorced,Protective-serv,Not-in-family,Black,Male,0,0,50,United-States,1,45plus,0
37,Self-emp-not-inc,HS-grad,9,Married-civ-spouse,Exec-managerial,Husband,White,Male,0,0,60,United-States,0,25-44,0
39,Local-gov,Assoc-voc,11,Married-civ-spouse,Adm-clerical,Wife,White,Female,0,0,37,United-States,0,25-44,0
22,Private,Bachelors,13,Never-married,Other-service,Not-in-family,White,Male,0,0,30,United-States,0,under25,0
45,Private,Some-college,10,Married-civ-spouse,Exec-managerial,Husband,White,Male,0,0,40,United-States,1,25-44,1
37,Self-emp-not-inc,Assoc-acdm,12,Married-civ-spouse,Farming-fishing,Husband,White,Male,2105,0,50,United-States,0,25-44,0
48,Private,Assoc-acdm,12,Married-civ-spouse,Prof-specialty,Husband,White,Male,0,0,45,United-States,0,45plus,1
28,Self-emp-not-inc,Bachelors,13,Never-married,Exec-managerial,Not-in-family,White,Male,0,0,50,United-States,0,25-44,0
39,Local-gov,HS-grad,9,Separated,Protective-serv,Not-in-family,White,Male,0,0,40,United-States,0,25-44,0
25,Private,Some-college,10,Never-married,Exec-managerial,Own-child,White,Male,0,0,46,United-States,0,under25,0
42,Private,Some-college,10,Married-civ-spouse,Exec-managerial,Husband,White,Male,0,0,65,United-States,0,25-44,1
35,State-gov,HS-grad,9,Married-civ-spouse,Craft-repair,Husband,White,Male,7298,0,40,United-States,1,25-44,1
17,Local-gov,9th,5,Never-married,Other-service,Own-child,White,Male,0,0,45,United-States,0,under25,0
22,Private,HS-grad,9,Never-married,Adm-clerical,Not-in-family,Amer-Indian-Eskimo,Female,0,0,40,United-States,0,under25,0
39,Private,HS-grad,9,Married-civ-spouse,Craft-repair,Husband,White,Male,0,0,40,United-States,0,25-44,0
31,Private,Assoc-voc,11,Never-married,Protective-serv,Own-child,Black,Male,0,0,40,United-States,0,25-44,0
26,Private,HS-grad,9,Never-married,Craft-repair,Other-relative,White,Male,0,0,40,United-States,0,25-44,0
40,Private,Assoc-voc,11,Separated,Craft-repair,Not-in-family,White,Female,0,0,60,United-States,0,25-44,0
32,Private,Prof-school,15,Married-civ-spouse,Sales,Husband,White,Male,15024,0,60,United-States,1,25-44,1
25,Private,Some-college,10,Never-married,Other-service,Own-child,White,Male,0,0,30,Canada,0,under25,0
18,State-gov,HS-grad,9,Never-married,Sales,Not-in-family,Black,Female,0,0,30,United-States,0,under25,0
74,Private,HS-grad,9,Widowed,Adm-clerical,Not-in-family,White,Female,15831,0,40,United-States,1,45plus,0
76,Private,5th-6th,3,Never-married,Handlers-cleaners,Not-in-family,White,Male,0,0,20,United-States,0,45plus,0
54,Private,10th,6,Divorced,Other-service,Not-in-family,White,Male,0,0,70,United-States,0,45plus,0
60,Private,Some-college,10,Married-civ-spouse,Craft-repair,Husband,White,Male,0,0,40,Columbia,0,45plus,0
37,Local-gov,Some-college,10,Married-civ-spouse,Other-service,Husband,Amer-Indian-Eskimo,Male,0,0,32,United-States,0,25-44,0
34,Self-emp-not-inc,Assoc-voc,11,Married-civ-spouse,Craft-repair,Husband,White,Male,0,0,45,United-States,0,25-44,0
48,Self-emp-inc,Masters,14,Married-spouse-absent,Sales,Not-in-family,Asian-Pac-Islander,Male,0,0,50,India,0,45plus,0
59,Private,Some-college,10,Divorced,Prof-specialty,Not-in-family,White,Female,0,0,48,United-States,0,45plus,0
43,Private,Bachelors,13,Married-civ-spouse,Prof-specialty,Husband,White,Male,0,0,40,United-States,1,25-44,1
43,Private,HS-grad,9,Never-married,Handlers-cleaners,Own-child,White,Male,0,0,40,Poland,0,25-44,0
41,Local-gov,Some-college,10,Married-civ-spouse,Adm-clerical,Wife,Black,Female,0,0,40,United-States,0,25-44,0
23,Private,HS-grad,9,Never-married,Handlers-cleaners,Own-child,White,Male,0,0,40,United-States,0,under25,0
38,Private,7th-8th,4,Divorced,Sales,Unmarried,White,Female,0,0,40,United-States,0,25-44,0
19,Private,7th-8th,4,Never-married,Other-service,Own-child,White,Male,0,0,33,United-States,0,under25,0
43,Private,12th,8,Married-civ-spouse,Craft-repair,Husband,White,Male,0,0,40,United-States,0,25-44,0
59,Private,Some-college,10,Married-civ-spouse,Exec-managerial,Husband,White,Male,0,0,60,United-States,1,45plus,1
47,Private,Bachelors,13,Married-civ-spouse,Exec-managerial,Wife,White,Female,0,0,40,United-States,1,45plus,1
32,Private,Some-college,10,Divorced,Machine-op-inspct,Unmarried,White,Female,0,0,40,United-States,0,25-44,0
61,Private,Some-college,10,Married-civ-spouse,Adm-clerical,Husband,White,Male,7688,0,40,United-States,1,45plus,1
20,Private,Some-college,10,Never-married,Machine-op-inspct,Other-relative,Asian-Pac-Islander,Male,0,0,40,Vietnam,0,under25,0
52,Private,12th,8,Separated,Machine-op-inspct,Other-relative,White,Female,0,0,40,Cuba,0,45plus,0
45,Private,Some-college,10,Divorced,Craft-repair,Not-in-family,White,Male,0,0,40,United-States,0,25-44,0
66,Private,HS-grad,9,Widowed,Craft-repair,Not-in-family,White,Male,0,0,16,United-States,0,45plus,0
26,Local-gov,Some-college,10,Married-civ-spouse,Prof-specialty,Husband,White,Male,0,0,40,United-States,0,25-44,0
27,Private,HS-grad,9,Never-married,Transport-moving,Own-child,White,Male,0,0,60,United-States,0,25-44,0
61,Local-gov,Doctorate,16,Married-civ-spouse,Exec-managerial,Husband,White,Male,4064,0,40,United-States,0,45plus,1
34,State-gov,Doctorate,16,Never-married,Prof-specialty,Not-in-family,White,Female,0,0,60,United-States,0,25-44,0
23,Private,Some-college,10,Never-married,Craft-repair,Other-relative,White,Male,0,0,40,United-States,0,under25,0
52,State-gov,Some-college,10,Separated,Protective-serv,Unmarried,White,Male,0,0,40,United-States,0,45plus,0
20,Private,HS-grad,9,Never-married,Other-service,Other-relative,White,Male,0,0,40,United-States,0,under25,0
42,Private,Bachelors,13,Married-civ-spouse,Exec-managerial,Husband,White,Male,3137,0,40,United-States,0,25-44,1
32,Private,HS-grad,9,Married-civ-spouse,Craft-repair,Husband,White,Male,2407,0,40,United-States,0,25-44,0
58,Local-gov,HS-grad,9,Married-civ-spouse,Exec-managerial,Husband,White,Male,0,0,50,United-States,0,45plus,0
76,Private,HS-grad,9,Widowed,Other-service,Not-in-family,White,Male,0,0,17,United-States,0,45plus,0
34,Private,Masters,14,Married-civ-spouse,Prof-specialty,Husband,White,Male,0,0,55,United-States,1,25-44,1
33,Private,HS-grad,9,Married-civ-spouse,Adm-clerical,Wife,White,Female,0,1740,25,United-States,0,25-44,0
47,Self-emp-not-inc,Some-college,10,Married-civ-spouse,Craft-repair,Husband,White,Male,0,0,40,Iran,1,45plus,0
21,Private,HS-grad,9,Never-married,Handlers-cleaners,Not-in-family,White,Male,0,0,40,United-States,0,under25,0
45,Local-gov,Assoc-acdm,12,Married-civ-spouse,Handlers-cleaners,Husband,White,Male,0,0,40,United-States,0,25-44,0
55,Self-emp-not-inc,HS-grad,9,Married-civ-spouse,Farming-fishing,Husband,White,Male,0,0,60,United-States,0,45plus,0
37,Self-emp-not-inc,HS-grad,9,Married-civ-spouse,Transport-moving,Husband,White,Male,0,0,30,United-States,0,25-44,0
46,Private,Bachelors,13,Divorced,Sales,Unmarried,Black,Female,0,0,35,United-States,1,45plus,0
51,Private,Assoc-voc,11,Married-civ-spouse,Sales,Husband,White,Male,0,0,40,United-States,1,45plus,0
19,Private,HS-grad,9,Married-civ-spouse,Sales,Other-relative,White,Female,0,0,25,United-States,0,under25,0
66,Self-emp-not-inc,7th-8th,4,Widowed,Farming-fishing,Unmarried,White,Male,0,0,50,United-States,0,45plus,0
55,Self-emp-not-inc,Masters,14,Married-civ-spouse,Sales,Husband,White,Male,2228,0,50,United-States,0,45plus,1
49,Local-gov,HS-grad,9,Married-civ-spouse,Protective-serv,Husband,White,Male,0,0,56,United-States,0,45plus,0
54,Self-emp-not-inc,Bachelors,13,Divorced,Farming-fishing,Not-in-family,White,Male,27828,0,50,United-States,1,45plus,1
40,Private,Bachelors,13,Never-married,Tech-support,Not-in-family,White,Male,0,0,40,United-States,0,25-44,0
46,State-gov,HS-grad,9,Married-civ-spouse,Other-service,Wife,Black,Female,0,0,40,United-States,0,45plus,0
23,Private,HS-grad,9,Never-married,Sales,Own-child,White,Male,0,0,35,United-States,0,under25,0
51,Private,HS-grad,9,Married-civ-spouse,Tech-support,Husband,White,Male,0,0,40,United-States,0,45plus,0
19,Private,10th,6,Never-married,Other-service,Other-relative,Black,Female,0,0,20,United-States,0,under25,0
46,Private,HS-grad,9,Married-civ-spouse,Craft-repair,Husband,White,Male,0,0,40,United-States,0,45plus,0
57,Private,Some-college,10,Married-civ-spouse,Sales,Husband,White,Male,0,0,50,United-States,1,45plus,0
38,Private,Some-college,10,Divorced,Adm-clerical,Unmarried,White,Female,0,0,30,United-States,0,25-44,0
27,Local-gov,Assoc-voc,11,Never-married,Adm-clerical,Own-child,White,Male,0,0,43,United-States,0,25-44,0
40,Private,Some-college,10,Never-married,Sales,Unmarried,Black,Female,0,0,45,United-States,0,25-44,0
34,Private,HS-grad,9,Separated,Adm-clerical,Unmarried,White,Male,0,0,40,United-States,0,25-44,0
60,Private,Assoc-voc,11,Married-civ-spouse,Tech-support,Husband,White,Male,0,0,40,United-States,0,45plus,0
38,Private,Some-college,10,Married-civ-spouse,Sales,Husband,White,Male,0,0,50,United-States,0,25-44,0
29,Private,Some-college,10,Married-civ-spouse,Craft-repair,Husband,White,Male,0,0,40,United-States,0,25-44,0
30,Private,Masters,14,Never-married,Prof-specialty,Not-in-family,Black,Male,0,0,30,United-States,0,25-44,0
21,Private,HS-grad,9,Married-spouse-absent,Exec-managerial,Other-relative,White,Female,0,0,60,United-States,0,under25,0
23,State-gov,Some-college,10,Married-civ-spouse,Adm-clerical,Husband,Asian-Pac-Islander,Male,0,0,40,Vietnam,0,under25,0
45,Private,HS-grad,9,Divorced,Machine-op-inspct,Unmarried,White,Female,0,0,40,United-States,0,25-44,0
42,Federal-gov,HS-grad,9,Separated,Adm-clerical,Unmarried,Black,Female,0,0,40,United-States,0,25-44,0
59,Federal-gov,HS-grad,9,Married-civ-spouse,Craft-repair,Husband,White,Male,0,0,40,United-States,1,45plus,0
19,Private,Some-college,10,Never-married,Adm-clerical,Own-child,White,Female,0,0,10,United-States,0,under25,0
24,Private,HS-grad,9,Never-married,Sales,Not-in-family,White,Male,0,0,40,United-States,0,under25,0
30,Private,Assoc-acdm,12,Divorced,Adm-clerical,Own-child,White,Female,0,1762,40,United-States,0,25-44,0
60,Self-emp-not-inc,Some-college,10,Married-civ-spouse,Exec-managerial,Husband,White,Male,0,0,40,United-States,0,45plus,0
37,Private,HS-grad,9,Separated,Exec-managerial,Own-child,White,Male,0,0,40,United-States,0,25-44,0
23,Private,Bachelors,13,Never-married,Adm-clerical,Unmarried,Black,Female,0,0,40,United-States,0,under25,0
29,Private,5th-6th,3,Married-civ-spouse,Other-service,Husband,White,Male,0,0,40,Mexico,0,25-44,0
38,Private,HS-grad,9,Married-civ-spouse,Craft-repair,Husband,White,Male,0,0,40,United-States,0,25-44,0
59,Private,Some-college,10,Divorced,Other-service,Not-in-family,White,Male,0,0,40,United-States,0,45plus,0
40,Private,9th,5,Married-civ-spouse,Machine-op-inspct,Husband,White,Male,0,0,40,Mexico,0,25-44,0
46,Private,7th-8th,4,Separated,Other-service,Not-in-family,White,Female,0,0,32,United-States,0,45plus,0
47,Private,Masters,14,Married-civ-spouse,Exec-managerial,Husband,White,Male,99999,0,55,United-States,1,45plus,1
51,Self-emp-not-inc,HS-grad,9,Married-civ-spouse,Transport-moving,Husband,White,Male,0,0,65,United-States,0,45plus,0
23,Private,Bachelors,13,Never-married,Machine-op-inspct,Own-child,White,Male,0,0,25,United-States,0,under25,0
43,State-gov,HS-grad,9,Married-civ-spouse,Craft-repair,Husband,White,Male,0,0,40,United-States,0,25-44,0
43,Private,Some-college,10,Married-civ-spouse,Craft-repair,Husband,White,Male,0,0,45,United-States,1,25-44,0
46,Federal-gov,Bachelors,13,Married-civ-spouse,Exec-managerial,Husband,White,Male,15024,0,40,United-States,1,45plus,1
30,Private,Assoc-voc,11,Married-civ-spouse,Exec-managerial,Husband,White,Male,0,0,48,United-States,0,25-44,0
49,Private,Masters,14,Married-spouse-absent,Adm-clerical,Unmarried,White,Female,0,0,40,United-States,0,45plus,0
23,Private,Assoc-voc,11,Never-married,Craft-repair,Own-child,White,Male,0,0,33,United-States,0,under25,0
39,Private,HS-grad,9,Never-married,Exec-managerial,Not-in-family,White,Male,0,0,40,United-States,0,25-44,0
61,Self-emp-not-inc,Bachelors,13,Married-civ-spouse,Farming-fishing,Husband,White,Male,0,0,20,United-States,1,45plus,0
41,Private,Prof-school,15,Married-civ-spouse,Exec-managerial,Husband,White,Male,0,0,50,United-States,1,25-44,1
49,Private,Bachelors,13,Never-married,Exec-managerial,Not-in-family,White,Male,0,0,40,United-States,1,45plus,0
43,Self-emp-inc,Prof-school,15,Married-civ-spouse,Exec-managerial,Husband,White,Male,99999,0,40,United-States,1,25-44,1
25,Private,11th,7,Never-married,Handlers-cleaners,Own-child,White,Male,0,0,45,United-States,0,under25,0
23,Private,12th,8,Never-married,Priv-house-serv,Own-child,White,Male,0,0,30,United-States,0,under25,0
55,Private,11th,7,Divorced,Sales,Own-child,White,Female,0,0,20,United-States,0,45plus,0
19,Private,Some-college,10,Never-married,Handlers-cleaners,Own-child,White,Male,0,0,40,United-States,0,under25,0
40,Private,Assoc-voc,11,Married-civ-spouse,Adm-clerical,Husband,White,Male,0,0,40,United-States,1,25-44,0
46,Private,Assoc-acdm,12,Divorced,Prof-specialty,Unmarried,White,Female,0,0,40,United-States,0,45plus,0
36,Local-gov,Some-college,10,Married-civ-spouse,Craft-repair,Husband,White,Male,0,0,40,United-States,0,25-44,0
43,Self-emp-inc,Some-college,10,Married-civ-spouse,Exec-managerial,Husband,White,Male,0,0,70,United-States,1,25-44,1
23,Private,Bachelors,13,Never-married,Exec-managerial,Not-in-family,White,Female,0,0,40,United-States,0,under25,0
63,Self-emp-not-inc,HS-grad,9,Married-civ-spouse,Craft-repair,Husband,White,Male,2290,0,20,United-States,0,45plus,0
77,Self-emp-not-inc,Some-college,10,Married-civ-spouse,Sales,Husband,White,Male,0,0,40,United-States,0,45plus,0
19,Private,HS-grad,9,Never-married,Sales,Own-child,White,Female,0,0,25,United-States,0,under25,0
44,Self-emp-inc,HS-grad,9,Married-civ-spouse,Exec-managerial,Husband,White,Male,0,1887,70,United-States,1,25-44,1
57,Self-emp-not-inc,Some-college,10,Married-civ-spouse,Craft-repair,Husband,White,Male,3137,0,40,United-States,0,45plus,0
36,Private,Masters,14,Married-civ-spouse,Sales,Husband,White,Male,0,1977,50,United-States,1,25-44,1
34,Private,Bachelors,13,Married-civ-spouse,Prof-specialty,Husband,White,Male,7688,0,50,United-States,1,25-44,1
32,Private,HS-grad,9,Separated,Adm-clerical,Unmarried,White,Female,0,0,40,United-States,0,25-44,0
45,Private,Some-college,10,Married-civ-spouse,Adm-clerical,Wife,White,Female,0,0,24,Canada,1,25-44,0
40,Private,HS-grad,9,Widowed,Machine-op-inspct,Unmarried,White,Female,0,0,40,United-States,0,25-44,0
22,Private,Some-college,10,Never-married,Adm-clerical,Not-in-family,White,Female,0,0,25,United-States,0,under25,0
42,Private,Bachelors,13,Never-married,Prof-specialty,Not-in-family,White,Male,0,0,32,United-States,0,25-44,0
28,Private,HS-grad,9,Never-married,Exec-managerial,Not-in-family,White,Male,0,0,40,United-States,0,25-44,0
34,Private,Assoc-voc,11,Married-civ-spouse,Craft-repair,Husband,White,Male,0,0,40,England,0,25-44,0
25,Private,Bachelors,13,Never-married,Prof-specialty,Own-child,Asian-Pac-Islander,Male,0,0,40,United-States,0,under25,0
24,Private,HS-grad,9,Separated,Sales,Unmarried,White,Female,0,0,48,United-States,0,under25,0
21,Federal-gov,12th,8,Never-married,Adm-clerical,Own-child,Black,Male,0,0,25,United-States,0,under25,0
20,Private,Some-college,10,Never-married,Other-service,Own-child,Black,Male,0,0,40,United-States,0,under25,0
37,Private,HS-grad,9,Divorced,Craft-repair,Not-in-family,White,Male,0,0,40,United-States,0,25-44,0
18,Private,HS-grad,9,Never-married,Adm-clerical,Own-child,White,Female,0,0,40,United-States,0,under25,0
45,Private,Some-college,10,Never-married,Machine-op-inspct,Own-child,White,Male,0,0,45,United-States,0,25-44,0
27,Private,HS-grad,9,Never-married,Adm-clerical,Not-in-family,White,Male,0,0,40,United-States,0,25-44,0
35,Private,Some-college,10,Married-civ-spouse,Tech-support,Husband,White,Male,0,0,40,United-States,0,25-44,0
54,Private,HS-grad,9,Divorced,Transport-moving,Not-in-family,Black,Male,0,0,40,United-States,0,45plus,0
37,Private,Assoc-voc,11,Married-civ-spouse,Sales,Husband,White,Male,0,0,54,United-States,0,25-44,0
36,Private,Bachelors,13,Married-civ-spouse,Prof-specialty,Husband,White,Male,0,1887,50,United-States,1,25-44,1
52,Private,HS-grad,9,Divorced,Machine-op-inspct,Not-in-family,White,Female,0,0,40,United-States,0,45plus,0
23,Private,Some-college,10,Never-married,Adm-clerical,Own-child,White,Female,0,0,25,United-States,0,under25,0
57,Private,HS-grad,9,Divorced,Other-service,Unmarried,White,Female,0,0,40,United-States,0,45plus,0
47,Local-gov,Assoc-acdm,12,Married-civ-spouse,Adm-clerical,Wife,White,Female,0,0,35,United-States,1,45plus,0
50,Private,HS-grad,9,Separated,Craft-repair,Not-in-family,Black,Male,0,0,40,United-States,0,45plus,0
50,Self-emp-not-inc,HS-grad,9,Married-civ-spouse,Transport-moving,Husband,White,Male,0,0,40,United-States,1,45plus,0
20,Private,HS-grad,9,Never-married,Other-service,Own-child,White,Female,0,0,40,Mexico,0,under25,0
45,Private,Bachelors,13,Divorced,Prof-specialty,Unmarried,White,Female,0,0,50,United-States,0,25-44,0
34,Private,Bachelors,13,Married-civ-spouse,Exec-managerial,Husband,Black,Male,0,0,45,United-States,1,25-44,1
49,Self-emp-not-inc,Prof-school,15,Married-civ-spouse,Prof-specialty,Husband,White,Male,99999,0,35,United-States,1,45plus,1
49,Self-emp-not-inc,Doctorate,16,Married-civ-spouse,Prof-specialty,Husband,White,Male,0,0,60,United-States,0,45plus,1
21,Private,HS-grad,9,Divorced,Sales,Other-relative,White,Female,0,0,40,United-States,0,under25,0
46,Private,Masters,14,Married-civ-spouse,Prof-specialty,Husband,White,Male,0,0,40,United-States,1,45plus,1
21,Private,HS-grad,9,Never-married,Craft-repair,Own-child,White,Male,0,0,40,United-States,0,under25,0
37,Local-gov,HS-grad,9,Married-civ-spouse,Protective-serv,Husband,White,Male,0,0,40,United-States,0,25-44,0
17,Private,10th,6,Never-married,Adm-clerical,Own-child,White,Female,0,0,20,United-States,0,under25,0
27,Private,Bachelors,13,Never-married,Exec-managerial,Not-in-family,White,Female,0,0,40,United-States,0,25-44,0
22,Private,Some-college,10,Married-civ-spouse,Exec-managerial,Wife,White,Female,0,0,40,United-States,0,under25,0
64,Self-emp-not-inc,Masters,14,Divorced,Prof-specialty,Not-in-family,White,Male,0,0,50,United-States,0,45plus,0
31,Local-gov,Some-college,10,Never-married,Adm-clerical,Own-child,White,Female,0,0,35,United-States,0,25-44,0
27,Private,HS-grad,9,Never-married,Other-service,Unmarried,White,Female,0,0,64,United-States,0,25-44,0
45,Self-emp-not-inc,7th-8th,4,Married-civ-spouse,Craft-repair,Husband,White,Male,0,0,10,United-States,0,25-44,0
21,Private,Some-college,10,Never-married,Other-service,Not-in-family,White,Male,0,0,32,United-States,0,under25,0
33,Federal-gov,HS-grad,9,Never-married,Exec-managerial,Not-in-family,White,Female,0,0,40,United-States,0,25-44,0
35,Self-emp-not-inc,Bachelors,13,Never-married,Prof-specialty,Own-child,White,Female,0,0,40,United-States,0,25-44,0
41,Private,Bachelors,13,Married-civ-spouse,Exec-managerial,Husband,White,Male,0,0,50,Iran,1,25-44,1
52,Private,Some-college,10,Married-civ-spouse,Adm-clerical,Husband,White,Male,0,0,40,United-States,0,45plus,0
47,Private,Bachelors,13,Never-married,Exec-managerial,Unmarried,Black,Female,0,0,45,United-States,0,45plus,0
29,Private,Some-college,10,Never-married,Tech-support,Own-child,White,Male,0,0,60,United-States,0,25-44,0
55,Private,HS-grad,9,Married-civ-spouse,Craft-repair,Husband,White,Male,4386,0,40,United-States,1,45plus,0
38,Federal-gov,Bachelors,13,Married-civ-spouse,Prof-specialty,Husband,White,Male,4064,0,40,United-States,0,25-44,1
26,Private,12th,8,Never-married,Craft-repair,Not-in-family,White,Male,0,0,40,Mexico,0,25-44,0
51,Federal-gov,HS-grad,9,Married-civ-spouse,Adm-clerical,Husband,White,Male,0,0,40,United-States,0,45plus,0
50,Private,Bachelors,13,Divorced,Prof-specialty,Unmarried,White,Female,0,0,36,Ireland,0,45plus,0
68,Private,HS-grad,9,Married-civ-spouse,Exec-managerial,Husband,White,Male,0,0,40,United-States,0,45plus,0
63,Private,Bachelors,13,Married-civ-spouse,Protective-serv,Husband,Asian-Pac-Islander,Male,0,0,40,Philippines,1,45plus,1
36,Private,Some-college,10,Widowed,Adm-clerical,Unmarried,Black,Female,0,0,40,United-States,0,25-44,0
32,Federal-gov,Prof-school,15,Married-civ-spouse,Prof-specialty,Husband,White,Male,0,0,40,United-States,1,25-44,1
19,Private,Some-college,10,Never-married,Other-service,Own-child,White,Female,0,0,25,United-States,0,under25,0
23,Private,Bachelors,13,Never-married,Prof-specialty,Own-child,White,Male,0,0,40,United-States,0,under25,0
32,Private,HS-grad,9,Married-spouse-absent,Handlers-cleaners,Other-relative,White,Male,0,0,40,United-States,0,25-44,0
46,Private,HS-grad,9,Married-spouse-absent,Farming-fishing,Not-in-family,White,Male,0,0,65,United-States,0,45plus,0
32,Private,HS-grad,9,Divorced,Craft-repair,Unmarried,White,Male,0,0,40,United-States,0,25-44,0
44,Local-gov,Some-college,10,Never-married,Other-service,Unmarried,Black,Female,0,0,40,United-States,0,25-44,0
23,Private,12th,8,Never-married,Craft-repair,Not-in-family,White,Male,0,0,50,United-States,0,under25,0
60,Private,HS-grad,9,Married-civ-spouse,Tech-support,Wife,White,Female,0,0,40,United-States,1,45plus,0
55,Local-gov,HS-grad,9,Married-civ-spouse,Transport-moving,Husband,White,Male,0,0,44,United-States,0,45plus,0
60,Private,1st-4th,2,Divorced,Craft-repair,Not-in-family,Other,Male,0,0,38,Dominican-Republic,0,45plus,0
19,Private,Some-college,10,Never-married,Other-service,Own-child,White,Male,0,0,15,United-States,0,under25,0
34,Federal-gov,Some-college,10,Never-married,Adm-clerical,Not-in-family,Black,Female,0,0,72,United-States,0,25-44,0
31,Private,Bachelors,13,Never-married,Prof-specialty,Unmarried,White,Female,0,0,36,United-States,0,25-44,0
68,Private,11th,7,Divorced,Transport-moving,Not-in-family,White,Male,0,0,70,United-States,0,45plus,0
35,Private,Assoc-voc,11,Divorced,Other-service,Unmarried,Black,Female,0,0,40,United-States,0,25-44,0
30,Self-emp-not-inc,Assoc-voc,11,Never-married,Craft-repair,Own-child,White,Male,0,0,60,United-States,0,25-44,0
42,Private,Assoc-voc,11,Married-civ-spouse,Machine-op-inspct,Husband,White,Male,0,0,40,United-States,0,25-44,0
43,Private,Some-college,10,Divorced,Craft-repair,Unmarried,White,Male,0,0,35,United-States,0,25-44,0
43,Private,Some-college,10,Married-civ-spouse,Exec-managerial,Husband,White,Male,0,0,50,United-States,0,25-44,1
40,Private,10th,6,Married-civ-spouse,Exec-managerial,Husband,White,Male,0,0,40,United-States,1,25-44,0
48,Private,HS-grad,9,Married-civ-spouse,Craft-repair,Husband,White,Male,0,0,40,United-States,0,45plus,0
34,State-gov,Bachelors,13,Married-civ-spouse,Adm-clerical,Husband,White,Male,0,0,20,Italy,0,25-44,0
39,Private,Masters,14,Married-civ-spouse,Exec-managerial,Husband,White,Male,0,0,40,United-States,1,25-44,1
49,Private,7th-8th,4,Married-civ-spouse,Machine-op-inspct,Husband,White,Male,0,0,40,United-States,0,45plus,0
47,Self-emp-not-inc,Some-college,10,Married-civ-spouse,Sales,Husband,White,Male,0,0,40,United-States,0,45plus,0
19,Private,Some-college,10,Never-married,Other-service,Not-in-family,White,Male,0,0,35,United-States,0,under25,0
41,Private,HS-grad,9,Married-civ-spouse,Exec-managerial,Husband,White,Male,0,0,40,United-States,0,25-44,0
22,Private,10th,6,Divorced,Craft-repair,Own-child,White,Male,0,0,40,United-States,0,under25,0
25,Local-gov,Masters,14,Never-married,Prof-specialty,Own-child,White,Female,0,0,40,United-States,0,under25,0
27,Private,Bachelors,13,Separated,Tech-support,Own-child,White,Male,0,0,50,United-States,0,25-44,0
43,Self-emp-not-inc,HS-grad,9,Married-spouse-absent,Craft-repair,Not-in-family,White,Male,0,0,40,United-States,0,25-44,0
31,Private,Bachelors,13,Married-civ-spouse,Sales,Husband,White,Male,0,0,60,United-States,0,25-44,1
55,Private,Some-college,10,Divorced,Adm-clerical,Not-in-family,White,Female,0,0,38,United-States,0,45plus,0
58,Federal-gov,Some-college,10,Married-civ-spouse,Adm-clerical,Husband,White,Male,0,0,40,United-States,1,45plus,0
44,Private,HS-grad,9,Never-married,Other-service,Own-child,White,Female,0,0,24,United-States,0,25-44,0
26,Federal-gov,HS-grad,9,Divorced,Adm-clerical,Own-child,White,Female,0,0,40,United-States,0,25-44,0
17,Private,10th,6,Never-married,Other-service,Own-child,White,Female,0,0,12,United-States,0,under25,0
21,Private,Some-college,10,Never-married,Prof-specialty,Not-in-family,White,Female,0,0,40,United-States,0,under25,0
28,Private,Some-college,10,Married-civ-spouse,Exec-managerial,Husband,Asian-Pac-Islander,Male,0,0,40,Philippines,0,25-44,0
31,Private,HS-grad,9,Divorced,Other-service,Unmarried,White,Female,0,0,40,United-States,0,25-44,0
37,Private,Bachelors,13,Married-civ-spouse,Exec-managerial,Husband,White,Male,0,1977,50,United-States,1,25-44,1
77,Self-emp-not-inc,7th-8th,4,Married-spouse-absent,Adm-clerical,Not-in-family,White,Male,0,0,20,Italy,1,45plus,0
60,Self-emp-not-inc,Bachelors,13,Married-civ-spouse,Craft-repair,Husband,White,Male,0,0,40,United-States,0,45plus,1
45,Private,HS-grad,9,Divorced,Sales,Not-in-family,White,Female,0,0,35,United-States,0,25-44,0
67,Self-emp-not-inc,Some-college,10,Married-civ-spouse,Sales,Husband,White,Male,0,0,40,United-States,0,45plus,0
32,Private,Bachelors,13,Never-married,Prof-specialty,Not-in-family,White,Male,0,0,40,United-States,0,25-44,0
43,Local-gov,HS-grad,9,Separated,Other-service,Not-in-family,White,Male,0,0,40,United-States,0,25-44,0
49,Private,7th-8th,4,Married-civ-spouse,Machine-op-inspct,Husband,White,Male,0,0,40,United-States,0,45plus,0
32,Private,Assoc-acdm,12,Divorced,Sales,Not-in-family,White,Male,2597,0,48,United-States,0,25-44,0
46,Self-emp-not-inc,Some-college,10,Separated,Prof-specialty,Not-in-family,White,Male,0,0,20,United-States,0,45plus,0
23,Private,Some-college,10,Never-married,Machine-op-inspct,Unmarried,Asian-Pac-Islander,Male,0,0,40,Vietnam,0,under25,0
37,Private,HS-grad,9,Married-civ-spouse,Handlers-cleaners,Husband,White,Male,0,0,40,United-States,0,25-44,0
44,State-gov,Masters,14,Married-civ-spouse,Prof-specialty,Husband,White,Male,0,0,40,United-States,1,25-44,1
39,Private,HS-grad,9,Never-married,Handlers-cleaners,Own-child,White,Male,0,0,48,United-States,0,25-44,0
46,Private,HS-grad,9,Married-civ-spouse,Protective-serv,Husband,White,Male,0,0,40,United-States,0,45plus,0
35,Private,Bachelors,13,Never-married,Prof-specialty,Not-in-family,White,Female,0,0,40,United-States,0,25-44,0
22,Private,HS-grad,9,Never-married,Other-service,Not-in-family,White,Female,0,0,40,United-States,0,under25,0
51,Private,Bachelors,13,Divorced,Adm-clerical,Not-in-family,White,Female,0,0,40,United-States,0,45plus,0
35,Private,Some-college,10,Married-civ-spouse,Adm-clerical,Wife,White,Female,3908,0,27,United-States,0,25-44,0
45,Private,1st-4th,2,Married-civ-spouse,Other-service,Wife,White,Female,0,0,40,United-States,0,25-44,0
53,Private,Assoc-voc,11,Married-civ-spouse,Tech-support,Husband,White,Male,0,0,40,United-States,1,45plus,0
54,Private,HS-grad,9,Divorced,Transport-moving,Not-in-family,White,Male,0,0,40,United-States,0,45plus,0
36,Private,Bachelors,13,Married-civ-spouse,Exec-managerial,Husband,White,Male,0,0,50,United-States,1,25-44,1
40,Private,Masters,14,Divorced,Prof-specialty,Not-in-family,White,Male,0,0,43,United-States,0,25-44,0
25,Private,Bachelors,13,Never-married,Exec-managerial,Own-child,White,Male,0,0,55,United-States,0,under25,0
39,Private,Some-college,10,Divorced,Exec-managerial,Unmarried,White,Female,0,0,56,United-States,0,25-44,0
40,Federal-gov,Some-college,10,Divorced,Adm-clerical,Not-in-family,White,Female,0,0,50,United-States,0,25-44,0
54,Private,HS-grad,9,Divorced,Exec-managerial,Unmarried,White,Female,0,0,45,United-States,0,45plus,0
47,Private,Some-college,10,Married-civ-spouse,Craft-repair,Husband,White,Male,7298,0,40,United-States,1,45plus,1
25,Private,Some-college,10,Never-married,Sales,Own-child,White,Male,0,0,24,United-States,0,under25,0
39,Private,Bachelors,13,Divorced,Sales,Not-in-family,Asian-Pac-Islander,Male,0,0,40,China,0,25-44,0
28,Federal-gov,Bachelors,13,Never-married,Prof-specialty,Not-in-family,White,Female,0,0,40,United-States,0,25-44,0
41,Self-emp-not-inc,Some-college,10,Married-civ-spouse,Craft-repair,Husband,White,Male,0,0,50,United-States,0,25-44,0
50,Self-emp-not-inc,Prof-school,15,Married-civ-spouse,Prof-specialty,Husband,White,Male,0,0,50,United-States,1,45plus,1
35,Private,Prof-school,15,Married-civ-spouse,Prof-specialty,Husband,White,Male,7688,0,50,United-States,1,25-44,1
33,Private,Assoc-acdm,12,Never-married,Sales,Not-in-family,Other,Male,0,0,36,United-States,0,25-44,0
20,Private,10th,6,Never-married,Handlers-cleaners,Unmarried,White,Male,0,0,50,United-States,0,under25,0
25,Private,Bachelors,13,Married-civ-spouse,Prof-specialty,Husband,White,Male,0,0,45,United-States,1,under25,0
69,Local-gov,10th,6,Married-civ-spouse,Transport-moving,Husband,White,Male,0,0,25,United-States,0,45plus,0
26,Private,HS-grad,9,Married-civ-spouse,Sales,Husband,White,Male,2885,0,40,United-States,0,25-44,0
50,Private,HS-grad,9,Never-married,Tech-support,Own-child,White,Male,0,0,15,United-States,0,45plus,0
57,Local-gov,HS-grad,9,Married-civ-spouse,Transport-moving,Husband,White,Male,0,0,25,United-States,1,45plus,0
57,Local-gov,7th-8th,4,Divorced,Other-service,Not-in-family,White,Male,0,0,40,United-States,0,45plus,0
41,Self-emp-inc,Bachelors,13,Married-civ-spouse,Exec-managerial,Husband,White,Male,0,1902,55,United-States,1,25-44,1
38,Private,Bachelors,13,Married-civ-spouse,Sales,Husband,White,Male,0,0,52,United-States,1,25-44,1
38,Self-emp-inc,Prof-school,15,Married-civ-spouse,Prof-specialty,Husband,White,Male,99999,0,50,United-States,1,25-44,1
37,Private,Assoc-voc,11,Married-spouse-absent,Sales,Unmarried,Black,Female,0,0,32,United-States,0,25-44,0
39,Self-emp-not-inc,HS-grad,9,Divorced,Farming-fishing,Not-in-family,White,Male,8614,0,50,United-States,1,25-44,1
25,Private,9th,5,Never-married,Craft-repair,Not-in-family,White,Male,0,0,40,Mexico,0,under25,0
26,Private,Some-college,10,Married-civ-spouse,Sales,Husband,White,Male,0,0,50,United-States,0,25-44,0
31,Private,12th,8,Married-civ-spouse,Craft-repair,Husband,White,Male,0,0,43,United-States,0,25-44,0
40,Private,Prof-school,15,Married-civ-spouse,Prof-specialty,Husband,White,Male,0,0,40,United-States,1,25-44,1
32,Private,Some-college,10,Divorced,Exec-managerial,Not-in-family,White,Female,0,0,45,United-States,0,25-44,0
52,Federal-gov,HS-grad,9,Divorced,Adm-clerical,Not-in-family,White,Female,0,0,43,United-States,0,45plus,0
38,Private,Some-college,10,Married-civ-spouse,Adm-clerical,Wife,White,Female,0,0,35,United-States,1,25-44,0
31,Federal-gov,Some-college,10,Never-married,Tech-support,Not-in-family,White,Male,0,0,40,United-States,0,25-44,0
49,Private,Some-college,10,Married-civ-spouse,Craft-repair,Husband,White,Male,0,0,40,United-States,0,45plus,0
59,Federal-gov,Some-college,10,Married-civ-spouse,Tech-support,Husband,White,Male,0,0,40,United-States,1,45plus,0
35,Private,HS-grad,9,Married-civ-spouse,Craft-repair,Husband,White,Male,0,0,55,United-States,0,25-44,0
40,Self-emp-not-inc,HS-grad,9,Divorced,Craft-repair,Not-in-family,White,Male,0,0,45,Canada,0,25-44,0
51,Private,Some-college,10,Married-civ-spouse,Exec-managerial,Husband,White,Male,0,0,45,United-States,1,45plus,1
41,Private,7th-8th,4,Divorced,Craft-repair,Not-in-family,White,Male,0,1590,40,United-States,0,25-44,0
30,Private,Bachelors,13,Never-married,Sales,Own-child,White,Female,0,0,65,United-States,0,25-44,0
32,Self-emp-inc,Bachelors,13,Married-civ-spouse,Sales,Husband,White,Male,7688,0,55,Mexico,1,25-44,1
46,Federal-gov,Masters,14,Married-civ-spouse,Exec-managerial,Husband,White,Male,0,0,40,England,1,45plus,1
44,Private,Assoc-voc,11,Married-civ-spouse,Craft-repair,Husband,Black,Male,0,0,40,United-States,0,25-44,0
37,Private,Some-college,10,Married-civ-spouse,Machine-op-inspct,Husband,Black,Male,0,0,40,United-States,1,25-44,0
18,Private,12th,8,Never-married,Other-service,Own-child,White,Male,0,0,12,United-States,0,under25,0
40,State-gov,Some-college,10,Divorced,Sales,Not-in-family,White,Female,0,0,40,United-States,0,25-44,0
44,Self-emp-not-inc,Some-college,10,Divorced,Other-service,Not-in-family,White,Male,0,0,45,United-States,0,25-44,0
58,Self-emp-inc,Some-college,10,Married-civ-spouse,Transport-moving,Wife,White,Female,0,0,40,United-States,1,45plus,0
26,Private,10th,6,Never-married,Adm-clerical,Not-in-family,Black,Male,0,0,20,United-States,0,25-44,0
30,Private,Assoc-voc,11,Divorced,Adm-clerical,Not-in-family,White,Female,0,0,46,United-States,0,25-44,0
29,Private,HS-grad,9,Married-civ-spouse,Other-service,Wife,White,Female,0,0,40,United-States,0,25-44,0
47,Private,HS-grad,9,Divorced,Other-service,Own-child,White,Female,0,0,32,United-States,0,45plus,0
57,Self-emp-not-inc,HS-grad,9,Married-civ-spouse,Craft-repair,Husband,White,Male,0,0,48,United-States,1,45plus,0
47,Private,Some-college,10,Married-civ-spouse,Craft-repair,Husband,White,Male,0,0,40,United-States,0,45plus,0
30,Local-gov,Bachelors,13,Married-civ-spouse,Prof-specialty,Husband,White,Male,0,0,40,United-States,1,25-44,1
32,Self-emp-not-inc,HS-grad,9,Divorced,Craft-repair,Unmarried,White,Male,0,0,40,United-States,0,25-44,0
22,Private,HS-grad,9,Never-married,Exec-managerial,Other-relative,White,Female,0,0,42,Germany,0,under25,0
56,Private,HS-grad,9,Married-civ-spouse,Craft-repair,Husband,White,Male,5013,0,40,United-States,0,45plus,0
47,Private,Some-college,10,Widowed,Other-service,Not-in-family,White,Female,0,0,35,United-States,0,45plus,0
36,Private,HS-grad,9,Married-civ-spouse,Prof-specialty,Husband,White,Male,0,2377,60,United-States,0,25-44,1
54,Private,Masters,14,Married-civ-spouse,Prof-specialty,Husband,White,Male,0,0,60,United-States,0,45plus,1
23,Private,Some-college,10,Never-married,Handlers-cleaners,Own-child,White,Male,0,0,32,Cuba,0,under25,0
39,Private,Some-college,10,Divorced,Exec-managerial,Unmarried,White,Female,0,0,39,United-States,0,25-44,0
41,Private,HS-grad,9,Married-civ-spouse,Craft-repair,Husband,White,Male,0,0,60,United-States,1,25-44,0
18,Private,11th,7,Never-married,Sales,Own-child,White,Female,0,0,49,United-States,0,under25,0
22,Private,Some-college,10,Never-married,Prof-specialty,Own-child,White,Male,0,0,98,United-States,0,under25,0
41,Private,Bachelors,13,Never-married,Adm-clerical,Not-in-family,White,Male,0,0,40,United-States,0,25-44,0
51,Private,HS-grad,9,Married-spouse-absent,Craft-repair,Not-in-family,White,Male,0,0,40,United-States,0,45plus,0
48,Private,Bachelors,13,Never-married,Prof-specialty,Not-in-family,White,Female,0,0,45,Mexico,0,45plus,0
65,Private,Bachelors,13,Married-civ-spouse,Transport-moving,Husband,White,Male,0,0,20,United-States,0,45plus,0
46,Private,Some-college,10,Married-civ-spouse,Tech-support,Husband,White,Male,0,0,40,United-States,1,45plus,0
29,Private,Bachelors,13,Married-civ-spouse,Prof-specialty,Husband,White,Male,0,0,40,United-States,1,25-44,1
32,Private,Assoc-voc,11,Married-civ-spouse,Tech-support,Wife,White,Female,0,0,24,United-States,1,25-44,0
19,Private,HS-grad,9,Never-married,Handlers-cleaners,Other-relative,White,Male,0,0,40,United-States,0,under25,0
47,Private,HS-grad,9,Married-civ-spouse,Sales,Husband,White,Male,7298,0,45,United-States,1,45plus,1
26,Private,11th,7,Married-civ-spouse,Machine-op-inspct,Husband,White,Male,0,0,40,United-States,0,25-44,0
26,Self-emp-not-inc,HS-grad,9,Married-civ-spouse,Other-service,Wife,White,Female,0,1579,20,United-States,0,25-44,0
25,Private,12th,8,Married-civ-spouse,Farming-fishing,Husband,Other,Male,0,0,60,Mexico,0,under25,0
27,Private,Assoc-acdm,12,Never-married,Exec-managerial,Not-in-family,White,Female,0,0,40,United-States,1,25-44,0
33,Self-emp-not-inc,Some-college,10,Married-civ-spouse,Sales,Husband,White,Male,0,1740,50,United-States,0,25-44,0
62,Self-emp-not-inc,HS-grad,9,Married-civ-spouse,Sales,Husband,White,Male,0,0,40,United-States,0,45plus,0
46,Private,HS-grad,9,Married-civ-spouse,Exec-managerial,Husband,White,Male,0,0,40,United-States,1,45plus,0
30,Private,Some-college,10,Never-married,Sales,Not-in-family,White,Female,0,0,60,United-States,0,25-44,0
33,Private,HS-grad,9,Divorced,Machine-op-inspct,Not-in-family,White,Male,0,0,40,United-States,0,25-44,0
22,Private,Assoc-voc,11,Never-married,Priv-house-serv,Not-in-family,White,Female,0,0,30,United-States,0,under25,0
45,Private,HS-grad,9,Never-married,Transport-moving,Not-in-family,White,Male,0,0,40,United-States,0,25-44,0
39,Private,HS-grad,9,Divorced,Other-service,Unmarried,White,Female,0,0,40,United-States,0,25-44,0
46,Private,HS-grad,9,Never-married,Exec-managerial,Not-in-family,White,Male,0,0,40,United-States,0,45plus,0
56,Private,HS-grad,9,Married-civ-spouse,Sales,Wife,White,Female,0,0,4,United-States,0,45plus,0
29,Federal-gov,Some-college,10,Married-civ-spouse,Adm-clerical,Husband,White,Male,0,0,40,United-States,1,25-44,0
25,Private,HS-grad,9,Separated,Craft-repair,Not-in-family,White,Male,0,0,40,United-States,0,under25,0
46,Private,HS-grad,9,Separated,Sales,Not-in-family,White,Female,0,0,40,United-States,0,45plus,0
34,Local-gov,HS-grad,9,Married-civ-spouse,Protective-serv,Husband,White,Male,0,0,53,United-States,1,25-44,0
26,Private,Bachelors,13,Married-civ-spouse,Exec-managerial,Husband,White,Male,0,0,40,United-States,0,25-44,1
24,Private,Bachelors,13,Never-married,Sales,Own-child,White,Male,0,0,40,United-States,0,under25,0
32,Private,Assoc-acdm,12,Married-civ-spouse,Prof-specialty,Husband,White,Male,0,0,45,United-States,1,25-44,0
31,Private,Bachelors,13,Married-civ-spouse,Adm-clerical,Husband,White,Male,7298,0,50,United-States,1,25-44,1
31,Private,Some-college,10,Married-civ-spouse,Adm-clerical,Wife,White,Female,0,1740,20,United-States,0,25-44,0
21,Private,HS-grad,9,Never-married,Other-service,Own-child,Black,Female,0,0,30,United-States,0,under25,0
35,Private,Bachelors,13,Married-civ-spouse,Exec-managerial,Husband,White,Male,0,0,40,United-States,1,25-44,1
25,Local-gov,Bachelors,13,Never-married,Adm-clerical,Other-relative,Black,Female,0,0,40,United-States,0,under25,0
26,Self-emp-not-inc,Assoc-voc,11,Never-married,Other-service,Not-in-family,White,Female,0,0,35,United-States,0,25-44,0
54,Private,Some-college,10,Divorced,Adm-clerical,Not-in-family,White,Female,0,0,40,United-States,0,45plus,0
23,Private,Bachelors,13,Never-married,Prof-specialty,Own-child,White,Female,0,0,40,United-States,0,under25,0
48,State-gov,Bachelors,13,Married-civ-spouse,Exec-managerial,Husband,White,Male,5178,0,40,United-States,1,45plus,1
51,Private,HS-grad,9,Never-married,Adm-clerical,Not-in-family,Black,Female,0,0,40,United-States,0,45plus,0
46,Private,Assoc-acdm,12,Married-civ-spouse,Sales,Husband,White,Male,0,0,50,United-States,0,45plus,0
22,Private,Bachelors,13,Never-married,Prof-specialty,Not-in-family,Amer-Indian-Eskimo,Female,14344,0,40,United-States,1,under25,1
31,Private,11th,7,Married-civ-spouse,Craft-repair,Husband,White,Male,0,0,40,United-States,0,25-44,0
49,Self-emp-inc,Masters,14,Married-civ-spouse,Sales,Husband,White,Male,0,0,40,United-States,1,45plus,1
37,Private,Bachelors,13,Married-civ-spouse,Prof-specialty,Husband,White,Male,0,0,45,United-States,1,25-44,1
44,Private,Prof-school,15,Married-civ-spouse,Exec-managerial,Husband,White,Male,0,0,55,United-States,1,25-44,1
54,Private,Assoc-voc,11,Married-civ-spouse,Sales,Husband,White,Male,0,0,50,United-States,0,45plus,0
42,Private,5th-6th,3,Separated,Adm-clerical,Other-relative,White,Male,0,0,40,El-Salvador,0,25-44,0
23,Self-emp-not-inc,Assoc-acdm,12,Never-married,Craft-repair,Not-in-family,White,Male,0,0,30,United-States,0,under25,0
44,Private,HS-grad,9,Divorced,Other-service,Unmarried,White,Female,0,0,33,United-States,0,25-44,0
20,Private,HS-grad,9,Never-married,Other-service,Own-child,Black,Male,0,0,40,United-States,0,under25,0
49,Private,Masters,14,Never-married,Prof-specialty,Not-in-family,White,Male,0,0,40,United-States,1,45plus,0
41,Private,HS-grad,9,Married-civ-spouse,Craft-repair,Husband,White,Male,0,0,40,United-States,1,25-44,0
55,State-gov,Some-college,10,Divorced,Adm-clerical,Not-in-family,White,Male,0,0,40,United-States,0,45plus,0
63,Self-emp-not-inc,Prof-school,15,Married-civ-spouse,Prof-specialty,Husband,White,Male,0,0,30,United-States,0,45plus,1
32,Private,Bachelors,13,Divorced,Craft-repair,Not-in-family,White,Male,0,0,50,United-States,1,25-44,0
71,Self-emp-inc,HS-grad,9,Married-civ-spouse,Adm-clerical,Wife,White,Female,0,0,20,United-States,1,45plus,0
35,Private,HS-grad,9,Married-civ-spouse,Machine-op-inspct,Husband,White,Male,0,0,40,United-States,0,25-44,0
55,Private,Some-college,10,Married-civ-spouse,Transport-moving,Husband,White,Male,0,0,24,United-States,1,45plus,0
48,Private,HS-grad,9,Divorced,Exec-managerial,Not-in-family,White,Female,0,0,40,United-States,0,45plus,0
49,Self-emp-inc,Some-college,10,Married-civ-spouse,Farming-fishing,Husband,White,Male,0,0,60,United-States,0,45plus,0
44,Private,Some-college,10,Married-civ-spouse,Tech-support,Husband,White,Male,0,0,40,United-States,0,25-44,0
24,Private,Some-college,10,Never-married,Handlers-cleaners,Own-child,Black,Male,0,0,40,United-States,0,under25,0
24,Private,12th,8,Never-married,Sales,Other-relative,White,Male,0,0,55,United-States,0,under25,0
40,Private,HS-grad,9,Never-married,Adm-clerical,Not-in-family,White,Female,0,0,70,United-States,0,25-44,0
17,Private,9th,5,Never-married,Sales,Other-relative,Other,Female,0,0,32,Mexico,0,under25,0
43,Self-emp-inc,HS-grad,9,Married-civ-spouse,Sales,Husband,White,Male,0,0,55,United-States,1,25-44,0
45,Self-emp-inc,Assoc-acdm,12,Married-civ-spouse,Prof-specialty,Husband,White,Male,0,0,50,United-States,1,25-44,0
26,Private,Bachelors,13,Married-civ-spouse,Exec-managerial,Wife,White,Female,0,0,55,United-States,1,25-44,1
26,Private,Assoc-voc,11,Divorced,Adm-clerical,Not-in-family,White,Female,0,0,55,United-States,0,25-44,0
26,Private,Bachelors,13,Married-civ-spouse,Prof-specialty,Husband,White,Male,0,0,58,United-States,1,25-44,1
35,Private,Bachelors,13,Married-civ-spouse,Sales,Husband,White,Male,0,0,40,United-States,0,25-44,1
45,Private,HS-grad,9,Married-civ-spouse,Transport-moving,Husband,Other,Male,4064,0,40,United-States,0,25-44,0
51,Self-emp-not-inc,Bachelors,13,Married-civ-spouse,Sales,Husband,White,Male,15024,0,50,United-States,1,45plus,1
60,Private,HS-grad,9,Married-civ-spouse,Protective-serv,Husband,White,Male,0,0,40,United-States,0,45plus,0
41,Self-emp-inc,Bachelors,13,Married-civ-spouse,Sales,Husband,White,Male,7688,0,45,United-States,1,25-44,1
50,Private,9th,5,Married-civ-spouse,Craft-repair,Husband,White,Male,2885,0,40,United-States,0,45plus,0
37,Private,Some-college,10,Divorced,Adm-clerical,Unmarried,White,Female,0,0,45,United-States,0,25-44,0
35,Private,9th,5,Never-married,Handlers-cleaners,Not-in-family,Black,Male,0,0,40,United-States,0,25-44,0
48,Private,Masters,14,Married-civ-spouse,Prof-specialty,Husband,White,Male,0,0,40,El-Salvador,1,45plus,1
28,Private,HS-grad,9,Married-civ-spouse,Craft-repair,Husband,White,Male,0,0,45,United-States,0,25-44,0
46,Self-emp-inc,Assoc-acdm,12,Married-civ-spouse,Exec-managerial,Wife,White,Female,0,0,40,United-States,0,45plus,1
33,Private,Assoc-voc,11,Never-married,Prof-specialty,Unmarried,Black,Female,0,0,26,United-States,0,25-44,0
44,Self-emp-not-inc,Bachelors,13,Married-civ-spouse,Exec-managerial,Husband,White,Male,0,0,60,United-States,0,25-44,1
45,Self-emp-inc,Some-college,10,Married-civ-spouse,Craft-repair,Husband,White,Male,0,0,55,United-States,1,25-44,1
45,Private,Masters,14,Divorced,Prof-specialty,Not-in-family,White,Male,0,0,40,United-States,0,25-44,0
22,Private,Assoc-acdm,12,Never-married,Adm-clerical,Not-in-family,White,Female,0,0,15,United-States,0,under25,0
64,Local-gov,HS-grad,9,Married-civ-spouse,Handlers-cleaners,Husband,White,Male,3471,0,40,United-States,0,45plus,0
47,Private,HS-grad,9,Divorced,Exec-managerial,Not-in-family,Amer-Indian-Eskimo,Female,3325,0,45,United-States,0,45plus,0
28,Self-emp-not-inc,HS-grad,9,Married-civ-spouse,Prof-specialty,Husband,White,Male,0,0,35,United-States,0,25-44,0
66,Private,5th-6th,3,Married-spouse-absent,Handlers-cleaners,Unmarried,White,Female,0,0,40,Puerto-Rico,0,45plus,0
45,Private,HS-grad,9,Never-married,Adm-clerical,Own-child,Black,Female,0,0,40,United-States,0,25-44,0
43,Private,Some-college,10,Married-civ-spouse,Adm-clerical,Wife,White,Female,0,0,40,United-States,0,25-44,0
52,Private,9th,5,Separated,Other-service,Not-in-family,Black,Female,0,0,30,United-States,0,45plus,0
27,Private,5th-6th,3,Never-married,Other-service,Not-in-family,White,Male,0,0,60,El-Salvador,0,25-44,0
30,Private,Masters,14,Never-married,Prof-specialty,Not-in-family,White,Female,0,0,45,United-States,0,25-44,0
39,Federal-gov,Assoc-acdm,12,Never-married,Prof-specialty,Not-in-family,White,Male,0,0,40,United-States,1,25-44,0
31,Local-gov,HS-grad,9,Married-civ-spouse,Transport-moving,Husband,Black,Male,0,0,40,United-States,0,25-44,0
28,Private,Some-college,10,Married-civ-spouse,Adm-clerical,Husband,White,Male,0,0,40,United-States,1,25-44,0
33,Private,9th,5,Married-civ-spouse,Craft-repair,Husband,White,Male,0,0,33,Mexico,0,25-44,0
33,Private,HS-grad,9,Never-married,Handlers-cleaners,Not-in-family,Black,Male,0,0,40,Jamaica,0,25-44,0
21,Private,HS-grad,9,Never-married,Adm-clerical,Own-child,White,Male,0,0,40,United-States,0,under25,0
24,Private,Some-college,10,Never-married,Craft-repair,Own-child,White,Male,0,0,60,Canada,0,under25,0
71,Private,Prof-school,15,Married-civ-spouse,Prof-specialty,Husband,White,Male,0,0,16,United-States,0,45plus,1
25,Private,12th,8,Never-married,Machine-op-inspct,Not-in-family,White,Male,0,1741,40,United-States,0,under25,0
27,Private,Some-college,10,Never-married,Craft-repair,Unmarried,White,Male,0,0,50,United-States,0,25-44,0
29,Private,Bachelors,13,Married-civ-spouse,Sales,Husband,White,Male,0,0,40,United-States,1,25-44,1
51,Private,HS-grad,9,Divorced,Adm-clerical,Not-in-family,White,Female,0,0,40,United-States,0,45plus,0
51,Private,Masters,14,Married-civ-spouse,Prof-specialty,Wife,White,Female,99999,0,50,United-States,1,45plus,1
35,Private,HS-grad,9,Divorced,Adm-clerical,Unmarried,White,Female,0,0,40,United-States,0,25-44,0
60,Private,Some-college,10,Married-civ-spouse,Sales,Husband,White,Male,0,0,40,United-States,0,45plus,0
34,Private,Bachelors,13,Never-married,Sales,Not-in-family,White,Male,0,0,65,United-States,1,25-44,0
62,Private,Bachelors,13,Married-civ-spouse,Exec-managerial,Husband,White,Male,0,0,40,United-States,1,45plus,1
57,Self-emp-not-inc,11th,7,Married-civ-spouse,Sales,Husband,White,Male,0,0,15,United-States,0,45plus,0
45,Private,HS-grad,9,Married-civ-spouse,Machine-op-inspct,Wife,White,Female,0,1740,40,United-States,0,25-44,0
29,Private,Bachelors,13,Never-married,Sales,Unmarried,Black,Male,0,0,40,United-States,0,25-44,0
48,Private,Assoc-voc,11,Married-civ-spouse,Sales,Husband,White,Male,0,0,40,United-States,1,45plus,0
66,Private,HS-grad,9,Never-married,Adm-clerical,Not-in-family,Asian-Pac-Islander,Female,0,0,40,United-States,0,45plus,0
30,Private,7th-8th,4,Separated,Farming-fishing,Not-in-family,White,Male,0,0,45,Mexico,0,25-44,0
20,Private,Some-college,10,Never-married,Protective-serv,Own-child,White,Male,0,0,40,Germany,0,under25,0
48,Private,Bachelors,13,Married-civ-spouse,Transport-moving,Husband,White,Male,0,0,45,United-States,1,45plus,1
23,Private,Some-college,10,Never-married,Handlers-cleaners,Own-child,Amer-Indian-Eskimo,Male,0,0,40,United-States,0,under25,0
17,Private,10th,6,Never-married,Other-service,Own-child,White,Male,0,0,20,United-States,0,under25,0
71,Private,HS-grad,9,Married-civ-spouse,Exec-managerial,Husband,White,Male,0,2377,45,United-States,1,45plus,1
47,Self-emp-not-inc,Prof-school,15,Never-married,Prof-specialty,Not-in-family,White,Male,0,0,40,United-States,1,45plus,1
24,Private,Bachelors,13,Never-married,Sales,Not-in-family,White,Female,0,0,20,United-States,0,under25,0
43,Private,HS-grad,9,Married-civ-spouse,Exec-managerial,Husband,White,Male,0,0,40,United-States,0,25-44,0
51,Private,Assoc-voc,11,Married-civ-spouse,Exec-managerial,Husband,White,Male,0,0,50,United-States,1,45plus,1
30,Private,Masters,14,Married-civ-spouse,Exec-managerial,Husband,White,Male,15024,0,60,United-States,1,25-44,1
59,Local-gov,Bachelors,13,Married-civ-spouse,Exec-managerial,Wife,White,Female,0,0,22,United-States,1,45plus,1
51,Private,HS-grad,9,Widowed,Prof-specialty,Unmarried,White,Female,0,0,40,United-States,0,45plus,0
39,Private,Some-college,10,Divorced,Farming-fishing,Unmarried,White,Female,0,0,45,United-States,0,25-44,0
46,Private,Masters,14,Married-civ-spouse,Tech-support,Husband,White,Male,0,1977,40,United-States,1,45plus,1
62,Self-emp-not-inc,Some-college,10,Married-civ-spouse,Exec-managerial,Husband,White,Male,0,0,70,United-States,0,45plus,0
18,Private,11th,7,Never-married,Sales,Own-child,White,Female,0,0,30,United-States,0,under25,0
50,Federal-gov,HS-grad,9,Married-civ-spouse,Adm-clerical,Husband,White,Male,0,0,48,United-States,0,45plus,0
40,Private,HS-grad,9,Married-civ-spouse,Transport-moving,Husband,White,Male,0,0,60,United-States,1,25-44,0
68,Private,HS-grad,9,Widowed,Sales,Not-in-family,White,Female,0,0,24,United-States,0,45plus,0
38,Private,Some-college,10,Never-married,Prof-specialty,Not-in-family,White,Male,0,0,45,United-States,0,25-44,0
33,Private,9th,5,Divorced,Machine-op-inspct,Not-in-family,White,Male,0,0,35,United-States,0,25-44,0
30,Private,Some-college,10,Never-married,Sales,Not-in-family,Black,Female,0,0,35,United-States,0,25-44,0
34,Private,HS-grad,9,Married-civ-spouse,Craft-repair,Husband,White,Male,0,0,50,United-States,0,25-44,0
40,Private,HS-grad,9,Married-civ-spouse,Exec-managerial,Wife,White,Female,0,0,35,United-States,1,25-44,0
46,Private,HS-grad,9,Married-civ-spouse,Machine-op-inspct,Husband,White,Male,0,0,50,United-States,1,45plus,0
32,Private,Some-college,10,Married-civ-spouse,Sales,Husband,White,Male,0,0,40,United-States,1,25-44,0
50,State-gov,Some-college,10,Married-civ-spouse,Adm-clerical,Husband,White,Male,0,0,40,United-States,1,45plus,0
35,Private,HS-grad,9,Married-civ-spouse,Sales,Husband,White,Male,0,0,50,United-States,0,25-44,0
31,Private,HS-grad,9,Married-civ-spouse,Machine-op-inspct,Husband,Black,Male,0,0,40,United-States,0,25-44,0
58,Private,11th,7,Married-civ-spouse,Sales,Husband,White,Male,0,0,40,United-States,0,45plus,0
18,Private,11th,7,Never-married,Sales,Own-child,Black,Female,0,0,8,United-States,0,under25,0
59,State-gov,10th,6,Married-civ-spouse,Farming-fishing,Husband,White,Male,0,0,40,United-States,0,45plus,0
17,Private,12th,8,Never-married,Other-service,Own-child,White,Female,0,0,30,United-States,0,under25,0
36,Private,Some-college,10,Never-married,Prof-specialty,Not-in-family,White,Female,0,0,40,United-States,0,25-44,0
43,Private,Some-college,10,Married-civ-spouse,Adm-clerical,Husband,White,Male,0,0,40,United-States,0,25-44,0
24,Private,Some-college,10,Never-married,Sales,Own-child,White,Female,0,0,35,United-States,0,under25,0
44,Private,Some-college,10,Married-civ-spouse,Other-service,Own-child,White,Female,0,0,40,United-States,1,25-44,0
35,Private,Masters,14,Married-civ-spouse,Exec-managerial,Husband,White,Male,0,0,45,United-States,1,25-44,1
62,Local-gov,HS-grad,9,Never-married,Craft-repair,Not-in-family,White,Male,0,0,40,United-States,0,45plus,0
24,Private,HS-grad,9,Married-civ-spouse,Craft-repair,Husband,White,Male,0,0,60,United-States,0,under25,0
45,Local-gov,Bachelors,13,Never-married,Exec-managerial,Not-in-family,White,Male,0,0,40,United-States,0,25-44,0
50,Self-emp-not-inc,10th,6,Never-married,Craft-repair,Not-in-family,White,Male,0,0,25,United-States,0,45plus,0
21,Private,Assoc-acdm,12,Never-married,Sales,Own-child,White,Male,0,0,40,United-States,0,under25,0
25,Private,Assoc-voc,11,Never-married,Sales,Not-in-family,White,Male,0,0,45,United-States,0,under25,0
79,Private,HS-grad,9,Married-spouse-absent,Prof-specialty,Not-in-family,White,Male,0,0,6,United-States,0,45plus,0
41,Private,HS-grad,9,Never-married,Handlers-cleaners,Not-in-family,White,Male,0,0,40,United-States,0,25-44,0
30,Private,HS-grad,9,Divorced,Adm-clerical,Not-in-family,White,Female,0,0,40,United-States,0,25-44,0
24,Private,Bachelors,13,Never-married,Adm-clerical,Not-in-family,White,Female,0,0,40,United-States,0,under25,0
56,Private,7th-8th,4,Married-civ-spouse,Transport-moving,Husband,White,Male,0,0,36,United-States,0,45plus,0
56,Local-gov,HS-grad,9,Married-civ-spouse,Transport-moving,Husband,White,Male,0,0,40,United-States,1,45plus,0
39,Private,HS-grad,9,Married-civ-spouse,Prof-specialty,Husband,White,Male,0,0,50,United-States,1,25-44,0
17,Private,11th,7,Never-married,Handlers-cleaners,Own-child,White,Male,0,0,16,United-States,0,under25,0
63,Local-gov,HS-grad,9,Married-civ-spouse,Exec-managerial,Wife,White,Female,0,0,32,United-States,0,45plus,0
57,Private,HS-grad,9,Married-civ-spouse,Transport-moving,Husband,White,Male,0,1887,40,United-States,1,45plus,1
37,Private,Assoc-voc,11,Divorced,Prof-specialty,Not-in-family,White,Female,8614,0,45,United-States,1,25-44,1
30,Private,Assoc-voc,11,Married-civ-spouse,Exec-managerial,Husband,White,Male,0,0,55,United-States,0,25-44,0
49,Private,Masters,14,Married-civ-spouse,Prof-specialty,Husband,White,Male,0,0,40,United-States,0,45plus,1
54,Self-emp-not-inc,Bachelors,13,Married-civ-spouse,Exec-managerial,Wife,White,Female,0,1977,35,United-States,1,45plus,1
28,Self-emp-not-inc,Assoc-voc,11,Married-civ-spouse,Craft-repair,Husband,White,Male,0,0,45,United-States,0,25-44,0
40,Self-emp-not-inc,HS-grad,9,Married-civ-spouse,Craft-repair,Husband,White,Male,0,0,15,United-States,0,25-44,0
37,Private,10th,6,Divorced,Craft-repair,Not-in-family,White,Male,0,0,40,United-States,0,25-44,0
18,Local-gov,11th,7,Never-married,Adm-clerical,Own-child,White,Male,0,0,12,United-States,0,under25,0
47,Self-emp-not-inc,Bachelors,13,Married-civ-spouse,Exec-managerial,Husband,White,Male,0,0,50,United-States,0,45plus,1
32,Private,HS-grad,9,Married-civ-spouse,Handlers-cleaners,Husband,White,Male,0,0,40,United-States,1,25-44,0
26,Private,Some-college,10,Never-married,Adm-clerical,Not-in-family,White,Female,0,1974,40,United-States,0,25-44,0
37,State-gov,Some-college,10,Divorced,Other-service,Not-in-family,White,Male,0,0,65,United-States,0,25-44,0
41,Self-emp-not-inc,HS-grad,9,Married-civ-spouse,Handlers-cleaners,Husband,White,Male,0,2179,40,United-States,0,25-44,0
28,State-gov,Bachelors,13,Never-married,Prof-specialty,Own-child,White,Male,6849,0,40,United-States,0,25-44,0
45,Private,Assoc-voc,11,Divorced,Other-service,Not-in-family,White,Female,0,0,8,United-States,0,25-44,0
38,Local-gov,HS-grad,9,Divorced,Protective-serv,Not-in-family,White,Male,0,0,56,United-States,0,25-44,0
55,Private,HS-grad,9,Divorced,Adm-clerical,Not-in-family,White,Female,0,0,40,United-States,0,45plus,0
49,Self-emp-not-inc,HS-grad,9,Married-civ-spouse,Sales,Husband,White,Male,0,0,60,Greece,0,45plus,0
37,Local-gov,HS-grad,9,Married-civ-spouse,Other-service,Wife,White,Female,0,0,25,United-States,0,25-44,0
37,Self-emp-not-inc,Some-college,10,Married-civ-spouse,Exec-managerial,Husband,White,Male,0,0,60,United-States,0,25-44,0
47,Private,10th,6,Widowed,Machine-op-inspct,Not-in-family,White,Male,0,0,40,United-States,0,45plus,0
33,Private,Some-college,10,Never-married,Sales,Not-in-family,White,Male,0,0,40,United-States,0,25-44,0
36,Private,Assoc-voc,11,Married-civ-spouse,Prof-specialty,Wife,White,Female,0,0,40,United-States,1,25-44,1
23,Private,Some-college,10,Never-married,Exec-managerial,Not-in-family,White,Male,0,0,40,United-States,0,under25,0
29,Private,HS-grad,9,Separated,Adm-clerical,Unmarried,White,Female,0,0,40,United-States,0,25-44,0
33,Private,Masters,14,Never-married,Exec-managerial,Not-in-family,White,Female,0,0,40,United-States,0,25-44,0
36,Private,Some-college,10,Divorced,Exec-managerial,Unmarried,White,Female,0,0,40,United-States,0,25-44,0
35,Local-gov,Some-college,10,Separated,Adm-clerical,Unmarried,Amer-Indian-Eskimo,Female,0,0,40,United-States,0,25-44,0
24,Private,Assoc-acdm,12,Married-civ-spouse,Craft-repair,Husband,White,Male,0,0,40,United-States,0,under25,0
59,Private,HS-grad,9,Married-civ-spouse,Sales,Husband,White,Male,0,0,60,United-States,0,45plus,0
42,Private,Some-college,10,Separated,Machine-op-inspct,Unmarried,Black,Female,0,0,40,United-States,0,25-44,0
26,Private,HS-grad,9,Never-married,Adm-clerical,Own-child,White,Female,0,0,40,United-States,0,25-44,0
70,Private,HS-grad,9,Married-civ-spouse,Adm-clerical,Wife,White,Female,0,0,5,United-States,0,45plus,0
18,Private,11th,7,Never-married,Other-service,Own-child,White,Male,0,0,20,United-States,0,under25,0
58,Private,HS-grad,9,Married-civ-spouse,Sales,Husband,White,Male,0,0,40,United-States,1,45plus,0
47,Self-emp-not-inc,Bachelors,13,Married-civ-spouse,Sales,Husband,White,Male,0,0,40,United-States,1,45plus,1
30,Private,Masters,14,Married-civ-spouse,Exec-managerial,Husband,White,Male,15024,0,60,United-States,1,25-44,1
33,Private,10th,6,Never-married,Other-service,Own-child,Black,Male,0,0,20,United-States,0,25-44,0
22,Self-emp-not-inc,Some-college,10,Never-married,Craft-repair,Not-in-family,White,Male,0,0,48,United-States,0,under25,0
38,Self-emp-inc,Some-college,10,Married-civ-spouse,Sales,Husband,White,Male,0,0,50,United-States,1,25-44,0
20,Private,HS-grad,9,Never-married,Other-service,Own-child,White,Female,0,0,38,United-States,0,under25,0
54,Private,HS-grad,9,Widowed,Other-service,Not-in-family,White,Female,0,0,15,United-States,0,45plus,0
47,Private,HS-grad,9,Married-civ-spouse,Other-service,Husband,Black,Male,0,0,60,United-States,1,45plus,0
33,State-gov,HS-grad,9,Never-married,Other-service,Unmarried,Black,Female,1831,0,40,United-States,0,25-44,0
40,State-gov,Doctorate,16,Married-civ-spouse,Prof-specialty,Husband,Asian-Pac-Islander,Male,0,0,40,Taiwan,1,25-44,1
29,Private,7th-8th,4,Married-civ-spouse,Farming-fishing,Husband,White,Male,0,0,40,United-States,0,25-44,0
21,Private,10th,6,Never-married,Other-service,Own-child,Black,Male,0,0,25,United-States,0,under25,0
59,Private,Doctorate,16,Married-civ-spouse,Prof-specialty,Husband,White,Male,0,0,60,United-States,1,45plus,1
26,Private,HS-grad,9,Married-civ-spouse,Sales,Husband,White,Male,0,0,65,United-States,0,25-44,0
63,Private,Bachelors,13,Married-civ-spouse,Exec-managerial,Husband,White,Male,0,0,50,United-States,1,45plus,1
26,Private,Bachelors,13,Never-married,Other-service,Other-relative,White,Female,0,0,40,United-States,0,25-44,0
21,Private,Some-college,10,Never-married,Other-service,Own-child,White,Female,0,0,60,United-States,0,under25,0
25,Private,Some-college,10,Married-civ-spouse,Protective-serv,Husband,White,Male,3137,0,40,United-States,0,under25,0
36,Private,Prof-school,15,Divorced,Prof-specialty,Not-in-family,White,Male,99999,0,45,United-States,1,25-44,1
26,Private,Assoc-voc,11,Married-civ-spouse,Exec-managerial,Wife,White,Female,0,0,40,United-States,0,25-44,0
37,Private,HS-grad,9,Divorced,Exec-managerial,Unmarried,White,Female,0,0,12,United-States,0,25-44,0
37,Federal-gov,Masters,14,Never-married,Exec-managerial,Own-child,White,Female,0,0,40,United-States,0,25-44,0
51,Private,Assoc-acdm,12,Married-civ-spouse,Craft-repair,Husband,White,Male,0,0,45,United-States,1,45plus,0
21,State-gov,Some-college,10,Never-married,Other-service,Own-child,White,Female,0,0,10,United-States,0,under25,0
22,Private,HS-grad,9,Divorced,Transport-moving,Not-in-family,White,Male,0,0,40,United-States,0,under25,0
26,Private,Bachelors,13,Never-married,Prof-specialty,Unmarried,Black,Female,0,0,35,United-States,0,25-44,0
34,Private,Masters,14,Married-civ-spouse,Prof-specialty,Husband,White,Male,0,0,55,United-States,0,25-44,1
43,Private,Bachelors,13,Never-married,Sales,Unmarried,Black,Female,0,0,35,United-States,1,25-44,0
35,Private,HS-grad,9,Married-civ-spouse,Machine-op-inspct,Husband,White,Male,0,0,40,United-States,0,25-44,0
19,Private,5th-6th,3,Never-married,Other-service,Not-in-family,White,Male,0,0,50,Guatemala,0,under25,0
19,Private,11th,7,Never-married,Other-service,Other-relative,White,Female,0,0,15,United-States,0,under25,0
50,Private,Masters,14,Married-civ-spouse,Exec-managerial,Husband,White,Male,99999,0,60,United-States,1,45plus,1
35,Private,Bachelors,13,Married-civ-spouse,Adm-clerical,Wife,Black,Female,0,0,40,United-States,0,25-44,1
32,Private,Some-college,10,Separated,Exec-managerial,Unmarried,Black,Female,0,0,40,United-States,0,25-44,0
26,Private,HS-grad,9,Married-civ-spouse,Craft-repair,Husband,White,Male,0,0,40,Poland,0,25-44,0
36,Private,Some-college,10,Separated,Adm-clerical,Other-relative,White,Female,0,0,40,United-States,0,25-44,0
27,Private,Assoc-voc,11,Married-civ-spouse,Sales,Husband,White,Male,0,0,40,United-States,0,25-44,0
23,Private,11th,7,Never-married,Transport-moving,Own-child,White,Female,0,0,38,United-States,0,under25,0
38,Private,10th,6,Separated,Adm-clerical,Unmarried,White,Male,0,3770,40,United-States,0,25-44,0
24,Private,Some-college,10,Never-married,Machine-op-inspct,Own-child,White,Male,0,0,40,United-States,0,under25,0
45,Private,HS-grad,9,Divorced,Sales,Unmarried,Black,Male,5455,0,40,United-States,0,25-44,0
35,Private,HS-grad,9,Married-civ-spouse,Craft-repair,Husband,White,Male,0,0,40,United-States,0,25-44,0
24,Private,Bachelors,13,Never-married,Prof-specialty,Not-in-family,White,Male,0,0,43,United-States,0,under25,0
53,Private,HS-grad,9,Widowed,Craft-repair,Unmarried,Black,Female,0,0,40,United-States,0,45plus,0
26,Private,HS-grad,9,Married-civ-spouse,Protective-serv,Husband,White,Male,0,0,40,United-States,0,25-44,0
26,Private,Some-college,10,Married-civ-spouse,Sales,Husband,White,Male,0,0,40,United-States,0,25-44,0
20,Private,Some-college,10,Never-married,Tech-support,Not-in-family,White,Female,0,0,10,United-States,0,under25,0
27,Private,12th,8,Never-married,Transport-moving,Not-in-family,White,Male,0,0,40,United-States,0,25-44,0
54,Private,7th-8th,4,Widowed,Other-service,Unmarried,White,Male,0,0,30,United-States,0,45plus,0
31,Private,HS-grad,9,Married-civ-spouse,Transport-moving,Wife,White,Female,5178,0,35,United-States,1,25-44,1
52,Private,Some-college,10,Married-civ-spouse,Exec-managerial,Husband,White,Male,15024,0,45,United-States,1,45plus,1
43,Self-emp-inc,Some-college,10,Married-civ-spouse,Exec-managerial,Husband,White,Male,15024,0,45,United-States,1,25-44,1
66,Private,HS-grad,9,Widowed,Sales,Not-in-family,White,Female,0,0,40,United-States,1,45plus,0
43,Local-gov,Some-college,10,Divorced,Adm-clerical,Unmarried,White,Female,0,0,40,United-States,0,25-44,0
30,Private,HS-grad,9,Married-civ-spouse,Adm-clerical,Own-child,Amer-Indian-Eskimo,Female,0,0,40,United-States,0,25-44,0
55,Self-emp-not-inc,Bachelors,13,Married-civ-spouse,Exec-managerial,Husband,White,Male,0,0,40,United-States,1,45plus,1
39,Private,Some-college,10,Never-married,Adm-clerical,Own-child,White,Female,0,0,20,United-States,0,25-44,0
18,Private,Some-college,10,Never-married,Adm-clerical,Other-relative,White,Female,0,0,20,United-States,0,under25,0
69,Self-emp-not-inc,Some-college,10,Married-civ-spouse,Craft-repair,Husband,White,Male,9386,0,72,United-States,1,45plus,1
42,Private,HS-grad,9,Divorced,Exec-managerial,Unmarried,White,Female,0,0,40,United-States,0,25-44,0
21,State-gov,Some-college,10,Never-married,Handlers-cleaners,Own-child,White,Male,0,0,40,United-States,0,under25,0
48,Private,10th,6,Married-civ-spouse,Craft-repair,Husband,White,Male,0,0,30,United-States,0,45plus,0
32,Private,HS-grad,9,Never-married,Craft-repair,Own-child,White,Male,0,0,40,United-States,0,25-44,0
31,Private,9th,5,Never-married,Sales,Not-in-family,White,Male,0,0,43,United-States,1,25-44,0
34,Self-emp-not-inc,Doctorate,16,Married-civ-spouse,Prof-specialty,Husband,White,Male,0,0,50,United-States,1,25-44,1
59,Private,11th,7,Divorced,Adm-clerical,Unmarried,White,Female,0,0,40,United-States,0,45plus,0
54,Local-gov,Doctorate,16,Married-civ-spouse,Exec-managerial,Husband,White,Male,0,0,60,United-States,1,45plus,1
42,Self-emp-not-inc,Bachelors,13,Married-civ-spouse,Exec-managerial,Husband,White,Male,0,0,60,United-States,1,25-44,1
24,Private,HS-grad,9,Separated,Other-service,Unmarried,Black,Female,0,0,40,United-States,0,under25,0
17,Private,12th,8,Never-married,Other-service,Own-child,White,Female,0,0,16,United-States,0,under25,0
24,Private,5th-6th,3,Never-married,Craft-repair,Unmarried,White,Male,0,0,40,El-Salvador,0,under25,0
24,Private,Assoc-voc,11,Married-civ-spouse,Craft-repair,Husband,White,Male,0,0,40,United-States,0,under25,0
50,Private,11th,7,Married-civ-spouse,Machine-op-inspct,Husband,Black,Male,0,0,40,United-States,0,45plus,0
42,Private,Some-college,10,Never-married,Adm-clerical,Own-child,White,Female,0,0,40,United-States,0,25-44,0
53,Private,Bachelors,13,Married-civ-spouse,Exec-managerial,Husband,White,Male,0,0,40,United-States,1,45plus,1
25,Private,Bachelors,13,Never-married,Adm-clerical,Not-in-family,White,Female,0,0,40,United-States,0,under25,0
19,Private,Some-college,10,Never-married,Adm-clerical,Own-child,White,Female,0,0,20,United-States,0,under25,0
50,Private,Bachelors,13,Divorced,Other-service,Not-in-family,White,Male,0,0,40,United-States,0,45plus,0
24,Private,Some-college,10,Never-married,Other-service,Not-in-family,White,Male,0,0,30,United-States,0,under25,0
50,Private,HS-grad,9,Divorced,Sales,Not-in-family,White,Female,0,0,33,United-States,0,45plus,0
34,Private,HS-grad,9,Married-civ-spouse,Handlers-cleaners,Wife,White,Female,0,0,40,United-States,0,25-44,0
42,Private,5th-6th,3,Married-civ-spouse,Other-service,Husband,White,Male,0,0,40,El-Salvador,0,25-44,0
32,Private,Bachelors,13,Married-civ-spouse,Prof-specialty,Husband,White,Male,0,0,60,United-States,1,25-44,1
31,Private,Some-college,10,Never-married,Other-service,Own-child,White,Male,0,1721,16,United-States,0,25-44,0
57,Private,HS-grad,9,Married-civ-spouse,Craft-repair,Husband,White,Male,0,0,40,United-States,0,45plus,0
39,Private,Some-college,10,Divorced,Other-service,Not-in-family,White,Female,0,0,20,United-States,0,25-44,0
22,Private,Some-college,10,Never-married,Adm-clerical,Own-child,White,Female,0,0,25,United-States,0,under25,0
55,Self-emp-not-inc,HS-grad,9,Widowed,Sales,Not-in-family,White,Male,0,0,40,United-States,0,45plus,0
53,Federal-gov,HS-grad,9,Divorced,Tech-support,Unmarried,White,Male,0,0,40,United-States,0,45plus,0
37,Private,10th,6,Divorced,Craft-repair,Unmarried,White,Female,0,0,40,United-States,0,25-44,0
58,Private,HS-grad,9,Widowed,Sales,Not-in-family,White,Female,0,0,35,United-States,1,45plus,0
59,Private,Masters,14,Married-civ-spouse,Sales,Husband,White,Male,7298,0,55,United-States,1,45plus,1
47,State-gov,HS-grad,9,Married-civ-spouse,Adm-clerical,Wife,White,Female,0,0,40,United-States,1,45plus,0
19,Private,HS-grad,9,Never-married,Adm-clerical,Own-child,White,Female,0,0,14,United-States,0,under25,0
47,Self-emp-not-inc,HS-grad,9,Married-civ-spouse,Machine-op-inspct,Wife,White,Female,0,0,20,United-States,1,45plus,0
27,Private,Bachelors,13,Never-married,Prof-specialty,Not-in-family,White,Male,0,0,50,United-States,0,25-44,0
54,Private,Some-college,10,Married-civ-spouse,Sales,Husband,White,Male,3137,0,50,United-States,0,45plus,0
45,Self-emp-inc,HS-grad,9,Married-civ-spouse,Sales,Husband,White,Male,0,0,32,United-States,1,25-44,0
18,Private,11th,7,Never-married,Handlers-cleaners,Own-child,White,Male,594,0,30,United-States,0,under25,0
64,Private,Some-college,10,Married-civ-spouse,Craft-repair,Husband,White,Male,0,0,20,United-States,0,45plus,0
30,Private,Some-college,10,Divorced,Adm-clerical,Own-child,White,Female,0,0,55,United-States,0,25-44,0
40,Private,HS-grad,9,Married-spouse-absent,Adm-clerical,Unmarried,White,Female,0,0,40,United-States,0,25-44,0
42,Private,HS-grad,9,Separated,Sales,Unmarried,White,Female,0,0,40,United-States,0,25-44,0
36,Private,10th,6,Married-civ-spouse,Craft-repair,Husband,White,Male,0,0,40,United-States,0,25-44,0
27,Private,Some-college,10,Married-spouse-absent,Sales,Not-in-family,White,Female,0,0,25,United-States,0,25-44,0
42,Private,Bachelors,13,Separated,Tech-support,Not-in-family,White,Male,0,0,40,United-States,0,25-44,0
32,Private,Some-college,10,Married-civ-spouse,Transport-moving,Husband,White,Male,0,0,55,United-States,0,25-44,0
35,Private,Assoc-acdm,12,Divorced,Craft-repair,Unmarried,White,Male,0,0,45,United-States,1,25-44,0
30,Private,HS-grad,9,Divorced,Sales,Not-in-family,White,Female,0,0,25,United-States,0,25-44,0
61,Local-gov,Bachelors,13,Divorced,Other-service,Not-in-family,White,Male,0,0,30,United-States,0,45plus,0
49,Local-gov,Masters,14,Divorced,Prof-specialty,Not-in-family,White,Female,0,0,60,United-States,0,45plus,0
27,Local-gov,Bachelors,13,Never-married,Prof-specialty,Unmarried,White,Female,0,0,40,United-States,0,25-44,0
39,Private,Bachelors,13,Divorced,Adm-clerical,Not-in-family,Asian-Pac-Islander,Female,0,0,24,Philippines,0,25-44,0
55,Local-gov,Masters,14,Never-married,Prof-specialty,Not-in-family,White,Female,0,0,45,United-States,0,45plus,0
47,Federal-gov,HS-grad,9,Married-civ-spouse,Adm-clerical,Husband,Black,Male,0,0,40,United-States,1,45plus,0
65,Private,11th,7,Married-civ-spouse,Handlers-cleaners,Husband,White,Male,0,0,20,United-States,0,45plus,0
28,Private,HS-grad,9,Divorced,Machine-op-inspct,Own-child,White,Male,0,0,40,United-States,0,25-44,0
20,Private,Some-college,10,Never-married,Sales,Own-child,White,Female,0,0,30,United-States,0,under25,0
29,Private,HS-grad,9,Never-married,Machine-op-inspct,Own-child,Asian-Pac-Islander,Male,0,0,40,Germany,0,25-44,0
20,Private,Some-college,10,Never-married,Handlers-cleaners,Not-in-family,White,Male,0,0,50,United-States,0,under25,0
35,Private,Assoc-voc,11,Married-civ-spouse,Craft-repair,Husband,White,Male,0,0,40,United-States,1,25-44,0
41,Local-gov,Masters,14,Divorced,Prof-specialty,Not-in-family,White,Male,0,1974,40,United-States,0,25-44,0
47,Private,HS-grad,9,Married-civ-spouse,Transport-moving,Husband,White,Male,0,0,60,United-States,0,45plus,0
34,Private,Some-college,10,Married-civ-spouse,Craft-repair,Husband,White,Male,15024,0,45,United-States,1,25-44,1
26,Private,Some-college,10,Never-married,Tech-support,Own-child,White,Female,0,0,40,United-States,0,25-44,0
44,Private,Bachelors,13,Married-civ-spouse,Exec-managerial,Husband,White,Male,0,0,40,United-States,1,25-44,1
46,Private,Some-college,10,Married-civ-spouse,Adm-clerical,Husband,White,Male,0,0,40,United-States,0,45plus,0
56,Private,HS-grad,9,Married-civ-spouse,Other-service,Husband,White,Male,0,0,40,United-States,0,45plus,0
41,Private,Some-college,10,Divorced,Adm-clerical,Not-in-family,White,Female,0,0,55,United-States,0,25-44,0
60,Private,HS-grad,9,Married-civ-spouse,Craft-repair,Husband,Asian-Pac-Islander,Male,0,0,40,United-States,0,45plus,0
22,Private,Bachelors,13,Never-married,Exec-managerial,Own-child,White,Male,0,0,40,United-States,0,under25,0
38,Private,Bachelors,13,Married-civ-spouse,Prof-specialty,Husband,White,Male,0,0,50,United-States,1,25-44,1
42,Private,HS-grad,9,Widowed,Transport-moving,Unmarried,White,Male,0,0,40,United-States,0,25-44,0
62,State-gov,Assoc-voc,11,Widowed,Exec-managerial,Unmarried,Black,Female,0,0,40,United-States,0,45plus,0
23,Private,Bachelors,13,Never-married,Prof-specialty,Own-child,White,Female,0,2258,40,United-States,1,under25,0
22,Private,Assoc-acdm,12,Never-married,Other-service,Unmarried,White,Female,0,0,35,United-States,0,under25,0
21,Private,Bachelors,13,Never-married,Other-service,Other-relative,White,Male,0,0,20,United-States,0,under25,0
33,Federal-gov,Bachelors,13,Never-married,Prof-specialty,Not-in-family,White,Female,0,0,40,United-States,0,25-44,0
19,Private,Some-college,10,Never-married,Other-service,Own-child,White,Female,0,0,16,United-States,0,under25,0
25,Private,Bachelors,13,Never-married,Prof-specialty,Not-in-family,White,Male,3674,0,30,United-States,0,under25,0
84,Private,HS-grad,9,Widowed,Other-service,Not-in-family,White,Female,0,0,13,United-States,0,45plus,0
30,Private,Masters,14,Married-civ-spouse,Other-service,Husband,White,Male,0,0,15,United-States,1,25-44,0
25,Private,Assoc-acdm,12,Married-civ-spouse,Sales,Husband,White,Male,0,0,40,United-States,0,under25,0
25,Private,HS-grad,9,Never-married,Adm-clerical,Not-in-family,White,Female,0,0,48,United-States,0,under25,0
20,Private,HS-grad,9,Never-married,Handlers-cleaners,Own-child,White,Male,0,0,40,United-States,0,under25,0
29,Private,Some-college,10,Never-married,Machine-op-inspct,Own-child,White,Male,0,0,45,United-States,0,25-44,0
27,Self-emp-not-inc,Bachelors,13,Never-married,Prof-specialty,Not-in-family,White,Female,0,0,20,United-States,0,25-44,0
28,Private,Bachelors,13,Never-married,Exec-managerial,Not-in-family,White,Female,6849,0,60,United-States,0,25-44,0
30,Private,HS-grad,9,Divorced,Transport-moving,Not-in-family,White,Male,0,0,40,United-States,0,25-44,0
38,Federal-gov,Prof-school,15,Never-married,Prof-specialty,Not-in-family,Asian-Pac-Islander,Female,99999,0,57,Canada,1,25-44,1
41,Private,HS-grad,9,Married-civ-spouse,Transport-moving,Husband,White,Male,0,0,40,United-States,0,25-44,0
30,State-gov,10th,6,Married-civ-spouse,Adm-clerical,Husband,White,Male,0,0,40,United-States,0,25-44,0
64,Local-gov,HS-grad,9,Widowed,Exec-managerial,Not-in-family,White,Male,0,0,40,United-States,0,45plus,0
36,Private,11th,7,Married-civ-spouse,Craft-repair,Husband,White,Male,5178,0,40,United-States,1,25-44,1
31,Private,HS-grad,9,Married-civ-spouse,Adm-clerical,Wife,White,Female,0,0,27,United-States,0,25-44,0
25,Local-gov,Bachelors,13,Never-married,Prof-specialty,Not-in-family,Black,Female,0,0,40,United-States,0,under25,0
80,Private,Some-college,10,Widowed,Adm-clerical,Not-in-family,White,Female,0,0,20,United-States,0,45plus,0
31,Private,5th-6th,3,Married-civ-spouse,Handlers-cleaners,Husband,White,Male,0,0,56,Mexico,0,25-44,0
25,Private,Bachelors,13,Married-civ-spouse,Exec-managerial,Husband,White,Male,0,0,43,United-States,0,under25,1
38,Private,Some-college,10,Divorced,Sales,Unmarried,Black,Female,0,0,40,United-States,0,25-44,0
30,Local-gov,Bachelors,13,Never-married,Exec-managerial,Own-child,White,Male,0,0,40,United-States,0,25-44,0
41,Private,HS-grad,9,Married-civ-spouse,Craft-repair,Husband,White,Male,0,0,52,United-States,1,25-44,0
19,Private,HS-grad,9,Never-married,Handlers-cleaners,Own-child,White,Male,0,0,16,United-States,0,under25,0
42,Private,HS-grad,9,Married-civ-spouse,Other-service,Husband,White,Male,0,0,40,United-States,0,25-44,0
24,Federal-gov,Assoc-acdm,12,Married-civ-spouse,Exec-managerial,Wife,White,Female,0,0,40,United-States,0,under25,0
30,Private,12th,8,Never-married,Craft-repair,Not-in-family,Black,Male,0,0,40,United-States,0,25-44,0
63,Private,7th-8th,4,Married-civ-spouse,Transport-moving,Husband,White,Male,0,0,60,United-States,1,45plus,0
65,Private,HS-grad,9,Married-civ-spouse,Sales,Husband,White,Male,9386,0,40,United-States,1,45plus,1
48,Local-gov,HS-grad,9,Married-civ-spouse,Craft-repair,Husband,White,Male,0,0,40,United-States,1,45plus,0
47,Private,HS-grad,9,Divorced,Adm-clerical,Not-in-family,White,Female,0,0,40,United-States,0,45plus,0
57,Private,Bachelors,13,Married-civ-spouse,Exec-managerial,Husband,White,Male,0,0,50,United-States,1,45plus,1
35,Private,Bachelors,13,Married-civ-spouse,Handlers-cleaners,Husband,White,Male,7298,0,35,United-States,1,25-44,1
62,Local-gov,7th-8th,4,Widowed,Other-service,Not-in-family,Black,Female,0,0,35,United-States,0,45plus,0
23,Private,Bachelors,13,Never-married,Other-service,Own-child,White,Female,0,0,30,United-States,0,under25,0
48,Private,Some-college,10,Divorced,Adm-clerical,Not-in-family,White,Female,0,1590,38,United-States,0,45plus,0
41,Federal-gov,Some-college,10,Divorced,Prof-specialty,Unmarried,White,Female,0,0,40,United-States,1,25-44,0
43,Federal-gov,Doctorate,16,Never-married,Prof-specialty,Not-in-family,White,Female,0,0,50,United-States,1,25-44,0
34,Self-emp-inc,Bachelors,13,Married-civ-spouse,Prof-specialty,Husband,White,Male,0,0,60,United-States,1,25-44,1
75,Self-emp-not-inc,11th,7,Married-civ-spouse,Exec-managerial,Husband,White,Male,0,0,30,United-States,0,45plus,0
35,Private,HS-grad,9,Married-AF-spouse,Other-service,Wife,White,Female,0,0,40,United-States,1,25-44,0
23,Private,Some-college,10,Never-married,Other-service,Other-relative,White,Female,0,0,40,United-States,0,under25,0
19,Private,HS-grad,9,Never-married,Sales,Own-child,Black,Male,0,0,25,United-States,0,under25,0
29,Private,HS-grad,9,Never-married,Craft-repair,Own-child,White,Male,0,0,40,United-States,0,25-44,0
35,Private,HS-grad,9,Married-civ-spouse,Sales,Husband,White,Male,0,0,45,United-States,0,25-44,0
61,Federal-gov,HS-grad,9,Never-married,Adm-clerical,Unmarried,White,Female,0,0,35,Puerto-Rico,0,45plus,0
34,Private,Bachelors,13,Never-married,Sales,Own-child,Black,Female,0,0,40,United-States,0,25-44,0
36,Private,Some-college,10,Married-civ-spouse,Craft-repair,Husband,White,Male,3137,0,50,El-Salvador,0,25-44,0
54,Private,Bachelors,13,Married-civ-spouse,Prof-specialty,Husband,White,Male,0,0,40,United-States,1,45plus,1
90,Private,Masters,14,Never-married,Exec-managerial,Own-child,White,Female,0,0,40,United-States,0,45plus,0
42,Private,Some-college,10,Divorced,Prof-specialty,Not-in-family,White,Male,0,0,40,United-States,0,25-44,0
18,Private,HS-grad,9,Never-married,Other-service,Own-child,White,Male,0,0,25,Canada,0,under25,0
31,Private,HS-grad,9,Married-civ-spouse,Craft-repair,Husband,White,Male,0,0,43,United-States,1,25-44,0
38,Private,Some-college,10,Divorced,Exec-managerial,Own-child,Black,Female,0,0,40,United-States,0,25-44,0
33,Private,Some-college,10,Never-married,Other-service,Not-in-family,Black,Female,0,0,35,United-States,0,25-44,0
42,Private,HS-grad,9,Never-married,Sales,Not-in-family,White,Male,0,0,60,United-States,1,25-44,0
61,Private,HS-grad,9,Separated,Transport-moving,Unmarried,Asian-Pac-Islander,Male,0,0,45,United-States,1,45plus,0
28,Private,HS-grad,9,Divorced,Other-service,Own-child,Black,Male,0,0,35,United-States,0,25-44,0
43,Private,Some-college,10,Separated,Sales,Unmarried,White,Female,0,0,10,United-States,0,25-44,0
51,Private,Assoc-voc,11,Married-civ-spouse,Craft-repair,Husband,White,Male,0,0,57,United-States,0,45plus,0
39,Private,Bachelors,13,Married-civ-spouse,Sales,Husband,White,Male,0,0,40,Canada,1,25-44,1
50,Self-emp-not-inc,HS-grad,9,Married-civ-spouse,Sales,Husband,White,Male,15024,0,55,El-Salvador,1,45plus,1
46,Private,Bachelors,13,Married-civ-spouse,Sales,Husband,White,Male,0,1977,40,United-States,1,45plus,1
22,Private,Some-college,10,Never-married,Adm-clerical,Other-relative,White,Female,0,0,16,United-States,0,under25,0
33,Private,10th,6,Never-married,Craft-repair,Unmarried,White,Female,0,0,35,United-States,0,25-44,0
18,Private,11th,7,Never-married,Handlers-cleaners,Own-child,White,Male,0,0,24,United-States,0,under25,0
44,Private,Some-college,10,Divorced,Adm-clerical,Unmarried,White,Female,0,0,40,United-States,0,25-44,0
56,Private,Some-college,10,Separated,Tech-support,Unmarried,Black,Female,0,0,38,United-States,0,45plus,0
28,Private,Bachelors,13,Divorced,Craft-repair,Unmarried,White,Male,0,0,50,United-States,0,25-44,0
39,Local-gov,Masters,14,Married-civ-spouse,Prof-specialty,Husband,White,Male,7298,0,40,United-States,1,25-44,1
23,Private,Some-college,10,Divorced,Adm-clerical,Not-in-family,White,Male,0,0,40,United-States,0,under25,0
49,Private,HS-grad,9,Married-civ-spouse,Craft-repair,Husband,White,Male,5013,0,60,United-States,0,45plus,0
46,Federal-gov,Assoc-voc,11,Married-civ-spouse,Adm-clerical,Husband,White,Male,5178,0,40,United-States,1,45plus,1
20,Private,11th,7,Never-married,Sales,Own-child,White,Female,0,0,25,United-States,0,under25,0
33,Private,11th,7,Never-married,Craft-repair,Own-child,White,Male,0,0,40,United-States,0,25-44,0
25,Private,Some-college,10,Never-married,Sales,Own-child,Black,Female,3418,0,30,United-States,0,under25,0
35,Private,Some-college,10,Divorced,Machine-op-inspct,Not-in-family,Amer-Indian-Eskimo,Male,0,0,40,United-States,0,25-44,0
53,Private,HS-grad,9,Separated,Craft-repair,Not-in-family,White,Male,0,0,35,United-States,0,45plus,0
43,Private,Bachelors,13,Married-civ-spouse,Prof-specialty,Husband,White,Male,0,0,40,United-States,1,25-44,1
53,Private,11th,7,Married-civ-spouse,Machine-op-inspct,Husband,White,Male,0,0,48,United-States,1,45plus,0
41,Private,Bachelors,13,Married-civ-spouse,Sales,Husband,White,Male,15024,0,45,United-States,1,25-44,1
47,Private,Assoc-acdm,12,Never-married,Adm-clerical,Not-in-family,White,Female,0,0,40,United-States,0,45plus,0
25,Private,5th-6th,3,Married-civ-spouse,Handlers-cleaners,Own-child,White,Male,0,0,40,United-States,0,under25,0
37,Private,Bachelors,13,Married-civ-spouse,Sales,Husband,White,Male,0,1902,40,United-States,1,25-44,1
25,Private,Bachelors,13,Married-civ-spouse,Craft-repair,Husband,White,Male,0,0,60,United-States,1,under25,0
42,Private,Some-college,10,Married-civ-spouse,Other-service,Wife,White,Female,0,0,23,United-States,0,25-44,0
38,Self-emp-not-inc,HS-grad,9,Married-civ-spouse,Prof-specialty,Husband,White,Male,0,0,50,United-States,1,25-44,0
26,Private,HS-grad,9,Never-married,Other-service,Other-relative,White,Male,0,0,30,United-States,0,25-44,0
34,Self-emp-inc,Assoc-acdm,12,Married-civ-spouse,Adm-clerical,Wife,White,Female,0,0,36,United-States,0,25-44,0
33,Private,Assoc-voc,11,Married-civ-spouse,Transport-moving,Husband,White,Male,0,0,40,United-States,0,25-44,0
34,Private,Bachelors,13,Married-civ-spouse,Exec-managerial,Husband,White,Male,0,0,50,United-States,1,25-44,1
42,Private,Bachelors,13,Married-civ-spouse,Prof-specialty,Husband,White,Male,7688,0,40,United-States,1,25-44,1
35,Private,Assoc-acdm,12,Divorced,Adm-clerical,Unmarried,White,Female,0,0,40,United-States,0,25-44,0
34,Private,HS-grad,9,Married-civ-spouse,Craft-repair,Husband,White,Male,0,0,48,United-States,1,25-44,0
35,Private,11th,7,Divorced,Transport-moving,Not-in-family,White,Male,0,0,40,United-States,0,25-44,0
33,Private,HS-grad,9,Married-civ-spouse,Sales,Husband,White,Male,7298,0,45,United-States,1,25-44,1
40,Private,Assoc-acdm,12,Never-married,Other-service,Other-relative,White,Male,0,0,25,United-States,0,25-44,0
31,State-gov,Some-college,10,Married-civ-spouse,Craft-repair,Husband,White,Male,0,0,35,United-States,1,25-44,0
24,Private,Some-college,10,Never-married,Craft-repair,Not-in-family,White,Male,0,0,40,United-States,0,under25,0
51,Local-gov,Masters,14,Married-civ-spouse,Prof-specialty,Husband,Amer-Indian-Eskimo,Male,0,0,40,United-States,0,45plus,1
42,Private,Prof-school,15,Married-civ-spouse,Sales,Wife,Amer-Indian-Eskimo,Female,15024,0,40,South,1,25-44,1
43,Private,Assoc-voc,11,Married-civ-spouse,Exec-managerial,Husband,White,Male,15024,0,40,United-States,1,25-44,1
31,Private,Bachelors,13,Never-married,Sales,Not-in-family,Black,Female,0,0,50,United-States,0,25-44,0
44,Private,7th-8th,4,Married-civ-spouse,Machine-op-inspct,Husband,Other,Male,0,0,40,Nicaragua,0,25-44,0
48,Private,Bachelors,13,Married-civ-spouse,Handlers-cleaners,Husband,White,Male,0,0,40,United-States,0,45plus,1
52,Private,Bachelors,13,Married-civ-spouse,Prof-specialty,Husband,White,Male,0,0,50,United-States,1,45plus,1
22,Private,12th,8,Never-married,Farming-fishing,Not-in-family,Amer-Indian-Eskimo,Male,0,0,50,United-States,0,under25,0
44,Private,Some-college,10,Divorced,Machine-op-inspct,Not-in-family,White,Male,0,0,50,United-States,0,25-44,0
49,Private,Bachelors,13,Married-civ-spouse,Exec-managerial,Husband,White,Male,0,0,40,United-States,1,45plus,1
52,Private,HS-grad,9,Married-civ-spouse,Adm-clerical,Husband,White,Male,0,0,40,United-States,0,45plus,0
19,Private,11th,7,Never-married,Sales,Not-in-family,White,Female,0,0,25,United-States,0,under25,0
51,Private,HS-grad,9,Divorced,Craft-repair,Not-in-family,White,Male,0,0,38,United-States,0,45plus,0
23,Private,Bachelors,13,Never-married,Prof-specialty,Not-in-family,White,Male,0,0,15,United-States,0,under25,0
24,Private,HS-grad,9,Never-married,Sales,Other-relative,White,Male,0,0,40,United-States,0,under25,0
38,Federal-gov,HS-grad,9,Married-civ-spouse,Adm-clerical,Husband,White,Male,0,0,45,United-States,0,25-44,0
46,Private,Preschool,1,Married-civ-spouse,Machine-op-inspct,Other-relative,Black,Male,0,0,75,Dominican-Republic,0,45plus,0
19,Private,Some-college,10,Never-married,Adm-clerical,Own-child,White,Female,0,0,15,United-States,0,under25,0
23,Private,11th,7,Married-civ-spouse,Transport-moving,Husband,White,Male,0,0,50,United-States,0,under25,0
37,Private,Bachelors,13,Separated,Tech-support,Not-in-family,Asian-Pac-Islander,Male,0,0,40,Philippines,0,25-44,0
24,Private,Bachelors,13,Never-married,Prof-specialty,Own-child,White,Male,0,0,20,United-States,0,under25,0
52,Private,Some-college,10,Married-civ-spouse,Sales,Husband,White,Male,0,0,65,United-States,0,45plus,0
47,Private,HS-grad,9,Married-civ-spouse,Machine-op-inspct,Husband,Black,Male,0,0,40,United-States,1,45plus,0
20,Private,Some-college,10,Never-married,Other-service,Own-child,White,Male,0,0,15,United-States,0,under25,0
65,Private,5th-6th,3,Widowed,Machine-op-inspct,Not-in-family,White,Female,0,0,10,Italy,0,45plus,0
46,Self-emp-inc,Some-college,10,Married-civ-spouse,Sales,Husband,White,Male,0,0,40,United-States,0,45plus,0
41,Private,HS-grad,9,Never-married,Exec-managerial,Not-in-family,White,Female,0,0,40,United-States,0,25-44,0
49,Local-gov,Bachelors,13,Divorced,Prof-specialty,Unmarried,Black,Female,0,0,40,United-States,0,45plus,0
37,Self-emp-not-inc,Some-college,10,Separated,Other-service,Own-child,White,Female,0,0,40,Cuba,0,25-44,0
43,Private,9th,5,Divorced,Handlers-cleaners,Unmarried,White,Female,0,0,40,United-States,0,25-44,0
37,State-gov,Doctorate,16,Married-civ-spouse,Prof-specialty,Husband,White,Male,0,0,45,United-States,0,25-44,1
51,Private,Masters,14,Divorced,Protective-serv,Unmarried,White,Male,0,0,40,United-States,0,45plus,0
56,Private,9th,5,Divorced,Craft-repair,Not-in-family,White,Female,0,0,40,United-States,1,45plus,0
30,Self-emp-not-inc,HS-grad,9,Married-civ-spouse,Craft-repair,Husband,White,Male,0,0,40,United-States,0,25-44,0
20,Private,HS-grad,9,Never-married,Handlers-cleaners,Own-child,White,Male,0,0,40,United-States,0,under25,0
42,Private,11th,7,Married-civ-spouse,Machine-op-inspct,Husband,White,Male,0,0,40,United-States,0,25-44,0
17,Private,11th,7,Never-married,Other-service,Own-child,White,Male,0,0,25,United-States,0,under25,0
30,Private,Some-college,10,Divorced,Other-service,Unmarried,White,Female,0,0,35,United-States,0,25-44,0
65,Private,HS-grad,9,Divorced,Adm-clerical,Not-in-family,White,Female,0,0,40,United-States,0,45plus,0
62,Private,Masters,14,Never-married,Handlers-cleaners,Not-in-family,White,Male,4650,0,40,United-States,0,45plus,0
33,Private,Bachelors,13,Married-civ-spouse,Exec-managerial,Husband,White,Male,0,0,50,United-States,1,25-44,1
38,Self-emp-inc,Some-college,10,Married-civ-spouse,Exec-managerial,Husband,White,Male,0,0,80,United-States,1,25-44,1
54,Federal-gov,12th,8,Married-civ-spouse,Adm-clerical,Husband,White,Male,0,0,40,United-States,0,45plus,0
41,Local-gov,Some-college,10,Married-civ-spouse,Other-service,Husband,White,Male,0,1485,40,United-States,1,25-44,0
37,Private,HS-grad,9,Never-married,Other-service,Unmarried,Black,Female,0,0,30,United-States,0,25-44,0
30,Private,Some-college,10,Never-married,Tech-support,Unmarried,White,Female,0,0,40,United-States,0,25-44,0
21,Private,HS-grad,9,Never-married,Machine-op-inspct,Not-in-family,White,Male,0,0,35,United-States,0,under25,0
17,Private,11th,7,Never-married,Transport-moving,Own-child,White,Female,0,0,16,United-States,0,under25,0
24,Private,10th,6,Never-married,Sales,Not-in-family,White,Male,0,0,49,El-Salvador,0,under25,0
18,Private,11th,7,Never-married,Other-service,Own-child,White,Male,0,0,16,United-States,0,under25,0
22,Private,Some-college,10,Never-married,Adm-clerical,Own-child,White,Female,0,0,15,United-States,0,under25,0
25,Private,Some-college,10,Never-married,Exec-managerial,Own-child,Asian-Pac-Islander,Male,0,0,40,China,0,under25,0
