gender,age_band,income,loan_amount,employment_years,loan_repaid
Female,45plus,19568.0,15536.0,3,0
Male,25-44,38160.0,6166.0,6,1
Female,45plus,35036.0,17992.0,24,1
Female,25-44,37993.0,14418.0,4,1
Male,25-44,39056.0,28184.0,14,1
Female,under25,23246.0,12307.0,7,0
Female,25-44,22775.0,16147.0,11,1
Female,under25,41793.0,29678.0,6,1
Male,under25,26670.0,15448.0,14,1
Male,25-44,9000.0,14035.0,13,0
Male,25-44,41048.0,9070.0,15,1
Female,under25,22092.0,22653.0,7,0
Female,45plus,39005.0,8140.0,14,1
Female,under25,49419.0,16707.0,18,1
Male,25-44,33938.0,11843.0,17,1
Male,25-44,44952.0,13378.0,14,1
Female,25-44,35480.0,6710.0,7,1
Male,25-44,51608.0,21653.0,13,1
Female,under25,21801.0,12900.0,13,1
Female,45plus,33658.0,7838.0,23,1
Female,25-44,41323.0,21164.0,9,1
Male,under25,31608.0,11678.0,8,1
Female,25-44,46712.0,16207.0,18,1
Female,45plus,28889.0,18943.0,15,1
Female,45plus,57031.0,16960.0,10,1
Male,45plus,57625.0,2538.0,0,1
Male,25-44,36923.0,18155.0,17,1
Male,25-44,39967.0,13856.0,18,1
Male,25-44,47156.0,12623.0,23,1
Female,45plus,20394.0,13811.0,12,1
Female,25-44,18990.0,5706.0,12,1
Female,25-44,47884.0,15438.0,5,1
Male,25-44,36832.0,7033.0,11,1
Male,25-44,31202.0,12856.0,0,1
Male,under25,33875.0,15244.0,12,1
Male,25-44,9000.0,20200.0,17,0
Male,25-44,31606.0,9974.0,19,1
Male,45plus,25278.0,22239.0,16,1
Male,25-44,44078.0,19513.0,20,1
Female,45plus,44944.0,12082.0,16,1
Male,25-44,40238.0,8413.0,19,1
Female,45plus,38199.0,6603.0,10,1
Female,under25,16905.0,15868.0,15,0
Male,45plus,40395.0,10418.0,15,1
Female,25-44,40831.0,20876.0,14,0
Female,25-44,47758.0,10731.0,14,1
Male,25-44,57580.0,9536.0,19,1
Male,25-44,14709.0,15662.0,5,0
Female,25-44,29380.0,10696.0,7,1
Male,45plus,25400.0,14446.0,12,1
Male,45plus,35691.0,19724.0,16,1
Male,25-44,33901.0,15033.0,12,1
Female,25-44,31117.0,15053.0,4,1
Female,25-44,45310.0,15508.0,20,1
Female,45plus,21359.0,5257.0,13,1
Female,45plus,22037.0,16516.0,10,0
Male,25-44,22228.0,15264.0,21,1
Female,45plus,29696.0,19221.0,10,0
Male,25-44,19928.0,17672.0,4,0
Male,45plus,33203.0,13309.0,24,1
Female,45plus,31888.0,19975.0,9,1
Male,45plus,24902.0,12820.0,22,1
Female,under25,43580.0,15735.0,12,1
Female,25-44,33080.0,12720.0,6,1
Female,under25,45705.0,16894.0,9,1
Female,45plus,31556.0,12367.0,22,1
Female,25-44,33478.0,23296.0,23,1
Male,25-44,27418.0,25294.0,3,0
Male,45plus,33670.0,19120.0,24,1
Male,under25,41762.0,22723.0,21,1
Male,25-44,29122.0,6088.0,16,1
Male,25-44,39582.0,6725.0,4,1
Female,25-44,24607.0,12664.0,14,1
Male,under25,42290.0,14622.0,10,1
Male,under25,27226.0,13330.0,3,1
Male,25-44,43331.0,5532.0,24,1
Male,25-44,34436.0,20619.0,15,1
Female,25-44,50860.0,26032.0,2,1
Female,under25,20767.0,21317.0,8,1
Female,25-44,17143.0,20262.0,20,1
Female,25-44,26818.0,15621.0,11,1
Male,25-44,18173.0,9848.0,12,0
Female,45plus,18194.0,14792.0,3,0
Male,25-44,40742.0,25771.0,2,0
Male,25-44,33703.0,12499.0,24,1
Male,45plus,28354.0,11943.0,23,1
Female,25-44,29397.0,20380.0,2,1
Male,25-44,27031.0,20738.0,13,0
Male,under25,52317.0,9822.0,17,1
Male,under25,25475.0,12988.0,22,1
Male,under25,18876.0,11690.0,13,1
Female,45plus,42706.0,14776.0,21,1
Male,45plus,31323.0,20360.0,3,0
Male,under25,56686.0,10058.0,0,1
Male,25-44,27830.0,20284.0,11,1
Female,25-44,43268.0,14949.0,6,1
Male,25-44,45925.0,26961.0,18,1
Male,25-44,27885.0,16122.0,8,1
Male,25-44,25392.0,13876.0,10,0
Female,45plus,42090.0,17503.0,13,1
Female,25-44,40217.0,12579.0,24,1
Female,25-44,17881.0,4705.0,1,1
Male,25-44,21055.0,13101.0,13,1
Female,25-44,9000.0,13016.0,9,0
Female,45plus,40448.0,5801.0,0,1
Female,under25,30805.0,14006.0,20,1
Male,45plus,31926.0,3237.0,22,1
Male,45plus,14721.0,12523.0,4,0
Male,45plus,21396.0,15716.0,18,1
Female,25-44,28373.0,14924.0,17,1
Male,25-44,26186.0,12181.0,17,0
Male,45plus,35076.0,13938.0,11,1
Male,45plus,40314.0,10166.0,8,1
Female,25-44,59283.0,14458.0,1,1
Male,45plus,33525.0,14714.0,0,0
Female,25-44,46298.0,9539.0,4,1
Female,25-44,24412.0,15845.0,13,1
Female,45plus,14907.0,15812.0,3,0
Male,25-44,29786.0,13503.0,17,1
Female,25-44,15776.0,27473.0,15,0
Female,45plus,33915.0,13640.0,8,1
Female,45plus,24970.0,12892.0,2,1
Male,45plus,11764.0,12119.0,12,0
Male,25-44,53280.0,9157.0,20,1
Male,45plus,27703.0,18104.0,9,1
Male,under25,15327.0,10695.0,20,0
Male,25-44,43855.0,11333.0,7,1
Male,25-44,25553.0,11494.0,2,1
Male,45plus,46014.0,9081.0,16,1
Female,45plus,25499.0,4945.0,22,1
Male,45plus,27665.0,11900.0,22,1
Female,25-44,37629.0,19116.0,23,1
Female,25-44,40424.0,15464.0,2,1
Male,25-44,42395.0,22827.0,1,1
Female,25-44,32740.0,18455.0,14,0
Male,under25,39697.0,17230.0,23,1
Female,25-44,42138.0,24566.0,24,1
Male,45plus,36007.0,13875.0,6,1
Female,45plus,32145.0,14740.0,9,1
Male,45plus,17491.0,14338.0,16,1
Male,25-44,40491.0,22737.0,22,1
Male,25-44,34225.0,14414.0,4,1
Female,under25,29097.0,10899.0,24,1
Female,25-44,48124.0,17573.0,20,1
Male,25-44,17686.0,9992.0,1,0
Male,25-44,52246.0,17281.0,21,1
Male,under25,33500.0,16635.0,16,1
Male,25-44,37322.0,13378.0,24,1
Male,25-44,29306.0,17456.0,5,1
Male,25-44,14996.0,6366.0,24,1
Female,25-44,32180.0,15280.0,1,0
Female,25-44,37516.0,11901.0,1,1
Male,25-44,41357.0,29857.0,11,0
Female,25-44,31522.0,15242.0,16,1
Male,25-44,9084.0,11180.0,4,0
Female,under25,16406.0,6957.0,6,1
Male,45plus,56835.0,21449.0,9,1
Female,under25,21459.0,12510.0,3,0
Female,25-44,49804.0,10127.0,4,1
Female,25-44,23242.0,16216.0,3,1
Male,25-44,31697.0,17908.0,23,1
Female,25-44,40784.0,17824.0,23,1
Male,45plus,24523.0,14507.0,15,1
Male,25-44,51662.0,15260.0,17,1
Female,25-44,34602.0,15653.0,3,1
Male,25-44,38935.0,16216.0,1,1
Female,under25,30740.0,16694.0,9,1
Female,25-44,41161.0,20310.0,24,1
Male,25-44,51512.0,14704.0,11,1
Female,25-44,32273.0,9989.0,20,1
Male,45plus,53210.0,13621.0,9,1
Male,45plus,26870.0,18471.0,7,1
Male,45plus,42346.0,4753.0,20,1
Female,25-44,39253.0,4784.0,11,1
Male,45plus,21728.0,19359.0,18,1
Male,25-44,36155.0,22609.0,18,1
Male,25-44,33832.0,7568.0,18,1
Female,45plus,24152.0,14943.0,16,1
Female,25-44,37778.0,12243.0,20,1
Female,45plus,35396.0,12992.0,11,1
Female,45plus,32933.0,16050.0,7,1
Female,under25,32978.0,7419.0,12,1
Male,25-44,32738.0,8421.0,8,1
Male,25-44,29614.0,12773.0,1,0
Female,45plus,35324.0,13615.0,9,1
Female,45plus,26506.0,8320.0,12,1
Male,under25,63639.0,18664.0,13,1
Male,under25,17895.0,12146.0,8,1
Female,under25,27172.0,12122.0,18,1
Male,25-44,28060.0,15926.0,7,1
Female,under25,56705.0,13704.0,16,1
Male,45plus,18898.0,18922.0,6,1
Male,25-44,38542.0,9359.0,24,1
Female,45plus,36544.0,6854.0,16,1
Male,25-44,37503.0,12727.0,13,1
Male,25-44,47659.0,14725.0,10,1
Female,under25,47428.0,7700.0,18,1
Female,45plus,28677.0,6906.0,10,1
Male,under25,35932.0,15385.0,20,1
Male,under25,12778.0,10308.0,3,0
Female,25-44,34864.0,6556.0,20,1
Female,45plus,24818.0,19613.0,24,1
Male,under25,31653.0,10988.0,6,1
Male,25-44,14789.0,20609.0,5,1
Male,45plus,38305.0,14554.0,23,1
Male,45plus,14663.0,15992.0,10,1
Male,under25,35418.0,13258.0,17,1
Female,under25,19952.0,1800.0,4,1
Male,25-44,24191.0,8261.0,10,1
Male,25-44,46741.0,13721.0,17,1
Female,25-44,40364.0,16369.0,22,1
Female,25-44,46678.0,4736.0,10,1
Male,25-44,51297.0,14110.0,1,1
Female,under25,25055.0,8339.0,10,1
Female,25-44,50614.0,15667.0,16,1
Female,under25,17263.0,14296.0,21,1
Male,25-44,42144.0,18415.0,20,1
Male,under25,28200.0,20161.0,18,1
Female,45plus,23284.0,16879.0,4,0
Male,25-44,40663.0,19046.0,12,1
Male,under25,44380.0,12508.0,14,1
Male,under25,44047.0,29645.0,11,1
Female,25-44,36167.0,7818.0,23,1
Female,under25,35234.0,11550.0,23,1
Male,25-44,39677.0,19267.0,5,1
Female,45plus,37167.0,18464.0,23,1
Male,25-44,39840.0,17032.0,21,1
Female,under25,36045.0,18047.0,17,1
Female,25-44,43232.0,3149.0,9,1
Male,25-44,15444.0,22982.0,19,1
Male,45plus,32273.0,13299.0,14,1
Male,under25,18182.0,21128.0,22,0
Female,45plus,36863.0,3419.0,17,1
Female,45plus,52222.0,15785.0,24,1
Female,under25,28417.0,11357.0,10,1
Female,under25,35182.0,17490.0,2,0
Male,25-44,42260.0,16112.0,12,1
Female,45plus,10488.0,16376.0,24,1
Male,25-44,27876.0,8681.0,16,1
Male,25-44,37851.0,14092.0,17,1
Female,45plus,9000.0,13427.0,15,1
Female,45plus,22761.0,17075.0,14,0
Male,25-44,46135.0,19742.0,1,1
Male,25-44,45034.0,15213.0,10,1
Female,45plus,37961.0,7509.0,2,1
Female,25-44,43675.0,14980.0,8,1
Female,45plus,36170.0,28499.0,17,1
Male,under25,39998.0,23288.0,20,1
Male,under25,30199.0,1800.0,5,1
Male,45plus,35053.0,14742.0,16,1
Female,25-44,26636.0,19434.0,5,1
Female,under25,47964.0,13415.0,5,1
Male,under25,50867.0,11915.0,23,1
Male,25-44,49274.0,12958.0,15,1
Male,45plus,29158.0,17382.0,4,0
Female,under25,23020.0,8198.0,3,1
Female,under25,48116.0,20819.0,1,1
Male,25-44,39869.0,14098.0,12,1
Male,45plus,37447.0,9351.0,2,1
Female,25-44,26622.0,20471.0,14,1
Male,45plus,38539.0,6056.0,10,1
Female,45plus,21541.0,11402.0,15,1
Male,25-44,40883.0,11313.0,5,1
Male,45plus,49262.0,25978.0,3,0
Female,25-44,52100.0,10701.0,2,1
Male,25-44,41721.0,2763.0,2,1
Male,25-44,18202.0,11258.0,1,0
Male,45plus,35970.0,16860.0,6,1
Male,45plus,57821.0,18634.0,20,1
Male,45plus,23978.0,26693.0,15,0
Male,45plus,33084.0,21997.0,6,1
Male,25-44,49652.0,15415.0,23,1
Male,45plus,40693.0,9587.0,19,1
Female,45plus,61652.0,23170.0,19,1
Female,25-44,25505.0,12410.0,22,0
Male,under25,22616.0,10846.0,18,1
Male,25-44,47522.0,12148.0,23,1
Male,45plus,20296.0,7637.0,8,0
Female,25-44,31536.0,11889.0,21,1
Female,45plus,33011.0,13141.0,2,1
Male,under25,45405.0,18346.0,7,1
Male,25-44,40660.0,12304.0,22,1
Male,25-44,38892.0,7556.0,3,1
Male,under25,29223.0,5739.0,12,1
Female,45plus,47419.0,15531.0,8,1
Male,under25,79040.0,14792.0,2,1
Male,45plus,41527.0,11407.0,5,1
Male,25-44,34871.0,11876.0,13,1
Male,45plus,19149.0,16498.0,15,1
Male,25-44,26578.0,21909.0,16,1
Female,under25,31346.0,10187.0,3,1
Male,under25,27736.0,14880.0,7,1
Female,under25,33569.0,19575.0,2,0
Male,25-44,53752.0,10209.0,0,1
Female,45plus,47781.0,14315.0,9,1
Female,25-44,31964.0,14195.0,15,1
Female,25-44,20157.0,7319.0,9,1
Female,25-44,48796.0,15310.0,1,0
Female,25-44,33198.0,14570.0,5,0
Female,25-44,14326.0,17398.0,10,0
Female,25-44,41764.0,7991.0,8,1
Male,45plus,45289.0,14454.0,20,1
Male,45plus,9000.0,21861.0,14,0
Male,25-44,24474.0,25618.0,24,1
Female,under25,32507.0,21313.0,4,1
Male,under25,42014.0,8044.0,9,1
Male,25-44,27948.0,16835.0,2,0
Female,25-44,24388.0,11791.0,0,1
Male,45plus,41931.0,15933.0,23,1
Male,25-44,28481.0,10230.0,12,1
Male,25-44,39848.0,5147.0,16,1
Male,45plus,21245.0,12540.0,6,1
Male,25-44,18536.0,18302.0,1,0
Male,45plus,42247.0,15955.0,22,1
Male,under25,36591.0,16576.0,16,1
Male,25-44,44128.0,15568.0,17,1
Male,45plus,27758.0,16584.0,13,1
Female,45plus,24805.0,17259.0,10,1
Male,45plus,49058.0,12917.0,10,1
Female,25-44,16617.0,14847.0,19,1
Female,45plus,47829.0,23814.0,5,1
Male,25-44,48606.0,15167.0,8,1
Male,25-44,43426.0,14630.0,7,1
Male,under25,26012.0,14955.0,13,1
Female,25-44,24564.0,13224.0,24,1
Female,25-44,31387.0,12049.0,23,1
Female,under25,19180.0,15527.0,13,1
Male,45plus,22931.0,11669.0,5,1
Female,45plus,41003.0,13614.0,23,1
Male,45plus,41055.0,10131.0,7,1
Female,under25,21942.0,14983.0,8,0
Male,45plus,41356.0,17554.0,22,1
Female,under25,38861.0,13256.0,6,1
Female,25-44,50736.0,3555.0,11,1
Male,45plus,40153.0,17588.0,22,1
Female,under25,45659.0,15049.0,7,1
Male,under25,39117.0,9037.0,15,1
Female,under25,44774.0,18576.0,0,1
Male,25-44,19270.0,6848.0,24,1
Female,45plus,32380.0,20045.0,10,1
Male,under25,33311.0,14090.0,16,1
Female,under25,31008.0,2148.0,12,1
Female,25-44,38744.0,15363.0,10,1
Female,25-44,40887.0,12207.0,10,1
Female,45plus,38163.0,11393.0,0,1
Female,45plus,31760.0,10417.0,6,1
Female,45plus,25473.0,13713.0,9,1
Male,45plus,46094.0,11780.0,9,1
Female,25-44,37684.0,4374.0,6,1
Male,45plus,22291.0,21269.0,16,1
Female,under25,31571.0,13081.0,20,1
Male,under25,14138.0,10447.0,22,1
Female,25-44,34148.0,8306.0,24,1
Female,under25,31518.0,18562.0,16,1
Male,45plus,27287.0,7388.0,10,1
Male,25-44,51577.0,15124.0,16,1
Female,45plus,20744.0,11248.0,3,1
Female,25-44,41697.0,11562.0,20,1
Male,25-44,58351.0,8441.0,13,1
Female,45plus,45869.0,11050.0,4,1
Female,25-44,33395.0,14448.0,10,1
Male,25-44,20992.0,15671.0,7,0
Male,25-44,18427.0,10157.0,8,1
Male,45plus,29120.0,13909.0,1,1
Female,45plus,26021.0,19198.0,0,0
Male,under25,25655.0,5422.0,8,1
Female,25-44,30079.0,14366.0,7,1
Female,25-44,32600.0,9266.0,24,1
Male,under25,39208.0,8716.0,6,1
Female,25-44,19825.0,15809.0,8,1
Female,25-44,26074.0,11455.0,22,1
Male,under25,31954.0,7829.0,21,1
Male,25-44,31551.0,21551.0,1,1
Male,under25,54410.0,19369.0,2,1
Male,25-44,36363.0,3965.0,2,1
Male,under25,15597.0,6438.0,11,1
Female,45plus,38455.0,17605.0,14,1
Male,under25,39889.0,12862.0,8,1
Male,45plus,32342.0,22503.0,0,1
Female,under25,20099.0,17728.0,5,0
Female,25-44,53528.0,16017.0,15,1
Female,25-44,21714.0,8882.0,9,1
Female,25-44,41184.0,17054.0,3,1
Male,25-44,36001.0,7510.0,16,1
Male,45plus,40509.0,21448.0,15,1
Female,45plus,52952.0,16680.0,12,1
Female,25-44,40069.0,9946.0,23,1
Female,under25,27465.0,18745.0,21,1
Male,45plus,46192.0,26504.0,0,0
Female,25-44,26650.0,13225.0,22,1
Female,25-44,35590.0,17372.0,1,1
Male,45plus,19203.0,12068.0,12,1
Female,25-44,22126.0,14861.0,22,1
Female,25-44,34328.0,6261.0,24,1
Male,25-44,37891.0,14397.0,0,0
Male,25-44,14598.0,14635.0,1,0
Female,under25,39344.0,24115.0,6,1
Male,45plus,24532.0,4707.0,6,1
Male,under25,48146.0,12884.0,6,1
Male,45plus,29791.0,21356.0,10,1
Male,45plus,21110.0,13094.0,7,0
Female,45plus,34603.0,13475.0,14,1
Female,under25,23442.0,9900.0,21,1
Male,25-44,48026.0,9364.0,13,1
Female,25-44,33756.0,4540.0,8,1
Female,25-44,32044.0,11002.0,14,1
Male,45plus,40408.0,9058.0,15,1
Female,25-44,22444.0,15037.0,22,1
Male,45plus,19247.0,10147.0,23,1
Female,under25,38344.0,11810.0,6,1
Female,25-44,21379.0,11958.0,22,1
Female,under25,21375.0,14140.0,20,1
Male,45plus,43163.0,11546.0,3,1
Female,under25,39657.0,8666.0,13,1
Male,25-44,19645.0,14864.0,3,0
Male,45plus,26785.0,20164.0,12,1
Male,25-44,23583.0,15094.0,1,0
Female,under25,53734.0,11107.0,7,1
Male,under25,43942.0,13735.0,14,1
Female,25-44,29015.0,3326.0,7,1
Female,25-44,40232.0,13648.0,0,1
Male,under25,18493.0,12238.0,9,0
Male,25-44,26182.0,9359.0,13,1
Male,25-44,34930.0,10338.0,19,1
Female,25-44,38837.0,12185.0,3,0
Female,25-44,32654.0,19760.0,11,0
Male,under25,36540.0,20297.0,4,1
Female,under25,34631.0,9388.0,3,0
Male,25-44,31910.0,11603.0,3,1
Female,under25,30418.0,11740.0,18,1
Female,25-44,28954.0,18771.0,22,1
Female,45plus,36359.0,15186.0,16,1
Female,45plus,38372.0,14901.0,9,1
Female,25-44,35981.0,17296.0,23,1
Male,25-44,20491.0,11180.0,12,1
Male,25-44,22512.0,21765.0,13,0
Male,45plus,38237.0,14391.0,15,1
Male,25-44,50306.0,9778.0,16,1
Female,25-44,35464.0,13160.0,12,1
Female,25-44,29119.0,21053.0,11,0
Female,under25,36274.0,12104.0,7,1
Male,25-44,20961.0,19527.0,17,0
Female,45plus,48476.0,11023.0,16,1
Male,45plus,35849.0,10265.0,10,1
Male,under25,26218.0,17962.0,17,1
Female,25-44,31874.0,9680.0,3,1
Female,25-44,27820.0,18842.0,10,1
Female,25-44,48506.0,16299.0,24,1
Male,25-44,31474.0,9682.0,18,1
Female,under25,35498.0,14014.0,18,1
Male,45plus,40204.0,11436.0,21,1
Female,45plus,25417.0,16285.0,15,1
Female,25-44,35930.0,24594.0,16,1
Male,25-44,36838.0,12398.0,12,1
Male,25-44,16267.0,17283.0,20,1
Male,25-44,36592.0,14532.0,17,1
Female,under25,33236.0,14530.0,13,1
Male,25-44,35212.0,13508.0,3,1
Female,under25,34150.0,9770.0,20,1
Female,45plus,36666.0,16210.0,8,1
Female,25-44,48795.0,12841.0,8,1
Male,25-44,20480.0,9514.0,3,1
Female,25-44,29901.0,19876.0,5,0
Male,45plus,41249.0,14935.0,3,1
Female,under25,39160.0,13168.0,2,1
Female,under25,38918.0,21636.0,0,1
Female,under25,64728.0,4486.0,7,1
Female,25-44,40659.0,21273.0,18,1
Male,45plus,46473.0,9647.0,21,1
Male,25-44,30296.0,15542.0,5,1
Male,45plus,22580.0,11225.0,10,1
Male,25-44,30214.0,9416.0,20,1
Male,25-44,41759.0,21495.0,17,1
Male,under25,38326.0,24423.0,22,1
Male,25-44,38287.0,13206.0,10,1
Male,25-44,31339.0,16212.0,4,1
Male,25-44,29545.0,14708.0,3,0
Female,25-44,31726.0,23745.0,17,1
Female,45plus,41900.0,2989.0,0,1
Male,45plus,43208.0,16437.0,11,1
Male,25-44,22430.0,10473.0,8,0
Male,25-44,42326.0,1800.0,22,1
Female,45plus,26429.0,12453.0,24,1
Male,25-44,39026.0,24379.0,12,1
Male,45plus,31591.0,10858.0,14,1
Male,25-44,51365.0,18670.0,9,1
Male,45plus,29047.0,20873.0,19,1
Male,under25,35759.0,14332.0,7,1
Female,25-44,40574.0,15051.0,18,1
Female,25-44,23918.0,5132.0,22,1
Female,25-44,32930.0,10533.0,4,1
Female,45plus,30751.0,19298.0,5,1
Female,45plus,27970.0,14728.0,9,1
Male,under25,28803.0,16384.0,20,0
Female,25-44,46260.0,15119.0,16,1
Male,25-44,27016.0,26237.0,4,0
Male,25-44,40122.0,12075.0,9,1
Female,25-44,37289.0,23069.0,16,1
Male,45plus,18034.0,15121.0,24,1
Male,45plus,39591.0,23548.0,11,1
Female,under25,17848.0,7785.0,1,0
Female,25-44,40816.0,15397.0,2,1
Female,25-44,28044.0,12274.0,0,1
Male,25-44,33844.0,15153.0,3,1
Male,under25,19190.0,21001.0,10,0
Female,25-44,35127.0,16446.0,7,1
Male,25-44,44178.0,20990.0,7,1
Female,under25,24672.0,10781.0,19,1
Male,45plus,26919.0,9957.0,11,1
Male,25-44,38864.0,14487.0,18,1
Male,25-44,39146.0,14191.0,13,1
Female,25-44,9000.0,13396.0,5,0
Male,45plus,56423.0,9223.0,23,1
Male,under25,39696.0,20873.0,11,1
Male,under25,41590.0,12441.0,20,1
Male,25-44,32135.0,22100.0,2,1
Male,25-44,12878.0,14468.0,21,1
Female,25-44,41341.0,17902.0,17,1
Male,45plus,27392.0,17411.0,6,0
Female,25-44,39869.0,9949.0,19,1
Female,under25,31288.0,16383.0,18,1
Male,25-44,36428.0,24813.0,22,1
Male,45plus,25031.0,15759.0,5,0
Female,45plus,43474.0,19267.0,22,1
Male,45plus,20380.0,18144.0,19,1
Male,25-44,59013.0,16058.0,8,1
Female,45plus,58927.0,15407.0,8,1
Female,25-44,52118.0,17356.0,6,1
Female,25-44,48099.0,18522.0,11,1
Male,25-44,32799.0,7098.0,22,1
Female,45plus,46874.0,15736.0,20,1
Female,25-44,32668.0,13406.0,3,0
Male,25-44,16273.0,12286.0,3,1
Female,25-44,50661.0,21398.0,1,1
Male,25-44,46449.0,10441.0,15,1
Male,under25,33398.0,6868.0,7,1
Male,25-44,19966.0,18697.0,19,1
Male,45plus,27155.0,6730.0,19,1
Male,under25,13262.0,3989.0,4,0
Female,25-44,44382.0,19305.0,17,1
Female,under25,15712.0,15257.0,19,1
Female,under25,36976.0,16952.0,24,1
Female,45plus,24259.0,12010.0,18,1
Female,25-44,17699.0,6925.0,8,0
Male,25-44,36431.0,7996.0,24,1
Male,25-44,29995.0,12930.0,6,1
Male,45plus,43180.0,7529.0,20,1
Male,25-44,19490.0,16058.0,9,0
Female,45plus,25230.0,11902.0,23,1
Male,25-44,9000.0,15399.0,19,1
Male,under25,9176.0,15238.0,14,0
Male,25-44,53980.0,16489.0,5,1
Male,under25,57190.0,17097.0,4,1
Female,25-44,34793.0,12543.0,23,1
Male,25-44,24482.0,15394.0,20,1
Male,45plus,30392.0,15674.0,12,1
Male,45plus,43578.0,1800.0,21,1
Male,45plus,27963.0,17891.0,19,1
Female,under25,36424.0,15210.0,9,1
Male,45plus,33607.0,17446.0,20,1
Male,45plus,27351.0,7451.0,19,1
Male,25-44,27830.0,12694.0,11,1
Female,25-44,37050.0,8506.0,0,1
Female,45plus,22760.0,18421.0,18,0
Female,under25,38832.0,6812.0,8,1
Female,25-44,28444.0,9385.0,9,1
Female,45plus,35183.0,17285.0,17,1
Male,under25,49319.0,11002.0,20,1
Male,25-44,31858.0,9387.0,2,1
Male,25-44,44098.0,19296.0,20,1
Male,25-44,13590.0,19517.0,7,0
Female,45plus,28459.0,18299.0,14,1
Male,under25,34061.0,18983.0,21,1
Female,25-44,55388.0,13150.0,5,1
Female,45plus,11701.0,13295.0,5,0
Male,under25,32668.0,10901.0,24,1
Female,45plus,50138.0,15305.0,9,1
Female,under25,24919.0,11550.0,23,1
Female,25-44,31355.0,12062.0,8,1
Male,under25,37482.0,17639.0,15,1
Male,25-44,35826.0,20796.0,12,1
Male,45plus,51365.0,16551.0,24,1
Male,45plus,38795.0,24089.0,13,1
Male,45plus,48688.0,10590.0,12,1
Female,25-44,29700.0,4475.0,11,1
Female,45plus,25419.0,18259.0,9,1
Male,25-44,31210.0,10232.0,11,1
Male,45plus,20710.0,12922.0,11,1
Male,25-44,39190.0,4843.0,19,1
Male,45plus,29409.0,9544.0,1,1
Female,25-44,26192.0,6288.0,12,1
Male,25-44,39360.0,12055.0,13,1
Male,45plus,20883.0,12270.0,18,0
Female,25-44,42418.0,14886.0,16,1
Male,25-44,28369.0,21094.0,10,0
Male,45plus,46790.0,18055.0,2,1
Female,25-44,29332.0,5640.0,9,1
Female,under25,40859.0,17683.0,6,1
Female,25-44,35770.0,15004.0,5,1
Female,25-44,42119.0,13872.0,18,1
Male,25-44,34987.0,14278.0,11,1
Female,45plus,15037.0,15504.0,19,0
Female,45plus,45099.0,10664.0,3,1
Female,25-44,32764.0,13415.0,24,1
Female,25-44,42632.0,20794.0,11,1
Female,25-44,41516.0,10599.0,6,1
Female,45plus,25051.0,8839.0,9,1
Male,25-44,23458.0,14067.0,21,1
Female,under25,41122.0,8295.0,17,1
Male,45plus,30338.0,5097.0,4,0
Female,45plus,44284.0,12540.0,24,1
Female,25-44,31745.0,22223.0,3,0
Female,25-44,45263.0,14191.0,6,1
Female,25-44,38512.0,15364.0,18,1
Male,25-44,36990.0,2897.0,13,1
Female,25-44,29542.0,16766.0,11,1
Female,under25,36364.0,14904.0,23,1
Male,25-44,47170.0,10810.0,19,1
Male,25-44,33140.0,15372.0,24,1
Male,25-44,39726.0,15319.0,7,1
Female,25-44,34271.0,8679.0,21,1
Male,45plus,35152.0,16192.0,5,0
Female,25-44,53138.0,20865.0,20,1
Male,45plus,47270.0,13169.0,13,1
Female,under25,34643.0,9715.0,14,1
Male,25-44,36163.0,13442.0,2,0
Female,45plus,25854.0,19015.0,21,1
Male,25-44,31804.0,7778.0,6,1
Female,under25,37231.0,17524.0,14,1
Female,25-44,43319.0,10739.0,4,1
Female,25-44,42178.0,15707.0,23,1
Female,25-44,21271.0,11353.0,8,0
Male,25-44,44741.0,11338.0,19,1
Male,25-44,32751.0,22625.0,19,1
Male,25-44,22646.0,6790.0,13,1
Male,under25,48784.0,17021.0,3,1
Female,25-44,50212.0,23749.0,6,1
Female,25-44,36717.0,18102.0,15,1
Female,under25,41724.0,7212.0,13,1
Female,25-44,42384.0,7480.0,14,1
Female,25-44,49453.0,10341.0,6,1
Female,under25,41941.0,15252.0,13,1
Male,25-44,18814.0,15620.0,2,1
Male,under25,56360.0,7533.0,12,1
Female,25-44,45739.0,9687.0,2,1
Female,45plus,28018.0,10018.0,16,1
Male,45plus,22167.0,13424.0,14,1
Male,25-44,39429.0,25117.0,21,1
Female,25-44,30620.0,9361.0,11,0
Male,25-44,37462.0,9124.0,4,1
Male,45plus,42113.0,8281.0,5,1
Female,45plus,27377.0,17832.0,20,0
Female,under25,21194.0,14177.0,23,1
Male,under25,38090.0,9561.0,1,1
Female,25-44,27749.0,12441.0,16,1
Male,45plus,35393.0,10126.0,12,1
Female,45plus,18638.0,15998.0,6,1
Male,under25,30913.0,28895.0,12,1
Female,25-44,41793.0,17374.0,23,1
Male,under25,40567.0,13898.0,4,1
Male,25-44,24881.0,10809.0,20,1
Female,45plus,20607.0,7146.0,2,1
Male,25-44,33927.0,18362.0,18,1
Male,under25,40061.0,18068.0,1,1
Male,25-44,38308.0,11883.0,1,1
Female,25-44,27988.0,20952.0,0,0
Female,45plus,37100.0,14514.0,20,1
Female,25-44,50651.0,18584.0,14,1
Male,45plus,36058.0,15999.0,17,1
Male,25-44,15377.0,13443.0,3,0
Male,under25,36036.0,9244.0,23,1
Female,25-44,56744.0,13614.0,20,1
Female,under25,19267.0,18947.0,12,1
Female,25-44,34084.0,11656.0,22,1
Female,25-44,31204.0,16774.0,3,0
Male,under25,34828.0,8554.0,7,1
Female,under25,35936.0,18612.0,1,0
Male,under25,46575.0,16090.0,4,0
Male,under25,34704.0,7908.0,21,1
Male,45plus,48119.0,13190.0,10,1
Male,45plus,32426.0,19430.0,16,1
Male,under25,29811.0,7601.0,22,1
Male,45plus,26222.0,8617.0,19,1
Male,45plus,13308.0,14025.0,9,0
Female,45plus,36853.0,25920.0,8,0
Male,25-44,56858.0,10768.0,2,1
Male,25-44,38906.0,17075.0,20,1
Female,25-44,41476.0,15805.0,24,1
Female,45plus,29104.0,11217.0,12,1
Male,45plus,31001.0,15270.0,12,1
Male,25-44,44828.0,11982.0,21,1
Female,25-44,56348.0,12468.0,8,1
Male,45plus,50489.0,5429.0,10,1
Male,45plus,42809.0,14268.0,22,1
Female,25-44,34145.0,19256.0,9,1
Male,25-44,36110.0,14710.0,23,1
Female,25-44,25273.0,20289.0,4,0
Female,25-44,17458.0,17534.0,12,0
Female,25-44,21074.0,14079.0,12,1
Male,45plus,34310.0,11009.0,7,1
Male,45plus,30465.0,11774.0,24,1
Male,25-44,17218.0,6459.0,12,1
Male,25-44,33330.0,12958.0,21,1
Female,25-44,30168.0,15188.0,5,0
Male,under25,20555.0,23664.0,8,0
Female,25-44,29585.0,17253.0,11,1
Female,under25,30140.0,9730.0,14,1
Female,25-44,26812.0,6628.0,5,0
Male,under25,44175.0,13285.0,7,1
Male,25-44,12342.0,18784.0,15,0
Female,45plus,11410.0,13208.0,6,0
Female,25-44,33787.0,17327.0,18,1
Female,25-44,34832.0,13422.0,11,1
Female,45plus,38297.0,18272.0,24,1
Female,25-44,27686.0,5774.0,5,1
Male,under25,23423.0,23062.0,21,1
Female,25-44,33668.0,8392.0,12,1
Male,25-44,28782.0,18686.0,2,1
Female,25-44,51200.0,12930.0,17,1
Female,under25,30103.0,13774.0,5,1
Male,25-44,33152.0,13098.0,3,0
Male,25-44,61598.0,15781.0,13,1
Male,25-44,31559.0,16870.0,19,1
Female,25-44,40006.0,20115.0,6,1
Male,under25,41021.0,22003.0,15,1
Male,25-44,41978.0,16192.0,0,1
Male,45plus,37006.0,23654.0,4,1
Male,25-44,35931.0,14902.0,18,1
Male,25-44,34879.0,20218.0,0,0
Male,25-44,27270.0,16715.0,8,1
Male,25-44,37412.0,11434.0,12,0
Male,45plus,56572.0,15378.0,1,1
Male,25-44,47370.0,17117.0,24,1
Male,25-44,37169.0,14226.0,12,1
Male,45plus,43378.0,16629.0,8,1
Female,45plus,23972.0,19073.0,24,1
Male,25-44,30819.0,14274.0,13,1
Male,under25,44414.0,1800.0,16,1
Male,under25,50481.0,23463.0,2,1
Male,25-44,25078.0,12793.0,3,1
Male,25-44,28310.0,9954.0,1,0
Male,25-44,58291.0,8330.0,12,1
Female,45plus,34833.0,12583.0,20,1
Male,25-44,54262.0,11362.0,22,1
Male,under25,36077.0,10420.0,14,1
Male,under25,36520.0,10716.0,1,1
Male,25-44,30314.0,17260.0,15,1
Male,25-44,44354.0,25364.0,15,1
Female,45plus,49025.0,18831.0,14,1
Female,under25,22106.0,20462.0,18,0
Male,under25,29785.0,12362.0,13,1
Male,25-44,44044.0,14965.0,17,1
Male,25-44,32293.0,16703.0,12,1
Male,25-44,28199.0,10839.0,3,1
Female,45plus,45107.0,12101.0,1,1
Male,25-44,46164.0,19014.0,22,1
Male,25-44,28691.0,20288.0,11,0
Female,45plus,36139.0,14764.0,8,1
Male,under25,20155.0,7946.0,7,1
Male,45plus,23676.0,12803.0,1,0
Female,25-44,35146.0,6617.0,23,1
Male,25-44,34103.0,14806.0,2,0
Male,45plus,22873.0,15779.0,5,0
Male,25-44,25695.0,12938.0,11,1
Female,25-44,21768.0,15705.0,8,0
Male,25-44,38870.0,16651.0,0,1
Male,25-44,11614.0,15787.0,8,0
Male,25-44,22370.0,7912.0,19,1
Male,25-44,12792.0,13032.0,6,0
Female,45plus,38464.0,16613.0,21,1
Male,25-44,13469.0,22925.0,9,0
Female,25-44,34107.0,12931.0,0,0
Female,under25,52195.0,17374.0,2,1
Female,25-44,52576.0,19142.0,20,1
Male,under25,13433.0,13338.0,10,1
Female,under25,37107.0,20601.0,24,1
Female,25-44,22624.0,20892.0,19,1
Male,under25,20327.0,21854.0,0,0
Female,25-44,32474.0,16876.0,7,1
Female,25-44,47568.0,27145.0,18,1
Male,25-44,40496.0,11077.0,1,1
Female,45plus,25705.0,25870.0,24,1
Male,45plus,41682.0,18549.0,4,0
Female,25-44,9000.0,21638.0,19,1
Female,45plus,25280.0,12672.0,21,1
Male,45plus,24482.0,18960.0,12,1
Female,25-44,34631.0,22106.0,20,1
Male,45plus,31468.0,8528.0,22,1
Female,under25,32158.0,13518.0,18,1
Female,25-44,31784.0,2837.0,17,1
Male,25-44,34002.0,13437.0,9,1
Male,under25,39826.0,9994.0,7,1
Male,25-44,35430.0,13224.0,21,1
Male,45plus,30551.0,30188.0,5,0
Male,25-44,38270.0,23676.0,10,1
Male,under25,43044.0,6627.0,12,1
Male,under25,27495.0,17401.0,9,1
Male,25-44,33082.0,18715.0,9,0
Female,45plus,46822.0,12576.0,14,1
Female,45plus,21344.0,15363.0,8,0
Female,25-44,54053.0,15890.0,24,1
Male,25-44,18685.0,7128.0,4,1
Female,under25,29865.0,8831.0,9,1
Female,25-44,23060.0,15331.0,21,1
Male,45plus,58364.0,14936.0,11,1
Male,45plus,28088.0,10574.0,17,1
Female,25-44,28115.0,10111.0,16,1
Male,25-44,29579.0,13915.0,8,1
Male,25-44,34826.0,19185.0,18,1
Female,25-44,30055.0,13987.0,5,1
Male,25-44,32255.0,23162.0,18,1
Male,25-44,9000.0,10642.0,3,0
Female,25-44,34393.0,15443.0,17,1
Female,45plus,33950.0,12487.0,2,1
Male,25-44,45434.0,17575.0,21,1
Female,under25,48477.0,10179.0,15,1
Female,25-44,31638.0,24808.0,1,1
Male,25-44,42932.0,5270.0,2,1
Female,25-44,21357.0,23664.0,4,0
Male,25-44,42382.0,14886.0,24,1
Male,45plus,27310.0,17384.0,14,1
Female,25-44,20422.0,21606.0,6,0
Male,25-44,31662.0,19031.0,6,0
Female,45plus,49505.0,10458.0,0,1
Female,25-44,35786.0,17641.0,5,0
Male,25-44,50585.0,24484.0,21,1
Female,under25,25327.0,9608.0,14,1
Male,25-44,45538.0,25840.0,9,1
Female,45plus,26414.0,16483.0,0,0
Male,45plus,36285.0,12061.0,8,1
Female,25-44,36188.0,9576.0,9,1
Female,25-44,41192.0,13194.0,2,1
Male,25-44,36571.0,3841.0,15,1
Female,45plus,25434.0,12158.0,16,1
Female,25-44,43654.0,12980.0,24,1
Female,45plus,53231.0,8599.0,8,1
Female,under25,27182.0,18438.0,6,0
Female,under25,13104.0,13218.0,20,0
Male,under25,39368.0,10966.0,8,1
Male,under25,30024.0,12643.0,15,1
Male,45plus,32275.0,16318.0,18,1
Female,25-44,40007.0,14795.0,21,1
Male,25-44,28616.0,10615.0,7,1
Male,25-44,30725.0,15079.0,15,1
Male,25-44,32624.0,14126.0,3,1
Female,25-44,50284.0,8247.0,19,1
Male,under25,34088.0,12842.0,1,1
Female,25-44,19849.0,17528.0,17,1
Male,under25,20296.0,17490.0,5,0
Female,45plus,35316.0,13158.0,11,1
Male,25-44,21044.0,18055.0,1,1
Male,45plus,16174.0,9108.0,17,1
Female,45plus,40900.0,9275.0,12,1
Female,under25,41450.0,13043.0,16,1
Male,under25,29608.0,22486.0,8,1
Male,45plus,37054.0,15282.0,0,1
Female,25-44,35866.0,12913.0,14,1
Female,25-44,40527.0,22738.0,17,1
Male,under25,40553.0,12850.0,16,1
Male,25-44,9000.0,26467.0,6,0
Female,25-44,31045.0,11639.0,17,1
Female,45plus,39577.0,8937.0,13,1
Female,25-44,29132.0,13502.0,5,1
Female,45plus,34157.0,13054.0,2,1
Male,25-44,42195.0,10039.0,8,1
Female,under25,34660.0,28451.0,0,1
Female,25-44,50714.0,16121.0,17,1
Female,25-44,46429.0,16906.0,0,1
Male,25-44,32416.0,11906.0,1,0
Male,25-44,31522.0,11281.0,3,0
Female,25-44,9000.0,19938.0,8,0
Male,25-44,30076.0,5350.0,0,1
Female,25-44,18526.0,8229.0,15,1
Male,25-44,36238.0,13064.0,3,1
Female,25-44,35470.0,21695.0,20,1
Female,25-44,41578.0,12378.0,13,1
Male,25-44,49462.0,16647.0,2,1
Male,25-44,33454.0,14549.0,10,1
Female,25-44,59404.0,21400.0,3,1
Female,25-44,36365.0,5843.0,24,1
Male,under25,19010.0,18374.0,14,0
Female,25-44,27427.0,13326.0,20,1
Female,25-44,29557.0,19394.0,9,1
Male,25-44,40412.0,9976.0,3,1
Male,45plus,23093.0,14531.0,5,1
Male,45plus,30398.0,13846.0,10,0
Male,under25,31938.0,8986.0,19,1
Male,25-44,28708.0,7486.0,10,1
Male,25-44,42878.0,11266.0,23,1
Female,45plus,40965.0,15102.0,9,1
Male,25-44,46874.0,10313.0,5,1
Female,25-44,30026.0,12618.0,12,1
Male,25-44,47278.0,4216.0,2,1
Male,25-44,18405.0,12398.0,16,1
Female,25-44,18130.0,19928.0,2,0
Female,25-44,20095.0,18208.0,16,1
Male,25-44,33854.0,13930.0,9,1
Male,25-44,47277.0,15716.0,8,1
Male,45plus,26976.0,9927.0,15,0
Male,45plus,28388.0,23172.0,17,1
Male,25-44,31320.0,25566.0,23,1
Male,25-44,40194.0,15290.0,7,0
Male,under25,28377.0,28390.0,20,1
Male,45plus,27749.0,10727.0,20,1
Female,45plus,18614.0,7645.0,24,1
Female,25-44,27318.0,10568.0,24,1
Male,45plus,46996.0,13215.0,19,1
Male,under25,34773.0,26885.0,7,0
Male,25-44,25426.0,12882.0,17,1
Male,25-44,47656.0,9758.0,19,1
Female,under25,27166.0,9548.0,7,1
Female,25-44,49724.0,20556.0,20,1
Female,25-44,49540.0,19786.0,17,1
Female,45plus,34380.0,11778.0,12,1
Female,25-44,16892.0,4270.0,21,1
Female,45plus,59507.0,8305.0,2,1
Male,45plus,38107.0,23694.0,17,1
Male,25-44,30106.0,18120.0,19,1
Male,45plus,44506.0,14754.0,1,1
Female,25-44,41651.0,24492.0,10,1
Male,25-44,48498.0,24975.0,12,1
Female,under25,26299.0,14206.0,5,1
Female,25-44,37333.0,14306.0,21,1
Male,45plus,20409.0,11257.0,15,1
Male,25-44,41246.0,12863.0,6,1
Male,25-44,33492.0,6374.0,10,1
Male,25-44,36911.0,6352.0,2,1
Female,25-44,32104.0,5098.0,2,1
Female,45plus,30926.0,20255.0,18,1
Female,25-44,23983.0,5969.0,24,1
Male,45plus,42642.0,24930.0,6,1
Male,25-44,50510.0,10456.0,6,1
Male,45plus,27488.0,23782.0,17,1
Female,25-44,39977.0,12429.0,12,1
Female,25-44,38612.0,5943.0,3,1
Male,under25,33841.0,21333.0,16,1
Female,25-44,16576.0,21970.0,5,0
Male,45plus,19107.0,9508.0,2,1
Female,25-44,24964.0,12609.0,11,1
Male,under25,9686.0,9508.0,18,1
Male,45plus,49590.0,13749.0,13,1
Female,under25,37887.0,14982.0,16,1
Male,25-44,33413.0,12503.0,5,1
Male,45plus,9110.0,4578.0,12,1
Male,25-44,13232.0,11264.0,17,1
Male,45plus,33724.0,18199.0,13,1
Female,25-44,55918.0,13272.0,5,1
Female,45plus,25890.0,12632.0,23,1
Female,25-44,43468.0,9374.0,1,1
Male,25-44,28351.0,11106.0,22,1
Male,25-44,34372.0,22009.0,18,1
Male,45plus,47415.0,8245.0,2,1
Male,25-44,29858.0,18292.0,6,1
Male,45plus,25986.0,14654.0,9,0
Female,25-44,49703.0,15722.0,23,1
Female,25-44,34262.0,10445.0,12,1
Female,45plus,46026.0,12500.0,6,1
Male,25-44,26041.0,14369.0,22,1
Male,25-44,49575.0,11588.0,2,1
Male,45plus,36828.0,16190.0,20,1
Male,under25,38642.0,16870.0,20,1
Male,under25,35230.0,26132.0,9,1
Male,25-44,28064.0,15902.0,1,1
Male,25-44,33731.0,4074.0,22,1
Female,25-44,28771.0,20680.0,24,1
Male,under25,44545.0,13299.0,9,1
Female,25-44,31466.0,25265.0,4,1
Male,25-44,16914.0,22343.0,6,0
Female,under25,14857.0,11671.0,3,0
Male,25-44,14324.0,18298.0,15,0
Male,25-44,40702.0,11192.0,12,1
Male,under25,20795.0,14414.0,8,0
Male,25-44,37126.0,18050.0,16,1
Female,45plus,35287.0,20410.0,15,1
Male,25-44,33022.0,19234.0,0,0
Female,25-44,38682.0,14805.0,10,1
Male,25-44,35531.0,27811.0,21,1
Male,25-44,9000.0,12429.0,19,0
Male,45plus,30110.0,5721.0,21,1
Male,45plus,38533.0,6761.0,23,1
Female,45plus,52203.0,22360.0,1,1
Female,25-44,52723.0,13986.0,6,1
Female,25-44,18415.0,15259.0,11,1
Male,under25,29816.0,11470.0,12,1
Male,25-44,16131.0,11956.0,19,0
Female,25-44,50848.0,10149.0,18,1
Male,25-44,45145.0,16944.0,17,1
Male,under25,37694.0,13874.0,3,1
Male,45plus,35618.0,16749.0,16,1
Female,under25,49282.0,16233.0,19,1
Female,under25,47378.0,12100.0,18,1
Female,45plus,46778.0,6523.0,14,1
Female,45plus,38888.0,6052.0,2,1
Male,25-44,29822.0,30744.0,3,0
Female,25-44,42380.0,22382.0,18,1
Male,25-44,42931.0,21637.0,21,1
Female,under25,31605.0,10757.0,20,1
Male,25-44,29798.0,14451.0,10,0
Female,25-44,46500.0,9997.0,14,1
Male,25-44,52472.0,7315.0,4,1
Male,25-44,25319.0,11220.0,14,1
Male,25-44,30787.0,21561.0,4,1
Male,45plus,37698.0,18940.0,19,1
Male,under25,39224.0,9162.0,19,1
Female,under25,27874.0,12700.0,1,0
Male,25-44,54940.0,18446.0,23,1
Female,45plus,38498.0,11317.0,19,1
Male,25-44,39728.0,14830.0,9,1
Female,45plus,53537.0,16570.0,11,1
Male,25-44,28698.0,16511.0,1,1
Female,25-44,32756.0,15772.0,23,1
Female,25-44,19650.0,10870.0,2,0
Male,25-44,31811.0,11425.0,23,1
Female,45plus,17000.0,8278.0,16,1
Male,under25,42164.0,5969.0,22,1
Male,25-44,38475.0,13781.0,9,1
Female,25-44,30633.0,18808.0,22,1
Female,25-44,32620.0,6946.0,10,1
Male,25-44,42316.0,15874.0,8,1
Male,25-44,20972.0,18637.0,8,0
Female,45plus,36047.0,4482.0,23,1
Female,45plus,41620.0,12939.0,11,1
Female,45plus,13700.0,23289.0,11,0
Male,25-44,41456.0,17381.0,16,1
Female,25-44,14917.0,4299.0,13,1
Male,25-44,32427.0,17955.0,13,1
Female,25-44,20662.0,10363.0,9,0
Male,25-44,49852.0,18133.0,4,1
Female,25-44,20732.0,10674.0,24,1
Male,under25,15185.0,14114.0,12,1
Female,under25,35250.0,11498.0,24,1
Female,45plus,29096.0,14417.0,11,1
Male,under25,16823.0,11336.0,14,1
Female,25-44,39665.0,13193.0,13,1
Male,25-44,11346.0,8051.0,24,1
Female,under25,22092.0,17050.0,2,0
Male,45plus,27279.0,15347.0,12,1
Male,under25,42775.0,5671.0,3,1
Male,45plus,48324.0,19761.0,21,1
Male,45plus,46156.0,13448.0,13,1
Male,25-44,32026.0,15274.0,23,1
Female,under25,9000.0,18528.0,6,0
Female,25-44,38147.0,16172.0,4,1
Female,25-44,50294.0,20692.0,15,1
Male,25-44,47630.0,12816.0,3,1
Male,45plus,38958.0,19986.0,9,1
Male,25-44,20368.0,15064.0,7,0
Female,45plus,27840.0,17141.0,5,1
Female,under25,55505.0,16580.0,3,1
Male,45plus,17812.0,21100.0,16,1
Female,25-44,20836.0,18295.0,18,1
Male,25-44,44354.0,12008.0,9,1
Male,25-44,28900.0,10937.0,7,1
Male,under25,20456.0,14131.0,3,0
Male,45plus,50940.0,10295.0,16,1
Female,25-44,38937.0,8718.0,20,1
Female,25-44,29455.0,2909.0,13,1
Male,25-44,20860.0,6034.0,10,1
Male,25-44,56783.0,25121.0,16,1
Female,under25,33475.0,10855.0,22,1
Female,under25,49470.0,24679.0,24,1
Female,under25,43804.0,16577.0,4,1
Male,25-44,27890.0,14131.0,11,1
Female,under25,27980.0,6296.0,21,1
Male,45plus,50021.0,14425.0,15,1
Female,25-44,50204.0,24618.0,20,1
Male,25-44,12634.0,22811.0,24,1
Female,25-44,39935.0,15880.0,2,1
Male,25-44,32386.0,8197.0,15,1
Male,25-44,22125.0,9231.0,13,0
Female,25-44,36694.0,9796.0,7,1
Female,25-44,18567.0,21302.0,16,0
Male,25-44,28502.0,23211.0,2,1
Female,25-44,24767.0,15458.0,12,1
Female,45plus,28127.0,12764.0,10,1
Male,25-44,32946.0,22763.0,9,1
Male,25-44,22325.0,9116.0,15,1
Male,under25,51448.0,14680.0,23,1
Female,25-44,39299.0,16900.0,23,1
Male,45plus,53938.0,9741.0,17,1
Male,under25,31949.0,10966.0,8,1
Female,25-44,27576.0,10546.0,24,1
Female,25-44,53532.0,22050.0,24,1
Female,under25,27247.0,24737.0,21,1
Female,45plus,31744.0,15020.0,21,1
Female,25-44,41851.0,12952.0,20,1
Female,45plus,19826.0,11161.0,19,1
Female,25-44,41752.0,14409.0,18,1
Male,45plus,40312.0,11429.0,15,1
Male,25-44,48030.0,13876.0,16,1
Male,25-44,43763.0,16631.0,9,1
Female,45plus,48375.0,12211.0,22,1
Male,25-44,32508.0,13376.0,15,1
Male,25-44,24045.0,13398.0,15,1
Female,45plus,57488.0,12686.0,18,1
Male,25-44,16575.0,12016.0,1,1
Male,25-44,17702.0,18516.0,22,1
Female,25-44,40108.0,4838.0,14,1
Female,45plus,52031.0,22901.0,23,1
Male,45plus,35882.0,15132.0,2,1
Male,25-44,44992.0,17694.0,5,1
Male,25-44,11297.0,18315.0,23,1
Female,under25,28130.0,10577.0,17,1
Female,25-44,12668.0,9463.0,16,1
Male,45plus,42530.0,8825.0,10,1
Female,25-44,16344.0,13066.0,13,0
Male,under25,19375.0,18176.0,13,0
Male,25-44,39532.0,11247.0,4,1
Female,25-44,45695.0,17683.0,14,1
Male,45plus,31961.0,1800.0,12,1
Male,under25,40165.0,12318.0,7,1
Male,25-44,39800.0,20703.0,8,1
Female,45plus,31327.0,13477.0,19,1
Female,45plus,21434.0,9922.0,16,1
Female,under25,40105.0,10853.0,11,1
Male,45plus,40647.0,1800.0,15,1
Male,25-44,43808.0,8936.0,6,1
Female,45plus,37261.0,20109.0,12,1
Male,under25,20605.0,11254.0,14,1
Female,25-44,41516.0,11892.0,6,1
Female,25-44,33734.0,1808.0,4,1
Male,25-44,28319.0,5594.0,13,1
Female,25-44,30435.0,20826.0,23,1
Male,25-44,25984.0,17734.0,11,0
Male,25-44,43750.0,7394.0,22,1
Female,under25,17796.0,10995.0,21,1
Male,25-44,22574.0,14242.0,18,1
Female,25-44,30051.0,7941.0,22,1
Female,45plus,51904.0,3578.0,10,1
Female,45plus,45610.0,13540.0,18,1
Female,25-44,15290.0,17492.0,3,0
Male,under25,48952.0,17596.0,7,1
Male,25-44,48931.0,19126.0,14,1
Female,25-44,20542.0,6011.0,0,1
Female,45plus,9000.0,14712.0,19,1
Male,25-44,32938.0,12950.0,23,1
Male,under25,46377.0,13929.0,2,1
Male,under25,51652.0,13256.0,24,1
Male,25-44,23954.0,10833.0,2,1
Female,45plus,53460.0,1800.0,3,1
Male,25-44,9000.0,20674.0,19,0
Female,25-44,29609.0,16182.0,17,1
Female,25-44,29056.0,6385.0,23,1
Female,45plus,46714.0,16955.0,10,1
Male,25-44,48356.0,11984.0,14,1
Male,45plus,44485.0,12137.0,3,1
Female,45plus,18556.0,10251.0,17,1
Female,25-44,43454.0,17300.0,24,1
Male,45plus,39477.0,10081.0,14,1
Female,25-44,14948.0,8477.0,23,1
Male,25-44,10496.0,20511.0,9,1
Female,under25,45428.0,13434.0,24,1
Male,25-44,31724.0,13604.0,13,1
Male,25-44,19292.0,18140.0,3,0
Male,under25,31408.0,10795.0,9,1
Male,under25,37846.0,11872.0,12,1
Male,25-44,32818.0,16051.0,1,0
Male,25-44,16290.0,6077.0,22,1
Male,25-44,54962.0,15594.0,5,1
Female,25-44,45047.0,10319.0,16,1
Male,45plus,29977.0,19020.0,22,1
Female,45plus,30430.0,17352.0,10,1
Female,under25,37794.0,16638.0,15,1
Male,25-44,21042.0,5722.0,12,1
Male,25-44,37380.0,13842.0,19,1
Female,45plus,18779.0,8042.0,0,0
Female,25-44,32956.0,14201.0,8,1
Male,45plus,20603.0,1897.0,15,1
Female,under25,21172.0,6080.0,2,0
Male,25-44,52264.0,20821.0,21,1
Male,45plus,34416.0,16393.0,15,1
Female,25-44,36083.0,12489.0,0,1
Male,45plus,11122.0,9493.0,0,0
Female,under25,27034.0,8545.0,3,1
Male,under25,38938.0,15481.0,16,1
Female,under25,35934.0,12544.0,12,1
Male,under25,9518.0,22752.0,12,0
Male,under25,36080.0,13402.0,14,1
Male,25-44,37874.0,14717.0,12,1
Male,25-44,48192.0,6902.0,8,1
Female,25-44,26379.0,12452.0,0,0
Male,25-44,9000.0,15356.0,0,0
Male,under25,22536.0,12387.0,17,1
Male,25-44,21408.0,11777.0,18,1
Male,under25,42038.0,16165.0,5,1
Female,45plus,9000.0,22580.0,6,0
Male,under25,28706.0,15183.0,10,1
Female,25-44,49790.0,20578.0,16,1
Male,45plus,33831.0,17757.0,14,1
Female,25-44,43834.0,20255.0,13,1
Male,25-44,15280.0,11108.0,0,1
Male,25-44,15728.0,13282.0,10,0
Female,under25,49919.0,13305.0,18,1
Female,25-44,34888.0,17350.0,14,1
Female,45plus,34912.0,18679.0,20,1
Male,45plus,21171.0,15075.0,17,1
Male,25-44,34884.0,19134.0,22,1
Female,25-44,20858.0,11358.0,14,1
Male,45plus,47102.0,19181.0,14,1
Female,25-44,64438.0,19886.0,13,1
Female,25-44,39194.0,18058.0,6,1
Female,under25,26607.0,15124.0,10,0
Female,under25,9000.0,18252.0,4,0
Female,25-44,14800.0,9572.0,10,0
Male,under25,51242.0,15471.0,3,1
Male,under25,22172.0,16023.0,12,1
Female,under25,29578.0,7221.0,23,1
Male,45plus,41122.0,16963.0,11,1
Male,under25,50426.0,7656.0,18,1
Male,under25,31504.0,12089.0,10,1
Female,25-44,29198.0,14615.0,22,1
Female,25-44,34556.0,10454.0,5,1
Female,45plus,26689.0,14846.0,20,1
Male,45plus,27295.0,14759.0,18,1
Male,25-44,38384.0,9971.0,22,1
Male,25-44,35834.0,17467.0,3,1
Male,25-44,57730.0,10274.0,22,1
Female,under25,38687.0,26755.0,22,1
Female,25-44,46700.0,13809.0,7,1
Male,under25,21698.0,8075.0,15,1
Male,under25,39658.0,9085.0,14,0
Male,25-44,25616.0,20596.0,1,1
Female,under25,38199.0,12190.0,13,1
Female,under25,41496.0,7035.0,16,1
Male,25-44,34311.0,19010.0,5,1
Female,25-44,60832.0,12156.0,9,1
Male,under25,49815.0,17929.0,14,1
Male,under25,46994.0,19452.0,23,1
Female,under25,42348.0,15882.0,1,1
Male,25-44,53588.0,27338.0,23,1
Male,45plus,17584.0,5087.0,20,1
Female,45plus,49166.0,9983.0,21,1
Male,25-44,22598.0,13018.0,1,0
Female,25-44,27401.0,26610.0,14,0
Male,45plus,40066.0,24109.0,9,1
Male,25-44,47624.0,21359.0,22,1
Male,under25,20772.0,10112.0,18,1
Male,under25,27984.0,10742.0,16,1
Male,25-44,34847.0,9926.0,0,1
Male,25-44,31654.0,10169.0,21,1
Female,under25,43358.0,22460.0,12,1
Male,25-44,72404.0,13083.0,4,1
Male,25-44,38468.0,13798.0,21,1
Male,25-44,25479.0,18581.0,22,1
Male,25-44,19164.0,5417.0,12,0
Male,25-44,30091.0,14684.0,16,1
Female,25-44,23172.0,8477.0,15,1
Male,25-44,39010.0,12811.0,7,1
Female,under25,38835.0,11233.0,18,1
Female,45plus,28539.0,10955.0,24,1
Male,25-44,56080.0,15618.0,23,1
Male,under25,25476.0,15594.0,17,1
Male,25-44,32407.0,13213.0,9,1
Female,45plus,40940.0,16402.0,22,1
Male,45plus,43786.0,9709.0,23,1
Female,45plus,48123.0,18081.0,0,1
Female,25-44,38570.0,13287.0,8,1
Female,25-44,45573.0,11788.0,13,1
Male,25-44,26267.0,10108.0,14,1
Female,under25,44078.0,13097.0,17,1
Male,25-44,43928.0,24502.0,12,1
Male,25-44,50770.0,14058.0,0,1
Male,under25,14980.0,8221.0,4,1
Female,45plus,23544.0,19362.0,19,1
Female,25-44,43010.0,11851.0,17,1
Female,under25,9000.0,15933.0,16,0
Male,25-44,39285.0,11129.0,11,1
Female,45plus,45673.0,21316.0,6,1
Male,45plus,27266.0,11210.0,7,1
Male,25-44,28910.0,21948.0,17,1
Female,45plus,21666.0,8734.0,12,1
Male,45plus,27883.0,12819.0,3,1
Male,45plus,28208.0,21960.0,9,0
Female,45plus,26068.0,15308.0,20,1
Male,25-44,25451.0,26666.0,14,0
Male,45plus,30701.0,12946.0,21,1
Male,25-44,30565.0,15788.0,12,1
Male,45plus,54834.0,24688.0,12,1
Female,under25,29315.0,6224.0,23,1
Female,45plus,37622.0,5556.0,12,1
Male,45plus,27260.0,10104.0,3,0
Male,25-44,27117.0,18792.0,10,1
Male,45plus,14576.0,5707.0,16,1
Female,25-44,16072.0,17624.0,8,0
Female,under25,20171.0,17244.0,10,0
Female,under25,35816.0,25277.0,21,1
Male,45plus,45857.0,20046.0,10,1
Male,25-44,13650.0,16366.0,7,0
Male,25-44,27573.0,21740.0,2,0
Female,25-44,18373.0,17310.0,10,0
Male,25-44,30777.0,11916.0,19,1
Female,25-44,45853.0,8219.0,7,1
Female,45plus,28723.0,11326.0,11,1
Male,25-44,33215.0,14184.0,16,1
Male,45plus,50121.0,15345.0,23,1
Male,25-44,38902.0,2870.0,20,1
Male,45plus,25199.0,13215.0,7,0
Male,25-44,35538.0,14554.0,4,0
Female,25-44,24440.0,17356.0,16,1
Male,under25,38480.0,23185.0,6,1
Male,25-44,39548.0,15403.0,9,1
Female,25-44,18370.0,9489.0,2,0
Female,45plus,35720.0,4583.0,19,1
Male,25-44,32427.0,18110.0,4,0
Female,under25,39878.0,9706.0,9,1
Female,25-44,43102.0,19081.0,10,1
Female,45plus,39122.0,21946.0,1,1
Female,25-44,30339.0,6062.0,19,1
Male,under25,44250.0,17391.0,15,1
Female,25-44,23928.0,21380.0,13,0
Male,25-44,18894.0,19903.0,4,0
Female,25-44,9000.0,3080.0,1,0
Female,25-44,32961.0,9790.0,1,1
Male,25-44,24508.0,7487.0,15,1
Male,25-44,38224.0,17227.0,18,1
Female,25-44,11574.0,16632.0,19,0
Female,under25,26469.0,1800.0,20,1
Male,45plus,39040.0,12776.0,9,1
Female,25-44,22164.0,18724.0,0,0
Female,25-44,38354.0,15199.0,6,1
Male,under25,27484.0,15190.0,19,1
Male,25-44,33381.0,12429.0,19,1
Male,45plus,40445.0,8681.0,12,1
Female,under25,44469.0,14308.0,0,1
Male,under25,34790.0,14682.0,19,1
Female,under25,24592.0,17723.0,20,1
Male,25-44,28597.0,18161.0,5,0
Female,45plus,40916.0,14864.0,20,1
Male,25-44,22261.0,20312.0,15,1
Male,25-44,31747.0,12375.0,22,1
Female,45plus,29409.0,6602.0,15,1
Male,45plus,32588.0,16976.0,2,0
Male,25-44,22396.0,15082.0,16,1
Female,under25,12916.0,17084.0,2,1
Female,25-44,39608.0,7572.0,6,1
Female,45plus,44596.0,24070.0,21,1
Male,25-44,13588.0,18237.0,24,1
Female,25-44,37900.0,12845.0,11,1
Female,45plus,45936.0,9348.0,7,1
Male,25-44,40454.0,20217.0,9,1
Male,25-44,29062.0,8450.0,6,1
Female,under25,23136.0,26611.0,14,0
Male,45plus,34661.0,11089.0,10,1
Female,25-44,36538.0,23691.0,1,0
Female,25-44,34828.0,13404.0,15,1
Female,under25,31724.0,22936.0,16,1
Male,45plus,21570.0,10432.0,16,0
Male,45plus,38505.0,14502.0,23,1
Male,25-44,39047.0,18745.0,17,1
Male,25-44,36009.0,17975.0,16,1
Female,45plus,34999.0,20344.0,5,1
Female,45plus,52642.0,11768.0,11,1
Male,25-44,26726.0,14858.0,10,1
Male,25-44,48166.0,21141.0,24,1
Female,45plus,25492.0,10591.0,11,1
Male,45plus,46226.0,17492.0,17,1
Male,25-44,47626.0,13216.0,13,1
Male,25-44,30453.0,15512.0,1,1
Female,25-44,52436.0,14856.0,23,1
Male,45plus,39027.0,10143.0,16,1
Female,25-44,23881.0,12992.0,5,0
Male,under25,29541.0,15183.0,1,0
Female,under25,46493.0,13846.0,23,1
Male,45plus,44134.0,22892.0,7,1
Male,45plus,21847.0,19854.0,0,0
Male,45plus,32183.0,15966.0,15,1
Male,25-44,36040.0,10279.0,0,0
Male,45plus,28040.0,9950.0,5,1
Male,45plus,60275.0,25059.0,22,1
Male,25-44,36379.0,8947.0,0,1
Male,under25,33055.0,15015.0,18,1
Female,45plus,47147.0,16349.0,15,1
Male,under25,29642.0,12719.0,7,1
Female,25-44,45083.0,8988.0,7,1
Female,25-44,14988.0,10162.0,11,0
Male,25-44,28646.0,11449.0,13,1
Female,25-44,45552.0,10569.0,22,1
Female,45plus,51415.0,21569.0,6,1
Female,25-44,25051.0,14350.0,14,1
Male,45plus,23740.0,11571.0,17,1
Male,25-44,40134.0,14978.0,0,0
Male,25-44,26740.0,18007.0,22,1
Male,45plus,30728.0,12539.0,24,1
Female,under25,43610.0,19271.0,2,1
Female,25-44,27628.0,7536.0,6,1
Male,45plus,11639.0,20725.0,19,1
Female,under25,19113.0,14351.0,20,1
Male,under25,33862.0,14141.0,3,1
Female,25-44,12787.0,10658.0,22,1
Male,45plus,30407.0,7770.0,8,1
Female,25-44,18089.0,5400.0,7,1
Female,25-44,52199.0,10281.0,8,1
Male,45plus,58108.0,17573.0,16,1
Male,25-44,21845.0,9209.0,5,1
Female,25-44,36638.0,6038.0,13,1
Male,25-44,22946.0,9491.0,1,1
Male,25-44,30270.0,12322.0,3,1
Female,25-44,54039.0,12534.0,19,1
Female,25-44,28500.0,13704.0,9,1
Male,under25,30532.0,19976.0,19,1
Male,25-44,23146.0,21146.0,18,1
Male,25-44,46645.0,25230.0,24,1
Female,25-44,9000.0,5626.0,3,0
Male,under25,28768.0,9778.0,23,1
Male,25-44,33234.0,18172.0,22,1
Male,45plus,26313.0,11948.0,10,1
Female,25-44,43465.0,19048.0,3,1
Male,under25,47272.0,15519.0,3,1
Female,25-44,17864.0,22928.0,12,0
Female,45plus,57302.0,20030.0,0,1
Female,25-44,17738.0,20129.0,2,0
Female,45plus,48247.0,12176.0,13,1
Female,25-44,35435.0,13874.0,14,1
Female,under25,28083.0,12751.0,21,1
Male,45plus,29144.0,6268.0,24,1
Female,25-44,33373.0,22348.0,6,1
Male,under25,36094.0,18425.0,8,1
Male,45plus,23398.0,12537.0,4,1
Female,under25,31118.0,21445.0,5,1
Female,25-44,25080.0,10996.0,10,0
Female,25-44,20080.0,4474.0,24,1
Male,25-44,24555.0,19840.0,22,1
Male,45plus,20812.0,7496.0,22,1
Male,under25,29024.0,13342.0,11,0
Male,45plus,38615.0,15513.0,16,1
Male,25-44,35108.0,16482.0,18,1
Male,45plus,55961.0,18981.0,6,1
Male,45plus,9000.0,17536.0,11,0
Female,45plus,39030.0,17369.0,13,1
Male,25-44,33822.0,10130.0,9,1
Female,25-44,42926.0,15988.0,11,1
Female,25-44,41810.0,6270.0,11,1
Male,25-44,31894.0,22836.0,1,0
Male,25-44,35692.0,6826.0,19,1
Male,45plus,25379.0,12529.0,22,1
Female,under25,40654.0,7278.0,18,1
Male,45plus,12613.0,10457.0,23,1
Male,25-44,42489.0,14473.0,10,1
Female,45plus,33489.0,11544.0,1,1
Female,under25,28270.0,20578.0,6,1
Male,under25,31134.0,15625.0,21,1
Male,45plus,31959.0,11901.0,3,1
Male,45plus,48345.0,13679.0,13,1
Male,45plus,70126.0,20986.0,0,1
Male,45plus,47474.0,19308.0,8,1
Female,25-44,27390.0,8250.0,2,1
Female,45plus,40835.0,10724.0,2,1
Male,25-44,41325.0,16964.0,4,1
Female,25-44,23342.0,16308.0,13,1
Male,25-44,19566.0,8728.0,17,0
Female,under25,33038.0,18446.0,7,1
Female,25-44,42837.0,9590.0,20,1
Female,45plus,15617.0,21441.0,9,0
Female,under25,25640.0,17259.0,18,1
Male,45plus,40192.0,8287.0,13,1
Male,25-44,34220.0,11543.0,18,1
Male,under25,49683.0,11449.0,24,1
Male,25-44,17872.0,15263.0,24,1
Female,under25,60212.0,13298.0,14,1
Male,under25,16448.0,8214.0,24,1
Female,25-44,10922.0,6871.0,17,0
Male,under25,33087.0,17365.0,6,0
Male,under25,20987.0,15945.0,23,1
Male,45plus,33314.0,14970.0,3,1
Female,under25,32920.0,15862.0,11,1
Female,45plus,31547.0,11057.0,3,0
Male,45plus,24273.0,15394.0,19,1
Male,under25,38618.0,28108.0,22,1
Female,25-44,30180.0,20742.0,20,1
Male,under25,46166.0,12843.0,2,1
Female,25-44,31720.0,11574.0,6,1
Male,under25,22898.0,1800.0,8,1
Male,45plus,14763.0,20171.0,2,0
Male,25-44,31814.0,18648.0,13,1
Male,25-44,19472.0,11463.0,0,0
Male,under25,18563.0,6669.0,15,1
Male,25-44,39684.0,8161.0,14,1
Female,25-44,13751.0,16799.0,14,1
Male,25-44,49637.0,13918.0,22,1
Male,45plus,35547.0,18135.0,19,1
Male,under25,33256.0,14867.0,6,1
Male,under25,22109.0,19621.0,14,1
Female,25-44,42350.0,16395.0,20,1
Male,25-44,33717.0,18876.0,21,1
Female,45plus,26032.0,3116.0,16,1
Male,45plus,35998.0,7735.0,2,1
Female,45plus,14818.0,12433.0,10,0
Male,under25,15352.0,20229.0,21,1
Female,25-44,21148.0,24555.0,1,0
Male,45plus,37682.0,13514.0,14,1
Male,25-44,33713.0,11098.0,13,1
Female,25-44,45551.0,3843.0,5,1
Female,25-44,23400.0,19063.0,8,0
Female,25-44,40215.0,11429.0,24,1
Male,45plus,32469.0,30375.0,14,1
Female,25-44,23140.0,10408.0,23,1
Female,45plus,38085.0,25769.0,11,1
Female,25-44,33008.0,18441.0,21,1
Male,under25,26672.0,8847.0,15,1
Female,25-44,34222.0,15654.0,22,1
Female,under25,32293.0,18565.0,8,0
Female,25-44,32021.0,13183.0,9,1
Male,under25,29108.0,18925.0,1,0
Male,25-44,19070.0,18806.0,5,1
Female,45plus,34591.0,17620.0,3,0
Male,25-44,24719.0,14311.0,4,0
Female,under25,22271.0,8055.0,7,1
Male,25-44,31042.0,13985.0,21,1
Male,45plus,42008.0,15350.0,9,1
Female,25-44,35838.0,4270.0,20,1
Male,under25,27775.0,15314.0,20,1
Male,25-44,27322.0,13877.0,24,1
Female,25-44,40903.0,7398.0,12,1
Female,25-44,9000.0,12602.0,21,0
Female,under25,42720.0,12716.0,10,1
Male,45plus,12668.0,24823.0,15,0
Male,under25,17827.0,15589.0,20,1
Female,under25,27964.0,19994.0,3,0
Male,under25,58164.0,13764.0,1,1
Male,25-44,52621.0,4281.0,4,1
Male,25-44,41698.0,18031.0,18,1
Male,25-44,37761.0,10846.0,11,1
Female,25-44,12800.0,12587.0,7,0
Female,25-44,35513.0,8714.0,19,1
Female,25-44,27572.0,14793.0,0,1
Male,45plus,24562.0,20152.0,4,0
Male,25-44,35492.0,19436.0,11,1
Male,under25,28450.0,22965.0,22,1
Male,45plus,43529.0,23731.0,18,1
Male,45plus,11971.0,3352.0,17,1
Male,25-44,34594.0,7954.0,17,1
Male,45plus,23860.0,4636.0,7,1
Female,25-44,29141.0,17813.0,11,0
Female,25-44,37177.0,10658.0,22,1
Male,45plus,21180.0,11758.0,18,1
Male,45plus,35597.0,13230.0,14,1
Female,25-44,31361.0,16466.0,2,1
Female,25-44,26318.0,6379.0,18,1
Female,25-44,28456.0,7602.0,9,1
Male,under25,32012.0,14407.0,9,1
Female,45plus,25112.0,20873.0,16,1
Male,25-44,33830.0,14263.0,9,1
Male,25-44,30620.0,10125.0,14,0
Male,25-44,26873.0,2800.0,0,1
Male,25-44,51636.0,19544.0,4,1
Male,25-44,38422.0,10426.0,13,1
Male,45plus,29444.0,8204.0,23,1
Female,25-44,35391.0,5137.0,19,1
Male,25-44,22198.0,6628.0,10,1
Male,25-44,28836.0,9210.0,24,1
Male,25-44,30149.0,13110.0,6,1
Male,under25,19724.0,7873.0,22,1
Male,25-44,38108.0,15403.0,10,1
Male,under25,28062.0,13069.0,2,1
Male,25-44,29751.0,26399.0,0,0
Female,45plus,27352.0,5196.0,24,1
Female,25-44,67040.0,15272.0,16,1
Male,25-44,26296.0,15340.0,3,0
Female,25-44,10478.0,8835.0,24,1
Female,under25,15751.0,14915.0,1,0
Female,45plus,42292.0,18556.0,8,0
Female,25-44,48785.0,14921.0,18,1
Female,under25,26080.0,21876.0,1,0
Female,under25,48138.0,2641.0,22,1
Female,45plus,42093.0,9852.0,16,1
Male,25-44,31618.0,22365.0,23,1
Male,25-44,30820.0,19325.0,20,1
Male,under25,35785.0,17319.0,20,1
Male,under25,43622.0,21059.0,5,1
Male,45plus,38219.0,4051.0,5,1
Male,under25,26136.0,18697.0,6,0
Female,under25,31790.0,20147.0,3,1
Female,25-44,56039.0,10843.0,16,1
Female,45plus,36576.0,28598.0,1,0
Male,25-44,43530.0,15460.0,10,1
Male,under25,39824.0,2559.0,14,1
Female,45plus,36825.0,16459.0,13,1
Female,25-44,34972.0,10513.0,12,1
Female,45plus,43846.0,20691.0,5,1
Female,45plus,41835.0,17359.0,2,1
Female,25-44,36718.0,11171.0,24,1
Male,25-44,25946.0,22514.0,11,1
Male,25-44,38087.0,19473.0,14,1
Male,45plus,32996.0,9929.0,14,1
Female,45plus,30282.0,13579.0,9,1
Female,45plus,63886.0,17192.0,18,1
Male,25-44,16436.0,12433.0,9,1
Female,25-44,44534.0,12595.0,10,1
Male,25-44,24045.0,14598.0,20,1
Male,25-44,35226.0,8644.0,7,1
Male,25-44,62647.0,2343.0,17,1
Male,45plus,22923.0,15692.0,16,0
Female,25-44,25606.0,3660.0,0,1
Male,under25,33553.0,9038.0,17,1
Female,25-44,24219.0,4834.0,20,1
Female,25-44,43696.0,5498.0,6,1
Male,45plus,27736.0,16702.0,22,1
Male,25-44,41108.0,13199.0,0,1
Female,25-44,18796.0,13005.0,4,1
Male,25-44,13424.0,7294.0,23,1
Female,25-44,31174.0,10858.0,21,1
Male,under25,16104.0,16433.0,18,0
Female,45plus,50830.0,14118.0,15,1
Female,45plus,16540.0,18842.0,5,0
Male,25-44,22076.0,19612.0,12,1
Male,25-44,38403.0,13038.0,14,1
Female,under25,27154.0,4398.0,2,1
Male,25-44,16668.0,10314.0,14,1
Male,25-44,56699.0,13873.0,2,1
Male,45plus,22481.0,10207.0,3,0
Male,under25,31542.0,8705.0,4,1
Female,45plus,31396.0,14777.0,4,1
Female,25-44,41741.0,27524.0,2,1
Male,25-44,38951.0,11764.0,23,1
Female,25-44,24448.0,14385.0,20,1
Male,25-44,30085.0,7315.0,12,1
Male,25-44,31197.0,21114.0,9,0
Female,45plus,42176.0,19123.0,4,1
Female,25-44,20606.0,18751.0,23,1
Male,under25,56454.0,21743.0,19,1
Male,25-44,25209.0,12092.0,18,1
Male,25-44,33652.0,12766.0,11,1
Female,25-44,20700.0,23633.0,0,1
Male,25-44,19146.0,17816.0,15,0
Male,under25,23913.0,2416.0,12,1
Female,25-44,22832.0,16856.0,7,1
Male,45plus,29090.0,11259.0,7,1
Male,45plus,22737.0,19250.0,1,1
Male,under25,41575.0,16604.0,21,1
Male,25-44,24941.0,5001.0,4,1
Male,25-44,23695.0,15852.0,20,1
Female,under25,29329.0,15538.0,24,1
Female,25-44,44920.0,16363.0,1,1
Female,under25,36167.0,17508.0,15,1
Female,under25,32629.0,22478.0,1,0
Male,25-44,17628.0,16635.0,20,1
Male,25-44,20894.0,14523.0,12,1
Female,45plus,19368.0,20599.0,0,1
Male,under25,48452.0,26510.0,19,1
Female,25-44,39718.0,19341.0,19,1
Female,25-44,24057.0,15513.0,23,0
Male,45plus,27400.0,16736.0,12,0
Male,45plus,24466.0,15782.0,23,1
Male,25-44,23784.0,14500.0,16,1
Male,25-44,38929.0,26092.0,13,1
Male,25-44,30515.0,10355.0,8,0
Male,25-44,57164.0,20636.0,7,1
Female,under25,47816.0,13720.0,15,1
Female,25-44,48482.0,6405.0,18,1
Female,under25,41302.0,13383.0,0,1
Male,45plus,28995.0,11447.0,10,1
Male,25-44,40475.0,17518.0,1,1
Male,25-44,29826.0,14893.0,9,1
Male,25-44,52090.0,8881.0,19,1
Female,25-44,38298.0,22343.0,17,1
Male,25-44,36701.0,20287.0,3,1
Male,45plus,35180.0,22964.0,17,1
Female,45plus,53328.0,15680.0,0,1
Male,under25,17620.0,14207.0,0,0
Male,45plus,54430.0,18199.0,22,1
Male,25-44,31656.0,11282.0,0,1
Female,under25,17931.0,15102.0,6,1
Female,25-44,25288.0,13451.0,3,0
Male,under25,15178.0,6511.0,14,1
Female,25-44,41104.0,15088.0,13,1
Female,25-44,22070.0,12019.0,20,1
Female,25-44,35648.0,13090.0,24,1
Male,45plus,46510.0,16365.0,18,1
Male,25-44,26190.0,21272.0,11,1
Female,45plus,30734.0,9816.0,1,0
Male,25-44,19088.0,12583.0,23,1
Female,45plus,29381.0,10269.0,14,1
Female,25-44,62708.0,9917.0,5,1
Male,25-44,42502.0,11190.0,13,1
Female,25-44,30772.0,13339.0,9,1
Female,45plus,26869.0,17564.0,8,1
Female,under25,33270.0,16131.0,11,1
Male,25-44,35213.0,8693.0,18,1
Female,45plus,29036.0,21388.0,4,0
Male,25-44,39713.0,19499.0,24,1
Female,45plus,23024.0,9534.0,1,1
Female,25-44,22968.0,21010.0,3,1
Female,under25,37915.0,16166.0,16,1
Male,25-44,20602.0,13555.0,3,1
Male,25-44,41951.0,16333.0,19,1
Male,under25,33590.0,14260.0,18,1
Male,under25,13186.0,17343.0,10,0
Male,under25,34982.0,15412.0,11,1
Female,45plus,14792.0,12578.0,24,1
Male,45plus,41550.0,3460.0,19,1
Female,25-44,30952.0,17247.0,15,1
Female,under25,54574.0,12382.0,3,1
Male,25-44,45802.0,18601.0,14,1
Female,45plus,21818.0,17001.0,0,1
Female,45plus,11017.0,12523.0,6,0
Male,25-44,25255.0,19924.0,17,0
Male,under25,20011.0,15506.0,10,1
Female,45plus,54290.0,15284.0,24,1
Female,45plus,33634.0,13654.0,23,1
Female,under25,44251.0,23491.0,2,1
Female,45plus,30544.0,10548.0,22,1
Female,under25,31729.0,12658.0,21,1
Male,under25,33383.0,7718.0,2,1
Female,45plus,46198.0,18324.0,9,1
Male,25-44,37256.0,11256.0,23,1
Female,25-44,21855.0,11862.0,0,0
Male,45plus,52004.0,11608.0,1,1
Male,45plus,30456.0,14738.0,12,1
Female,under25,28625.0,7646.0,23,1
Male,25-44,9000.0,2287.0,6,1
Female,45plus,40887.0,16871.0,19,1
Male,25-44,34886.0,2987.0,17,1
Female,45plus,34874.0,19012.0,3,0
Female,25-44,29218.0,22816.0,7,0
Male,under25,27279.0,13514.0,15,1
Female,under25,29592.0,21417.0,12,0
Male,45plus,38960.0,14269.0,5,1
Female,45plus,40940.0,23036.0,5,1
Female,under25,31151.0,11937.0,13,1
Female,under25,44426.0,1800.0,20,1
Male,45plus,32861.0,13969.0,10,1
Male,under25,28078.0,23623.0,23,1
Female,under25,35982.0,17289.0,16,1
Female,45plus,18457.0,11617.0,10,1
Male,45plus,36368.0,16176.0,17,1
Male,45plus,16400.0,19644.0,11,1
Male,25-44,22188.0,13937.0,18,1
Female,25-44,11040.0,28582.0,24,0
Male,45plus,31780.0,11606.0,19,1
Male,25-44,51859.0,19814.0,3,1
Female,25-44,32433.0,18515.0,1,0
Male,45plus,40990.0,10621.0,20,1
Female,25-44,60214.0,12108.0,21,1
Male,45plus,38296.0,19898.0,14,1
Female,under25,25142.0,15182.0,6,0
Female,45plus,26690.0,16225.0,22,1
Female,25-44,33758.0,5566.0,11,1
Male,25-44,26630.0,17942.0,7,1
Male,45plus,27472.0,15952.0,9,1
Female,25-44,44834.0,14055.0,7,1
Male,45plus,45294.0,16348.0,7,1
Male,25-44,15223.0,12190.0,8,0
Male,45plus,24545.0,11204.0,16,1
Female,45plus,28530.0,13094.0,0,0
Female,25-44,40490.0,11894.0,9,1
Female,under25,46610.0,26175.0,4,0
Female,under25,64148.0,19324.0,16,1
Male,45plus,28511.0,9170.0,24,1
Male,45plus,29073.0,25396.0,19,1
Male,45plus,40372.0,12063.0,6,1
Female,under25,26075.0,14559.0,12,0
Male,25-44,32164.0,19246.0,0,0
Female,45plus,29080.0,3762.0,10,1
Female,45plus,9000.0,13120.0,6,0
Male,under25,35136.0,11304.0,12,1
Female,25-44,31699.0,15507.0,10,1
Male,under25,48051.0,16398.0,17,1
Female,25-44,33812.0,13982.0,13,1
Female,25-44,19634.0,13732.0,23,1
Female,under25,30847.0,20152.0,1,1
Male,under25,10226.0,16028.0,23,1
Male,45plus,20127.0,14624.0,19,1
Male,45plus,40900.0,15198.0,17,1
Male,45plus,30968.0,24314.0,20,1
Male,25-44,44128.0,15332.0,1,1
Male,25-44,11623.0,11622.0,5,0
Female,25-44,31022.0,4091.0,0,1
Male,25-44,28400.0,6656.0,19,1
Male,25-44,44504.0,11878.0,8,1
Female,45plus,41318.0,13815.0,9,1
Female,45plus,40976.0,11399.0,15,1
Female,45plus,51091.0,16296.0,10,1
Female,25-44,29609.0,11330.0,15,1
Female,25-44,48770.0,9462.0,23,1
Female,25-44,22003.0,17708.0,8,0
Male,under25,21590.0,21794.0,22,1
Female,45plus,42218.0,8421.0,13,1
Male,25-44,16822.0,15716.0,9,1
Male,45plus,40193.0,4113.0,22,1
Male,under25,34890.0,6438.0,12,1
Male,45plus,45808.0,11220.0,3,1
Female,45plus,33081.0,20528.0,7,1
Male,25-44,34381.0,10195.0,21,1
Male,45plus,39479.0,9993.0,12,1
Male,25-44,26295.0,14595.0,14,1
Female,45plus,25805.0,14601.0,17,1
Male,45plus,39087.0,10160.0,4,1
Female,45plus,33421.0,25125.0,2,0
Female,45plus,29168.0,12967.0,11,0
Male,25-44,32818.0,15014.0,22,1
Female,45plus,51688.0,12230.0,3,1
Male,25-44,28766.0,16776.0,17,1
Male,under25,28440.0,21069.0,24,1
Female,under25,14541.0,23384.0,2,0
Female,45plus,33274.0,10283.0,3,1
Male,25-44,41140.0,20344.0,21,1
Female,25-44,43157.0,17368.0,2,1
Male,45plus,34967.0,19662.0,18,1
Female,25-44,44504.0,13904.0,19,1
Female,25-44,41976.0,13390.0,7,1
Female,25-44,46270.0,19453.0,7,1
Female,25-44,44824.0,19555.0,13,1
Male,45plus,51412.0,22855.0,12,1
Female,25-44,31841.0,15472.0,21,1
Female,25-44,18820.0,13823.0,14,1
Female,45plus,41217.0,1800.0,24,1
Male,45plus,42531.0,5699.0,5,1
Male,45plus,51412.0,12271.0,7,1
Male,under25,48164.0,8455.0,6,1
Male,45plus,55636.0,18796.0,16,1
Male,25-44,40724.0,7326.0,0,1
Male,under25,36324.0,11693.0,21,1
Female,25-44,18169.0,11905.0,19,1
Male,45plus,37216.0,20905.0,24,1
Female,25-44,27534.0,11116.0,23,1
Male,45plus,36130.0,16843.0,1,0
Female,25-44,34364.0,15457.0,18,1
Male,25-44,39057.0,19278.0,12,1
Male,25-44,32655.0,18991.0,18,1
Female,25-44,44269.0,14219.0,21,1
Female,25-44,9000.0,5240.0,14,1
Male,45plus,35888.0,13149.0,0,1
Male,45plus,47278.0,14292.0,21,1
Female,under25,54788.0,15944.0,10,1
Female,25-44,41984.0,10418.0,11,1
Male,under25,52705.0,20560.0,14,1
Male,25-44,35650.0,14474.0,22,1
Male,25-44,33782.0,9429.0,13,1
Female,25-44,39706.0,11926.0,5,1
Male,45plus,33714.0,24814.0,18,1
Male,25-44,24949.0,17987.0,15,1
Female,25-44,27953.0,20062.0,1,0
Male,25-44,21238.0,8775.0,13,1
Male,25-44,39694.0,10680.0,19,1
Male,25-44,33878.0,10720.0,22,1
Male,under25,29697.0,15395.0,7,1
Male,45plus,27375.0,13460.0,13,1
Male,25-44,39432.0,11757.0,20,1
Female,25-44,42530.0,12434.0,14,1
Female,under25,21032.0,10112.0,10,0
Male,25-44,19264.0,13429.0,4,1
Female,25-44,44488.0,20411.0,1,1
Male,25-44,18280.0,6229.0,17,0
Female,25-44,39909.0,16271.0,24,1
Male,25-44,51940.0,21853.0,15,1
Female,45plus,51967.0,13411.0,19,1
Male,45plus,42051.0,11544.0,16,1
Female,25-44,41724.0,19390.0,8,1
Male,under25,59084.0,9086.0,13,1
Female,45plus,9000.0,14278.0,6,0
Male,45plus,28526.0,8785.0,5,1
Female,45plus,43295.0,4301.0,14,1
Male,under25,29956.0,13579.0,16,1
Female,25-44,47698.0,7578.0,24,1
Female,under25,33308.0,14337.0,5,1
Female,45plus,35232.0,20421.0,7,1
Male,25-44,30660.0,24413.0,4,1
Male,25-44,27872.0,14905.0,23,1
Male,25-44,27595.0,19904.0,19,1
Male,25-44,36800.0,16555.0,8,1
Female,25-44,25036.0,12331.0,24,1
Female,under25,44474.0,4006.0,17,1
Female,25-44,41098.0,23183.0,11,1
Male,45plus,46118.0,8734.0,9,1
Female,25-44,21050.0,21867.0,14,0
Female,25-44,14631.0,17299.0,2,0
Female,45plus,33703.0,9130.0,4,1
Male,45plus,66362.0,16085.0,23,1
Male,under25,47995.0,25917.0,5,0
Female,under25,27512.0,22693.0,4,1
Male,25-44,38526.0,11632.0,21,1
Male,25-44,41936.0,10555.0,23,1
Female,under25,18356.0,14941.0,20,1
Female,under25,49158.0,13506.0,2,1
Female,under25,31867.0,20878.0,20,1
Female,25-44,32730.0,18394.0,6,1
Male,25-44,34018.0,5262.0,0,1
Male,under25,46626.0,16877.0,23,1
Male,45plus,25254.0,13432.0,6,1
Female,25-44,14546.0,14601.0,16,1
Male,25-44,37383.0,15745.0,1,1
Female,25-44,10759.0,20873.0,4,0
Male,45plus,30362.0,19680.0,22,1
Female,45plus,47102.0,10352.0,14,1
Male,25-44,40264.0,14083.0,24,1
Male,under25,45476.0,11978.0,4,1
Male,25-44,40729.0,5318.0,22,1
Male,under25,60866.0,13810.0,21,1
Female,45plus,27132.0,24362.0,23,1
Male,under25,38229.0,5155.0,1,1
Male,45plus,28821.0,14270.0,2,1
Female,25-44,44514.0,14097.0,13,1
Female,25-44,33057.0,15953.0,2,1
Male,45plus,53087.0,9202.0,1,1
Male,under25,27778.0,6704.0,20,1
Male,45plus,49580.0,6955.0,17,1
Female,under25,40423.0,21587.0,21,1
Male,45plus,33385.0,9094.0,23,1
Male,25-44,39853.0,11703.0,3,0
Male,under25,36689.0,25765.0,20,1
Female,45plus,37754.0,10435.0,1,1
Male,under25,31423.0,16249.0,9,1
Female,under25,25857.0,20145.0,7,0
Male,45plus,29980.0,19885.0,5,0
Female,25-44,14815.0,7210.0,17,1
Male,45plus,43222.0,10548.0,3,1
Male,25-44,19855.0,16033.0,20,1
Male,25-44,31301.0,24817.0,21,1
Female,25-44,41041.0,10288.0,16,1
Female,under25,43193.0,11734.0,2,1
Male,45plus,13785.0,16665.0,14,0
Male,under25,32716.0,17746.0,15,1
Female,25-44,38922.0,18074.0,9,1
Male,25-44,34335.0,9830.0,9,1
Male,25-44,48871.0,11527.0,11,1
Male,25-44,24505.0,15564.0,24,1
Female,45plus,10698.0,21217.0,0,0
Female,45plus,42866.0,13112.0,12,1
Female,45plus,27708.0,14279.0,7,1
Female,25-44,13966.0,8860.0,13,0
Male,25-44,31966.0,24461.0,0,0
Male,under25,47594.0,15233.0,22,1
Male,45plus,19538.0,20220.0,11,1
Male,25-44,60030.0,14561.0,24,1
Male,25-44,24324.0,14861.0,3,1
Male,under25,34729.0,6298.0,14,1
Male,45plus,20035.0,2786.0,16,1
Female,45plus,34218.0,21160.0,19,1
Male,45plus,32246.0,14821.0,0,1
Male,under25,16994.0,15515.0,15,0
Female,45plus,65540.0,7655.0,3,1
Female,25-44,28178.0,9524.0,10,1
Female,25-44,28187.0,20137.0,1,0
Female,25-44,44652.0,23797.0,1,1
Female,25-44,54160.0,11045.0,19,1
Male,25-44,46423.0,18026.0,17,1
Male,25-44,20236.0,15426.0,22,1
Female,25-44,36157.0,13749.0,17,1
Male,25-44,12584.0,24401.0,14,0
Male,45plus,43894.0,11953.0,2,1
Male,25-44,15354.0,21100.0,19,0
Male,25-44,24714.0,16460.0,5,1
Male,under25,33714.0,14309.0,2,0
Male,45plus,38756.0,21809.0,18,1
Female,under25,30814.0,15967.0,14,1
Female,25-44,50840.0,13879.0,3,1
Male,under25,41887.0,21849.0,13,1
Female,25-44,41003.0,21146.0,17,1
Male,25-44,19919.0,20891.0,12,1
Female,25-44,52868.0,1800.0,17,1
Female,25-44,24716.0,16777.0,12,1
Male,25-44,53297.0,15546.0,8,1
Female,25-44,56500.0,14212.0,5,1
Female,under25,39518.0,17693.0,6,0
Female,25-44,45360.0,15807.0,20,1
Female,25-44,9000.0,18060.0,9,0
Female,25-44,31556.0,12953.0,17,1
Male,under25,46149.0,22490.0,8,1
Female,25-44,44151.0,18607.0,13,1
Female,25-44,20028.0,17330.0,15,1
Female,under25,30446.0,17066.0,11,0
Male,under25,9000.0,20650.0,18,1
Female,25-44,38396.0,19917.0,23,1
Male,25-44,12562.0,13791.0,21,1
Female,25-44,46468.0,19748.0,23,1
Male,25-44,47056.0,15340.0,0,1
Female,45plus,28413.0,24752.0,18,0
Female,25-44,39614.0,20327.0,18,1
Male,25-44,31308.0,11021.0,10,1
Male,45plus,36472.0,26986.0,7,0
Male,25-44,20843.0,3049.0,1,1
Female,under25,40753.0,17842.0,20,1
Female,25-44,15286.0,10641.0,21,1
Male,45plus,13163.0,24564.0,1,0
Male,45plus,32378.0,15765.0,14,1
Male,25-44,31373.0,10113.0,13,1
Male,45plus,36814.0,12961.0,4,1
Female,25-44,26443.0,10544.0,13,1
Female,under25,54964.0,12748.0,20,1
Male,25-44,35557.0,12625.0,8,1
Female,25-44,36370.0,10344.0,18,1
Male,25-44,35969.0,15858.0,24,1
Female,45plus,45033.0,16512.0,11,1
Male,25-44,40230.0,9020.0,2,1
Female,25-44,38722.0,5445.0,7,1
Female,25-44,42030.0,16079.0,3,1
Male,under25,13223.0,17273.0,8,0
Female,25-44,13648.0,18343.0,16,1
Female,45plus,32894.0,17376.0,5,1
Male,25-44,31526.0,22892.0,12,1
Male,under25,40273.0,19784.0,24,1
Female,25-44,33975.0,28871.0,6,0
Male,45plus,40296.0,31144.0,21,1
Male,45plus,19737.0,4906.0,7,1
Male,25-44,33629.0,2535.0,15,1
Female,25-44,18663.0,14360.0,3,0
Male,25-44,38102.0,17122.0,6,1
Male,45plus,12620.0,13990.0,21,1
Female,45plus,37669.0,18199.0,14,1
Male,45plus,17224.0,12941.0,14,1
Female,25-44,29435.0,10652.0,12,1
Male,under25,43818.0,11469.0,6,1
Female,25-44,36308.0,13319.0,23,1
Female,under25,15236.0,18955.0,9,1
Male,under25,26186.0,11772.0,0,1
Female,25-44,16859.0,12839.0,22,1
Male,25-44,14684.0,17479.0,1,0
Male,45plus,35074.0,13326.0,22,1
Male,45plus,40053.0,20430.0,6,1
Female,45plus,38707.0,9435.0,1,1
Male,45plus,40529.0,8264.0,5,1
Male,45plus,33616.0,16045.0,16,1
Male,under25,30674.0,16583.0,13,1
Male,25-44,21678.0,9729.0,3,0
Male,under25,28799.0,21656.0,7,1
Male,under25,18885.0,24795.0,5,0
Male,under25,24242.0,11010.0,16,1
Male,45plus,34750.0,22432.0,21,1
Female,45plus,32425.0,1800.0,6,1
Male,45plus,68228.0,20211.0,22,1
Female,45plus,18610.0,9768.0,10,1
Male,45plus,32343.0,19670.0,2,0
Male,under25,17733.0,9209.0,8,1
Male,45plus,29387.0,14030.0,21,1
Male,45plus,29846.0,10025.0,20,1
Male,45plus,43255.0,13245.0,18,1
Female,under25,28691.0,24282.0,9,1
Male,under25,31598.0,13817.0,19,1
Male,45plus,28909.0,25796.0,17,0
Female,under25,17988.0,12316.0,19,1
Male,25-44,26414.0,22456.0,13,1
Male,25-44,29453.0,5621.0,12,1
Male,under25,34580.0,12853.0,24,1
Male,under25,40038.0,11505.0,23,1
Male,45plus,31111.0,22703.0,13,1
Female,45plus,30913.0,15400.0,5,0
Female,45plus,14391.0,3125.0,10,1
Male,25-44,39822.0,7325.0,12,1
Female,25-44,25922.0,8932.0,16,1
Female,25-44,42155.0,19444.0,7,1
Male,25-44,48560.0,18747.0,1,1
Female,under25,31636.0,12778.0,20,1
Female,45plus,22238.0,11438.0,23,1
Female,45plus,33562.0,18268.0,2,0
Female,25-44,37673.0,8301.0,7,1
Male,25-44,30200.0,16871.0,10,1
Male,25-44,27404.0,16412.0,19,1
Male,under25,40090.0,12917.0,19,1
Male,25-44,39348.0,16547.0,8,1
Male,25-44,29854.0,14952.0,7,0
Female,25-44,15142.0,17086.0,10,1
Male,25-44,38884.0,7196.0,6,1
Male,45plus,25118.0,17718.0,10,1
Female,25-44,36161.0,19944.0,6,1
Male,under25,35450.0,16133.0,1,1
Male,under25,12500.0,17646.0,17,1
Female,under25,34662.0,13806.0,19,1
Male,25-44,39538.0,19213.0,7,1
Male,45plus,40918.0,14752.0,10,1
Male,45plus,35070.0,8201.0,10,1
Female,25-44,11506.0,18829.0,0,0
Male,25-44,48117.0,5576.0,13,1
Male,under25,38374.0,15927.0,11,1
Male,25-44,20212.0,12326.0,23,1
Male,25-44,24888.0,11980.0,9,1
Female,45plus,36351.0,15329.0,19,1
Male,25-44,41398.0,10570.0,9,1
Female,25-44,28261.0,17166.0,4,0
Male,25-44,43037.0,14707.0,8,1
Male,under25,13581.0,11066.0,22,0
Female,45plus,22022.0,21626.0,6,0
Male,under25,10526.0,15506.0,21,1
Male,under25,23654.0,17806.0,16,1
Female,under25,50716.0,22050.0,18,1
Male,45plus,56900.0,21961.0,18,1
Male,25-44,36389.0,17531.0,12,1
Female,25-44,26568.0,12766.0,15,1
Male,25-44,31256.0,6680.0,1,0
Male,under25,39075.0,15516.0,17,1
Male,45plus,16166.0,20311.0,17,0
Male,under25,27310.0,16313.0,2,1
Male,under25,49892.0,1800.0,12,1
Female,25-44,21986.0,19098.0,12,1
Male,under25,25324.0,19430.0,7,0
Female,under25,33898.0,12774.0,1,1
Male,45plus,36935.0,19737.0,0,0
Male,25-44,26719.0,17791.0,5,0
Male,25-44,34616.0,10698.0,5,1
Female,25-44,40589.0,21265.0,5,1
Male,45plus,55816.0,7556.0,15,1
Male,under25,32330.0,14091.0,10,1
Female,under25,33286.0,13552.0,2,0
Female,25-44,50934.0,9942.0,2,1
Male,25-44,27572.0,16041.0,16,1
Female,45plus,18851.0,21476.0,23,1
Male,25-44,36566.0,21137.0,20,1
Male,under25,45857.0,18308.0,18,1
Male,25-44,37812.0,5242.0,7,1
Male,25-44,32659.0,7186.0,17,1
Male,under25,17456.0,15297.0,2,1
Female,25-44,33093.0,14216.0,4,1
Male,under25,47623.0,11711.0,3,1
Female,45plus,19866.0,24689.0,4,0
Female,45plus,30997.0,14972.0,8,1
Female,25-44,29391.0,17329.0,1,0
Female,45plus,25900.0,19734.0,20,1
Female,45plus,36539.0,14697.0,17,1
Female,under25,38738.0,28391.0,15,1
Male,25-44,38619.0,9322.0,4,1
Male,25-44,22761.0,11128.0,21,1
Male,under25,15232.0,9309.0,0,0
Male,25-44,36702.0,22838.0,24,1
Male,25-44,28058.0,18732.0,18,1
Female,45plus,54431.0,11462.0,5,1
Male,25-44,54951.0,9735.0,4,1
Female,45plus,56145.0,21878.0,17,1
Male,25-44,23174.0,16353.0,20,1
Male,under25,40156.0,22017.0,11,0
Male,45plus,43548.0,14075.0,1,1
Male,under25,42281.0,17162.0,12,1
Male,under25,29763.0,16021.0,11,1
Male,25-44,48140.0,11030.0,8,1
Male,25-44,33755.0,13622.0,22,1
Male,25-44,35192.0,8005.0,8,1
Male,under25,16449.0,17068.0,6,0
Male,25-44,41003.0,18510.0,16,1
Male,25-44,30820.0,19747.0,15,1
Male,under25,38979.0,17999.0,15,1
Male,25-44,36395.0,13708.0,12,1
Male,under25,35786.0,22781.0,7,1
Male,25-44,33236.0,19219.0,6,0
Female,25-44,42599.0,21898.0,2,0
Female,45plus,31513.0,22237.0,4,0
Female,25-44,17379.0,13721.0,14,1
Male,25-44,40150.0,16494.0,10,1
Male,25-44,24649.0,18582.0,18,1
Male,45plus,18852.0,8194.0,20,1
Female,under25,22250.0,8314.0,13,1
Female,under25,36938.0,7384.0,2,1
Female,25-44,32664.0,13816.0,0,0
Female,under25,9758.0,12600.0,5,0
Male,under25,29434.0,6647.0,7,1
Female,under25,46904.0,15206.0,1,1
Female,25-44,28673.0,13883.0,19,1
Male,25-44,31888.0,20784.0,9,1
Female,25-44,45484.0,25270.0,18,1
Male,45plus,42699.0,16865.0,5,1
Female,25-44,45244.0,10638.0,0,1
Female,45plus,9000.0,17892.0,3,0
Male,45plus,53252.0,14450.0,11,1
Female,45plus,40910.0,13103.0,11,1
Male,45plus,61442.0,9747.0,10,1
Female,25-44,24949.0,11894.0,23,1
Female,25-44,13911.0,13440.0,16,1
Female,25-44,33831.0,18742.0,18,1
Female,under25,30652.0,17159.0,3,0
Male,25-44,41104.0,24258.0,11,1
Male,under25,45843.0,18041.0,15,1
Male,under25,32768.0,16691.0,14,1
Male,45plus,31042.0,12747.0,23,1
Male,25-44,39631.0,8798.0,11,1
Male,25-44,30866.0,11323.0,9,1
Male,25-44,29925.0,10621.0,23,1
Male,25-44,45418.0,1800.0,8,1
Female,45plus,47923.0,8953.0,14,1
Male,25-44,45944.0,23052.0,0,0
Female,25-44,31858.0,16391.0,4,1
Male,25-44,9677.0,12367.0,1,0
Male,25-44,32083.0,16552.0,10,1
Male,25-44,25222.0,3852.0,23,1
Male,45plus,32290.0,15924.0,1,0
Male,25-44,26200.0,21298.0,24,1
Male,25-44,33517.0,13746.0,21,1
Male,25-44,22058.0,4831.0,0,1
Male,25-44,19342.0,12164.0,0,0
Female,45plus,47505.0,21308.0,22,1
Male,45plus,22841.0,15797.0,14,1
Female,25-44,33754.0,6741.0,4,1
Male,25-44,44488.0,27185.0,23,1
Female,25-44,44036.0,7629.0,14,1
Female,under25,42692.0,13088.0,15,1
Female,25-44,37157.0,8798.0,16,1
Female,45plus,41895.0,8806.0,5,1
Male,25-44,49197.0,11958.0,8,1
Male,under25,38531.0,17835.0,3,1
Male,45plus,13082.0,21369.0,13,0
Female,45plus,27804.0,12315.0,24,1
Female,25-44,41584.0,8945.0,15,1
Male,25-44,26696.0,16985.0,17,1
Female,25-44,51976.0,17143.0,4,1
Male,45plus,33039.0,15698.0,13,1
Female,under25,34709.0,15889.0,24,1
Female,under25,46403.0,13792.0,2,1
Male,25-44,31693.0,14930.0,5,1
Female,under25,35733.0,13419.0,17,1
Female,25-44,43865.0,20179.0,0,1
Male,45plus,17187.0,26434.0,5,0
Male,under25,30541.0,15370.0,23,1
Male,25-44,43078.0,14365.0,0,1
Female,45plus,34488.0,15782.0,10,1
Male,25-44,50258.0,10847.0,8,1
Female,25-44,16021.0,18531.0,9,0
Female,25-44,14738.0,16782.0,6,0
Male,under25,42409.0,12129.0,6,1
Male,under25,43490.0,19271.0,19,1
Female,25-44,31576.0,14503.0,0,1
Female,25-44,38254.0,9162.0,3,1
Male,25-44,42134.0,16299.0,6,1
Male,under25,24594.0,15680.0,20,0
Male,45plus,25798.0,19587.0,9,1
Female,under25,35884.0,18890.0,0,1
Male,45plus,43921.0,13810.0,13,1
Female,25-44,20633.0,11850.0,15,1
Male,25-44,31523.0,14409.0,11,1
Female,25-44,31002.0,16362.0,2,1
Male,under25,38452.0,17013.0,21,1
Male,25-44,33652.0,16027.0,21,1
Female,25-44,27609.0,13910.0,22,1
Female,under25,47796.0,19783.0,24,1
Male,25-44,27683.0,10759.0,7,0
Male,25-44,30464.0,27788.0,10,1
Male,25-44,15846.0,18520.0,23,0
Male,25-44,25722.0,8312.0,11,1
Male,under25,39556.0,15400.0,21,1
Female,25-44,37357.0,18572.0,16,1
Male,under25,40495.0,12514.0,23,1
Female,25-44,39949.0,6326.0,0,1
Male,25-44,57237.0,8789.0,17,1
Male,25-44,25336.0,17328.0,20,1
Female,25-44,15532.0,4925.0,4,1
Male,45plus,21932.0,6574.0,18,1
Female,25-44,25834.0,17299.0,4,0
Male,45plus,22789.0,13198.0,22,1
Female,25-44,34804.0,10642.0,22,1
Female,25-44,47842.0,11729.0,0,1
Female,under25,51071.0,6458.0,12,1
Male,25-44,39424.0,17016.0,9,1
Male,25-44,57839.0,10045.0,22,1
Male,45plus,29740.0,11506.0,8,1
Male,25-44,15384.0,16273.0,18,1
Male,25-44,45598.0,13014.0,2,1
Male,under25,13066.0,10595.0,5,0
Male,under25,25256.0,3657.0,24,1
Male,45plus,39602.0,16384.0,9,1
Male,under25,32598.0,14827.0,19,1
Male,under25,31602.0,11606.0,24,1
Male,45plus,20466.0,8798.0,24,1
Female,45plus,33628.0,14469.0,0,1
Male,25-44,45041.0,16995.0,5,1
Male,25-44,33975.0,14928.0,17,1
Male,45plus,24410.0,23245.0,23,0
Female,25-44,19715.0,18206.0,24,1
Male,25-44,24642.0,13820.0,18,1
Female,25-44,38164.0,18387.0,2,0
Female,45plus,37616.0,14663.0,18,1
Male,45plus,24744.0,14644.0,6,1
Female,25-44,9000.0,21400.0,20,1
Female,under25,38475.0,9551.0,13,1
Male,25-44,23650.0,14526.0,4,0
Male,25-44,41502.0,20824.0,21,1
Female,45plus,25244.0,16069.0,24,1
Female,under25,22636.0,12407.0,12,0
Male,under25,35474.0,5187.0,20,1
Male,45plus,60274.0,2140.0,1,1
Female,25-44,42176.0,25611.0,6,1
Male,45plus,35282.0,16066.0,3,1
Female,under25,37787.0,11246.0,7,1
Male,45plus,14050.0,16287.0,9,0
Female,under25,21124.0,9283.0,10,1
Female,under25,9000.0,12612.0,8,0
Female,25-44,53211.0,9319.0,13,1
Female,25-44,50933.0,6768.0,5,1
Female,25-44,38169.0,3033.0,8,1
Female,under25,35270.0,5773.0,21,1
Female,under25,16294.0,19915.0,14,1
Male,45plus,31283.0,9071.0,0,0
Female,25-44,53914.0,17288.0,8,1
Male,25-44,35228.0,19566.0,20,1
Female,45plus,27398.0,14489.0,4,0
Female,under25,13972.0,12788.0,23,1
Male,45plus,49279.0,15118.0,7,1
Male,25-44,32962.0,12150.0,15,1
Male,25-44,13987.0,20901.0,11,0
Female,under25,23352.0,24533.0,15,0
Male,45plus,19378.0,22229.0,19,1
Male,25-44,32268.0,2782.0,3,1
Female,25-44,36082.0,12040.0,8,1
Female,45plus,28089.0,14422.0,14,1
Male,25-44,42492.0,16900.0,6,1
Male,45plus,34636.0,5072.0,9,1
Female,45plus,45701.0,4985.0,22,1
Female,45plus,29732.0,21457.0,5,1
Female,45plus,68010.0,11380.0,4,1
Male,45plus,27400.0,6368.0,14,1
Male,under25,23588.0,8440.0,2,1
Male,45plus,22204.0,16509.0,0,1
Female,45plus,31377.0,9958.0,21,1
Male,25-44,14405.0,15705.0,6,0
Male,25-44,37064.0,9115.0,3,1
Female,45plus,12315.0,4982.0,16,1
Female,25-44,35569.0,22091.0,12,1
Female,25-44,18548.0,16550.0,11,0
Male,25-44,29461.0,12597.0,10,1
Male,under25,40551.0,11585.0,3,1
Male,45plus,59671.0,22310.0,21,1
Male,under25,21622.0,17594.0,0,0
Male,25-44,32059.0,20593.0,12,1
Male,45plus,25608.0,11248.0,6,0
Female,25-44,23964.0,14674.0,16,0
Female,45plus,25706.0,16572.0,13,1
Female,under25,43021.0,11430.0,9,1
Male,45plus,28259.0,13884.0,13,1
Male,45plus,59055.0,11248.0,5,1
Male,under25,38430.0,16555.0,3,1
Male,25-44,22388.0,7265.0,22,1
Male,25-44,29624.0,17489.0,15,1
Male,25-44,24729.0,16078.0,16,1
Female,45plus,42751.0,13302.0,24,1
Male,25-44,15314.0,16827.0,22,0
Female,25-44,18664.0,12429.0,14,0
Male,25-44,27095.0,10781.0,19,1
Male,25-44,41433.0,17336.0,13,1
Male,45plus,47622.0,17570.0,5,1
Male,under25,49281.0,11660.0,15,1
Male,25-44,39710.0,11198.0,22,1
Female,under25,32818.0,13412.0,21,1
Male,45plus,42689.0,11419.0,12,1
Male,25-44,20874.0,22636.0,23,1
Female,25-44,12998.0,16109.0,4,0
Male,25-44,38662.0,14479.0,1,0
Female,25-44,22436.0,9364.0,10,0
Male,45plus,33015.0,18391.0,5,1
Female,25-44,35096.0,11097.0,23,1
Male,25-44,36542.0,10876.0,2,1
Male,45plus,44300.0,18572.0,13,1
Female,25-44,43111.0,16492.0,19,1
Female,25-44,35944.0,1800.0,2,1
Male,25-44,28778.0,13548.0,1,1
Female,under25,34962.0,15078.0,13,1
Male,45plus,27043.0,12566.0,22,1
Male,45plus,31540.0,15266.0,0,1
Male,45plus,63205.0,4628.0,0,1
Female,45plus,35800.0,1800.0,23,1
Male,25-44,38816.0,9132.0,15,1
Female,25-44,25814.0,15924.0,17,1
Male,25-44,45226.0,1800.0,6,1
Female,45plus,42303.0,9845.0,7,1
Female,45plus,42382.0,4017.0,11,1
Male,25-44,36167.0,13090.0,5,1
Male,25-44,45385.0,24972.0,11,1
Male,45plus,48056.0,13227.0,23,1
Female,45plus,36934.0,13820.0,18,1
Male,45plus,32461.0,18932.0,21,1
Male,25-44,43814.0,14515.0,12,1
Male,25-44,23578.0,13239.0,19,1
Female,25-44,25673.0,19404.0,10,1
Male,25-44,33150.0,16948.0,15,1
Male,45plus,14160.0,15959.0,18,0
Female,25-44,43060.0,13650.0,20,1
Male,25-44,22917.0,12532.0,23,1
Female,25-44,28446.0,19353.0,2,0
Male,25-44,31351.0,12583.0,19,1
Male,25-44,34192.0,21049.0,17,1
Female,under25,29884.0,8745.0,18,1
Female,45plus,32992.0,22143.0,0,1
Female,25-44,33080.0,16949.0,12,1
Male,25-44,28721.0,9170.0,24,1
Male,25-44,25052.0,17149.0,22,1
Male,25-44,45916.0,10888.0,5,1
Male,45plus,10076.0,14581.0,12,0
Male,45plus,31436.0,11772.0,21,1
Male,under25,28475.0,13683.0,23,1
Male,45plus,38462.0,19484.0,8,0
Male,45plus,17390.0,17200.0,20,0
Male,25-44,28127.0,8323.0,20,1
Male,25-44,32599.0,8632.0,3,1
Female,25-44,45788.0,15862.0,0,1
Female,45plus,37487.0,16253.0,1,1
Male,25-44,20436.0,10758.0,3,1
Female,25-44,28266.0,22993.0,18,1
Female,45plus,43718.0,18793.0,9,1
Male,45plus,20241.0,11022.0,17,1
Male,25-44,32865.0,10499.0,2,1
Male,45plus,33647.0,13170.0,15,1
Male,under25,29410.0,12608.0,18,1
Female,45plus,64077.0,21183.0,24,1
Female,25-44,29107.0,19716.0,7,1
Male,under25,38810.0,14589.0,13,1
Female,45plus,25129.0,18060.0,12,1
Male,25-44,39687.0,18844.0,8,1
Female,under25,43546.0,14715.0,15,1
Female,25-44,27136.0,16574.0,14,1
Male,25-44,33134.0,17608.0,20,1
Male,under25,23678.0,17033.0,0,0
Female,25-44,20876.0,10194.0,5,0
Female,45plus,45414.0,10741.0,14,1
Male,45plus,27518.0,12841.0,14,1
Male,under25,9000.0,10584.0,22,1
Male,25-44,53610.0,6445.0,16,1
Female,45plus,24727.0,18050.0,0,1
Female,under25,30978.0,16270.0,12,1
Female,25-44,52210.0,7168.0,21,1
Female,under25,32156.0,13099.0,21,1
Female,25-44,31912.0,13405.0,20,1
Female,under25,19933.0,15383.0,11,1
Male,45plus,15358.0,8557.0,2,0
Female,45plus,31878.0,7088.0,5,1
Male,25-44,37832.0,17206.0,21,1
Male,25-44,37187.0,6116.0,8,0
Female,25-44,28336.0,13144.0,19,1
Female,under25,33978.0,12640.0,0,1
Female,45plus,13082.0,13734.0,12,0
Male,25-44,38927.0,15764.0,23,1
Male,45plus,35566.0,23032.0,6,1
Male,25-44,55954.0,5763.0,0,1
Male,under25,33834.0,19133.0,7,1
Male,25-44,23145.0,1800.0,1,1
Male,25-44,33179.0,21926.0,15,1
Male,45plus,30062.0,3369.0,4,1
Female,25-44,38641.0,27556.0,6,1
Male,25-44,34052.0,12295.0,14,1
Male,25-44,19576.0,21368.0,8,0
Female,25-44,15348.0,20254.0,16,1
Male,45plus,36708.0,12043.0,23,1
Female,under25,49310.0,12458.0,23,1
Female,under25,34642.0,9879.0,18,1
Male,under25,42899.0,18652.0,24,1
Female,25-44,45144.0,12113.0,18,1
Female,25-44,36752.0,9977.0,1,1
Female,under25,24587.0,17302.0,23,1
Female,25-44,35948.0,9555.0,14,1
Female,25-44,47330.0,12623.0,0,1
Female,under25,39711.0,14979.0,15,1
Male,45plus,42168.0,10930.0,6,1
Female,25-44,28546.0,11746.0,13,1
Female,25-44,31474.0,22689.0,16,0
Female,25-44,32414.0,13298.0,0,0
Female,25-44,33172.0,12458.0,10,1
Male,45plus,46889.0,13454.0,1,1
Female,25-44,9000.0,16854.0,2,0
Female,25-44,34094.0,8817.0,5,1
Male,45plus,32856.0,16707.0,19,1
Male,45plus,18320.0,15782.0,10,1
Male,45plus,41308.0,4741.0,1,1
Male,25-44,25599.0,24089.0,18,1
Female,under25,29734.0,22288.0,13,0
Male,25-44,54549.0,10077.0,3,1
Male,25-44,45112.0,8338.0,14,1
Female,25-44,40213.0,15631.0,6,1
Female,45plus,38034.0,6700.0,15,1
Female,25-44,31898.0,21767.0,23,1
Female,25-44,56243.0,11870.0,7,1
Female,25-44,42775.0,23158.0,18,1
Female,25-44,25318.0,9949.0,0,1
Female,25-44,17998.0,13794.0,10,1
Male,45plus,40127.0,21243.0,22,1
Female,25-44,33122.0,12655.0,1,1
Male,45plus,17674.0,15870.0,23,1
Male,25-44,38572.0,20300.0,2,0
Male,45plus,30724.0,11398.0,12,1
Female,25-44,39720.0,7587.0,4,1
Female,45plus,38720.0,6523.0,0,1
Male,45plus,26907.0,17551.0,8,0
Female,25-44,40870.0,16500.0,14,1
Male,25-44,28148.0,20133.0,18,1
Female,45plus,28880.0,12920.0,7,1
Female,25-44,27762.0,6674.0,12,1
Female,45plus,46474.0,1800.0,4,1
Female,45plus,30593.0,29887.0,18,1
Male,45plus,49190.0,17246.0,4,1
Male,25-44,53814.0,15139.0,21,1
Female,25-44,25439.0,15905.0,4,0
Female,45plus,9000.0,6671.0,16,1
Male,25-44,45501.0,10108.0,8,1
Male,under25,29902.0,23814.0,24,1
Male,under25,24005.0,17955.0,7,1
Male,45plus,27127.0,10276.0,23,1
Male,25-44,29084.0,7775.0,20,1
Male,25-44,48344.0,11615.0,11,1
Female,25-44,35549.0,12696.0,12,1
Male,45plus,48190.0,25466.0,8,1
Male,25-44,39310.0,13383.0,10,1
Male,45plus,30272.0,7977.0,11,1
Male,45plus,29359.0,14083.0,3,1
Female,45plus,40068.0,15827.0,8,1
Male,45plus,42980.0,7485.0,21,1
Female,25-44,44964.0,16572.0,24,1
Female,25-44,30808.0,20928.0,1,1
Male,under25,35721.0,15149.0,18,1
Female,45plus,40321.0,10096.0,5,1
Female,25-44,29431.0,11544.0,16,1
Male,25-44,20982.0,5442.0,15,1
Male,45plus,24680.0,13677.0,21,1
Female,under25,31038.0,16078.0,17,1
Female,45plus,41200.0,9558.0,20,1
Male,under25,47914.0,24874.0,20,1
Female,25-44,18494.0,18679.0,16,1
Male,25-44,27030.0,4719.0,10,1
Female,25-44,29724.0,4829.0,8,1
Male,25-44,42691.0,9086.0,8,1
Male,45plus,27808.0,22895.0,8,0
Female,25-44,28916.0,19211.0,7,0
Female,25-44,17865.0,23168.0,7,0
Female,45plus,39188.0,14455.0,14,1
Male,45plus,31934.0,13269.0,6,1
Male,under25,26392.0,7664.0,8,0
Female,45plus,30830.0,16288.0,17,1
Female,under25,46429.0,13341.0,8,1
Male,25-44,22445.0,13133.0,2,1
Female,25-44,24281.0,23137.0,0,0
Male,45plus,47838.0,13718.0,19,1
Male,under25,34603.0,21587.0,23,1
Male,under25,41284.0,5825.0,17,1
Male,45plus,38270.0,28916.0,1,0
Male,under25,33352.0,12384.0,14,0
Female,25-44,29832.0,18219.0,6,0
Male,45plus,43105.0,19078.0,8,1
Male,25-44,46826.0,11714.0,23,1
Male,25-44,45947.0,18823.0,20,1
Male,25-44,20414.0,19103.0,18,1
Male,45plus,48430.0,10549.0,12,1
Female,25-44,29723.0,10613.0,14,1
Male,under25,25256.0,14645.0,22,1
Female,25-44,31845.0,13776.0,16,1
Female,25-44,43100.0,21923.0,14,1
Male,45plus,39830.0,18194.0,2,1
Female,25-44,30877.0,14019.0,24,1
Female,under25,43174.0,17672.0,20,1
Female,25-44,35324.0,3348.0,9,1
Female,under25,27304.0,11077.0,6,1
Female,25-44,25784.0,15954.0,24,1
Female,45plus,38366.0,20423.0,23,1
Female,45plus,32822.0,15479.0,10,1
Male,under25,18275.0,22274.0,5,0
Female,25-44,43280.0,19087.0,19,1
Female,under25,28347.0,11763.0,15,1
Female,under25,51662.0,13644.0,22,1
Male,25-44,17966.0,16606.0,13,0
Male,25-44,31717.0,11977.0,13,1
Male,45plus,25875.0,22669.0,3,0
Male,45plus,22777.0,8413.0,15,1
Male,25-44,28274.0,16107.0,9,1
Male,45plus,53669.0,18372.0,5,1
Male,25-44,35363.0,12707.0,19,1
Male,25-44,24843.0,11490.0,8,0
Male,45plus,13178.0,13990.0,5,0
Female,under25,14385.0,18785.0,24,1
Male,25-44,27715.0,11701.0,24,1
Male,45plus,26621.0,8627.0,12,1
Male,25-44,31229.0,20614.0,7,1
Male,45plus,9000.0,16556.0,4,0
Male,25-44,32719.0,19842.0,15,1
Female,45plus,45312.0,18500.0,15,1
Female,under25,52007.0,26171.0,15,1
Male,under25,12437.0,20421.0,19,0
Female,25-44,24734.0,10490.0,11,0
Male,45plus,24140.0,16940.0,17,1
Male,under25,35390.0,11390.0,16,1
Male,45plus,20027.0,11948.0,19,1
Male,25-44,52676.0,6772.0,18,1
Female,25-44,34240.0,12855.0,0,1
Female,25-44,32365.0,17343.0,15,1
Female,under25,51668.0,14044.0,24,1
Male,45plus,33569.0,8464.0,13,1
Female,25-44,38254.0,6176.0,13,1
Male,25-44,25304.0,25804.0,15,0
Male,25-44,18332.0,16156.0,13,0
Male,25-44,26884.0,9950.0,10,1
Female,25-44,58354.0,16894.0,24,1
Female,45plus,40871.0,26222.0,1,0
Male,25-44,36838.0,17751.0,20,1
Female,25-44,22766.0,1800.0,3,1
Female,25-44,44002.0,28723.0,5,1
Female,25-44,18476.0,4414.0,15,0
Male,25-44,16120.0,13288.0,15,1
Female,25-44,27463.0,8280.0,23,1
Female,25-44,55738.0,10404.0,7,1
Female,45plus,55101.0,15935.0,0,1
Male,45plus,28673.0,3217.0,6,1
Female,45plus,26165.0,13913.0,13,0
Male,45plus,15296.0,20596.0,8,1
Female,25-44,34628.0,9847.0,6,1
Male,45plus,35572.0,6892.0,22,1
Male,under25,42632.0,13648.0,14,1
Male,25-44,43996.0,12573.0,16,1
Male,25-44,31529.0,11186.0,18,1
Male,under25,40005.0,7983.0,10,1
Male,45plus,25868.0,17204.0,18,1
Male,45plus,39792.0,17615.0,24,1
Male,25-44,28044.0,8645.0,18,1
Female,25-44,38919.0,9392.0,7,1
Female,25-44,38008.0,15137.0,19,1
Female,25-44,34524.0,9189.0,5,1
Male,45plus,42688.0,15365.0,1,1
Male,45plus,16083.0,22327.0,11,0
Female,25-44,21770.0,14077.0,12,1
Male,25-44,30712.0,7846.0,11,1
Male,25-44,17513.0,16518.0,6,1
Female,under25,29173.0,13441.0,6,1
Female,25-44,29536.0,13589.0,23,1
Male,under25,48484.0,16967.0,7,1
Female,under25,35354.0,18131.0,19,1
Male,25-44,45331.0,14592.0,6,1
Female,under25,37144.0,14072.0,2,1
Male,45plus,27724.0,25543.0,1,0
Male,under25,35254.0,20883.0,6,1
Female,45plus,41956.0,18901.0,21,1
Male,25-44,47176.0,15108.0,11,1
Female,under25,32261.0,8969.0,17,1
Male,under25,15215.0,20488.0,24,0
Female,45plus,14425.0,15179.0,1,0
Female,25-44,30078.0,11283.0,2,0
Male,25-44,9000.0,13087.0,23,1
Female,under25,53945.0,9183.0,14,1
Male,45plus,40466.0,20110.0,15,1
Male,under25,26599.0,18088.0,8,0
Male,25-44,21266.0,15381.0,20,1
Female,45plus,45316.0,14169.0,16,1
Female,25-44,21221.0,10724.0,6,1
Female,25-44,22295.0,2898.0,16,1
Female,45plus,25133.0,6770.0,0,0
Female,25-44,35033.0,10390.0,6,1
Male,under25,40734.0,9578.0,5,1
Female,25-44,47168.0,15962.0,19,1
Female,under25,45506.0,18782.0,18,1
Male,45plus,33759.0,13706.0,2,0
Female,25-44,45231.0,22009.0,22,1
Male,25-44,26201.0,10173.0,20,1
Male,25-44,13265.0,13668.0,10,1
Male,25-44,26200.0,14125.0,5,1
Male,25-44,24680.0,20298.0,10,1
Male,under25,26640.0,14972.0,14,1
Female,45plus,22957.0,15121.0,15,1
Female,25-44,28562.0,5464.0,8,1
Male,45plus,40725.0,9541.0,2,1
Male,25-44,53047.0,20318.0,15,1
Male,under25,14340.0,3193.0,17,1
Male,45plus,19263.0,21652.0,6,0
Female,45plus,24846.0,17098.0,15,1
Male,25-44,42364.0,10364.0,14,1
Female,under25,31444.0,9907.0,12,1
Female,45plus,25604.0,24638.0,0,0
Female,25-44,41813.0,22021.0,7,1
Female,25-44,44510.0,13755.0,9,1
Male,25-44,33539.0,15127.0,20,1
Female,under25,24568.0,10911.0,20,1
Female,under25,36790.0,15128.0,21,1
Female,under25,31126.0,10761.0,11,1
Female,45plus,31039.0,13976.0,8,1
Female,25-44,27986.0,24176.0,12,1
Female,25-44,44156.0,13883.0,19,1
Male,45plus,36561.0,8741.0,15,1
Female,25-44,45402.0,7022.0,15,1
Female,25-44,48784.0,15087.0,10,1
Male,25-44,38914.0,10292.0,17,1
Female,25-44,28052.0,15732.0,21,1
Male,25-44,45454.0,5655.0,16,1
Female,45plus,38989.0,18128.0,10,0
Male,45plus,63038.0,8675.0,20,1
Male,25-44,37239.0,14650.0,23,1
Female,25-44,41599.0,12573.0,19,1
Male,45plus,37017.0,23679.0,21,1
Male,under25,32636.0,15326.0,6,1
Male,45plus,30838.0,24906.0,10,1
Male,25-44,37060.0,17428.0,6,1
Female,45plus,39614.0,22097.0,9,1
Female,45plus,46737.0,13272.0,18,1
Male,25-44,37225.0,16266.0,16,1
Female,under25,28543.0,20981.0,0,0
Male,45plus,30073.0,19287.0,18,1
Female,25-44,18867.0,17267.0,4,0
Male,25-44,52438.0,12629.0,4,1
Male,25-44,27662.0,13542.0,13,1
Male,25-44,44634.0,20543.0,6,1
Female,25-44,36861.0,21668.0,24,1
Male,under25,37167.0,11199.0,3,1
Male,25-44,32428.0,10383.0,3,0
Female,45plus,24887.0,9518.0,19,1
Female,under25,22854.0,18880.0,7,1
Male,25-44,53195.0,9381.0,17,1
Female,25-44,35032.0,18815.0,17,1
Female,45plus,46409.0,17347.0,4,1
Male,25-44,49330.0,11456.0,14,1
Female,45plus,29128.0,22845.0,13,0
Male,25-44,38515.0,6503.0,2,1
Female,25-44,34256.0,23361.0,19,1
Male,45plus,20732.0,16122.0,21,1
Female,45plus,31664.0,3203.0,23,1
Male,25-44,40360.0,22996.0,2,1
Male,25-44,28136.0,19650.0,4,1
Female,25-44,30095.0,12088.0,20,1
Male,under25,31799.0,9191.0,7,1
Female,45plus,57505.0,5927.0,15,1
Female,45plus,13117.0,27444.0,8,0
Female,25-44,39394.0,9414.0,5,1
Male,25-44,30900.0,7576.0,15,1
Female,25-44,26542.0,15847.0,5,1
Male,under25,30624.0,5556.0,3,1
Male,45plus,41258.0,9100.0,13,1
Female,25-44,41901.0,19773.0,4,0
Female,25-44,35842.0,16906.0,4,1
Male,25-44,46043.0,12314.0,19,1
Male,45plus,48024.0,14499.0,13,1
Female,under25,42934.0,12010.0,13,1
Female,25-44,27605.0,14065.0,3,1
Male,25-44,39313.0,10286.0,4,1
Female,under25,39366.0,11267.0,9,1
Male,25-44,24574.0,11102.0,9,1
Male,25-44,16094.0,10480.0,11,1
Female,under25,10994.0,20037.0,3,0
Female,under25,34536.0,18559.0,22,1
Male,45plus,37103.0,9365.0,9,1
Male,25-44,20455.0,7951.0,20,1
Male,25-44,45518.0,13550.0,10,1
Female,25-44,35462.0,26039.0,11,1
Male,45plus,48932.0,8851.0,2,1
Male,45plus,37918.0,13530.0,16,1
Female,45plus,21754.0,14879.0,1,0
Male,25-44,38906.0,13813.0,18,1
Female,25-44,41289.0,11926.0,22,1
Male,25-44,27590.0,20637.0,9,0
Female,25-44,17527.0,16854.0,22,1
Male,25-44,34878.0,18968.0,17,1
Male,under25,22490.0,17582.0,0,1
Male,25-44,46360.0,19228.0,5,1
Female,25-44,29169.0,22955.0,16,0
Female,under25,53152.0,21587.0,17,1
Male,25-44,9854.0,26954.0,2,0
Male,45plus,35266.0,20974.0,17,1
Female,25-44,49831.0,10785.0,20,1
Male,45plus,23734.0,18976.0,2,0
Male,25-44,31959.0,18237.0,21,1
Female,45plus,29216.0,24770.0,13,1
Male,45plus,26057.0,9177.0,15,1
Male,under25,36502.0,17413.0,1,1
Male,45plus,19177.0,10723.0,15,1
Male,under25,32501.0,17168.0,11,1
Male,25-44,39555.0,13241.0,9,1
Female,45plus,31330.0,16989.0,19,1
Female,25-44,22498.0,6784.0,6,1
Male,25-44,45340.0,18683.0,1,1
Female,25-44,41966.0,15512.0,12,1
Male,under25,22036.0,15222.0,18,1
Female,under25,19191.0,24931.0,3,0
Male,under25,23041.0,12334.0,24,1
Female,under25,39884.0,16249.0,16,1
Male,25-44,36850.0,14942.0,23,1
Male,25-44,42638.0,15469.0,11,1
Male,25-44,30081.0,26398.0,3,0
Male,25-44,23347.0,14745.0,4,0
Male,under25,44087.0,11336.0,12,1
Female,25-44,27524.0,24502.0,14,1
Female,45plus,35848.0,12739.0,18,1
Male,45plus,16313.0,5732.0,19,1
Female,25-44,27340.0,10400.0,19,1
Female,under25,45106.0,7668.0,14,1
Female,45plus,25692.0,4680.0,0,1
Female,45plus,42914.0,12440.0,13,1
Female,25-44,9000.0,14021.0,20,1
Male,25-44,27457.0,20775.0,21,1
Female,under25,31822.0,17798.0,20,1
Female,25-44,53354.0,17553.0,0,1
Male,45plus,20598.0,9577.0,10,1
Male,25-44,41299.0,19179.0,15,1
Male,25-44,45640.0,21912.0,6,1
Female,25-44,25634.0,16530.0,10,0
Male,45plus,29548.0,16682.0,2,0
Female,25-44,35343.0,7571.0,4,1
Female,45plus,17084.0,20094.0,0,0
Female,25-44,28630.0,24016.0,24,1
Male,25-44,48106.0,16144.0,21,1
Female,25-44,39630.0,11191.0,10,1
Female,25-44,31987.0,13525.0,0,1
Male,45plus,35022.0,12129.0,8,1
Female,25-44,40286.0,12453.0,10,1
Male,25-44,42440.0,17899.0,4,0
Female,25-44,27490.0,15909.0,16,1
Male,25-44,51016.0,19822.0,24,1
Male,25-44,48559.0,16402.0,21,1
Male,45plus,41369.0,9734.0,21,1
Male,25-44,24267.0,11696.0,20,1
Male,25-44,22273.0,11361.0,1,1
Female,25-44,30076.0,13393.0,13,1
Male,under25,34433.0,24091.0,14,1
Male,25-44,13855.0,24956.0,2,0
Female,25-44,39315.0,18918.0,3,0
Female,25-44,48234.0,15042.0,14,1
Male,45plus,40235.0,7047.0,17,1
Female,45plus,26144.0,15588.0,5,1
Male,45plus,24813.0,10134.0,12,1
Female,25-44,37124.0,23205.0,1,1
Male,25-44,32025.0,5727.0,2,1
Female,45plus,38734.0,16476.0,14,1
Female,25-44,40520.0,9680.0,13,1
Female,25-44,46034.0,14349.0,18,1
Female,25-44,21014.0,17996.0,22,1
Female,45plus,36243.0,19919.0,4,1
Male,under25,29661.0,14072.0,8,1
Female,25-44,32640.0,18510.0,21,1
Female,under25,43474.0,10822.0,1,1
Female,25-44,44698.0,15726.0,20,1
Male,25-44,49483.0,19812.0,23,1
Male,25-44,38538.0,16194.0,2,1
Female,25-44,32512.0,11542.0,3,1
Male,45plus,30905.0,12893.0,17,1
Male,45plus,14234.0,19885.0,11,0
Male,25-44,48822.0,8504.0,24,1
Female,45plus,30129.0,9301.0,13,1
Male,25-44,39441.0,17649.0,16,1
Male,45plus,41389.0,12028.0,5,1
Male,under25,19740.0,6554.0,8,0
Female,25-44,23362.0,21694.0,4,0
Female,25-44,51154.0,8462.0,3,1
Male,under25,37018.0,13323.0,2,1
Male,25-44,27218.0,11055.0,22,1
Female,under25,32329.0,12793.0,1,1
Male,25-44,45970.0,9623.0,12,1
Female,under25,44261.0,18257.0,12,1
Male,under25,17257.0,14998.0,1,0
Female,45plus,52136.0,19712.0,21,1
Male,25-44,44619.0,11110.0,12,1
Female,45plus,32035.0,25918.0,3,0
Male,25-44,20343.0,4115.0,3,0
Female,under25,45608.0,5840.0,17,1
Female,25-44,39110.0,23867.0,15,1
Female,25-44,17350.0,16960.0,10,0
Male,under25,31139.0,16243.0,10,1
Male,45plus,68920.0,16729.0,0,1
Female,25-44,33936.0,17484.0,0,0
Female,45plus,25402.0,16019.0,13,1
Male,25-44,22405.0,9184.0,9,1
Male,25-44,53686.0,18818.0,6,1
Male,25-44,43287.0,17968.0,9,1
Female,45plus,49584.0,22114.0,15,1
Female,25-44,36542.0,23926.0,7,1
Female,under25,47858.0,16185.0,8,1
Female,under25,24206.0,7772.0,7,1
Male,25-44,35579.0,23972.0,16,1
Male,45plus,36980.0,8902.0,1,1
Male,45plus,49303.0,16225.0,22,1
Female,45plus,37337.0,13014.0,13,1
Male,45plus,26713.0,12074.0,6,0
Male,45plus,34471.0,18527.0,18,1
Male,25-44,14890.0,15720.0,23,1
Male,25-44,9000.0,17171.0,1,0
Female,under25,43102.0,9995.0,5,1
Male,25-44,29534.0,13460.0,3,0
Male,25-44,30809.0,10245.0,1,1
Female,25-44,43098.0,13325.0,18,1
Male,45plus,49466.0,13758.0,4,1
Male,45plus,39763.0,24359.0,9,1
Male,25-44,55441.0,13000.0,20,1
Female,45plus,39405.0,2921.0,15,1
Male,25-44,37150.0,21934.0,16,1
Female,under25,36454.0,16826.0,2,0
Female,25-44,19288.0,13693.0,24,1
Female,25-44,44505.0,12039.0,2,1
Male,25-44,9000.0,9286.0,17,1
Female,25-44,27154.0,24865.0,15,0
Male,under25,34008.0,14680.0,10,1
Male,25-44,24866.0,5016.0,20,1
Male,45plus,28668.0,16169.0,22,1
Male,under25,54443.0,20913.0,1,1
Male,25-44,46170.0,15245.0,23,1
Male,25-44,26035.0,9531.0,6,1
Male,25-44,28468.0,9049.0,19,1
Male,25-44,19384.0,9446.0,20,1
Female,under25,41681.0,22617.0,13,1
Female,25-44,30940.0,14013.0,21,1
Male,25-44,11627.0,5335.0,20,1
Female,25-44,34884.0,16474.0,13,1
Male,25-44,38689.0,15161.0,4,1
Male,25-44,44585.0,11976.0,10,1
Male,25-44,32925.0,8890.0,22,1
Male,25-44,29558.0,8655.0,5,1
Male,25-44,56096.0,20268.0,24,1
Male,under25,33824.0,15736.0,4,1
Male,25-44,41845.0,16985.0,16,1
Male,25-44,27680.0,15722.0,16,1
Male,under25,41512.0,16169.0,4,1
Male,under25,17374.0,11871.0,11,0
Male,25-44,28552.0,13288.0,3,1
Male,25-44,20157.0,20690.0,9,1
Male,45plus,26944.0,22039.0,23,1
Male,45plus,47818.0,7800.0,1,1
Male,45plus,26861.0,13275.0,21,1
Male,25-44,41830.0,18932.0,16,1
Female,25-44,50819.0,24563.0,18,1
Male,25-44,33440.0,24023.0,7,0
Male,25-44,44930.0,10102.0,23,1
Male,25-44,39724.0,21285.0,6,1
Female,25-44,35060.0,14717.0,12,1
Female,under25,42191.0,20039.0,0,1
Female,25-44,54449.0,18657.0,22,1
Female,under25,26581.0,7574.0,17,1
Male,under25,22959.0,17370.0,4,0
Female,45plus,22298.0,19831.0,16,1
Male,under25,44937.0,14291.0,4,1
Female,25-44,46456.0,13070.0,11,1
Male,45plus,27708.0,5913.0,12,1
Male,25-44,9720.0,18092.0,23,0
Female,25-44,26159.0,15527.0,8,0
Male,25-44,39914.0,9420.0,0,1
Female,25-44,32999.0,12640.0,10,1
Male,25-44,35779.0,15234.0,23,1
Female,45plus,27862.0,11383.0,19,1
Female,45plus,45158.0,14414.0,1,1
Male,45plus,37611.0,4950.0,1,1
Female,45plus,40348.0,21687.0,18,1
Female,25-44,35540.0,14486.0,18,1
Female,45plus,39650.0,8464.0,13,1
Male,25-44,38909.0,1800.0,2,1
Male,25-44,23309.0,19958.0,7,0
Female,45plus,37947.0,17414.0,21,1
Male,45plus,42655.0,15538.0,3,1
Male,45plus,46745.0,19064.0,5,1
Male,25-44,38432.0,19048.0,11,1
Female,25-44,22891.0,15450.0,18,1
Male,25-44,24622.0,13028.0,20,1
Female,25-44,28855.0,12147.0,14,1
Female,45plus,35882.0,16673.0,12,1
Male,45plus,32374.0,21944.0,9,1
Male,25-44,21108.0,13845.0,1,0
Female,25-44,21040.0,22373.0,6,0
Male,25-44,10142.0,16415.0,5,0
Female,under25,9000.0,16456.0,1,0
Female,25-44,32267.0,27388.0,18,1
Female,45plus,59852.0,23324.0,8,1
Male,25-44,53964.0,23465.0,12,1
Female,45plus,22745.0,10093.0,5,0
Female,25-44,35437.0,26238.0,14,1
Male,45plus,17273.0,13956.0,3,0
Female,25-44,18988.0,13172.0,16,1
Female,25-44,20278.0,2740.0,18,1
Female,25-44,31214.0,16162.0,7,0
Male,45plus,31697.0,8550.0,5,1
Male,45plus,36593.0,16605.0,19,1
Male,25-44,41211.0,8128.0,5,1
Male,under25,29960.0,24107.0,4,1
Male,25-44,34157.0,17378.0,8,0
Female,45plus,21445.0,26711.0,24,0
Male,25-44,18625.0,8876.0,11,1
Female,25-44,16886.0,22766.0,6,0
Male,25-44,41054.0,4666.0,12,1
Male,25-44,29948.0,15523.0,8,1
Male,45plus,12700.0,10989.0,16,1
Male,45plus,33040.0,11981.0,10,1
Female,45plus,19701.0,11611.0,14,1
Female,45plus,52430.0,9461.0,10,1
Female,45plus,27238.0,7598.0,12,1
Male,25-44,41417.0,12010.0,11,1
Female,45plus,46000.0,15026.0,9,1
Male,under25,23007.0,20684.0,24,1
Female,25-44,34606.0,15995.0,6,1
Male,45plus,39976.0,20699.0,20,1
Male,25-44,35050.0,6418.0,17,1
Male,25-44,37813.0,12062.0,13,1
Male,25-44,18792.0,18239.0,7,0
Male,25-44,39983.0,16253.0,12,1
Female,45plus,28281.0,9750.0,21,1
Female,25-44,37682.0,19444.0,4,1
Female,under25,44100.0,11531.0,14,1
Male,25-44,41274.0,10202.0,19,1
Female,25-44,37673.0,17030.0,15,1
Male,under25,40974.0,14433.0,3,1
Male,25-44,41494.0,11577.0,12,1
Male,25-44,50575.0,11393.0,4,1
Male,under25,33367.0,8623.0,23,1
Female,25-44,35594.0,12263.0,8,1
Male,25-44,44236.0,20340.0,10,1
Male,45plus,28233.0,15720.0,21,1
Female,25-44,18728.0,19577.0,10,1
Male,25-44,39298.0,17186.0,4,1
Female,45plus,31432.0,11094.0,22,1
Male,25-44,20165.0,5494.0,16,1
Female,under25,39381.0,9395.0,15,1
Female,45plus,49850.0,10776.0,1,1
Female,under25,15416.0,10358.0,11,1
Female,45plus,45251.0,19697.0,11,1
Female,45plus,9000.0,19642.0,6,0
Female,45plus,29247.0,26344.0,14,1
Male,45plus,54456.0,10276.0,6,1
Male,25-44,30056.0,23026.0,11,1
Female,45plus,34762.0,22993.0,20,1
Male,25-44,42332.0,13145.0,18,1
Male,25-44,14440.0,16957.0,6,0
Male,25-44,34561.0,21100.0,5,1
Male,under25,34472.0,14081.0,0,1
Male,under25,54701.0,13664.0,8,1
Female,under25,19848.0,11012.0,0,1
Female,under25,29458.0,1800.0,3,1
Female,25-44,23306.0,14781.0,24,1
Male,45plus,22113.0,10567.0,21,1
Male,25-44,46433.0,8593.0,13,1
Female,45plus,34050.0,16680.0,19,1
Male,45plus,27500.0,6563.0,12,1
Female,45plus,27924.0,18752.0,15,1
Male,25-44,27414.0,17012.0,22,1
Female,45plus,28420.0,12239.0,1,1
Male,45plus,19525.0,14058.0,8,0
Female,45plus,30839.0,7973.0,2,1
Female,45plus,29709.0,18452.0,19,1
Male,25-44,25225.0,15412.0,20,1
Female,25-44,35494.0,15814.0,18,1
Male,45plus,36448.0,17110.0,15,1
Female,25-44,27488.0,10931.0,11,1
Female,45plus,32128.0,6197.0,0,1
Male,under25,58034.0,19570.0,19,1
Male,under25,57604.0,18119.0,22,1
Female,25-44,21892.0,11509.0,24,1
Male,under25,23462.0,16610.0,8,1
Female,45plus,21832.0,21193.0,5,0
Female,under25,45642.0,20549.0,16,1
Female,45plus,29266.0,11352.0,0,0
Male,25-44,36446.0,6360.0,1,1
Female,45plus,56216.0,7287.0,20,1
Female,25-44,33632.0,12717.0,23,1
Male,under25,41696.0,22297.0,10,1
Male,under25,39604.0,10466.0,12,1
Male,25-44,27133.0,11180.0,13,1
Male,45plus,45665.0,11069.0,3,1
Female,45plus,24190.0,11529.0,5,1
Male,25-44,48824.0,14340.0,7,1
Female,25-44,27141.0,7488.0,21,1
Male,under25,28372.0,20255.0,10,1
Male,25-44,21505.0,13618.0,18,1
Male,25-44,23352.0,27788.0,4,0
Female,25-44,28949.0,8063.0,23,1
Female,25-44,9000.0,22985.0,22,1
Male,45plus,31125.0,21913.0,11,1
Female,under25,28035.0,12177.0,5,1
Male,25-44,42638.0,12267.0,24,1
Male,25-44,38509.0,9425.0,20,1
Male,under25,25789.0,9487.0,12,1
Female,under25,28592.0,14396.0,6,1
Female,25-44,31111.0,14512.0,15,1
Female,under25,50467.0,5747.0,9,1
Male,45plus,24499.0,26785.0,16,0
Male,45plus,25653.0,12999.0,20,1
Female,45plus,21053.0,14755.0,12,0
Male,25-44,17077.0,11019.0,1,0
Female,under25,37204.0,12958.0,14,1
Female,under25,36033.0,12468.0,21,1
Male,25-44,48181.0,14384.0,5,1
Female,45plus,45466.0,14321.0,23,1
Female,45plus,60718.0,18746.0,9,1
Male,25-44,32919.0,15627.0,17,1
Female,25-44,30819.0,18203.0,17,1
Female,25-44,19123.0,14347.0,4,0
Male,25-44,41587.0,15649.0,0,0
Female,45plus,35084.0,13097.0,23,1
Male,25-44,41077.0,19817.0,17,1
Female,25-44,20935.0,16142.0,15,1
Female,25-44,37706.0,13547.0,7,1
Female,under25,36058.0,13386.0,2,1
Male,25-44,35314.0,13810.0,6,1
Female,45plus,26063.0,14565.0,13,1
Male,under25,47130.0,14096.0,17,1
Male,25-44,56816.0,11382.0,7,1
Male,25-44,21259.0,18530.0,5,0
Female,under25,41855.0,18871.0,6,1
Male,under25,9000.0,24033.0,24,1
Male,25-44,41272.0,11140.0,15,1
Female,under25,12711.0,17999.0,24,1
Male,25-44,27844.0,4090.0,0,0
Male,45plus,18979.0,18877.0,11,0
Male,45plus,31324.0,6535.0,11,1
Male,45plus,43186.0,9085.0,10,1
Female,25-44,12855.0,16194.0,9,0
Male,45plus,29706.0,11044.0,1,1
Male,25-44,27974.0,10305.0,0,1
Female,25-44,51537.0,11782.0,19,1
Female,25-44,38607.0,18340.0,11,1
Female,25-44,20506.0,9363.0,4,1
Female,45plus,28448.0,14108.0,8,1
Female,25-44,51256.0,12355.0,23,1
Male,25-44,41786.0,18827.0,11,1
Female,45plus,23420.0,18979.0,24,1
Female,under25,30746.0,4489.0,4,1
Male,45plus,31105.0,20044.0,3,1
Male,45plus,27698.0,11102.0,14,1
Male,45plus,14510.0,15676.0,17,1
Female,45plus,26127.0,9330.0,24,1
Female,25-44,49378.0,16404.0,11,1
Female,25-44,29462.0,28177.0,5,0
Male,45plus,32588.0,15087.0,13,1
Male,45plus,35331.0,11917.0,7,1
Male,25-44,58704.0,13146.0,4,1
Male,under25,33850.0,6467.0,2,1
Female,25-44,46057.0,22225.0,18,1
Female,25-44,27020.0,16089.0,16,1
Female,25-44,30832.0,8736.0,4,1
Female,45plus,33891.0,8912.0,13,1
Female,45plus,25041.0,14483.0,22,1
Male,25-44,31458.0,19433.0,20,1
Male,25-44,43741.0,8185.0,11,1
Male,25-44,24746.0,20412.0,1,0
Male,25-44,33751.0,13905.0,15,1
Male,25-44,41723.0,9377.0,12,1
Male,under25,24475.0,11875.0,23,1
Female,25-44,46073.0,23842.0,13,1
Male,25-44,34570.0,6904.0,18,1
Female,25-44,31892.0,10448.0,13,1
Female,under25,11158.0,19544.0,13,0
Female,25-44,29547.0,15569.0,7,1
Female,under25,37930.0,10128.0,10,1
Male,25-44,53385.0,19610.0,7,0
Female,25-44,40138.0,19867.0,11,1
Male,25-44,46420.0,16189.0,23,1
Female,under25,20147.0,11093.0,8,1
Male,45plus,32324.0,11925.0,11,1
Male,25-44,47483.0,15937.0,23,1
Female,25-44,23763.0,7315.0,3,0
Female,25-44,44608.0,21570.0,6,1
Male,45plus,42000.0,23581.0,12,1
Female,45plus,36841.0,13126.0,10,1
Male,25-44,30052.0,16323.0,8,1
Female,25-44,22654.0,20804.0,19,1
Male,25-44,53723.0,24960.0,12,1
Male,25-44,40858.0,22808.0,9,1
Male,25-44,37582.0,5028.0,11,1
Male,under25,29105.0,12696.0,22,1
Male,45plus,34176.0,17104.0,24,1
Male,45plus,35603.0,11732.0,6,1
Male,25-44,38248.0,24027.0,1,0
Male,45plus,42011.0,23198.0,0,1
Male,25-44,24947.0,9994.0,11,1
Male,25-44,17251.0,13523.0,15,1
Female,45plus,34698.0,10353.0,1,1
Female,25-44,14094.0,13346.0,12,1
Male,25-44,30109.0,13182.0,9,1
Female,25-44,28022.0,19553.0,23,1
Male,under25,39282.0,9602.0,15,1
Male,25-44,56054.0,1800.0,10,1
Female,25-44,11873.0,5736.0,14,1
Female,25-44,59335.0,8847.0,3,1
Female,under25,31128.0,10859.0,11,1
Male,25-44,37663.0,15411.0,8,1
Female,45plus,17834.0,8569.0,4,0
Male,under25,44965.0,7860.0,9,1
Male,25-44,34216.0,9381.0,15,1
Male,45plus,33058.0,8375.0,14,1
Female,45plus,11954.0,11406.0,24,1
Male,under25,34580.0,11174.0,6,1
Female,45plus,43265.0,18121.0,17,1
Female,45plus,31092.0,9057.0,13,1
Female,25-44,46960.0,12469.0,21,1
Female,45plus,46495.0,11457.0,22,1
Female,45plus,26538.0,18768.0,17,1
Male,25-44,51695.0,13567.0,10,1
Male,25-44,34259.0,20074.0,13,1
Female,45plus,34310.0,8177.0,16,1
Male,45plus,34864.0,14134.0,20,1
Male,25-44,34530.0,11290.0,5,1
Male,45plus,9000.0,7780.0,21,1
Male,45plus,31663.0,14036.0,20,1
Male,45plus,18406.0,23758.0,2,0
Male,45plus,52046.0,9795.0,6,1
Female,under25,51593.0,13712.0,5,1
Male,under25,43334.0,7314.0,14,1
Female,25-44,31067.0,6520.0,5,1
Female,25-44,22410.0,10148.0,7,1
Male,25-44,26352.0,11970.0,4,1
Female,45plus,55605.0,12210.0,1,1
Female,45plus,25963.0,13180.0,11,1
Female,25-44,9000.0,5499.0,7,0
Male,45plus,45339.0,11020.0,12,1
Male,under25,50631.0,17110.0,5,1
Male,25-44,52416.0,7066.0,7,1
Female,under25,45431.0,12482.0,22,1
Female,25-44,47267.0,15981.0,20,1
Female,25-44,34346.0,10175.0,6,1
Female,45plus,10392.0,16244.0,4,0
Female,25-44,34064.0,6186.0,24,1
Female,25-44,40743.0,19198.0,17,1
Male,under25,32228.0,16376.0,12,0
Female,under25,31715.0,14701.0,17,1
Male,45plus,22904.0,20474.0,5,0
Male,45plus,22480.0,12622.0,10,0
Male,25-44,54429.0,11064.0,9,1
Female,25-44,54836.0,21812.0,18,1
Male,25-44,33720.0,24340.0,4,0
Male,25-44,36917.0,10655.0,12,1
Male,25-44,22715.0,13786.0,20,1
Male,under25,40979.0,20043.0,4,1
Male,25-44,53546.0,13978.0,2,1
Female,25-44,16546.0,17611.0,20,0
Female,25-44,38968.0,18614.0,21,1
Male,under25,39814.0,11363.0,10,1
Male,25-44,39686.0,16664.0,1,1
Male,25-44,52232.0,14367.0,13,1
Male,25-44,56655.0,7829.0,7,1
Female,25-44,31124.0,9056.0,14,1
Female,25-44,41324.0,10876.0,3,1
Female,45plus,34698.0,19414.0,20,1
Male,45plus,26638.0,19591.0,17,1
Female,under25,36796.0,18449.0,16,1
Male,45plus,41304.0,16777.0,12,1
Male,45plus,36190.0,16629.0,5,1
Female,25-44,23836.0,15898.0,23,1
Female,25-44,28535.0,16601.0,6,1
Female,25-44,28621.0,16967.0,9,0
Female,under25,24272.0,6816.0,23,1
Female,45plus,37277.0,10133.0,1,1
Female,25-44,38454.0,8843.0,3,1
Male,25-44,44770.0,20379.0,19,1
Male,25-44,24102.0,23332.0,9,0
Male,under25,27254.0,2687.0,14,1
Male,under25,51239.0,22850.0,14,1
Male,25-44,31900.0,14868.0,20,1
Male,25-44,34089.0,19868.0,15,1
Female,45plus,31780.0,17135.0,10,1
Female,25-44,46496.0,22178.0,13,1
Female,25-44,46933.0,15532.0,18,1
Male,45plus,46274.0,7037.0,9,1
Female,under25,34049.0,13829.0,4,0
Male,25-44,23935.0,17185.0,12,1
Male,45plus,55408.0,13234.0,24,1
Male,25-44,43384.0,17951.0,2,1
Male,under25,28612.0,14045.0,4,1
Male,25-44,49768.0,11184.0,24,1
Female,under25,27724.0,8536.0,20,1
Female,25-44,49621.0,12284.0,2,1
Female,under25,50380.0,15504.0,5,1
Male,25-44,23384.0,3820.0,17,1
Female,under25,40294.0,10188.0,19,1
Female,under25,42550.0,3618.0,18,1
Male,25-44,63168.0,11068.0,21,1
Female,under25,25399.0,20866.0,12,1
Male,45plus,49866.0,7995.0,21,1
Male,25-44,33945.0,18197.0,14,1
Male,25-44,19785.0,29784.0,11,0
Male,under25,32400.0,22249.0,15,1
Male,25-44,33778.0,15121.0,10,0
Male,25-44,21838.0,19036.0,15,1
Male,45plus,37262.0,7004.0,20,1
Female,25-44,44525.0,5904.0,23,1
Male,25-44,36430.0,14555.0,14,1
Male,25-44,27654.0,16553.0,0,0
Male,45plus,32080.0,20309.0,15,1
Female,25-44,33699.0,11328.0,6,1
Female,25-44,36195.0,15444.0,5,0
Female,45plus,46235.0,15260.0,22,1
Male,45plus,36809.0,13691.0,11,1
Male,25-44,17970.0,14008.0,19,1
Female,45plus,27424.0,9785.0,9,1
Male,45plus,35618.0,15910.0,15,1
Female,under25,46396.0,15453.0,16,1
Female,45plus,48351.0,12024.0,22,1
Male,25-44,53715.0,17996.0,4,1
Female,25-44,35219.0,19950.0,14,1
Female,25-44,42338.0,18058.0,10,1
Male,45plus,17387.0,8770.0,11,1
Male,25-44,38586.0,14938.0,21,1
Male,25-44,21653.0,9478.0,3,1
Female,under25,33046.0,14921.0,13,1
Male,25-44,67836.0,9500.0,9,1
Male,45plus,37165.0,21297.0,22,1
Female,45plus,24032.0,18630.0,5,1
Male,under25,38338.0,20626.0,5,0
Male,45plus,27933.0,20079.0,2,0
Female,45plus,22942.0,12938.0,10,1
Male,25-44,57410.0,12101.0,0,1
Male,under25,45752.0,23805.0,12,1
Male,25-44,37637.0,13508.0,5,1
Male,under25,29342.0,7086.0,10,1
Male,25-44,30254.0,19840.0,15,0
Female,25-44,51103.0,15177.0,17,1
Female,45plus,37199.0,22532.0,1,0
Male,25-44,9000.0,15712.0,3,0
Female,45plus,60986.0,14292.0,7,1
Female,45plus,35810.0,22641.0,12,1
Female,under25,37613.0,6092.0,22,1
Female,25-44,45975.0,11239.0,3,1
Female,45plus,38986.0,9608.0,1,1
Female,45plus,42153.0,2547.0,15,1
Male,25-44,28983.0,19115.0,24,1
Male,25-44,19915.0,11390.0,20,0
Male,25-44,36902.0,19289.0,14,1
Male,45plus,49856.0,16502.0,0,1
Female,45plus,26462.0,17679.0,14,0
Male,under25,25560.0,11941.0,11,0
Male,under25,47486.0,10274.0,11,1
Male,under25,28606.0,14885.0,12,1
Male,45plus,29132.0,19364.0,14,1
Female,45plus,29552.0,14128.0,18,1
Female,45plus,33019.0,10609.0,4,1
Male,under25,16046.0,7925.0,1,0
Male,25-44,27682.0,15502.0,1,0
Male,under25,36342.0,11408.0,10,1
Male,25-44,36262.0,14013.0,12,1
Female,25-44,46778.0,13110.0,19,1
Female,45plus,54443.0,12000.0,10,1
Male,under25,50765.0,15987.0,13,1
Male,25-44,44040.0,17394.0,24,1
Female,45plus,32077.0,25013.0,18,1
Female,25-44,26740.0,18493.0,17,1
Male,under25,33951.0,23006.0,9,1
Male,45plus,40338.0,9979.0,3,1
Male,25-44,42997.0,5755.0,23,1
Female,25-44,40760.0,14322.0,13,1
Male,25-44,32386.0,19033.0,1,0
Male,45plus,42602.0,18186.0,12,1
Female,25-44,47935.0,20941.0,2,1
Female,25-44,43652.0,1800.0,24,1
Male,25-44,33390.0,21166.0,13,1
Male,under25,24369.0,16212.0,19,1
Male,45plus,24102.0,6062.0,11,1
Female,under25,26086.0,18307.0,0,0
Male,25-44,36642.0,15315.0,15,1
Female,25-44,39598.0,16458.0,16,1
Female,25-44,17836.0,19796.0,5,0
Male,25-44,28080.0,16724.0,17,1
Female,25-44,36487.0,6447.0,5,1
Male,25-44,23629.0,13628.0,17,1
Male,under25,38632.0,5665.0,18,1
Female,45plus,30292.0,17905.0,3,1
Male,45plus,25612.0,21949.0,7,0
Male,25-44,34348.0,7696.0,4,1
Male,25-44,38163.0,10774.0,18,1
Male,under25,24204.0,9635.0,5,1
Male,under25,31021.0,11949.0,16,1
Female,25-44,39011.0,16628.0,10,0
Female,45plus,25177.0,12008.0,2,0
Female,45plus,15100.0,17924.0,22,1
Female,25-44,16463.0,20153.0,17,0
Male,45plus,29047.0,20350.0,6,0
Female,25-44,18918.0,8362.0,21,1
Male,25-44,29838.0,21884.0,17,1
Male,25-44,52480.0,22316.0,20,1
Female,25-44,18241.0,22784.0,4,0
Male,45plus,30571.0,13548.0,0,1
Male,25-44,57739.0,10340.0,1,1
Male,25-44,38342.0,9086.0,13,1
Male,25-44,29613.0,8450.0,19,1
Male,45plus,31985.0,14463.0,22,1
Male,25-44,38580.0,18978.0,24,1
Female,25-44,52828.0,21455.0,14,1
Male,under25,27778.0,11778.0,15,0
Male,45plus,25227.0,14191.0,7,1
Male,25-44,18238.0,13838.0,0,0
Female,25-44,34910.0,10969.0,4,1
Male,45plus,17936.0,18373.0,1,0
Male,under25,28532.0,16359.0,17,1
Male,25-44,23528.0,15166.0,12,0
Female,25-44,45834.0,16335.0,19,1
Female,25-44,28030.0,17724.0,3,1
Female,25-44,38216.0,17670.0,22,1
Female,25-44,15704.0,9872.0,17,1
Male,under25,35230.0,19240.0,22,1
Male,under25,20215.0,15779.0,16,1
Male,under25,28961.0,12053.0,8,1
Male,45plus,58626.0,15664.0,15,1
Male,25-44,44237.0,16260.0,15,1
Male,25-44,32306.0,20242.0,4,0
Male,25-44,69738.0,8751.0,2,1
Female,45plus,23454.0,21555.0,16,1
Male,under25,46858.0,14525.0,2,1
Female,25-44,16508.0,11667.0,2,0
Female,25-44,31006.0,11501.0,1,1
Male,25-44,18587.0,8993.0,15,1
Male,45plus,36644.0,5000.0,23,1
Female,45plus,34380.0,18058.0,12,1
Female,45plus,30289.0,25096.0,3,0
Male,under25,46036.0,5665.0,12,1
Male,under25,27370.0,9267.0,12,1
Female,under25,37427.0,18458.0,14,1
Female,45plus,42981.0,14153.0,10,1
Male,45plus,17064.0,18906.0,13,0
Male,45plus,25330.0,13851.0,8,0
Female,25-44,34356.0,11264.0,22,1
Male,45plus,40839.0,13180.0,13,1
Female,25-44,49739.0,1800.0,7,1
Male,45plus,31322.0,8225.0,0,1
Male,25-44,30190.0,19521.0,16,1
Male,under25,23933.0,20836.0,9,0
Male,under25,37462.0,21993.0,6,1
Female,45plus,30407.0,16780.0,11,0
Male,25-44,30668.0,2218.0,12,1
Female,25-44,32694.0,10971.0,20,1
Male,25-44,39956.0,21553.0,13,1
Female,25-44,27408.0,23164.0,17,1
Female,45plus,25064.0,21758.0,16,1
Female,under25,38607.0,13124.0,21,1
Male,under25,9000.0,7345.0,0,0
Female,45plus,26959.0,14180.0,9,1
Male,25-44,20798.0,14480.0,17,1
Female,under25,47287.0,22854.0,3,1
Male,under25,28790.0,15630.0,11,1
Male,25-44,27442.0,14490.0,10,1
Male,25-44,33203.0,14797.0,20,1
Female,under25,27052.0,16559.0,24,1
Female,25-44,29220.0,17783.0,2,0
Male,45plus,34843.0,10488.0,5,0
Female,45plus,29002.0,8689.0,19,1
Female,45plus,28922.0,21801.0,4,0
Male,25-44,22386.0,5539.0,12,0
Male,25-44,20770.0,23243.0,23,1
Female,45plus,34432.0,4082.0,24,1
Female,45plus,37199.0,11244.0,23,1
Male,25-44,17684.0,19648.0,3,0
Female,25-44,42299.0,14402.0,3,1
Male,25-44,42346.0,7291.0,4,1
Female,25-44,44715.0,16703.0,19,1
Female,25-44,37124.0,14762.0,4,1
Female,under25,40917.0,13234.0,10,1
Male,45plus,58331.0,11030.0,20,1
Male,25-44,30358.0,14213.0,12,1
Male,25-44,21986.0,11257.0,23,1
Male,25-44,16492.0,27546.0,12,0
Female,45plus,53501.0,13104.0,9,1
Male,45plus,53649.0,12381.0,24,1
Male,under25,23348.0,11475.0,13,1
Male,25-44,25568.0,23996.0,4,0
Male,25-44,30105.0,5549.0,15,1
Male,45plus,47523.0,16341.0,19,1
Female,25-44,19268.0,13108.0,20,0
Female,45plus,11626.0,6714.0,0,1
Male,25-44,58135.0,9977.0,2,1
Female,under25,37264.0,16112.0,15,1
Female,under25,38862.0,9733.0,18,1
Male,under25,31442.0,15801.0,16,1
Female,25-44,38990.0,23738.0,9,1
Male,25-44,16715.0,15322.0,18,1
Male,45plus,24290.0,6551.0,14,1
Male,under25,34933.0,9827.0,23,1
Male,45plus,9000.0,12859.0,9,0
Female,under25,30346.0,12498.0,18,1
Female,25-44,29654.0,15221.0,3,1
Female,45plus,30345.0,16088.0,18,0
Female,45plus,27550.0,23745.0,18,1
Female,25-44,22546.0,14380.0,6,0
Female,45plus,13252.0,8178.0,1,0
Male,under25,35378.0,20631.0,24,1
Male,under25,30374.0,21220.0,1,0
Female,25-44,18278.0,15656.0,11,1
Male,under25,34454.0,13070.0,0,1
Male,25-44,30432.0,17762.0,10,1
Male,25-44,28564.0,13261.0,20,1
Female,45plus,9485.0,3299.0,12,0
Male,45plus,41432.0,17443.0,5,0
Male,45plus,19878.0,19219.0,9,0
Male,45plus,34462.0,22182.0,2,0
Male,under25,24657.0,10454.0,14,1
Female,under25,29377.0,15621.0,0,0
Male,25-44,46713.0,15738.0,8,1
Female,25-44,39730.0,14861.0,1,0
Female,25-44,46463.0,15020.0,5,1
Male,25-44,37467.0,14601.0,1,1
Female,25-44,38206.0,15543.0,23,1
Female,25-44,13712.0,18400.0,19,1
Female,25-44,30178.0,20990.0,23,1
Male,25-44,31220.0,10316.0,17,1
Male,25-44,47516.0,13469.0,12,1
Female,45plus,28055.0,12118.0,4,1
Female,25-44,36730.0,11345.0,24,1
Female,45plus,36290.0,5674.0,22,1
Female,45plus,46774.0,14530.0,10,1
Male,under25,32246.0,16988.0,5,1
Female,25-44,43063.0,13562.0,9,1
Male,25-44,14570.0,14351.0,9,1
Female,25-44,15592.0,16660.0,22,1
Male,under25,9000.0,22020.0,1,0
Male,45plus,42592.0,12133.0,15,1
Female,45plus,41329.0,8073.0,19,1
Female,under25,43839.0,13911.0,19,1
Female,25-44,26130.0,24571.0,4,1
Male,under25,27410.0,8132.0,10,1
Male,45plus,32388.0,17911.0,8,1
Female,25-44,49991.0,20652.0,10,1
Male,under25,52805.0,1800.0,2,1
Male,45plus,42680.0,16615.0,2,1
Female,25-44,37474.0,17658.0,0,0
Male,25-44,48773.0,12956.0,24,1
Female,25-44,30872.0,10909.0,10,1
Male,25-44,29352.0,11210.0,5,1
Female,25-44,32299.0,12626.0,19,1
Female,25-44,22739.0,12768.0,12,0
Female,25-44,31781.0,11750.0,9,1
Female,45plus,21179.0,12540.0,2,0
Male,25-44,45281.0,20830.0,9,1
Female,45plus,39866.0,7842.0,16,1
Female,25-44,49832.0,4955.0,15,1
Female,45plus,15421.0,20917.0,9,0
Female,25-44,55144.0,13363.0,15,1
Female,45plus,16060.0,12304.0,19,1
Female,25-44,20269.0,13800.0,23,1
Female,under25,26766.0,15530.0,13,1
Male,under25,48462.0,11570.0,5,1
Male,under25,36288.0,17132.0,3,1
Female,45plus,31007.0,9203.0,3,1
Male,45plus,24833.0,12770.0,0,1
Female,45plus,18271.0,2441.0,13,1
Female,under25,46492.0,20730.0,5,1
Male,45plus,42735.0,13449.0,5,1
Female,45plus,48965.0,18019.0,18,1
Female,25-44,38214.0,16973.0,7,1
Female,25-44,9000.0,17369.0,20,1
Male,25-44,19748.0,14358.0,3,0
Female,under25,38980.0,16496.0,8,1
Male,25-44,29590.0,9209.0,1,1
Female,45plus,27463.0,8076.0,13,1
Male,under25,21339.0,13854.0,3,0
Female,25-44,44410.0,10729.0,6,1
Female,25-44,38882.0,22098.0,18,1
Female,45plus,39388.0,16426.0,22,1
Male,45plus,26622.0,10531.0,13,1
Female,45plus,35733.0,12934.0,24,1
Female,25-44,18700.0,15118.0,18,1
Male,25-44,32290.0,14033.0,18,1
Female,25-44,9000.0,15867.0,24,1
Female,25-44,16108.0,14771.0,2,0
Female,under25,30124.0,6890.0,5,1
Female,25-44,60470.0,2786.0,10,1
Female,45plus,13492.0,12382.0,15,1
Female,25-44,19760.0,17427.0,24,1
Female,45plus,36189.0,12443.0,2,1
Male,25-44,53656.0,21077.0,5,1
Male,25-44,36025.0,14147.0,7,0
Female,under25,41649.0,21729.0,16,1
Male,under25,29952.0,20620.0,23,1
Female,25-44,28006.0,20077.0,23,1
Male,25-44,34675.0,7901.0,18,1
Male,under25,26344.0,14493.0,19,1
Male,under25,41898.0,21003.0,10,0
Male,25-44,15680.0,15871.0,15,1
Male,45plus,43762.0,17393.0,4,1
Male,45plus,34192.0,6906.0,12,1
Female,25-44,31334.0,24762.0,7,1
Male,under25,15266.0,10127.0,23,0
Male,under25,22727.0,3630.0,9,1
Male,under25,47235.0,12504.0,9,1
Male,25-44,31403.0,1800.0,10,1
Male,under25,36882.0,8540.0,22,1
Female,25-44,23855.0,28216.0,23,1
Female,45plus,33423.0,12348.0,10,1
Male,25-44,18314.0,6690.0,24,1
Female,45plus,34874.0,14537.0,18,1
Male,under25,37920.0,9552.0,21,1
Male,25-44,37357.0,19068.0,22,1
Female,45plus,23584.0,9597.0,8,1
Male,25-44,29902.0,15862.0,13,1
Female,25-44,39794.0,8206.0,7,1
Male,45plus,31371.0,28435.0,7,1
Male,25-44,30518.0,17120.0,11,1
Male,25-44,55164.0,13614.0,1,1
Male,25-44,23051.0,12818.0,5,1
Female,under25,45904.0,11410.0,20,1
Male,under25,20760.0,10292.0,4,1
Female,under25,41116.0,10143.0,15,1
Female,45plus,41716.0,23463.0,19,1
Female,25-44,28009.0,11416.0,6,0
Male,25-44,20054.0,2901.0,11,0
Male,25-44,11583.0,8104.0,21,1
Male,25-44,26830.0,19409.0,20,1
Female,45plus,39670.0,13037.0,23,1
Male,25-44,21627.0,13676.0,15,1
Female,25-44,34840.0,20717.0,22,1
Female,45plus,17140.0,10203.0,9,1
Male,45plus,31119.0,17816.0,15,1
Female,45plus,20846.0,10794.0,16,1
Male,25-44,32872.0,17510.0,24,1
Female,under25,28113.0,12288.0,9,1
Male,25-44,20359.0,13096.0,21,1
Female,25-44,26338.0,18829.0,12,1
Female,45plus,23241.0,18439.0,2,1
Female,under25,18968.0,13506.0,16,1
Male,25-44,45931.0,11853.0,24,1
Female,45plus,29698.0,23036.0,11,1
Male,45plus,9000.0,17582.0,13,1
Female,25-44,26738.0,12288.0,23,1
Male,45plus,44041.0,10873.0,23,1
Male,under25,25185.0,19934.0,10,1
Male,25-44,50600.0,15023.0,19,1
Male,under25,24112.0,13517.0,15,1
Male,45plus,39413.0,15021.0,16,1
Female,45plus,45412.0,16224.0,18,1
Male,under25,38815.0,14094.0,8,1
Female,under25,18287.0,20900.0,7,0
Male,25-44,23147.0,21200.0,0,0
Female,25-44,46913.0,17272.0,21,1
Female,45plus,24698.0,21823.0,6,0
Male,under25,44726.0,14446.0,16,1
Female,45plus,28910.0,18128.0,17,1
Female,25-44,35342.0,19824.0,17,1
Female,25-44,18156.0,19903.0,21,1
Male,under25,26907.0,19346.0,21,1
Male,45plus,23902.0,17808.0,0,1
Female,25-44,36288.0,24969.0,21,1
Male,25-44,34798.0,11486.0,5,1
Female,25-44,38955.0,13562.0,16,1
Male,45plus,28232.0,13242.0,16,1
Female,45plus,23285.0,12413.0,1,1
Male,45plus,35806.0,3660.0,7,1
Male,25-44,22167.0,21824.0,22,0
Female,45plus,45882.0,8860.0,3,1
Female,25-44,32462.0,15317.0,5,1
Female,45plus,30081.0,6722.0,2,1
Female,25-44,38950.0,17752.0,4,0
Male,25-44,32891.0,10159.0,15,1
Male,45plus,15097.0,8266.0,21,1
Male,45plus,21809.0,15449.0,14,1
Male,25-44,45650.0,10616.0,7,1
Male,25-44,34694.0,11300.0,21,1
Female,45plus,14832.0,15328.0,9,0
Male,45plus,37712.0,18720.0,7,1
Male,45plus,27458.0,9981.0,12,1
Male,under25,23912.0,9048.0,3,1
Male,25-44,20870.0,14527.0,8,1
Male,45plus,44999.0,17312.0,19,1
Female,45plus,11638.0,22299.0,15,1
Male,45plus,24328.0,8615.0,24,1
Female,25-44,35102.0,12683.0,19,1
Female,25-44,51506.0,20750.0,9,1
Female,25-44,39981.0,25055.0,19,1
Female,45plus,24232.0,9037.0,21,1
Male,25-44,50955.0,10410.0,15,1
Male,25-44,18505.0,16458.0,19,0
Male,45plus,36735.0,11281.0,12,1
Female,45plus,39238.0,10300.0,22,1
Female,25-44,23837.0,15720.0,5,0
Male,45plus,41598.0,22767.0,10,1
Male,under25,27969.0,7329.0,6,1
Female,under25,41570.0,22491.0,2,1
Female,25-44,13054.0,11296.0,15,1
Female,under25,37519.0,16268.0,2,1
Female,45plus,29114.0,22990.0,5,0
Female,45plus,46684.0,16157.0,19,1
Female,under25,33255.0,12794.0,6,1
Male,45plus,47804.0,18278.0,21,1
Male,25-44,39460.0,13465.0,1,1
Female,45plus,32315.0,17215.0,11,1
Female,45plus,42611.0,13295.0,1,1
Male,25-44,42683.0,19050.0,1,0
Female,under25,39059.0,6872.0,19,1
Male,under25,9000.0,8927.0,1,0
Female,25-44,22696.0,6791.0,22,1
Male,45plus,49322.0,14095.0,14,1
Female,25-44,19621.0,6141.0,12,1
Male,25-44,43678.0,10664.0,22,1
Male,under25,41698.0,8420.0,9,1
Male,45plus,25586.0,22390.0,9,1
Female,25-44,11304.0,9050.0,10,1
Male,45plus,27350.0,7453.0,16,1
Male,25-44,57128.0,15741.0,21,1
Female,25-44,24038.0,23509.0,13,1
Male,under25,24814.0,13774.0,7,1
Male,25-44,22527.0,14191.0,22,1
Male,25-44,47416.0,21370.0,14,1
Female,45plus,31017.0,19142.0,20,1
Male,45plus,26708.0,16697.0,10,1
Male,25-44,49652.0,11255.0,4,1
Male,25-44,40269.0,16862.0,23,1
Male,under25,23408.0,7052.0,16,1
Male,25-44,19984.0,11032.0,7,0
Male,45plus,46780.0,22130.0,21,1
Male,45plus,33939.0,21431.0,0,1
Male,45plus,16323.0,16762.0,23,1
Female,under25,13690.0,3982.0,14,1
Male,25-44,21194.0,7876.0,14,1
Male,25-44,19806.0,10731.0,0,0
Female,45plus,10732.0,13473.0,4,0
Female,25-44,21380.0,7648.0,18,1
Female,45plus,23410.0,13070.0,13,1
Male,under25,28545.0,23944.0,3,0
Male,25-44,52796.0,16564.0,16,1
Male,45plus,30748.0,15582.0,18,1
Male,25-44,31864.0,8906.0,6,1
Male,25-44,39479.0,5549.0,17,1
Female,25-44,31080.0,7768.0,24,1
Male,45plus,38252.0,5332.0,12,1
Female,under25,36907.0,14805.0,5,1
Male,45plus,35129.0,16473.0,24,1
Male,25-44,64873.0,9187.0,22,1
Female,25-44,44000.0,15199.0,11,1
Female,25-44,21580.0,22333.0,10,0
Male,25-44,37915.0,24971.0,20,1
Female,45plus,24843.0,18560.0,0,0
Male,45plus,38770.0,13456.0,7,0
Male,45plus,18279.0,18386.0,13,0
Female,45plus,21287.0,21700.0,16,0
Male,25-44,37619.0,3561.0,15,1
Male,25-44,44974.0,22403.0,9,1
Male,45plus,39405.0,11459.0,21,1
Male,under25,43359.0,11511.0,16,1
Male,45plus,37955.0,12483.0,13,1
Male,25-44,35690.0,16129.0,23,1
Female,25-44,28084.0,8399.0,2,1
Female,25-44,42896.0,12862.0,17,1
Male,25-44,45280.0,17237.0,23,1
Male,under25,33040.0,15580.0,16,1
Female,25-44,32434.0,16456.0,14,0
Male,25-44,51653.0,12650.0,9,1
Male,25-44,33520.0,18146.0,6,1
Female,25-44,34601.0,20104.0,13,1
Male,25-44,39197.0,19781.0,22,1
Male,25-44,32650.0,16709.0,11,0
Male,45plus,24521.0,19470.0,3,0
Male,under25,38002.0,19103.0,12,1
Male,25-44,33314.0,28853.0,2,0
Female,under25,54476.0,20977.0,23,1
Male,25-44,42620.0,13921.0,13,1
Female,25-44,27051.0,9477.0,5,1
Female,25-44,41952.0,12990.0,15,1
Male,25-44,37214.0,12608.0,13,1
Male,25-44,48481.0,17162.0,12,1
Male,under25,27850.0,10618.0,14,1
Female,25-44,35872.0,20838.0,23,1
Male,25-44,32636.0,6897.0,21,1
Female,25-44,34408.0,5584.0,6,1
Female,25-44,23792.0,13670.0,5,0
Female,45plus,40229.0,9850.0,24,1
Female,25-44,38452.0,7606.0,16,1
Female,25-44,48208.0,10960.0,0,1
Female,25-44,33638.0,10288.0,13,1
Female,under25,29116.0,14455.0,2,0
Female,25-44,42629.0,11049.0,0,1
Female,45plus,24815.0,11488.0,4,1
Female,45plus,45956.0,14374.0,6,1
Male,25-44,45932.0,19876.0,1,1
Female,under25,47894.0,22342.0,20,1
Male,45plus,37987.0,15198.0,10,1
Female,under25,28277.0,15618.0,13,1
Male,25-44,34978.0,13411.0,21,1
Female,45plus,38026.0,16998.0,20,1
Female,25-44,27448.0,16507.0,20,1
Female,under25,48748.0,21560.0,4,1
Male,25-44,40276.0,4201.0,18,1
Female,25-44,23713.0,13134.0,24,1
Female,under25,54932.0,16232.0,0,1
Female,25-44,34846.0,14258.0,21,1
Female,25-44,21441.0,9328.0,21,1
Female,25-44,24410.0,7384.0,21,1
Female,25-44,50488.0,18754.0,9,1
Male,45plus,54281.0,10312.0,4,1
Female,25-44,45106.0,4924.0,18,1
Male,45plus,48592.0,19025.0,15,1
Female,25-44,47437.0,16879.0,18,1
Female,under25,40016.0,13774.0,6,1
Male,25-44,37452.0,9462.0,4,1
Male,25-44,39824.0,13787.0,22,1
Male,25-44,42030.0,20965.0,12,1
Female,45plus,25407.0,5681.0,21,1
Male,45plus,41984.0,5954.0,23,1
Male,45plus,50159.0,11010.0,11,1
Female,25-44,31428.0,14256.0,6,1
Male,25-44,30226.0,11720.0,22,1
Female,25-44,39111.0,17871.0,17,1
Male,25-44,26441.0,20280.0,16,1
Male,45plus,18936.0,15906.0,23,1
Male,45plus,46662.0,17427.0,6,1
Male,25-44,28677.0,15870.0,9,1
Male,45plus,33958.0,14451.0,0,1
Female,45plus,26886.0,7415.0,9,1
Male,25-44,48113.0,8849.0,11,1
Male,45plus,43348.0,7105.0,11,1
Male,under25,31042.0,13598.0,3,1
Male,under25,20476.0,15655.0,20,1
Female,25-44,29847.0,6574.0,12,1
Male,25-44,40164.0,14792.0,10,1
Female,25-44,35872.0,9674.0,21,1
Male,45plus,34977.0,8626.0,12,1
Male,25-44,36131.0,11023.0,22,1
Male,25-44,42286.0,8349.0,5,1
Male,25-44,33279.0,17676.0,21,1
Female,under25,38812.0,13493.0,24,1
Male,45plus,22647.0,18802.0,18,1
Male,25-44,62481.0,12005.0,22,1
Female,45plus,30556.0,12209.0,18,1
Female,25-44,36040.0,24516.0,15,1
Female,under25,40123.0,5636.0,19,1
Female,under25,29128.0,21336.0,24,1
Female,under25,33838.0,23334.0,15,1
Female,45plus,33701.0,18536.0,17,1
Female,25-44,23467.0,12615.0,1,0
Male,25-44,38684.0,22105.0,23,1
Female,25-44,15196.0,12662.0,19,0
Male,45plus,53468.0,10588.0,4,1
Female,25-44,42671.0,12303.0,7,1
Female,45plus,40940.0,11321.0,5,1
Male,45plus,14212.0,9288.0,7,0
Female,25-44,24834.0,20394.0,22,1
Female,25-44,49380.0,10223.0,11,1
Male,25-44,80452.0,14240.0,10,1
Male,25-44,47190.0,6603.0,19,1
Female,45plus,45416.0,14566.0,9,0
Female,25-44,39656.0,8158.0,22,1
Male,45plus,24216.0,8025.0,18,1
Male,25-44,44946.0,13810.0,6,1
Female,25-44,21362.0,20108.0,15,0
Male,45plus,20131.0,16778.0,12,1
Male,25-44,19423.0,17150.0,8,1
Male,under25,44727.0,13698.0,22,1
Male,25-44,33104.0,12587.0,9,1
Female,25-44,34885.0,18672.0,2,1
Female,45plus,33577.0,11359.0,10,1
Female,25-44,21086.0,18906.0,12,1
Female,45plus,26204.0,21074.0,3,0
Male,25-44,26770.0,9857.0,18,1
Male,25-44,17941.0,10650.0,5,0
Male,under25,28078.0,11453.0,2,0
Male,45plus,21585.0,6478.0,13,1
Male,25-44,40249.0,11866.0,4,1
Male,25-44,41186.0,21428.0,19,1
Male,25-44,19196.0,8754.0,1,1
Male,25-44,30413.0,21556.0,10,1
Female,45plus,54631.0,12059.0,1,1
Female,25-44,22717.0,25816.0,9,0
Female,45plus,38550.0,10718.0,23,1
Female,under25,34937.0,13622.0,16,1
Female,under25,46045.0,9485.0,13,1
Male,25-44,37074.0,10687.0,3,1
Female,45plus,28898.0,21626.0,7,0
Male,25-44,34501.0,16962.0,9,1
Male,25-44,34666.0,19956.0,14,1
Male,25-44,32719.0,7295.0,5,1
Male,25-44,18910.0,17936.0,24,1
Male,25-44,47734.0,9154.0,16,1
Female,45plus,45748.0,7178.0,7,1
Female,25-44,22003.0,15690.0,2,0
Female,25-44,30367.0,15634.0,14,1
Female,25-44,31218.0,14688.0,11,1
Male,25-44,20739.0,18274.0,16,0
Male,25-44,12748.0,19117.0,14,1
Female,45plus,26206.0,22336.0,16,1
Male,25-44,29740.0,7972.0,20,1
Male,45plus,17536.0,22511.0,13,1
Male,under25,35741.0,24565.0,18,1
Female,45plus,46832.0,12423.0,8,1
Female,under25,43224.0,5390.0,23,1
Male,45plus,32325.0,6929.0,10,0
Female,25-44,13046.0,11906.0,16,1
Male,under25,41802.0,25276.0,24,1
Male,25-44,35397.0,14492.0,8,1
Male,25-44,38524.0,11067.0,2,1
Male,25-44,55532.0,10699.0,5,1
Female,25-44,24471.0,7258.0,6,1
Male,45plus,9000.0,19122.0,1,0
Female,45plus,21898.0,13903.0,13,1
Male,25-44,39218.0,25739.0,6,1
Female,45plus,34053.0,17792.0,2,0
Female,25-44,20074.0,18882.0,3,1
Female,under25,17778.0,13092.0,6,1
Female,25-44,29761.0,8509.0,9,1
Female,under25,19732.0,9683.0,24,1
Male,25-44,39608.0,7006.0,17,1
Female,25-44,29122.0,19316.0,17,1
Female,25-44,26695.0,12322.0,17,1
Male,25-44,25220.0,19544.0,20,1
Male,45plus,36710.0,15134.0,7,0
Male,25-44,34229.0,12819.0,2,1
Male,45plus,36022.0,8084.0,12,1
Male,25-44,35776.0,16029.0,0,1
Male,25-44,32938.0,13219.0,5,1
Female,25-44,22127.0,19272.0,18,0
Male,45plus,25533.0,10537.0,12,1
Female,under25,29310.0,17727.0,17,1
Male,25-44,56984.0,23260.0,12,1
Female,45plus,18575.0,15872.0,13,1
Male,45plus,29036.0,18641.0,7,1
Male,25-44,34856.0,17488.0,5,1
Male,under25,30338.0,24650.0,6,0
Female,under25,45832.0,16406.0,19,1
Male,25-44,30280.0,18180.0,24,1
Female,45plus,31112.0,14204.0,2,0
Male,25-44,42914.0,10219.0,13,1
Female,under25,54121.0,7876.0,11,1
Male,under25,49584.0,21242.0,14,1
Female,25-44,32212.0,8955.0,5,1
Male,25-44,33193.0,18428.0,0,0
Male,under25,34276.0,16646.0,5,0
Male,under25,35404.0,19356.0,4,1
Male,25-44,24218.0,11621.0,1,1
Male,under25,44287.0,10130.0,8,1
Female,25-44,36074.0,16443.0,17,1
Male,under25,33245.0,12821.0,24,1
Male,25-44,19450.0,7753.0,16,1
Female,45plus,34450.0,24868.0,4,0
Male,45plus,12452.0,10127.0,9,1
Male,45plus,27206.0,9034.0,7,1
Female,25-44,27416.0,13092.0,5,1
Female,under25,36979.0,21165.0,24,1
Female,25-44,54898.0,2700.0,16,1
Male,45plus,40184.0,20717.0,12,1
Female,under25,50044.0,9478.0,10,1
Male,25-44,41008.0,15828.0,7,1
Female,25-44,46407.0,10750.0,10,1
Female,25-44,54643.0,25157.0,15,1
Female,45plus,25516.0,15073.0,23,1
Male,25-44,24782.0,10576.0,12,1
Male,25-44,41274.0,12774.0,4,1
Female,45plus,33709.0,14884.0,23,1
Male,under25,36229.0,15359.0,7,1
Male,under25,30952.0,16770.0,2,1
Female,25-44,27042.0,14393.0,13,1
Female,25-44,51983.0,6963.0,19,1
Male,25-44,21376.0,12562.0,6,0
Male,under25,41472.0,17676.0,6,1
Male,45plus,39647.0,10783.0,7,1
Male,25-44,15986.0,18033.0,20,1
Male,25-44,24404.0,14571.0,23,1
Female,25-44,26295.0,13225.0,21,1
Female,45plus,40102.0,20848.0,5,0
Male,25-44,29620.0,5014.0,21,1
Male,45plus,32787.0,10753.0,7,1
Female,under25,17351.0,21056.0,21,1
Female,25-44,59917.0,24282.0,24,1
Female,45plus,34551.0,26744.0,17,1
Male,25-44,39364.0,14672.0,23,1
Female,25-44,27668.0,16872.0,3,0
Male,45plus,26408.0,18814.0,16,1
Male,under25,55268.0,21285.0,1,1
Female,25-44,12187.0,16091.0,16,0
Male,45plus,36885.0,19401.0,8,0
Male,45plus,20120.0,16883.0,24,1
Male,45plus,29194.0,17220.0,12,1
Male,45plus,26572.0,9441.0,19,1
Male,under25,22658.0,12622.0,7,1
Female,45plus,34149.0,11577.0,1,0
Male,25-44,9000.0,7980.0,18,0
Male,25-44,30201.0,5481.0,5,1
Female,25-44,32734.0,12112.0,18,1
Male,45plus,18458.0,12975.0,11,0
Female,25-44,50774.0,14967.0,24,1
Male,45plus,27062.0,17401.0,8,0
Female,under25,31078.0,15416.0,10,1
Male,under25,27088.0,13013.0,18,1
Female,25-44,32833.0,9458.0,19,1
Male,under25,48466.0,19136.0,3,1
Female,25-44,61571.0,13850.0,18,1
Male,25-44,42139.0,12057.0,12,1
Female,25-44,45990.0,13393.0,24,1
Male,under25,53060.0,10444.0,15,1
Male,under25,36550.0,11534.0,19,1
Male,25-44,51416.0,11362.0,8,1
Male,25-44,42664.0,12848.0,7,1
Male,25-44,35370.0,17942.0,19,1
Female,25-44,37691.0,16599.0,0,1
Male,25-44,13259.0,22752.0,14,0
Male,25-44,37036.0,20943.0,24,1
Male,under25,16383.0,24965.0,24,1
Male,25-44,15466.0,17420.0,17,0
Male,25-44,35920.0,17333.0,12,1
Female,25-44,21217.0,11768.0,20,1
Male,25-44,33670.0,18860.0,0,0
Female,25-44,35308.0,10857.0,19,1
Male,45plus,35810.0,6459.0,4,1
Male,25-44,23578.0,22642.0,18,1
Female,25-44,43860.0,7654.0,8,1
Male,45plus,32746.0,16770.0,18,1
Male,25-44,38712.0,9646.0,15,1
Female,25-44,20290.0,20484.0,23,1
Female,45plus,31744.0,21220.0,19,1
Female,under25,46094.0,17258.0,22,1
Male,45plus,44665.0,21130.0,3,1
Female,25-44,24781.0,14440.0,9,1
Female,25-44,27613.0,26464.0,10,0
Female,25-44,22628.0,18429.0,0,0
Male,under25,26366.0,9537.0,0,1
Male,45plus,18010.0,14776.0,0,0
Male,under25,32195.0,13576.0,19,1
Male,25-44,40873.0,13047.0,11,1
Female,25-44,24918.0,5451.0,18,1
Male,45plus,32731.0,16489.0,20,1
Male,under25,31270.0,6916.0,0,0
Male,45plus,45620.0,1800.0,21,1
Male,25-44,26870.0,12542.0,5,1
Male,45plus,27279.0,10318.0,10,1
Male,under25,24232.0,9748.0,24,1
Male,under25,20953.0,1800.0,7,1
Female,25-44,39704.0,9806.0,23,1
Male,under25,32230.0,13462.0,12,1
Male,25-44,34366.0,10976.0,0,1
Male,under25,48090.0,16492.0,20,1
Male,45plus,48736.0,21920.0,1,1
Male,45plus,15230.0,17188.0,15,0
Male,45plus,41038.0,19942.0,11,1
Male,45plus,36289.0,20390.0,3,0
Male,45plus,28557.0,8898.0,12,0
Female,25-44,37436.0,16772.0,9,0
Male,25-44,14328.0,19774.0,2,0
Male,45plus,50205.0,12046.0,13,1
Female,45plus,39543.0,10130.0,1,1
Male,45plus,24016.0,17264.0,13,1
Male,45plus,27164.0,6399.0,5,1
Male,25-44,14590.0,8525.0,20,1
Male,45plus,30218.0,10799.0,23,1
Male,45plus,28319.0,16833.0,23,1
Female,25-44,18842.0,15582.0,23,1
Female,45plus,42488.0,19975.0,2,1
Female,25-44,48114.0,9422.0,12,1
Male,45plus,33442.0,9132.0,5,1
Male,under25,30311.0,17229.0,2,0
Male,45plus,38644.0,10087.0,9,1
Male,under25,33529.0,11141.0,10,1
Male,25-44,21575.0,4373.0,7,1
Male,under25,26408.0,15970.0,2,1
Male,25-44,30415.0,22723.0,10,0
Male,25-44,36542.0,8842.0,3,1
Male,45plus,33855.0,19917.0,1,1
