gender,age_band,income,loan_amount,employment_years,loan_repaid,predicted_approval
Female,45plus,26091.0,17262.0,3,0,0
Male,25-44,50880.0,6851.0,6,1,1
Female,45plus,46715.0,19991.0,24,1,1
Female,25-44,50657.0,16020.0,4,1,0
Male,25-44,52074.0,31316.0,14,1,1
Female,under25,30995.0,13674.0,7,0,1
Female,25-44,30367.0,17941.0,11,1,0
Female,under25,55724.0,32975.0,6,1,0
Male,under25,35560.0,17165.0,14,1,1
Male,25-44,12000.0,15594.0,13,0,0
Male,25-44,54731.0,10078.0,15,1,1
Female,under25,29456.0,25170.0,7,0,0
Female,45plus,52007.0,9045.0,14,1,1
Female,under25,65892.0,18563.0,18,1,1
Male,25-44,45251.0,13159.0,17,1,1
Male,25-44,59936.0,14864.0,14,1,1
Female,25-44,47307.0,7456.0,7,1,1
Male,25-44,68811.0,24059.0,13,1,1
Female,under25,29068.0,14333.0,13,1,1
Female,45plus,44877.0,8709.0,23,1,1
Female,25-44,55097.0,23516.0,9,1,1
Male,under25,42144.0,12975.0,8,1,1
Female,25-44,62283.0,18008.0,18,1,1
Female,45plus,38519.0,21048.0,15,1,1
Female,45plus,76041.0,18844.0,10,1,1
Male,45plus,76833.0,2820.0,0,1,1
Male,25-44,49231.0,20172.0,17,1,1
Male,25-44,53289.0,15396.0,18,1,1
Male,25-44,62875.0,14026.0,23,1,1
Female,45plus,27192.0,15346.0,12,1,0
Female,25-44,25320.0,6340.0,12,1,0
Female,25-44,63846.0,17153.0,5,1,1
Male,25-44,49110.0,7814.0,11,1,1
Male,25-44,41602.0,14285.0,0,1,1
Male,under25,45167.0,16938.0,12,1,1
Male,25-44,12000.0,22444.0,17,0,0
Male,25-44,42142.0,11082.0,19,1,1
Male,45plus,33704.0,24710.0,16,1,0
Male,25-44,58771.0,21681.0,20,1,1
Female,45plus,59925.0,13424.0,16,1,1
Male,25-44,53650.0,9348.0,19,1,1
Female,45plus,50932.0,7337.0,10,1,1
Female,under25,22540.0,17631.0,15,0,1
Male,45plus,53860.0,11576.0,15,1,1
Female,25-44,54441.0,23196.0,14,0,0
Female,25-44,63678.0,11923.0,14,1,1
Male,25-44,76773.0,10596.0,19,1,1
Male,25-44,19612.0,17402.0,5,0,0
Female,25-44,39173.0,11884.0,7,1,0
Male,45plus,33866.0,16051.0,12,1,0
Male,45plus,47588.0,21916.0,16,1,1
Male,25-44,45201.0,16703.0,12,1,1
Female,25-44,41489.0,16726.0,4,1,0
Female,25-44,60414.0,17231.0,20,1,1
Female,45plus,28479.0,5841.0,13,1,0
Female,45plus,29383.0,18351.0,10,0,0
Male,25-44,29637.0,16960.0,21,1,1
Female,45plus,39595.0,21357.0,10,0,0
Male,25-44,26571.0,19635.0,4,0,0
Male,45plus,44271.0,14788.0,24,1,1
Female,45plus,42518.0,22194.0,9,1,0
Male,45plus,33202.0,14244.0,22,1,1
Female,under25,58106.0,17483.0,12,1,1
Female,25-44,44107.0,14133.0,6,1,0
Female,under25,60940.0,18771.0,9,1,1
Female,45plus,42074.0,13741.0,22,1,1
Female,25-44,44637.0,25885.0,23,1,1
Male,25-44,36558.0,28104.0,3,0,0
Male,45plus,44894.0,21244.0,24,1,1
Male,under25,55683.0,25248.0,21,1,1
Male,25-44,38830.0,6765.0,16,1,1
Male,25-44,52776.0,7472.0,4,1,1
Female,25-44,32809.0,14071.0,14,1,1
Male,under25,56386.0,16247.0,10,1,1
Male,under25,36301.0,14811.0,3,1,0
Male,25-44,57775.0,6147.0,24,1,1
Male,25-44,45915.0,22910.0,15,1,1
Female,25-44,67814.0,28925.0,2,1,0
Female,under25,27689.0,23686.0,8,1,0
Female,25-44,22857.0,22513.0,20,1,1
Female,25-44,35757.0,17357.0,11,1,1
Male,25-44,24231.0,10942.0,12,0,1
Female,45plus,24259.0,16435.0,3,0,0
Male,25-44,54323.0,28634.0,2,0,1
Male,25-44,44937.0,13888.0,24,1,1
Male,45plus,37805.0,13270.0,23,1,1
Female,25-44,39196.0,22644.0,2,1,0
Male,25-44,36041.0,23042.0,13,0,1
Male,under25,69756.0,10913.0,17,1,1
Male,under25,33967.0,14431.0,22,1,1
Male,under25,25168.0,12989.0,13,1,1
Female,45plus,56941.0,16418.0,21,1,1
Male,45plus,41764.0,22622.0,3,0,0
Male,under25,75582.0,11176.0,0,1,1
Male,25-44,37107.0,22538.0,11,1,0
Female,25-44,57690.0,16610.0,6,1,1
Male,25-44,61233.0,29957.0,18,1,1
Male,25-44,37180.0,17913.0,8,1,1
Male,25-44,33856.0,15418.0,10,0,1
Female,45plus,56120.0,19448.0,13,1,1
Female,25-44,53623.0,13977.0,24,1,1
Female,25-44,23841.0,5228.0,1,1,0
Male,25-44,28073.0,14557.0,13,1,1
Female,25-44,12000.0,14462.0,9,0,0
Female,45plus,53931.0,6446.0,0,1,1
Female,under25,41073.0,15562.0,20,1,1
Male,45plus,42568.0,3597.0,22,1,1
Male,45plus,19628.0,13914.0,4,0,0
Male,45plus,28528.0,17462.0,18,1,1
Female,25-44,37831.0,16582.0,17,1,1
Male,25-44,34915.0,13534.0,17,0,1
Male,45plus,46768.0,15487.0,11,1,1
Male,45plus,53752.0,11296.0,8,1,1
Female,25-44,79044.0,16065.0,1,1,1
Male,45plus,44700.0,16349.0,0,0,0
Female,25-44,61731.0,10599.0,4,1,1
Female,25-44,32550.0,17606.0,13,1,0
Female,45plus,19876.0,17569.0,3,0,0
Male,25-44,39715.0,15003.0,17,1,1
Female,25-44,21034.0,30526.0,15,0,0
Female,45plus,45220.0,15156.0,8,1,1
Female,45plus,33293.0,14325.0,2,1,0
Male,45plus,15686.0,13466.0,12,0,0
Male,25-44,71040.0,10174.0,20,1,1
Male,45plus,36937.0,20115.0,9,1,0
Male,under25,20436.0,11883.0,20,0,1
Male,25-44,58473.0,12592.0,7,1,1
Male,25-44,34071.0,12771.0,2,1,0
Male,45plus,61352.0,10090.0,16,1,1
Female,45plus,33999.0,5494.0,22,1,0
Male,45plus,36887.0,13222.0,22,1,1
Female,25-44,50172.0,21240.0,23,1,1
Female,25-44,53898.0,17182.0,2,1,1
Male,25-44,56527.0,25363.0,1,1,0
Female,25-44,43654.0,20506.0,14,0,1
Male,under25,52929.0,19144.0,23,1,1
Female,25-44,56184.0,27296.0,24,1,1
Male,45plus,48009.0,15417.0,6,1,1
Female,45plus,42860.0,16378.0,9,1,1
Male,45plus,23321.0,15931.0,16,1,0
Male,25-44,53988.0,25263.0,22,1,1
Male,25-44,45633.0,16015.0,4,1,1
Female,under25,38796.0,12110.0,24,1,1
Female,25-44,64166.0,19526.0,20,1,1
Male,25-44,23582.0,11102.0,1,0,0
Male,25-44,69661.0,19201.0,21,1,1
Male,under25,44666.0,18483.0,16,1,1
Male,25-44,49763.0,14864.0,24,1,1
Male,25-44,39074.0,19395.0,5,1,1
Male,25-44,19994.0,7073.0,24,1,1
Female,25-44,42906.0,16978.0,1,0,0
Female,25-44,50021.0,13223.0,1,1,1
Male,25-44,55143.0,33174.0,11,0,1
Female,25-44,42030.0,16935.0,16,1,1
Male,25-44,12112.0,12422.0,4,0,0
Female,under25,21875.0,7730.0,6,1,0
Male,45plus,75780.0,23832.0,9,1,1
Female,under25,28612.0,13900.0,3,0,0
Female,25-44,66406.0,11252.0,4,1,1
Female,25-44,30989.0,18018.0,3,1,0
Male,25-44,42263.0,19898.0,23,1,1
Female,25-44,54378.0,19804.0,23,1,1
Male,45plus,32697.0,16119.0,15,1,1
Male,25-44,68883.0,16955.0,17,1,1
Female,25-44,46136.0,17392.0,3,1,0
Male,25-44,51913.0,18018.0,1,1,1
Female,under25,40986.0,18549.0,9,1,0
Female,25-44,54881.0,22567.0,24,1,1
Male,25-44,68682.0,16338.0,11,1,1
Female,25-44,43031.0,11099.0,20,1,1
Male,45plus,70946.0,15134.0,9,1,1
Male,45plus,35826.0,20523.0,7,1,0
Male,45plus,56461.0,5281.0,20,1,1
Female,25-44,52337.0,5315.0,11,1,1
Male,45plus,28971.0,21510.0,18,1,1
Male,25-44,48207.0,25121.0,18,1,1
Male,25-44,45110.0,8409.0,18,1,1
Female,45plus,32202.0,16603.0,16,1,0
Female,25-44,50370.0,13603.0,20,1,1
Female,45plus,47194.0,14435.0,11,1,0
Female,45plus,43911.0,17833.0,7,1,0
Female,under25,43971.0,8243.0,12,1,1
Male,25-44,43650.0,9357.0,8,1,1
Male,25-44,39485.0,14192.0,1,0,1
Female,45plus,47098.0,15128.0,9,1,1
Female,45plus,35341.0,9244.0,12,1,1
Male,under25,84852.0,20738.0,13,1,1
Male,under25,23860.0,13495.0,8,1,1
Female,under25,36229.0,13469.0,18,1,1
Male,25-44,37414.0,17696.0,7,1,1
Female,under25,75607.0,15227.0,16,1,1
Male,45plus,25198.0,21025.0,6,1,0
Male,25-44,51389.0,10399.0,24,1,1
Female,45plus,48726.0,7616.0,16,1,1
Male,25-44,50004.0,14141.0,13,1,1
Male,25-44,63545.0,16361.0,10,1,1
Female,under25,63237.0,8555.0,18,1,1
Female,45plus,38236.0,7673.0,10,1,1
Male,under25,47910.0,17094.0,20,1,1
Male,under25,17038.0,11453.0,3,0,0
Female,25-44,46486.0,7285.0,20,1,1
Female,45plus,33090.0,21792.0,24,1,1
Male,under25,42204.0,12209.0,6,1,1
Male,25-44,19719.0,22899.0,5,1,0
Male,45plus,51073.0,16171.0,23,1,1
Male,45plus,19551.0,17769.0,10,1,1
Male,under25,47224.0,14731.0,17,1,1
Female,under25,26602.0,2000.0,4,1,1
Male,25-44,32255.0,9179.0,10,1,1
Male,25-44,62321.0,15246.0,17,1,1
Female,25-44,53819.0,18188.0,22,1,1
Female,25-44,62238.0,5262.0,10,1,1
Male,25-44,68396.0,15678.0,1,1,1
Female,under25,33407.0,9266.0,10,1,0
Female,25-44,67485.0,17408.0,16,1,1
Female,under25,23017.0,15884.0,21,1,1
Male,25-44,56192.0,20461.0,20,1,1
Male,under25,37600.0,22401.0,18,1,0
Female,45plus,31045.0,18754.0,4,0,0
Male,25-44,54217.0,21162.0,12,1,1
Male,under25,59174.0,13898.0,14,1,1
Male,under25,58729.0,32939.0,11,1,1
Female,25-44,48223.0,8687.0,23,1,1
Female,under25,46979.0,12833.0,23,1,1
Male,25-44,52903.0,21408.0,5,1,1
Female,45plus,49556.0,20516.0,23,1,1
Male,25-44,53120.0,18924.0,21,1,1
Female,under25,48060.0,20052.0,17,1,0
Female,25-44,57642.0,3499.0,9,1,1
Male,25-44,20592.0,25536.0,19,1,1
Male,45plus,43031.0,14777.0,14,1,1
Male,under25,24242.0,23475.0,22,0,1
Female,45plus,49151.0,3799.0,17,1,1
Female,45plus,69629.0,17539.0,24,1,1
Female,under25,37889.0,12619.0,10,1,1
Female,under25,46909.0,19433.0,2,0,0
Male,25-44,56347.0,17902.0,12,1,1
Female,45plus,13984.0,18196.0,24,1,0
Male,25-44,37168.0,9646.0,16,1,1
Male,25-44,50468.0,15658.0,17,1,1
Female,45plus,12000.0,14919.0,15,1,0
Female,45plus,30348.0,18972.0,14,0,0
Male,25-44,61513.0,21936.0,1,1,1
Male,25-44,60045.0,16903.0,10,1,1
Female,45plus,50615.0,8343.0,2,1,0
Female,25-44,58233.0,16645.0,8,1,1
Female,45plus,48227.0,31666.0,17,1,0
Male,under25,53331.0,25876.0,20,1,1
Male,under25,40265.0,2000.0,5,1,1
Male,45plus,46737.0,16380.0,16,1,1
Female,25-44,35514.0,21593.0,5,1,0
Female,under25,63952.0,14906.0,5,1,1
Male,under25,67823.0,13239.0,23,1,1
Male,25-44,65699.0,14398.0,15,1,1
Male,45plus,38878.0,19313.0,4,0,0
Female,under25,30693.0,9109.0,3,1,0
Female,under25,64155.0,23132.0,1,1,1
Male,25-44,53159.0,15664.0,12,1,1
Male,45plus,49929.0,10390.0,2,1,0
Female,25-44,35496.0,22746.0,14,1,0
Male,45plus,51385.0,6729.0,10,1,1
Female,45plus,28721.0,12669.0,15,1,0
Male,25-44,54511.0,12570.0,5,1,1
Male,45plus,65683.0,28864.0,3,0,0
Female,25-44,69466.0,11890.0,2,1,1
Male,25-44,55628.0,3070.0,2,1,1
Male,25-44,24270.0,12509.0,1,0,0
Male,45plus,47960.0,18733.0,6,1,1
Male,45plus,77095.0,20705.0,20,1,1
Male,45plus,31971.0,29659.0,15,0,0
Male,45plus,44112.0,24441.0,6,1,1
Male,25-44,66203.0,17128.0,23,1,1
Male,45plus,54257.0,10652.0,19,1,1
Female,45plus,82202.0,25744.0,19,1,1
Female,25-44,34007.0,13789.0,22,0,1
Male,under25,30154.0,12051.0,18,1,1
Male,25-44,63362.0,13498.0,23,1,1
Male,45plus,27062.0,8486.0,8,0,0
Female,25-44,42048.0,13210.0,21,1,1
Female,45plus,44015.0,14601.0,2,1,0
Male,under25,60540.0,20384.0,7,1,1
Male,25-44,54214.0,13671.0,22,1,1
Male,25-44,51856.0,8395.0,3,1,1
Male,under25,38964.0,6377.0,12,1,1
Female,45plus,63225.0,17257.0,8,1,1
Male,under25,105387.0,16436.0,2,1,1
Male,45plus,55369.0,12674.0,5,1,1
Male,25-44,46495.0,13195.0,13,1,1
Male,45plus,25532.0,18331.0,15,1,0
Male,25-44,35438.0,24343.0,16,1,1
Female,under25,41794.0,11319.0,3,1,1
Male,under25,36981.0,16533.0,7,1,1
Female,under25,44759.0,21750.0,2,0,0
Male,25-44,71670.0,11343.0,0,1,1
Female,45plus,63708.0,15906.0,9,1,1
Female,25-44,42618.0,15772.0,15,1,1
Female,25-44,26876.0,8132.0,9,1,1
Female,25-44,65061.0,17011.0,1,0,1
Female,25-44,44264.0,16189.0,5,0,0
Female,25-44,19102.0,19331.0,10,0,0
Female,25-44,55686.0,8879.0,8,1,1
Male,45plus,60385.0,16060.0,20,1,1
Male,45plus,12000.0,24290.0,14,0,0
Male,25-44,32632.0,28465.0,24,1,1
Female,under25,43343.0,23681.0,4,1,0
Male,under25,56018.0,8938.0,9,1,1
Male,25-44,37264.0,18706.0,2,0,1
Female,25-44,32518.0,13101.0,0,1,0
Male,45plus,55908.0,17703.0,23,1,1
Male,25-44,37975.0,11367.0,12,1,1
Male,25-44,53131.0,5719.0,16,1,1
Male,45plus,28327.0,13933.0,6,1,0
Male,25-44,24715.0,20336.0,1,0,0
Male,45plus,56329.0,17728.0,22,1,1
Male,under25,48788.0,18418.0,16,1,1
Male,25-44,58837.0,17298.0,17,1,1
Male,45plus,37011.0,18427.0,13,1,0
Female,45plus,33073.0,19177.0,10,1,0
Male,45plus,65411.0,14352.0,10,1,1
Female,25-44,22156.0,16497.0,19,1,1
Female,45plus,63772.0,26460.0,5,1,0
Male,25-44,64808.0,16852.0,8,1,1
Male,25-44,57901.0,16255.0,7,1,1
Male,under25,34683.0,16617.0,13,1,1
Female,25-44,32752.0,14693.0,24,1,1
Female,25-44,41849.0,13388.0,23,1,1
Female,under25,25574.0,17252.0,13,1,0
Male,45plus,30575.0,12966.0,5,1,0
Female,45plus,54671.0,15127.0,23,1,1
Male,45plus,54740.0,11257.0,7,1,1
Female,under25,29256.0,16648.0,8,0,0
Male,45plus,55142.0,19505.0,22,1,1
Female,under25,51815.0,14729.0,6,1,1
Female,25-44,67648.0,3950.0,11,1,1
Male,45plus,53537.0,19542.0,22,1,1
Female,under25,60879.0,16721.0,7,1,1
Male,under25,52156.0,10041.0,15,1,1
Female,under25,59699.0,20640.0,0,1,1
Male,25-44,25693.0,7609.0,24,1,1
Female,45plus,43174.0,22272.0,10,1,0
Male,under25,44415.0,15656.0,16,1,1
Female,under25,41344.0,2387.0,12,1,1
Female,25-44,51658.0,17070.0,10,1,1
Female,25-44,54516.0,13563.0,10,1,1
Female,45plus,50884.0,12659.0,0,1,0
Female,45plus,42346.0,11574.0,6,1,1
Female,45plus,33964.0,15237.0,9,1,0
Male,45plus,61458.0,13089.0,9,1,1
Female,25-44,50246.0,4860.0,6,1,1
Male,45plus,29721.0,23632.0,16,1,1
Female,under25,42095.0,14534.0,20,1,1
Male,under25,18851.0,11608.0,22,1,1
Female,25-44,45531.0,9229.0,24,1,1
Female,under25,42024.0,20624.0,16,1,0
Male,45plus,36383.0,8209.0,10,1,1
Male,25-44,68769.0,16804.0,16,1,1
Female,45plus,27658.0,12498.0,3,1,0
Female,25-44,55596.0,12847.0,20,1,1
Male,25-44,77801.0,9379.0,13,1,1
Female,45plus,61159.0,12278.0,4,1,1
Female,25-44,44527.0,16053.0,10,1,1
Male,25-44,27989.0,17412.0,7,0,0
Male,25-44,24569.0,11286.0,8,1,1
Male,45plus,38827.0,15454.0,1,1,0
Female,45plus,34695.0,21331.0,0,0,0
Male,under25,34207.0,6024.0,8,1,1
Female,25-44,40105.0,15962.0,7,1,0
Female,25-44,43466.0,10295.0,24,1,1
Male,under25,52278.0,9684.0,6,1,1
Female,25-44,26433.0,17566.0,8,1,0
Female,25-44,34766.0,12728.0,22,1,1
Male,under25,42605.0,8699.0,21,1,1
Male,25-44,42068.0,23946.0,1,1,0
Male,under25,72546.0,21521.0,2,1,1
Male,25-44,48484.0,4406.0,2,1,1
Male,under25,20796.0,7153.0,11,1,0
Female,45plus,51273.0,19561.0,14,1,1
Male,under25,53185.0,14291.0,8,1,1
Male,45plus,43123.0,25003.0,0,1,0
Female,under25,26799.0,19698.0,5,0,0
Female,25-44,71371.0,17797.0,15,1,1
Female,25-44,28952.0,9869.0,9,1,0
Female,25-44,54912.0,18949.0,3,1,1
Male,25-44,48001.0,8345.0,16,1,1
Male,45plus,54012.0,23831.0,15,1,1
Female,45plus,70603.0,18533.0,12,1,1
Female,25-44,53425.0,11051.0,23,1,1
Female,under25,36620.0,20828.0,21,1,1
Male,45plus,61590.0,29449.0,0,0,0
Female,25-44,35534.0,14694.0,22,1,1
Female,25-44,47453.0,19302.0,1,1,0
Male,45plus,25604.0,13409.0,12,1,1
Female,25-44,29501.0,16512.0,22,1,1
Female,25-44,45771.0,6957.0,24,1,1
Male,25-44,50521.0,15997.0,0,0,1
Male,25-44,19464.0,16261.0,1,0,0
Female,under25,52459.0,26794.0,6,1,1
Male,45plus,32709.0,5230.0,6,1,1
Male,under25,64195.0,14315.0,6,1,1
Male,45plus,39721.0,23729.0,10,1,0
Male,45plus,28146.0,14549.0,7,0,1
Female,45plus,46137.0,14972.0,14,1,1
Female,under25,31256.0,11000.0,21,1,1
Male,25-44,64034.0,10404.0,13,1,1
Female,25-44,45008.0,5045.0,8,1,1
Female,25-44,42725.0,12225.0,14,1,1
Male,45plus,53877.0,10064.0,15,1,1
Female,25-44,29926.0,16708.0,22,1,1
Male,45plus,25663.0,11274.0,23,1,1
Female,under25,51125.0,13122.0,6,1,1
Female,25-44,28505.0,13287.0,22,1,1
Female,under25,28500.0,15711.0,20,1,1
Male,45plus,57551.0,12829.0,3,1,0
Female,under25,52876.0,9629.0,13,1,1
Male,25-44,26193.0,16515.0,3,0,1
Male,45plus,35713.0,22405.0,12,1,0
Male,25-44,31444.0,16771.0,1,0,0
Female,under25,71645.0,12341.0,7,1,1
Male,under25,58590.0,15261.0,14,1,1
Female,25-44,38687.0,3696.0,7,1,1
Female,25-44,53643.0,15164.0,0,1,1
Male,under25,24657.0,13598.0,9,0,0
Male,25-44,34910.0,10399.0,13,1,1
Male,25-44,46573.0,11487.0,19,1,1
Female,25-44,51783.0,13539.0,3,0,1
Female,25-44,43538.0,21955.0,11,0,1
Male,under25,48720.0,22552.0,4,1,1
Female,under25,46175.0,10431.0,3,0,1
Male,25-44,42546.0,12892.0,3,1,1
Female,under25,40558.0,13044.0,18,1,1
Female,25-44,38606.0,20857.0,22,1,1
Female,45plus,48479.0,16873.0,16,1,0
Female,45plus,51162.0,16557.0,9,1,1
Female,25-44,47975.0,19218.0,23,1,1
Male,25-44,27321.0,12422.0,12,1,1
Male,25-44,30016.0,24183.0,13,0,0
Male,45plus,50983.0,15990.0,15,1,1
Male,25-44,67075.0,10865.0,16,1,1
Female,25-44,47286.0,14622.0,12,1,1
Female,25-44,38825.0,23392.0,11,0,0
Female,under25,48365.0,13449.0,7,1,0
Male,25-44,27948.0,21697.0,17,0,1
Female,45plus,64634.0,12248.0,16,1,1
Male,45plus,47799.0,11406.0,10,1,1
Male,under25,34958.0,19958.0,17,1,1
Female,25-44,42498.0,10756.0,3,1,1
Female,25-44,37094.0,20935.0,10,1,0
Female,25-44,64675.0,18110.0,24,1,1
Male,25-44,41966.0,10758.0,18,1,1
Female,under25,47330.0,15571.0,18,1,1
Male,45plus,53606.0,12707.0,21,1,1
Female,45plus,33889.0,18094.0,15,1,0
Female,25-44,47906.0,27327.0,16,1,1
Male,25-44,49117.0,13776.0,12,1,1
Male,25-44,21689.0,19203.0,20,1,1
Male,25-44,48790.0,16147.0,17,1,1
Female,under25,44314.0,16144.0,13,1,1
Male,25-44,46949.0,15009.0,3,1,1
Female,under25,45534.0,10855.0,20,1,1
Female,45plus,48888.0,18011.0,8,1,1
Female,25-44,65060.0,14268.0,8,1,1
Male,25-44,27307.0,10571.0,3,1,0
Female,25-44,39868.0,22085.0,5,0,0
Male,45plus,54999.0,16594.0,3,1,1
Female,under25,52214.0,14631.0,2,1,0
Female,under25,51891.0,24040.0,0,1,0
Female,under25,86304.0,4984.0,7,1,1
Female,25-44,54212.0,23637.0,18,1,1
Male,45plus,61964.0,10719.0,21,1,1
Male,25-44,40394.0,17269.0,5,1,1
Male,45plus,30106.0,12472.0,10,1,1
Male,25-44,40285.0,10462.0,20,1,1
Male,25-44,55679.0,23883.0,17,1,1
Male,under25,51102.0,27137.0,22,1,1
Male,25-44,51049.0,14673.0,10,1,1
Male,25-44,41785.0,18013.0,4,1,0
Male,25-44,39393.0,16342.0,3,0,0
Female,25-44,42302.0,26383.0,17,1,1
Female,45plus,55867.0,3321.0,0,1,1
Male,45plus,57611.0,18263.0,11,1,1
Male,25-44,29906.0,11637.0,8,0,1
Male,25-44,56435.0,2000.0,22,1,1
Female,45plus,35239.0,13837.0,24,1,1
Male,25-44,52034.0,27088.0,12,1,1
Male,45plus,42121.0,12064.0,14,1,1
Male,25-44,68487.0,20745.0,9,1,1
Male,45plus,38729.0,23192.0,19,1,1
Male,under25,47679.0,15924.0,7,1,1
Female,25-44,54099.0,16723.0,18,1,1
Female,25-44,31891.0,5702.0,22,1,1
Female,25-44,43907.0,11703.0,4,1,1
Female,45plus,41001.0,21442.0,5,1,0
Female,45plus,37293.0,16364.0,9,1,0
Male,under25,38404.0,18204.0,20,0,1
Female,25-44,61680.0,16799.0,16,1,1
Male,25-44,36022.0,29152.0,4,0,0
Male,25-44,53496.0,13417.0,9,1,1
Female,25-44,49719.0,25632.0,16,1,1
Male,45plus,24045.0,16801.0,24,1,1
Male,45plus,52788.0,26165.0,11,1,1
Female,under25,23797.0,8650.0,1,0,0
Female,25-44,54421.0,17108.0,2,1,0
Female,25-44,37392.0,13638.0,0,1,0
Male,25-44,45126.0,16837.0,3,1,1
Male,under25,25586.0,23334.0,10,0,1
Female,25-44,46836.0,18273.0,7,1,1
Male,25-44,58904.0,23322.0,7,1,1
Female,under25,32896.0,11979.0,19,1,1
Male,45plus,35892.0,11063.0,11,1,1
Male,25-44,51819.0,16097.0,18,1,1
Male,25-44,52194.0,15768.0,13,1,1
Female,25-44,12000.0,14885.0,5,0,0
Male,45plus,75231.0,10248.0,23,1,1
Male,under25,52928.0,23192.0,11,1,1
Male,under25,55454.0,13823.0,20,1,1
Male,25-44,42847.0,24556.0,2,1,0
Male,25-44,17170.0,16076.0,21,1,1
Female,25-44,55121.0,19891.0,17,1,1
Male,45plus,36522.0,19346.0,6,0,0
Female,25-44,53159.0,11054.0,19,1,1
Female,under25,41718.0,18203.0,18,1,1
Male,25-44,48571.0,27570.0,22,1,1
Male,45plus,33375.0,17510.0,5,0,0
Female,45plus,57966.0,21408.0,22,1,1
Male,45plus,27174.0,20160.0,19,1,0
Male,25-44,78684.0,17842.0,8,1,1
Female,45plus,78569.0,17119.0,8,1,1
Female,25-44,69490.0,19284.0,6,1,1
Female,25-44,64132.0,20580.0,11,1,1
Male,25-44,43732.0,7887.0,22,1,1
Female,45plus,62498.0,17484.0,20,1,1
Female,25-44,43557.0,14896.0,3,0,1
Male,25-44,21697.0,13651.0,3,1,1
Female,25-44,67548.0,23776.0,1,1,1
Male,25-44,61932.0,11601.0,15,1,1
Male,under25,44530.0,7631.0,7,1,1
Male,25-44,26622.0,20774.0,19,1,1
Male,45plus,36207.0,7478.0,19,1,1
Male,under25,17683.0,4432.0,4,0,0
Female,25-44,59176.0,21450.0,17,1,1
Female,under25,20950.0,16952.0,19,1,0
Female,under25,49302.0,18836.0,24,1,1
Female,45plus,32345.0,13345.0,18,1,1
Female,25-44,23599.0,7694.0,8,0,0
Male,25-44,48575.0,8885.0,24,1,1
Male,25-44,39993.0,14367.0,6,1,1
Male,45plus,57573.0,8366.0,20,1,1
Male,25-44,25986.0,17842.0,9,0,1
Female,45plus,33640.0,13225.0,23,1,1
Male,25-44,12000.0,17110.0,19,1,1
Male,under25,12235.0,16931.0,14,0,0
Male,25-44,71973.0,18321.0,5,1,1
Male,under25,76254.0,18997.0,4,1,1
Female,25-44,46391.0,13937.0,23,1,1
Male,25-44,32643.0,17104.0,20,1,1
Male,45plus,40523.0,17416.0,12,1,1
Male,45plus,58104.0,2000.0,21,1,1
Male,45plus,37284.0,19879.0,19,1,1
Female,under25,48565.0,16900.0,9,1,1
Male,45plus,44809.0,19384.0,20,1,1
Male,45plus,36468.0,8279.0,19,1,1
Male,25-44,37107.0,14105.0,11,1,0
Female,25-44,49400.0,9451.0,0,1,0
Female,45plus,30347.0,20468.0,18,0,1
Female,under25,51776.0,7569.0,8,1,1
Female,25-44,37926.0,10428.0,9,1,0
Female,45plus,46911.0,19206.0,17,1,1
Male,under25,65759.0,12224.0,20,1,1
Male,25-44,42477.0,10430.0,2,1,1
Male,25-44,58797.0,21440.0,20,1,1
Male,25-44,18120.0,21686.0,7,0,0
Female,45plus,37945.0,20332.0,14,1,1
Male,under25,45415.0,21092.0,21,1,1
Female,25-44,73850.0,14611.0,5,1,1
Female,45plus,15601.0,14772.0,5,0,0
Male,under25,43557.0,12112.0,24,1,1
Female,45plus,66850.0,17006.0,9,1,1
Female,under25,33225.0,12833.0,23,1,1
Female,25-44,41807.0,13402.0,8,1,1
Male,under25,49976.0,19599.0,15,1,1
Male,25-44,47768.0,23107.0,12,1,1
Male,45plus,68487.0,18390.0,24,1,1
Male,45plus,51727.0,26766.0,13,1,1
Male,45plus,64917.0,11767.0,12,1,1
Female,25-44,39600.0,4972.0,11,1,1
Female,45plus,33892.0,20288.0,9,1,0
Male,25-44,41614.0,11369.0,11,1,1
Male,45plus,27613.0,14358.0,11,1,0
Male,25-44,52253.0,5381.0,19,1,1
Male,45plus,39212.0,10605.0,1,1,0
Female,25-44,34923.0,6987.0,12,1,1
Male,25-44,52480.0,13394.0,13,1,1
Male,45plus,27844.0,13633.0,18,0,1
Female,25-44,56558.0,16540.0,16,1,1
Male,25-44,37825.0,23438.0,10,0,0
Male,45plus,62386.0,20061.0,2,1,0
Female,25-44,39109.0,6267.0,9,1,1
Female,under25,54479.0,19648.0,6,1,1
Female,25-44,47693.0,16671.0,5,1,0
Female,25-44,56159.0,15413.0,18,1,1
Male,25-44,46649.0,15864.0,11,1,1
Female,45plus,20049.0,17227.0,19,0,1
Female,45plus,60132.0,11849.0,3,1,1
Female,25-44,43685.0,14906.0,24,1,1
Female,25-44,56843.0,23104.0,11,1,1
Female,25-44,55354.0,11777.0,6,1,1
Female,45plus,33401.0,9821.0,9,1,0
Male,25-44,31278.0,15630.0,21,1,1
Female,under25,54830.0,9217.0,17,1,1
Male,45plus,40451.0,5663.0,4,0,1
Female,45plus,59046.0,13933.0,24,1,1
Female,25-44,42327.0,24692.0,3,0,0
Female,25-44,60351.0,15768.0,6,1,1
Female,25-44,51350.0,17071.0,18,1,1
Male,25-44,49320.0,3219.0,13,1,1
Female,25-44,39390.0,18629.0,11,1,0
Female,under25,48486.0,16560.0,23,1,1
Male,25-44,62893.0,12011.0,19,1,1
Male,25-44,44187.0,17080.0,24,1,1
Male,25-44,52968.0,17021.0,7,1,1
Female,25-44,45695.0,9643.0,21,1,1
Male,45plus,46869.0,17991.0,5,0,0
Female,25-44,70851.0,23183.0,20,1,1
Male,45plus,63026.0,14632.0,13,1,1
Female,under25,46191.0,10794.0,14,1,1
Male,25-44,48217.0,14935.0,2,0,0
Female,45plus,34472.0,21128.0,21,1,1
Male,25-44,42405.0,8642.0,6,1,1
Female,under25,49641.0,19471.0,14,1,1
Female,25-44,57759.0,11932.0,4,1,1
Female,25-44,56238.0,17452.0,23,1,1
Female,25-44,28361.0,12614.0,8,0,0
Male,25-44,59655.0,12598.0,19,1,1
Male,25-44,43668.0,25139.0,19,1,1
Male,25-44,30195.0,7545.0,13,1,1
Male,under25,65046.0,18912.0,3,1,1
Female,25-44,66949.0,26388.0,6,1,1
Female,25-44,48956.0,20113.0,15,1,1
Female,under25,55632.0,8013.0,13,1,1
Female,25-44,56512.0,8311.0,14,1,1
Female,25-44,65937.0,11490.0,6,1,1
Female,under25,55921.0,16947.0,13,1,1
Male,25-44,25085.0,17356.0,2,1,0
Male,under25,75147.0,8370.0,12,1,1
Female,25-44,60985.0,10763.0,2,1,1
Female,45plus,37357.0,11131.0,16,1,0
Male,45plus,29556.0,14916.0,14,1,1
Male,25-44,52572.0,27908.0,21,1,1
Female,25-44,40826.0,10401.0,11,0,1
Male,25-44,49950.0,10138.0,4,1,1
Male,45plus,56151.0,9201.0,5,1,1
Female,45plus,36503.0,19813.0,20,0,1
Female,under25,28258.0,15752.0,23,1,1
Male,under25,50787.0,10623.0,1,1,1
Female,25-44,36999.0,13823.0,16,1,1
Male,45plus,47191.0,11251.0,12,1,1
Female,45plus,24850.0,17775.0,6,1,0
Male,under25,41217.0,32106.0,12,1,0
Female,25-44,55724.0,19305.0,23,1,1
Male,under25,54089.0,15442.0,4,1,1
Male,25-44,33175.0,12010.0,20,1,1
Female,45plus,27476.0,7940.0,2,1,0
Male,25-44,45236.0,20402.0,18,1,1
Male,under25,53415.0,20076.0,1,1,1
Male,25-44,51078.0,13203.0,1,1,1
Female,25-44,37318.0,23280.0,0,0,0
Female,45plus,49467.0,16127.0,20,1,1
Female,25-44,67535.0,20649.0,14,1,1
Male,45plus,48077.0,17777.0,17,1,1
Male,25-44,20503.0,14937.0,3,0,0
Male,under25,48048.0,10271.0,23,1,1
Female,25-44,75659.0,15127.0,20,1,1
Female,under25,25689.0,21052.0,12,1,0
Female,25-44,45446.0,12951.0,22,1,1
Female,25-44,41605.0,18638.0,3,0,0
Male,under25,46438.0,9504.0,7,1,1
Female,under25,47914.0,20680.0,1,0,0
Male,under25,62100.0,17878.0,4,0,1
Male,under25,46272.0,8787.0,21,1,1
Male,45plus,64159.0,14656.0,10,1,1
Male,45plus,43235.0,21589.0,16,1,1
Male,under25,39748.0,8446.0,22,1,1
Male,45plus,34962.0,9574.0,19,1,1
Male,45plus,17744.0,15583.0,9,0,0
Female,45plus,49137.0,28800.0,8,0,0
Male,25-44,75810.0,11965.0,2,1,1
Male,25-44,51874.0,18972.0,20,1,1
Female,25-44,55301.0,17561.0,24,1,1
Female,45plus,38805.0,12463.0,12,1,1
Male,45plus,41335.0,16967.0,12,1,0
Male,25-44,59770.0,13313.0,21,1,1
Female,25-44,75130.0,13853.0,8,1,1
Male,45plus,67319.0,6032.0,10,1,1
Male,45plus,57079.0,15853.0,22,1,1
Female,25-44,45527.0,21395.0,9,1,1
Male,25-44,48146.0,16345.0,23,1,1
Female,25-44,33697.0,22543.0,4,0,0
Female,25-44,23277.0,19482.0,12,0,0
Female,25-44,28098.0,15643.0,12,1,1
Male,45plus,45747.0,12232.0,7,1,1
Male,45plus,40620.0,13082.0,24,1,1
Male,25-44,22958.0,7177.0,12,1,1
Male,25-44,44440.0,14398.0,21,1,1
Female,25-44,40224.0,16876.0,5,0,0
Male,under25,27407.0,26293.0,8,0,0
Female,25-44,39447.0,19170.0,11,1,1
Female,under25,40186.0,10811.0,14,1,1
Female,25-44,35750.0,7364.0,5,0,1
Male,under25,58900.0,14761.0,7,1,1
Male,25-44,16456.0,20871.0,15,0,1
Female,45plus,15213.0,14676.0,6,0,0
Female,25-44,45049.0,19252.0,18,1,1
Female,25-44,46442.0,14913.0,11,1,1
Female,45plus,51063.0,20302.0,24,1,1
Female,25-44,36915.0,6416.0,5,1,0
Male,under25,31231.0,25625.0,21,1,1
Female,25-44,44890.0,9325.0,12,1,1
Male,25-44,38376.0,20762.0,2,1,0
Female,25-44,68266.0,14367.0,17,1,1
Female,under25,40137.0,15305.0,5,1,0
Male,25-44,44202.0,14553.0,3,0,1
Male,25-44,82131.0,17534.0,13,1,1
Male,25-44,42079.0,18745.0,19,1,1
Female,25-44,53342.0,22350.0,6,1,0
Male,under25,54695.0,24448.0,15,1,1
Male,25-44,55971.0,17991.0,0,1,1
Male,45plus,49342.0,26282.0,4,1,0
Male,25-44,47908.0,16558.0,18,1,1
Male,25-44,46505.0,22465.0,0,0,0
Male,25-44,36360.0,18572.0,8,1,1
Male,25-44,49883.0,12705.0,12,0,1
Male,45plus,75430.0,17087.0,1,1,1
Male,25-44,63160.0,19019.0,24,1,1
Male,25-44,49559.0,15807.0,12,1,1
Male,45plus,57837.0,18477.0,8,1,0
Female,45plus,31962.0,21192.0,24,1,0
Male,25-44,41092.0,15860.0,13,1,1
Male,under25,59218.0,2000.0,16,1,1
Male,under25,67308.0,26070.0,2,1,1
Male,25-44,33437.0,14214.0,3,1,1
Male,25-44,37746.0,11060.0,1,0,0
Male,25-44,77721.0,9255.0,12,1,1
Female,45plus,46444.0,13981.0,20,1,1
Male,25-44,72350.0,12624.0,22,1,1
Male,under25,48103.0,11578.0,14,1,1
Male,under25,48693.0,11907.0,1,1,1
Male,25-44,40418.0,19178.0,15,1,1
Male,25-44,59138.0,28182.0,15,1,1
Female,45plus,65367.0,20923.0,14,1,1
Female,under25,29475.0,22736.0,18,0,0
Male,under25,39713.0,13736.0,13,1,1
Male,25-44,58726.0,16628.0,17,1,1
Male,25-44,43057.0,18559.0,12,1,1
Male,25-44,37599.0,12043.0,3,1,0
Female,45plus,60143.0,13446.0,1,1,1
Male,25-44,61552.0,21127.0,22,1,1
Male,25-44,38255.0,22542.0,11,0,1
Female,45plus,48185.0,16404.0,8,1,0
Male,under25,26873.0,8829.0,7,1,0
Male,45plus,31568.0,14226.0,1,0,0
Female,25-44,46862.0,7352.0,23,1,1
Male,25-44,45471.0,16451.0,2,0,1
Male,45plus,30497.0,17532.0,5,0,0
Male,25-44,34260.0,14376.0,11,1,1
Female,25-44,29024.0,17450.0,8,0,0
Male,25-44,51826.0,18501.0,0,1,0
Male,25-44,15485.0,17541.0,8,0,0
Male,25-44,29826.0,8791.0,19,1,1
Male,25-44,17056.0,14480.0,6,0,1
Female,45plus,51285.0,18459.0,21,1,1
Male,25-44,17959.0,25472.0,9,0,0
Female,25-44,45476.0,14368.0,0,0,1
Female,under25,69593.0,19305.0,2,1,1
Female,25-44,70102.0,21269.0,20,1,1
Male,under25,17911.0,14820.0,10,1,0
Female,under25,49476.0,22890.0,24,1,1
Female,25-44,30165.0,23213.0,19,1,1
Male,under25,27103.0,24282.0,0,0,0
Female,25-44,43298.0,18751.0,7,1,1
Female,25-44,63424.0,30161.0,18,1,1
Male,25-44,53995.0,12308.0,1,1,1
Female,45plus,34273.0,28744.0,24,1,1
Male,45plus,55576.0,20610.0,4,0,1
Female,25-44,12000.0,24042.0,19,1,0
Female,45plus,33706.0,14080.0,21,1,1
Male,45plus,32642.0,21067.0,12,1,1
Female,25-44,46175.0,24562.0,20,1,1
Male,45plus,41958.0,9476.0,22,1,1
Female,under25,42878.0,15020.0,18,1,1
Female,25-44,42379.0,3152.0,17,1,1
Male,25-44,45336.0,14930.0,9,1,1
Male,under25,53102.0,11104.0,7,1,1
Male,25-44,47240.0,14693.0,21,1,1
Male,45plus,40735.0,33542.0,5,0,0
Male,25-44,51026.0,26307.0,10,1,1
Male,under25,57392.0,7363.0,12,1,1
Male,under25,36660.0,19334.0,9,1,1
Male,25-44,44109.0,20794.0,9,0,1
Female,45plus,62429.0,13973.0,14,1,1
Female,45plus,28459.0,17070.0,8,0,0
Female,25-44,72071.0,17656.0,24,1,1
Male,25-44,24913.0,7920.0,4,1,1
Female,under25,39820.0,9812.0,9,1,1
Female,25-44,30747.0,17034.0,21,1,1
Male,45plus,77819.0,16596.0,11,1,1
Male,45plus,37450.0,11749.0,17,1,1
Female,25-44,37487.0,11234.0,16,1,1
Male,25-44,39439.0,15461.0,8,1,1
Male,25-44,46434.0,21317.0,18,1,1
Female,25-44,40073.0,15541.0,5,1,0
Male,25-44,43007.0,25736.0,18,1,1
Male,25-44,12000.0,11825.0,3,0,0
Female,25-44,45857.0,17159.0,17,1,1
Female,45plus,45267.0,13874.0,2,1,0
Male,25-44,60579.0,19528.0,21,1,1
Female,under25,64636.0,11310.0,15,1,1
Female,25-44,42184.0,27564.0,1,1,0
Male,25-44,57243.0,5856.0,2,1,1
Female,25-44,28476.0,26293.0,4,0,0
Male,25-44,56510.0,16540.0,24,1,1
Male,45plus,36413.0,19315.0,14,1,0
Female,25-44,27230.0,24007.0,6,0,0
Male,25-44,42216.0,21146.0,6,0,1
Female,45plus,66007.0,11620.0,0,1,1
Female,25-44,47715.0,19601.0,5,0,0
Male,25-44,67447.0,27205.0,21,1,1
Female,under25,33769.0,10676.0,14,1,1
Male,25-44,60718.0,28711.0,9,1,1
Female,45plus,35218.0,18314.0,0,0,0
Male,45plus,48380.0,13401.0,8,1,1
Female,25-44,48250.0,10640.0,9,1,1
Female,25-44,54922.0,14660.0,2,1,0
Male,25-44,48761.0,4268.0,15,1,1
Female,45plus,33912.0,13509.0,16,1,1
Female,25-44,58205.0,14422.0,24,1,1
Female,45plus,70975.0,9554.0,8,1,1
Female,under25,36243.0,20487.0,6,0,1
Female,under25,17472.0,14687.0,20,0,0
Male,under25,52490.0,12185.0,8,1,1
Male,under25,40032.0,14048.0,15,1,1
Male,45plus,43033.0,18131.0,18,1,1
Female,25-44,53343.0,16439.0,21,1,1
Male,25-44,38154.0,11794.0,7,1,1
Male,25-44,40967.0,16754.0,15,1,1
Male,25-44,43498.0,15696.0,3,1,1
Female,25-44,67046.0,9163.0,19,1,1
Male,under25,45451.0,14269.0,1,1,1
Female,25-44,26465.0,19476.0,17,1,0
Male,under25,27062.0,19433.0,5,0,1
Female,45plus,47088.0,14620.0,11,1,0
Male,25-44,28059.0,20061.0,1,1,0
Male,45plus,21565.0,10120.0,17,1,1
Female,45plus,54533.0,10306.0,12,1,1
Female,under25,55267.0,14492.0,16,1,1
Male,under25,39478.0,24985.0,8,1,1
Male,45plus,49405.0,16980.0,0,1,0
Female,25-44,47822.0,14348.0,14,1,1
Female,25-44,54036.0,25265.0,17,1,1
Male,under25,54071.0,14278.0,16,1,1
Male,25-44,12000.0,29408.0,6,0,0
Female,25-44,41393.0,12932.0,17,1,1
Female,45plus,52769.0,9930.0,13,1,1
Female,25-44,38843.0,15002.0,5,1,0
Female,45plus,45543.0,14505.0,2,1,0
Male,25-44,56260.0,11154.0,8,1,1
Female,under25,46214.0,31612.0,0,1,0
Female,25-44,67619.0,17912.0,17,1,1
Female,25-44,61905.0,18785.0,0,1,1
Male,25-44,43222.0,13229.0,1,0,0
Male,25-44,42029.0,12534.0,3,0,1
Female,25-44,12000.0,22153.0,8,0,0
Male,25-44,40102.0,5945.0,0,1,1
Female,25-44,24701.0,9143.0,15,1,1
Male,25-44,48318.0,14516.0,3,1,1
Female,25-44,47293.0,24106.0,20,1,1
Female,25-44,55438.0,13753.0,13,1,1
Male,25-44,65950.0,18497.0,2,1,1
Male,25-44,44606.0,16166.0,10,1,1
Female,25-44,79206.0,23778.0,3,1,1
Female,25-44,48487.0,6492.0,24,1,1
Male,under25,25347.0,20416.0,14,0,0
Female,25-44,36569.0,14807.0,20,1,1
Female,25-44,39409.0,21549.0,9,1,0
Male,25-44,53882.0,11084.0,3,1,1
Male,45plus,30791.0,16146.0,5,1,0
Male,45plus,40530.0,15385.0,10,0,1
Male,under25,42584.0,9985.0,19,1,1
Male,25-44,38278.0,8318.0,10,1,1
Male,25-44,57171.0,12518.0,23,1,1
Female,45plus,54620.0,16780.0,9,1,1
Male,25-44,62499.0,11459.0,5,1,1
Female,25-44,40035.0,14020.0,12,1,1
Male,25-44,63038.0,4685.0,2,1,1
Male,25-44,24540.0,13776.0,16,1,1
Female,25-44,24174.0,22142.0,2,0,0
Female,25-44,26793.0,20231.0,16,1,1
Male,25-44,45138.0,15478.0,9,1,1
Male,25-44,63036.0,17462.0,8,1,1
Male,45plus,35968.0,11030.0,15,0,1
Male,45plus,37850.0,25747.0,17,1,1
Male,25-44,41760.0,28407.0,23,1,1
Male,25-44,53592.0,16989.0,7,0,0
Male,under25,37836.0,31544.0,20,1,0
Male,45plus,36999.0,11919.0,20,1,1
Female,45plus,24819.0,8494.0,24,1,1
Female,25-44,36424.0,11742.0,24,1,1
Male,45plus,62662.0,14683.0,19,1,1
Male,under25,46364.0,29872.0,7,0,0
Male,25-44,33902.0,14313.0,17,1,1
Male,25-44,63542.0,10842.0,19,1,1
Female,under25,36222.0,10609.0,7,1,1
Female,25-44,66299.0,22840.0,20,1,1
Female,25-44,66054.0,21984.0,17,1,1
Female,45plus,45840.0,13087.0,12,1,0
Female,25-44,22522.0,4745.0,21,1,1
Female,45plus,79343.0,9228.0,2,1,1
Male,45plus,50809.0,26327.0,17,1,1
Male,25-44,40142.0,20133.0,19,1,1
Male,45plus,59342.0,16393.0,1,1,1
Female,25-44,55535.0,27213.0,10,1,1
Male,25-44,64664.0,27750.0,12,1,1
Female,under25,35065.0,15784.0,5,1,0
Female,25-44,49777.0,15895.0,21,1,0
Male,45plus,27212.0,12508.0,15,1,1
Male,25-44,54995.0,14292.0,6,1,1
Male,25-44,44656.0,7082.0,10,1,1
Male,25-44,49215.0,7058.0,2,1,1
Female,25-44,42805.0,5664.0,2,1,0
Female,45plus,41235.0,22506.0,18,1,1
Female,25-44,31977.0,6632.0,24,1,1
Male,45plus,56856.0,27700.0,6,1,1
Male,25-44,67346.0,11618.0,6,1,1
Male,45plus,36650.0,26424.0,17,1,1
Female,25-44,53303.0,13810.0,12,1,1
Female,25-44,51483.0,6603.0,3,1,1
Male,under25,45121.0,23703.0,16,1,1
Female,25-44,22101.0,24411.0,5,0,0
Male,45plus,25476.0,10564.0,2,1,0
Female,25-44,33285.0,14010.0,11,1,1
Male,under25,12915.0,10565.0,18,1,1
Male,45plus,66120.0,15277.0,13,1,1
Female,under25,50516.0,16647.0,16,1,1
Male,25-44,44551.0,13892.0,5,1,1
Male,45plus,12146.0,5087.0,12,1,0
Male,25-44,17642.0,12515.0,17,1,0
Male,45plus,44965.0,20221.0,13,1,1
Female,25-44,74557.0,14747.0,5,1,1
Female,45plus,34520.0,14035.0,23,1,1
Female,25-44,57957.0,10415.0,1,1,1
Male,25-44,37801.0,12340.0,22,1,1
Male,25-44,45829.0,24454.0,18,1,0
Male,45plus,63220.0,9161.0,2,1,1
Male,25-44,39811.0,20325.0,6,1,1
Male,45plus,34648.0,16282.0,9,0,1
Female,25-44,66271.0,17469.0,23,1,1
Female,25-44,45683.0,11606.0,12,1,1
Female,45plus,61368.0,13889.0,6,1,1
Male,25-44,34721.0,15966.0,22,1,1
Male,25-44,66100.0,12876.0,2,1,1
Male,45plus,49104.0,17989.0,20,1,1
Male,under25,51522.0,18745.0,20,1,1
Male,under25,46974.0,29036.0,9,1,1
Male,25-44,37418.0,17669.0,1,1,1
Male,25-44,44975.0,4527.0,22,1,1
Female,25-44,38361.0,22978.0,24,1,1
Male,under25,59393.0,14777.0,9,1,1
Female,25-44,41954.0,28072.0,4,1,0
Male,25-44,22552.0,24826.0,6,0,0
Female,under25,19809.0,12968.0,3,0,0
Male,25-44,19099.0,20331.0,15,0,0
Male,25-44,54270.0,12436.0,12,1,1
Male,under25,27727.0,16016.0,8,0,0
Male,25-44,49501.0,20056.0,16,1,1
Female,45plus,47049.0,22678.0,15,1,1
Male,25-44,44029.0,21371.0,0,0,1
Female,25-44,51576.0,16450.0,10,1,1
Male,25-44,47375.0,30901.0,21,1,1
Male,25-44,12000.0,13810.0,19,0,0
Male,45plus,40146.0,6357.0,21,1,1
Male,45plus,51377.0,7512.0,23,1,1
Female,45plus,69604.0,24844.0,1,1,0
Female,25-44,70297.0,15540.0,6,1,1
Female,25-44,24553.0,16954.0,11,1,0
Male,under25,39754.0,12745.0,12,1,1
Male,25-44,21508.0,13284.0,19,0,1
Female,25-44,67798.0,11277.0,18,1,1
Male,25-44,60193.0,18827.0,17,1,1
Male,under25,50259.0,15416.0,3,1,1
Male,45plus,47491.0,18610.0,16,1,1
Female,under25,65709.0,18037.0,19,1,1
Female,under25,63170.0,13445.0,18,1,1
Female,45plus,62371.0,7248.0,14,1,1
Female,45plus,51850.0,6725.0,2,1,0
Male,25-44,39762.0,34160.0,3,0,0
Female,25-44,56507.0,24869.0,18,1,1
Male,25-44,57241.0,24041.0,21,1,1
Female,under25,42140.0,11952.0,20,1,1
Male,25-44,39731.0,16057.0,10,0,1
Female,25-44,62000.0,11108.0,14,1,1
Male,25-44,69962.0,8128.0,4,1,1
Male,25-44,33759.0,12467.0,14,1,1
Male,25-44,41049.0,23957.0,4,1,0
Male,45plus,50264.0,21044.0,19,1,1
Male,under25,52299.0,10180.0,19,1,1
Female,under25,37165.0,14111.0,1,0,0
Male,25-44,73253.0,20495.0,23,1,1
Female,45plus,51331.0,12574.0,19,1,1
Male,25-44,52971.0,16478.0,9,1,1
Female,45plus,71383.0,18411.0,11,1,1
Male,25-44,38264.0,18346.0,1,1,1
Female,25-44,43674.0,17525.0,23,1,1
Female,25-44,26200.0,12078.0,2,0,0
Male,25-44,42415.0,12694.0,23,1,1
Female,45plus,22666.0,9198.0,16,1,1
Male,under25,56218.0,6632.0,22,1,1
Male,25-44,51300.0,15312.0,9,1,1
Female,25-44,40844.0,20898.0,22,1,1
Female,25-44,43494.0,7718.0,10,1,0
Male,25-44,56422.0,17638.0,8,1,1
Male,25-44,27963.0,20708.0,8,0,1
Female,45plus,48063.0,4980.0,23,1,1
Female,45plus,55493.0,14377.0,11,1,1
Female,45plus,18266.0,25877.0,11,0,0
Male,25-44,55274.0,19312.0,16,1,1
Female,25-44,19889.0,4777.0,13,1,1
Male,25-44,43236.0,19950.0,13,1,0
Female,25-44,27549.0,11514.0,9,0,0
Male,25-44,66469.0,20148.0,4,1,1
Female,25-44,27643.0,11860.0,24,1,1
Male,under25,20247.0,15682.0,12,1,0
Female,under25,47000.0,12775.0,24,1,1
Female,45plus,38794.0,16019.0,11,1,0
Male,under25,22431.0,12596.0,14,1,1
Female,25-44,52887.0,14659.0,13,1,1
Male,25-44,15128.0,8946.0,24,1,1
Female,under25,29456.0,18944.0,2,0,0
Male,45plus,36372.0,17052.0,12,1,1
Male,under25,57033.0,6301.0,3,1,1
Male,45plus,64432.0,21957.0,21,1,1
Male,45plus,61542.0,14942.0,13,1,1
Male,25-44,42701.0,16971.0,23,1,1
Female,under25,12000.0,20587.0,6,0,0
Female,25-44,50863.0,17969.0,4,1,1
Female,25-44,67059.0,22991.0,15,1,1
Male,25-44,63507.0,14240.0,3,1,1
Male,45plus,51944.0,22207.0,9,1,0
Male,25-44,27157.0,16738.0,7,0,0
Female,45plus,37120.0,19046.0,5,1,0
Female,under25,74007.0,18422.0,3,1,1
Male,45plus,23749.0,23444.0,16,1,0
Female,25-44,27782.0,20328.0,18,1,1
Male,25-44,59138.0,13342.0,9,1,1
Male,25-44,38533.0,12152.0,7,1,1
Male,under25,27274.0,15701.0,3,0,0
Male,45plus,67920.0,11439.0,16,1,1
Female,25-44,51916.0,9687.0,20,1,1
Female,25-44,39273.0,3232.0,13,1,1
Male,25-44,27813.0,6704.0,10,1,1
Male,25-44,75711.0,27912.0,16,1,1
Female,under25,44633.0,12061.0,22,1,1
Female,under25,65960.0,27421.0,24,1,1
Female,under25,58405.0,18419.0,4,1,1
Male,25-44,37186.0,15701.0,11,1,1
Female,under25,37306.0,6996.0,21,1,1
Male,45plus,66695.0,16028.0,15,1,1
Female,25-44,66938.0,27353.0,20,1,1
Male,25-44,16846.0,25346.0,24,1,1
Female,25-44,53247.0,17645.0,2,1,1
Male,25-44,43182.0,9108.0,15,1,1
Male,25-44,29500.0,10257.0,13,0,1
Female,25-44,48926.0,10884.0,7,1,1
Female,25-44,24756.0,23669.0,16,0,0
Male,25-44,38003.0,25790.0,2,1,1
Female,25-44,33023.0,17175.0,12,1,1
Female,45plus,37503.0,14182.0,10,1,0
Male,25-44,43928.0,25292.0,9,1,1
Male,25-44,29767.0,10129.0,15,1,1
Male,under25,68598.0,16311.0,23,1,1
Female,25-44,52399.0,18778.0,23,1,1
Male,45plus,71918.0,10823.0,17,1,1
Male,under25,42599.0,12185.0,8,1,1
Female,25-44,36768.0,11718.0,24,1,1
Female,25-44,71376.0,24500.0,24,1,1
Female,under25,36329.0,27486.0,21,1,1
Female,45plus,42326.0,16689.0,21,1,1
Female,25-44,55801.0,14391.0,20,1,1
Female,45plus,26434.0,12401.0,19,1,0
Female,25-44,55669.0,16010.0,18,1,1
Male,45plus,53750.0,12699.0,15,1,1
Male,25-44,64040.0,15418.0,16,1,1
Male,25-44,58351.0,18479.0,9,1,1
Female,45plus,64500.0,13568.0,22,1,1
Male,25-44,43344.0,14862.0,15,1,1
Male,25-44,32060.0,14887.0,15,1,1
Female,45plus,76650.0,14095.0,18,1,1
Male,25-44,22100.0,13351.0,1,1,0
Male,25-44,23602.0,20573.0,22,1,1
Female,25-44,53477.0,5376.0,14,1,1
Female,45plus,69375.0,25446.0,23,1,1
Male,45plus,47843.0,16813.0,2,1,0
Male,25-44,59990.0,19660.0,5,1,1
Male,25-44,15063.0,20350.0,23,1,1
Female,under25,37507.0,11752.0,17,1,1
Female,25-44,16891.0,10514.0,16,1,0
Male,45plus,56706.0,9806.0,10,1,1
Female,25-44,21792.0,14518.0,13,0,0
Male,under25,25833.0,20195.0,13,0,1
Male,25-44,52710.0,12497.0,4,1,1
Female,25-44,60927.0,19648.0,14,1,1
Male,45plus,42615.0,2000.0,12,1,1
Male,under25,53553.0,13687.0,7,1,1
Male,25-44,53067.0,23003.0,8,1,1
Female,45plus,41769.0,14974.0,19,1,0
Female,45plus,28579.0,11025.0,16,1,0
Female,under25,53473.0,12059.0,11,1,1
Male,45plus,54196.0,2000.0,15,1,1
Male,25-44,58410.0,9929.0,6,1,1
Female,45plus,49681.0,22343.0,12,1,1
Male,under25,27473.0,12504.0,14,1,1
Female,25-44,55355.0,13213.0,6,1,1
Female,25-44,44979.0,2009.0,4,1,1
Male,25-44,37759.0,6215.0,13,1,1
Female,25-44,40580.0,23140.0,23,1,1
Male,25-44,34646.0,19704.0,11,0,1
Male,25-44,58333.0,8215.0,22,1,1
Female,under25,23728.0,12217.0,21,1,1
Male,25-44,30098.0,15825.0,18,1,1
Female,25-44,40068.0,8823.0,22,1,1
Female,45plus,69206.0,3975.0,10,1,1
Female,45plus,60814.0,15045.0,18,1,1
Female,25-44,20387.0,19436.0,3,0,0
Male,under25,65270.0,19551.0,7,1,1
Male,25-44,65241.0,21251.0,14,1,1
Female,25-44,27390.0,6679.0,0,1,0
Female,45plus,12000.0,16347.0,19,1,0
Male,25-44,43917.0,14389.0,23,1,1
Male,under25,61836.0,15477.0,2,1,1
Male,under25,68869.0,14729.0,24,1,1
Male,25-44,31938.0,12037.0,2,1,0
Female,45plus,71280.0,2000.0,3,1,1
Male,25-44,12000.0,22971.0,19,0,0
Female,25-44,39479.0,17980.0,17,1,1
Female,25-44,38742.0,7094.0,23,1,1
Female,45plus,62285.0,18839.0,10,1,0
Male,25-44,64475.0,13316.0,14,1,1
Male,45plus,59313.0,13486.0,3,1,1
Female,45plus,24742.0,11390.0,17,1,0
Female,25-44,57939.0,19222.0,24,1,1
Male,45plus,52636.0,11201.0,14,1,1
Female,25-44,19931.0,9419.0,23,1,1
Male,25-44,13995.0,22790.0,9,1,0
Female,under25,60570.0,14927.0,24,1,1
Male,25-44,42299.0,15115.0,13,1,1
Male,25-44,25722.0,20155.0,3,0,0
Male,under25,41877.0,11994.0,9,1,1
Male,under25,50461.0,13191.0,12,1,1
Male,25-44,43757.0,17834.0,1,0,0
Male,25-44,21720.0,6752.0,22,1,1
Male,25-44,73283.0,17327.0,5,1,1
Female,25-44,60063.0,11466.0,16,1,1
Male,45plus,39969.0,21133.0,22,1,1
Female,45plus,40574.0,19280.0,10,1,0
Female,under25,50392.0,18487.0,15,1,1
Male,25-44,28056.0,6358.0,12,1,1
Male,25-44,49840.0,15380.0,19,1,1
Female,45plus,25039.0,8936.0,0,0,0
Female,25-44,43942.0,15779.0,8,1,0
Male,45plus,27471.0,2108.0,15,1,1
Female,under25,28229.0,6755.0,2,0,1
Male,25-44,69686.0,23134.0,21,1,1
Male,45plus,45888.0,18214.0,15,1,1
Female,25-44,48111.0,13877.0,0,1,0
Male,45plus,14829.0,10548.0,0,0,0
Female,under25,36045.0,9494.0,3,1,0
Male,under25,51918.0,17201.0,16,1,1
Female,under25,47912.0,13938.0,12,1,1
Male,under25,12690.0,25280.0,12,0,0
Male,under25,48107.0,14891.0,14,1,1
Male,25-44,50498.0,16352.0,12,1,1
Male,25-44,64256.0,7669.0,8,1,1
Female,25-44,35172.0,13836.0,0,0,0
Male,25-44,12000.0,17062.0,0,0,0
Male,under25,30048.0,13763.0,17,1,1
Male,25-44,28544.0,13086.0,18,1,1
Male,under25,56051.0,17961.0,5,1,1
Female,45plus,12000.0,25089.0,6,0,0
Male,under25,38275.0,16870.0,10,1,0
Female,25-44,66387.0,22865.0,16,1,1
Male,45plus,45108.0,19730.0,14,1,0
Female,25-44,58445.0,22506.0,13,1,1
Male,25-44,20373.0,12342.0,0,1,0
Male,25-44,20970.0,14758.0,10,0,1
Female,under25,66559.0,14783.0,18,1,1
Female,25-44,46518.0,19278.0,14,1,0
Female,45plus,46549.0,20754.0,20,1,1
Male,45plus,28228.0,16750.0,17,1,1
Male,25-44,46512.0,21260.0,22,1,1
Female,25-44,27811.0,12620.0,14,1,1
Male,45plus,62803.0,21312.0,14,1,1
Female,25-44,85917.0,22095.0,13,1,1
Female,25-44,52259.0,20065.0,6,1,0
Female,under25,35476.0,16805.0,10,0,0
Female,under25,12000.0,20280.0,4,0,0
Female,25-44,19733.0,10636.0,10,0,1
Male,under25,68323.0,17190.0,3,1,1
Male,under25,29562.0,17803.0,12,1,0
Female,under25,39437.0,8023.0,23,1,1
Male,45plus,54830.0,18848.0,11,1,1
Male,under25,67234.0,8507.0,18,1,1
Male,under25,42006.0,13432.0,10,1,1
Female,25-44,38930.0,16239.0,22,1,1
Female,25-44,46074.0,11616.0,5,1,0
Female,45plus,35585.0,16495.0,20,1,1
Male,45plus,36393.0,16399.0,18,1,1
Male,25-44,51178.0,11079.0,22,1,1
Male,25-44,47779.0,19408.0,3,1,1
Male,25-44,76974.0,11415.0,22,1,1
Female,under25,51583.0,29728.0,22,1,1
Female,25-44,62267.0,15343.0,7,1,1
Male,under25,28931.0,8972.0,15,1,1
Male,under25,52877.0,10094.0,14,0,1
Male,25-44,34155.0,22885.0,1,1,1
Female,under25,50932.0,13545.0,13,1,1
Female,under25,55328.0,7817.0,16,1,1
Male,25-44,45748.0,21122.0,5,1,1
Female,25-44,81110.0,13507.0,9,1,1
Male,under25,66420.0,19921.0,14,1,1
Male,under25,62659.0,21613.0,23,1,1
Female,under25,56464.0,17647.0,1,1,1
Male,25-44,71450.0,30375.0,23,1,1
Male,45plus,23445.0,5652.0,20,1,1
Female,45plus,65554.0,11092.0,21,1,1
Male,25-44,30131.0,14464.0,1,0,0
Female,25-44,36535.0,29567.0,14,0,0
Male,45plus,53421.0,26788.0,9,1,1
Male,25-44,63498.0,23732.0,22,1,1
Male,under25,27696.0,11235.0,18,1,1
Male,under25,37312.0,11935.0,16,1,1
Male,25-44,46463.0,11029.0,0,1,1
Male,25-44,42205.0,11299.0,21,1,1
Female,under25,57810.0,24956.0,12,1,1
Male,25-44,96539.0,14537.0,4,1,1
Male,25-44,51290.0,15331.0,21,1,1
Male,25-44,33972.0,20646.0,22,1,1
Male,25-44,25552.0,6019.0,12,0,1
Male,25-44,40121.0,16316.0,16,1,1
Female,25-44,30896.0,9419.0,15,1,0
Male,25-44,52013.0,14234.0,7,1,1
Female,under25,51780.0,12481.0,18,1,1
Female,45plus,38052.0,12172.0,24,1,1
Male,25-44,74774.0,17353.0,23,1,1
Male,under25,33968.0,17327.0,17,1,1
Male,25-44,43209.0,14681.0,9,1,1
Female,45plus,54587.0,18224.0,22,1,1
Male,45plus,58381.0,10788.0,23,1,1
Female,45plus,64164.0,20090.0,0,1,0
Female,25-44,51427.0,14763.0,8,1,1
Female,25-44,60764.0,13098.0,13,1,1
Male,25-44,35023.0,11231.0,14,1,1
Female,under25,58771.0,14552.0,17,1,1
Male,25-44,58571.0,27224.0,12,1,1
Male,25-44,67693.0,15620.0,0,1,1
Male,under25,19973.0,9134.0,4,1,1
Female,45plus,31392.0,21513.0,19,1,0
Female,25-44,57347.0,13168.0,17,1,1
Female,under25,12000.0,17703.0,16,0,1
Male,25-44,52380.0,12366.0,11,1,1
Female,45plus,60897.0,23685.0,6,1,1
Male,45plus,36354.0,12455.0,7,1,1
Male,25-44,38547.0,24387.0,17,1,1
Female,45plus,28888.0,9704.0,12,1,0
Male,45plus,37177.0,14243.0,3,1,0
Male,45plus,37611.0,24400.0,9,0,0
Female,45plus,34757.0,17009.0,20,1,0
Male,25-44,33935.0,29629.0,14,0,1
Male,45plus,40935.0,14385.0,21,1,1
Male,25-44,40753.0,17542.0,12,1,1
Male,45plus,73112.0,27431.0,12,1,1
Female,under25,39087.0,6916.0,23,1,1
Female,45plus,50162.0,6173.0,12,1,1
Male,45plus,36347.0,11227.0,3,0,1
Male,25-44,36156.0,20880.0,10,1,1
Male,45plus,19434.0,6341.0,16,1,1
Female,25-44,21430.0,19582.0,8,0,0
Female,under25,26895.0,19160.0,10,0,0
Female,under25,47755.0,28086.0,21,1,1
Male,45plus,61143.0,22273.0,10,1,1
Male,25-44,18200.0,18184.0,7,0,0
Male,25-44,36764.0,24155.0,2,0,1
Female,25-44,24497.0,19233.0,10,0,0
Male,25-44,41036.0,13240.0,19,1,1
Female,25-44,61137.0,9132.0,7,1,1
Female,45plus,38297.0,12584.0,11,1,1
Male,25-44,44287.0,15760.0,16,1,1
Male,45plus,66828.0,17050.0,23,1,1
Male,25-44,51869.0,3189.0,20,1,1
Male,45plus,33599.0,14683.0,7,0,0
Male,25-44,47384.0,16171.0,4,0,1
Female,25-44,32587.0,19285.0,16,1,0
Male,under25,51307.0,25761.0,6,1,1
Male,25-44,52730.0,17114.0,9,1,1
Female,25-44,24493.0,10543.0,2,0,0
Female,45plus,47627.0,5092.0,19,1,1
Male,25-44,43236.0,20122.0,4,0,1
Female,under25,53170.0,10785.0,9,1,1
Female,25-44,57470.0,21201.0,10,1,1
Female,45plus,52162.0,24385.0,1,1,0
Female,25-44,40452.0,6736.0,19,1,1
Male,under25,59000.0,19323.0,15,1,1
Female,25-44,31904.0,23756.0,13,0,0
Male,25-44,25192.0,22114.0,4,0,0
Female,25-44,12000.0,3422.0,1,0,0
Female,25-44,43948.0,10878.0,1,1,0
Male,25-44,32677.0,8319.0,15,1,1
Male,25-44,50966.0,19141.0,18,1,1
Female,25-44,15432.0,18480.0,19,0,1
Female,under25,35292.0,2000.0,20,1,1
Male,45plus,52054.0,14195.0,9,1,1
Female,25-44,29552.0,20804.0,0,0,0
Female,25-44,51139.0,16888.0,6,1,1
Male,under25,36645.0,16878.0,19,1,1
Male,25-44,44508.0,13810.0,19,1,1
Male,45plus,53927.0,9646.0,12,1,1
Female,under25,59292.0,15898.0,0,1,1
Male,under25,46387.0,16313.0,19,1,1
Female,under25,32790.0,19692.0,20,1,1
Male,25-44,38129.0,20179.0,5,0,1
Female,45plus,54554.0,16515.0,20,1,1
Male,25-44,29681.0,22569.0,15,1,0
Male,25-44,42329.0,13750.0,22,1,1
Female,45plus,39212.0,7336.0,15,1,1
Male,45plus,43450.0,18862.0,2,0,0
Male,25-44,29861.0,16758.0,16,1,1
Female,under25,17221.0,18982.0,2,1,0
Female,25-44,52811.0,8413.0,6,1,1
Female,45plus,59462.0,26745.0,21,1,1
Male,25-44,18117.0,20263.0,24,1,1
Female,25-44,50534.0,14272.0,11,1,1
Female,45plus,61248.0,10387.0,7,1,1
Male,25-44,53939.0,22463.0,9,1,1
Male,25-44,38750.0,9389.0,6,1,1
Female,under25,30848.0,29568.0,14,0,0
Male,45plus,46215.0,12321.0,10,1,1
Female,25-44,48717.0,26323.0,1,0,1
Female,25-44,46437.0,14893.0,15,1,1
Female,under25,42298.0,25484.0,16,1,1
Male,45plus,28760.0,11591.0,16,0,1
Male,45plus,51340.0,16113.0,23,1,1
Male,25-44,52063.0,20828.0,17,1,1
Male,25-44,48012.0,19972.0,16,1,1
Female,45plus,46665.0,22605.0,5,1,0
Female,45plus,70189.0,13075.0,11,1,1
Male,25-44,35634.0,16509.0,10,1,0
Male,25-44,64222.0,23490.0,24,1,1
Female,45plus,33990.0,11768.0,11,1,1
Male,45plus,61634.0,19435.0,17,1,1
Male,25-44,63501.0,14685.0,13,1,1
Male,25-44,40604.0,17235.0,1,1,1
Female,25-44,69914.0,16507.0,23,1,1
Male,45plus,52036.0,11270.0,16,1,1
Female,25-44,31841.0,14436.0,5,0,0
Male,under25,39388.0,16870.0,1,0,0
Female,under25,61991.0,15384.0,23,1,1
Male,45plus,58846.0,25436.0,7,1,1
Male,45plus,29129.0,22060.0,0,0,0
Male,45plus,42911.0,17740.0,15,1,1
Male,25-44,48053.0,11421.0,0,0,0
Male,45plus,37386.0,11056.0,5,1,1
Male,45plus,80367.0,27843.0,22,1,1
Male,25-44,48505.0,9941.0,0,1,1
Male,under25,44073.0,16683.0,18,1,1
Female,45plus,62863.0,18166.0,15,1,1
Male,under25,39522.0,14132.0,7,1,1
Female,25-44,60111.0,9987.0,7,1,1
Female,25-44,19984.0,11291.0,11,0,1
Male,25-44,38195.0,12721.0,13,1,1
Female,25-44,60736.0,11743.0,22,1,1
Female,45plus,68553.0,23966.0,6,1,1
Female,25-44,33401.0,15945.0,14,1,1
Male,45plus,31653.0,12857.0,17,1,0
Male,25-44,53512.0,16642.0,0,0,1
Male,25-44,35654.0,20008.0,22,1,1
Male,45plus,40971.0,13932.0,24,1,1
Female,under25,58146.0,21412.0,2,1,1
Female,25-44,36838.0,8373.0,6,1,1
Male,45plus,15519.0,23028.0,19,1,0
Female,under25,25484.0,15946.0,20,1,1
Male,under25,45149.0,15712.0,3,1,1
Female,25-44,17049.0,11842.0,22,1,1
Male,45plus,40543.0,8633.0,8,1,1
Female,25-44,24119.0,6000.0,7,1,0
Female,25-44,69599.0,11423.0,8,1,1
Male,45plus,77477.0,19526.0,16,1,1
Male,25-44,29127.0,10232.0,5,1,0
Female,25-44,48851.0,6709.0,13,1,1
Male,25-44,30594.0,10546.0,1,1,1
Male,25-44,40360.0,13691.0,3,1,1
Female,25-44,72052.0,13927.0,19,1,1
Female,25-44,38000.0,15227.0,9,1,0
Male,under25,40709.0,22196.0,19,1,1
Male,25-44,30862.0,23496.0,18,1,1
Male,25-44,62193.0,28033.0,24,1,1
Female,25-44,12000.0,6251.0,3,0,0
Male,under25,38358.0,10865.0,23,1,1
Male,25-44,44312.0,20191.0,22,1,1
Male,45plus,35084.0,13276.0,10,1,0
Female,25-44,57953.0,21165.0,3,1,0
Male,under25,63030.0,17243.0,3,1,1
Female,25-44,23819.0,25475.0,12,0,0
Female,45plus,76402.0,22256.0,0,1,0
Female,25-44,23651.0,22366.0,2,0,0
Female,45plus,64329.0,13529.0,13,1,1
Female,25-44,47247.0,15415.0,14,1,1
Female,under25,37444.0,14168.0,21,1,1
Male,45plus,38859.0,6965.0,24,1,1
Female,25-44,44497.0,24831.0,6,1,0
Male,under25,48126.0,20472.0,8,1,1
Male,45plus,31198.0,13930.0,4,1,0
Female,under25,41491.0,23828.0,5,1,0
Female,25-44,33440.0,12218.0,10,0,1
Female,25-44,26774.0,4971.0,24,1,1
Male,25-44,32740.0,22044.0,22,1,1
Male,45plus,27750.0,8329.0,22,1,1
Male,under25,38698.0,14825.0,11,0,1
Male,45plus,51487.0,17237.0,16,1,1
Male,25-44,46811.0,18313.0,18,1,1
Male,45plus,74615.0,21090.0,6,1,1
Male,45plus,12000.0,19485.0,11,0,0
Female,45plus,52040.0,19299.0,13,1,1
Male,25-44,45096.0,11255.0,9,1,1
Female,25-44,57235.0,17765.0,11,1,1
Female,25-44,55747.0,6967.0,11,1,1
Male,25-44,42525.0,25373.0,1,0,0
Male,25-44,47590.0,7585.0,19,1,1
Male,45plus,33839.0,13921.0,22,1,1
Female,under25,54205.0,8087.0,18,1,1
Male,45plus,16817.0,11619.0,23,1,1
Male,25-44,56652.0,16081.0,10,1,1
Female,45plus,44652.0,12827.0,1,1,0
Female,under25,37694.0,22865.0,6,1,0
Male,under25,41512.0,17361.0,21,1,1
Male,45plus,42612.0,13223.0,3,1,1
Male,45plus,64460.0,15199.0,13,1,1
Male,45plus,93502.0,23318.0,0,1,1
Male,45plus,63298.0,21453.0,8,1,1
Female,25-44,36520.0,9167.0,2,1,1
Female,45plus,54447.0,11916.0,2,1,0
Male,25-44,55100.0,18849.0,4,1,1
Female,25-44,31123.0,18120.0,13,1,0
Male,25-44,26088.0,9698.0,17,0,1
Female,under25,44051.0,20495.0,7,1,0
Female,25-44,57116.0,10655.0,20,1,1
Female,45plus,20823.0,23823.0,9,0,0
Female,under25,34187.0,19177.0,18,1,1
Male,45plus,53590.0,9208.0,13,1,1
Male,25-44,45626.0,12826.0,18,1,1
Male,under25,66244.0,12721.0,24,1,1
Male,25-44,23829.0,16959.0,24,1,1
Female,under25,80282.0,14776.0,14,1,1
Male,under25,21930.0,9127.0,24,1,1
Female,25-44,14563.0,7634.0,17,0,0
Male,under25,44116.0,19294.0,6,0,1
Male,under25,27983.0,17717.0,23,1,1
Male,45plus,44419.0,16633.0,3,1,0
Female,under25,43894.0,17624.0,11,1,0
Female,45plus,42063.0,12286.0,3,0,0
Male,45plus,32364.0,17104.0,19,1,1
Male,under25,51490.0,31231.0,22,1,1
Female,25-44,40240.0,23047.0,20,1,1
Male,under25,61555.0,14270.0,2,1,1
Female,25-44,42294.0,12860.0,6,1,1
Male,under25,30530.0,2000.0,8,1,1
Male,45plus,19684.0,22412.0,2,0,0
Male,25-44,42418.0,20720.0,13,1,1
Male,25-44,25962.0,12737.0,0,0,0
Male,under25,24751.0,7410.0,15,1,1
Male,25-44,52912.0,9068.0,14,1,1
Female,25-44,18335.0,18666.0,14,1,0
Male,25-44,66183.0,15464.0,22,1,1
Male,45plus,47396.0,20150.0,19,1,1
Male,under25,44342.0,16519.0,6,1,1
Male,under25,29479.0,21801.0,14,1,1
Female,25-44,56466.0,18217.0,20,1,1
Male,25-44,44956.0,20973.0,21,1,1
Female,45plus,34709.0,3462.0,16,1,1
Male,45plus,47997.0,8594.0,2,1,1
Female,45plus,19758.0,13814.0,10,0,0
Male,under25,20470.0,22477.0,21,1,1
Female,25-44,28197.0,27283.0,1,0,0
Male,45plus,50243.0,15015.0,14,1,1
Male,25-44,44951.0,12331.0,13,1,1
Female,25-44,60735.0,4270.0,5,1,1
Female,25-44,31200.0,21181.0,8,0,0
Female,25-44,53620.0,12699.0,24,1,1
Male,45plus,43292.0,33750.0,14,1,0
Female,25-44,30854.0,11564.0,23,1,1
Female,45plus,50780.0,28632.0,11,1,0
Female,25-44,44010.0,20490.0,21,1,1
Male,under25,35563.0,9830.0,15,1,1
Female,25-44,45630.0,17393.0,22,1,1
Female,under25,43057.0,20628.0,8,0,0
Female,25-44,42695.0,14648.0,9,1,1
Male,under25,38811.0,21028.0,1,0,0
Male,25-44,25426.0,20896.0,5,1,0
Female,45plus,46121.0,19578.0,3,0,0
Male,25-44,32959.0,15901.0,4,0,1
Female,under25,29695.0,8950.0,7,1,1
Male,25-44,41390.0,15539.0,21,1,1
Male,45plus,56010.0,17056.0,9,1,1
Female,25-44,47784.0,4744.0,20,1,1
Male,under25,37033.0,17015.0,20,1,1
Male,25-44,36430.0,15419.0,24,1,1
Female,25-44,54537.0,8220.0,12,1,1
Female,25-44,12000.0,14002.0,21,0,0
Female,under25,56960.0,14129.0,10,1,1
Male,45plus,16890.0,27581.0,15,0,0
Male,under25,23769.0,17321.0,20,1,1
Female,under25,37286.0,22216.0,3,0,0
Male,under25,77552.0,15293.0,1,1,1
Male,25-44,70161.0,4757.0,4,1,1
Male,25-44,55597.0,20034.0,18,1,1
Male,25-44,50348.0,12051.0,11,1,1
Female,25-44,17066.0,13986.0,7,0,0
Female,25-44,47351.0,9682.0,19,1,1
Female,25-44,36762.0,16437.0,0,1,0
Male,45plus,32750.0,22391.0,4,0,1
Male,25-44,47322.0,21596.0,11,1,1
Male,under25,37933.0,25517.0,22,1,1
Male,45plus,58039.0,26368.0,18,1,1
Male,45plus,15961.0,3725.0,17,1,1
Male,25-44,46125.0,8838.0,17,1,1
Male,45plus,31814.0,5151.0,7,1,0
Female,25-44,38855.0,19792.0,11,0,0
Female,25-44,49569.0,11842.0,22,1,1
Male,45plus,28240.0,13065.0,18,1,1
Male,45plus,47463.0,14700.0,14,1,1
Female,25-44,41815.0,18295.0,2,1,0
Female,25-44,35091.0,7088.0,18,1,1
Female,25-44,37941.0,8447.0,9,1,1
Male,under25,42682.0,16008.0,9,1,1
Female,45plus,33482.0,23192.0,16,1,1
Male,25-44,45106.0,15848.0,9,1,1
Male,25-44,40827.0,11250.0,14,0,1
Male,25-44,35831.0,3111.0,0,1,0
Male,25-44,68848.0,21716.0,4,1,1
Male,25-44,51229.0,11584.0,13,1,1
Male,45plus,39259.0,9115.0,23,1,1
Female,25-44,47188.0,5708.0,19,1,1
Male,25-44,29598.0,7365.0,10,1,1
Male,25-44,38448.0,10233.0,24,1,1
Male,25-44,40199.0,14567.0,6,1,1
Male,under25,26298.0,8748.0,22,1,1
Male,25-44,50810.0,17114.0,10,1,1
Male,under25,37416.0,14521.0,2,1,1
Male,25-44,39668.0,29332.0,0,0,0
Female,45plus,36469.0,5773.0,24,1,1
Female,25-44,89386.0,16969.0,16,1,1
Male,25-44,35061.0,17044.0,3,0,0
Female,25-44,13970.0,9817.0,24,1,0
Female,under25,21001.0,16572.0,1,0,0
Female,45plus,56390.0,20618.0,8,0,0
Female,25-44,65047.0,16579.0,18,1,1
Female,under25,34773.0,24307.0,1,0,0
Female,under25,64184.0,2934.0,22,1,1
Female,45plus,56124.0,10947.0,16,1,1
Male,25-44,42158.0,24850.0,23,1,1
Male,25-44,41093.0,21472.0,20,1,1
Male,under25,47713.0,19243.0,20,1,1
Male,under25,58162.0,23399.0,5,1,1
Male,45plus,50959.0,4501.0,5,1,1
Male,under25,34848.0,20774.0,6,0,1
Female,under25,42387.0,22386.0,3,1,0
Female,25-44,74719.0,12048.0,16,1,1
Female,45plus,48768.0,31775.0,1,0,0
Male,25-44,58040.0,17178.0,10,1,1
Male,under25,53098.0,2843.0,14,1,1
Female,45plus,49100.0,18288.0,13,1,1
Female,25-44,46630.0,11681.0,12,1,0
Female,45plus,58461.0,22990.0,5,1,1
Female,45plus,55780.0,19288.0,2,1,1
Female,25-44,48958.0,12412.0,24,1,1
Male,25-44,34594.0,25015.0,11,1,1
Male,25-44,50783.0,21637.0,14,1,1
Male,45plus,43995.0,11032.0,14,1,0
Female,45plus,40376.0,15088.0,9,1,0
Female,45plus,85182.0,19102.0,18,1,1
Male,25-44,21914.0,13814.0,9,1,0
Female,25-44,59378.0,13994.0,10,1,1
Male,25-44,32060.0,16220.0,20,1,1
Male,25-44,46968.0,9605.0,7,1,1
Male,25-44,83529.0,2603.0,17,1,1
Male,45plus,30564.0,17435.0,16,0,1
Female,25-44,34142.0,4067.0,0,1,0
Male,under25,44737.0,10042.0,17,1,1
Female,25-44,32292.0,5371.0,20,1,1
Female,25-44,58261.0,6109.0,6,1,1
Male,45plus,36982.0,18558.0,22,1,1
Male,25-44,54810.0,14666.0,0,1,1
Female,25-44,25062.0,14450.0,4,1,0
Male,25-44,17898.0,8105.0,23,1,1
Female,25-44,41565.0,12065.0,21,1,1
Male,under25,21472.0,18259.0,18,0,1
Female,45plus,67774.0,15687.0,15,1,1
Female,45plus,22053.0,20936.0,5,0,0
Male,25-44,29435.0,21791.0,12,1,1
Male,25-44,51204.0,14487.0,14,1,1
Female,under25,36205.0,4887.0,2,1,1
Male,25-44,22224.0,11460.0,14,1,1
Male,25-44,75599.0,15414.0,2,1,1
Male,45plus,29975.0,11341.0,3,0,0
Male,under25,42056.0,9672.0,4,1,1
Female,45plus,41862.0,16419.0,4,1,1
Female,25-44,55655.0,30582.0,2,1,0
Male,25-44,51935.0,13071.0,23,1,1
Female,25-44,32598.0,15983.0,20,1,1
Male,25-44,40113.0,8128.0,12,1,1
Male,25-44,41596.0,23460.0,9,0,0
Female,45plus,56234.0,21248.0,4,1,0
Female,25-44,27475.0,20834.0,23,1,1
Male,under25,75272.0,24159.0,19,1,1
Male,25-44,33612.0,13436.0,18,1,1
Male,25-44,44869.0,14185.0,11,1,1
Female,25-44,27600.0,26259.0,0,1,0
Male,25-44,25528.0,19796.0,15,0,1
Male,under25,31884.0,2685.0,12,1,1
Female,25-44,30442.0,18729.0,7,1,0
Male,45plus,38786.0,12510.0,7,1,0
Male,45plus,30316.0,21389.0,1,1,0
Male,under25,55433.0,18449.0,21,1,1
Male,25-44,33255.0,5557.0,4,1,1
Male,25-44,31593.0,17613.0,20,1,1
Female,under25,39105.0,17264.0,24,1,1
Female,25-44,59893.0,18181.0,1,1,0
Female,under25,48223.0,19453.0,15,1,1
Female,under25,43505.0,24976.0,1,0,0
Male,25-44,23504.0,18483.0,20,1,1
Male,25-44,27859.0,16137.0,12,1,1
Female,45plus,25824.0,22888.0,0,1,0
Male,under25,64603.0,29456.0,19,1,1
Female,25-44,52958.0,21490.0,19,1,1
Female,25-44,32076.0,17237.0,23,0,1
Male,45plus,36534.0,18595.0,12,0,0
Male,45plus,32621.0,17536.0,23,1,1
Male,25-44,31712.0,16111.0,16,1,1
Male,25-44,51905.0,28991.0,13,1,1
Male,25-44,40687.0,11506.0,8,0,1
Male,25-44,76218.0,22929.0,7,1,1
Female,under25,63755.0,15245.0,15,1,1
Female,25-44,64642.0,7117.0,18,1,1
Female,under25,55070.0,14870.0,0,1,0
Male,45plus,38660.0,12719.0,10,1,1
Male,25-44,53967.0,19465.0,1,1,1
Male,25-44,39768.0,16548.0,9,1,0
Male,25-44,69454.0,9868.0,19,1,1
Female,25-44,51064.0,24826.0,17,1,1
Male,25-44,48935.0,22541.0,3,1,0
Male,45plus,46906.0,25516.0,17,1,1
Female,45plus,71104.0,17422.0,0,1,0
Male,under25,23494.0,15786.0,0,0,0
Male,45plus,72574.0,20221.0,22,1,1
Male,25-44,42208.0,12535.0,0,1,1
Female,under25,23908.0,16780.0,6,1,0
Female,25-44,33717.0,14946.0,3,0,0
Male,under25,20238.0,7234.0,14,1,0
Female,25-44,54805.0,16765.0,13,1,1
Female,25-44,29426.0,13354.0,20,1,0
Female,25-44,47530.0,14545.0,24,1,1
Male,45plus,62013.0,18183.0,18,1,1
Male,25-44,34920.0,23635.0,11,1,1
Female,45plus,40978.0,10907.0,1,0,0
Male,25-44,25450.0,13981.0,23,1,1
Female,45plus,39175.0,11410.0,14,1,1
Female,25-44,83610.0,11019.0,5,1,1
Male,25-44,56669.0,12433.0,13,1,1
Female,25-44,41029.0,14821.0,9,1,0
Female,45plus,35825.0,19515.0,8,1,0
Female,under25,44360.0,17923.0,11,1,0
Male,25-44,46951.0,9659.0,18,1,1
Female,45plus,38714.0,23765.0,4,0,0
Male,25-44,52951.0,21666.0,24,1,1
Female,45plus,30698.0,10593.0,1,1,0
Female,25-44,30624.0,23345.0,3,1,0
Female,under25,50553.0,17962.0,16,1,1
Male,25-44,27470.0,15061.0,3,1,0
Male,25-44,55935.0,18148.0,19,1,1
Male,under25,44786.0,15845.0,18,1,1
Male,under25,17581.0,19270.0,10,0,0
Male,under25,46642.0,17124.0,11,1,1
Female,45plus,19723.0,13975.0,24,1,0
Male,45plus,55400.0,3845.0,19,1,1
Female,25-44,41269.0,19163.0,15,1,1
Female,under25,72766.0,13758.0,3,1,1
Male,25-44,61070.0,20668.0,14,1,1
Female,45plus,29090.0,18890.0,0,1,0
Female,45plus,14689.0,13914.0,6,0,0
Male,25-44,33673.0,22138.0,17,0,1
Male,under25,26681.0,17229.0,10,1,1
Female,45plus,72386.0,16982.0,24,1,1
Female,45plus,44845.0,15171.0,23,1,1
Female,under25,59001.0,26101.0,2,1,1
Female,45plus,40725.0,11720.0,22,1,1
Female,under25,42305.0,14064.0,21,1,1
Male,under25,44511.0,8576.0,2,1,1
Female,45plus,61598.0,20360.0,9,1,1
Male,25-44,49674.0,12507.0,23,1,1
Female,25-44,29140.0,13180.0,0,0,0
Male,45plus,69338.0,12898.0,1,1,1
Male,45plus,40608.0,16376.0,12,1,1
Female,under25,38167.0,8495.0,23,1,1
Male,25-44,12000.0,2541.0,6,1,0
Female,45plus,54516.0,18746.0,19,1,1
Male,25-44,46515.0,3319.0,17,1,1
Female,45plus,46499.0,21125.0,3,0,0
Female,25-44,38958.0,25351.0,7,0,1
Male,under25,36372.0,15015.0,15,1,1
Female,under25,39456.0,23797.0,12,0,1
Male,45plus,51947.0,15854.0,5,1,1
Female,45plus,54587.0,25595.0,5,1,0
Female,under25,41535.0,13263.0,13,1,1
Female,under25,59234.0,2000.0,20,1,1
Male,45plus,43815.0,15521.0,10,1,1
Male,under25,37437.0,26248.0,23,1,1
Female,under25,47976.0,19210.0,16,1,1
Female,45plus,24609.0,12908.0,10,1,0
Male,45plus,48491.0,17973.0,17,1,1
Male,45plus,21867.0,21827.0,11,1,0
Male,25-44,29584.0,15486.0,18,1,1
Female,25-44,14720.0,31758.0,24,0,0
Male,45plus,42373.0,12895.0,19,1,1
Male,25-44,69145.0,22015.0,3,1,1
Female,25-44,43244.0,20572.0,1,0,0
Male,45plus,54654.0,11801.0,20,1,1
Female,25-44,80285.0,13453.0,21,1,1
Male,45plus,51061.0,22109.0,14,1,1
Female,under25,33522.0,16869.0,6,0,0
Female,45plus,35586.0,18028.0,22,1,1
Female,25-44,45010.0,6184.0,11,1,1
Male,25-44,35507.0,19936.0,7,1,1
Male,45plus,36629.0,17724.0,9,1,0
Female,25-44,59779.0,15617.0,7,1,1
Male,45plus,60392.0,18165.0,7,1,1
Male,25-44,20297.0,13545.0,8,0,1
Male,45plus,32727.0,12449.0,16,1,0
Female,45plus,38040.0,14549.0,0,0,0
Female,25-44,53986.0,13215.0,9,1,1
Female,under25,62146.0,29083.0,4,0,1
Female,under25,85530.0,21471.0,16,1,1
Male,45plus,38015.0,10189.0,24,1,1
Male,45plus,38764.0,28218.0,19,1,1
Male,45plus,53829.0,13403.0,6,1,1
Female,under25,34767.0,16177.0,12,0,1
Male,25-44,42886.0,21385.0,0,0,0
Female,45plus,38774.0,4180.0,10,1,1
Female,45plus,12000.0,14578.0,6,0,0
Male,under25,46848.0,12560.0,12,1,1
Female,25-44,42265.0,17230.0,10,1,1
Male,under25,64068.0,18220.0,17,1,1
Female,25-44,45082.0,15536.0,13,1,1
Female,25-44,26179.0,15258.0,23,1,1
Female,under25,41129.0,22391.0,1,1,1
Male,under25,13634.0,17809.0,23,1,1
Male,45plus,26836.0,16249.0,19,1,0
Male,45plus,54533.0,16887.0,17,1,1
Male,45plus,41290.0,27015.0,20,1,1
Male,25-44,58838.0,17036.0,1,1,1
Male,25-44,15497.0,12913.0,5,0,0
Female,25-44,41363.0,4546.0,0,1,0
Male,25-44,37867.0,7396.0,19,1,1
Male,25-44,59338.0,13198.0,8,1,1
Female,45plus,55091.0,15350.0,9,1,0
Female,45plus,54634.0,12666.0,15,1,1
Female,45plus,68121.0,18107.0,10,1,1
Female,25-44,39479.0,12589.0,15,1,1
Female,25-44,65026.0,10513.0,23,1,1
Female,25-44,29337.0,19676.0,8,0,0
Male,under25,28787.0,24216.0,22,1,1
Female,45plus,56291.0,9357.0,13,1,1
Male,25-44,22429.0,17462.0,9,1,0
Male,45plus,53591.0,4570.0,22,1,1
Male,under25,46520.0,7153.0,12,1,1
Male,45plus,61078.0,12467.0,3,1,1
Female,45plus,44108.0,22809.0,7,1,1
Male,25-44,45841.0,11328.0,21,1,1
Male,45plus,52639.0,11103.0,12,1,1
Male,25-44,35060.0,16217.0,14,1,1
Female,45plus,34407.0,16223.0,17,1,1
Male,45plus,52116.0,11289.0,4,1,1
Female,45plus,44561.0,27917.0,2,0,0
Female,45plus,38890.0,14408.0,11,0,1
Male,25-44,43758.0,16682.0,22,1,1
Female,45plus,68918.0,13589.0,3,1,1
Male,25-44,38355.0,18640.0,17,1,1
Male,under25,37920.0,23410.0,24,1,1
Female,under25,19388.0,25982.0,2,0,0
Female,45plus,44365.0,11426.0,3,1,0
Male,25-44,54853.0,22605.0,21,1,1
Female,25-44,57543.0,19298.0,2,1,1
Male,45plus,46623.0,21847.0,18,1,1
Female,25-44,59338.0,15449.0,19,1,1
Female,25-44,55968.0,14878.0,7,1,1
Female,25-44,61694.0,21614.0,7,1,1
Female,25-44,59765.0,21728.0,13,1,1
Male,45plus,68550.0,25394.0,12,1,1
Female,25-44,42455.0,17191.0,21,1,1
Female,25-44,25094.0,15359.0,14,1,1
Female,45plus,54956.0,2000.0,24,1,1
Male,45plus,56708.0,6332.0,5,1,1
Male,45plus,68550.0,13634.0,7,1,1
Male,under25,64219.0,9394.0,6,1,1
Male,45plus,74182.0,20885.0,16,1,1
Male,25-44,54298.0,8140.0,0,1,1
Male,under25,48432.0,12992.0,21,1,1
Female,25-44,24225.0,13228.0,19,1,1
Male,45plus,49621.0,23228.0,24,1,1
Female,25-44,36712.0,12351.0,23,1,1
Male,45plus,48173.0,18714.0,1,0,1
Female,25-44,45818.0,17174.0,18,1,1
Male,25-44,52076.0,21420.0,12,1,1
Male,25-44,43540.0,21101.0,18,1,1
Female,25-44,59025.0,15799.0,21,1,1
Female,25-44,12000.0,5822.0,14,1,0
Male,45plus,47850.0,14610.0,0,1,0
Male,45plus,63037.0,15880.0,21,1,1
Female,under25,73051.0,17716.0,10,1,1
Female,25-44,55979.0,11575.0,11,1,1
Male,under25,70273.0,22845.0,14,1,1
Male,25-44,47534.0,16082.0,22,1,1
Male,25-44,45043.0,10477.0,13,1,1
Female,25-44,52941.0,13251.0,5,1,1
Male,45plus,44952.0,27571.0,18,1,1
Male,25-44,33265.0,19986.0,15,1,1
Female,25-44,37271.0,22291.0,1,0,0
Male,25-44,28318.0,9750.0,13,1,1
Male,25-44,52926.0,11867.0,19,1,1
Male,25-44,45171.0,11911.0,22,1,1
Male,under25,39596.0,17106.0,7,1,1
Male,45plus,36500.0,14956.0,13,1,1
Male,25-44,52576.0,13063.0,20,1,1
Female,25-44,56707.0,13816.0,14,1,1
Female,under25,28042.0,11236.0,10,0,0
Male,25-44,25685.0,14921.0,4,1,0
Female,25-44,59318.0,22679.0,1,1,0
Male,25-44,24373.0,6921.0,17,0,1
Female,25-44,53212.0,18079.0,24,1,1
Male,25-44,69254.0,24281.0,15,1,1
Female,45plus,69289.0,14901.0,19,1,1
Male,45plus,56068.0,12827.0,16,1,1
Female,25-44,55632.0,21545.0,8,1,0
Male,under25,78779.0,10095.0,13,1,1
Female,45plus,12000.0,15864.0,6,0,0
Male,45plus,38035.0,9761.0,5,1,1
Female,45plus,57727.0,4779.0,14,1,1
Male,under25,39941.0,15088.0,16,1,1
Female,25-44,63597.0,8420.0,24,1,1
Female,under25,44410.0,15930.0,5,1,0
Female,45plus,46976.0,22690.0,7,1,0
Male,25-44,40880.0,27126.0,4,1,1
Male,25-44,37162.0,16561.0,23,1,1
Male,25-44,36793.0,22115.0,19,1,1
Male,25-44,49067.0,18394.0,8,1,1
Female,25-44,33382.0,13701.0,24,1,1
Female,under25,59298.0,4451.0,17,1,1
Female,25-44,54798.0,25759.0,11,1,1
Male,45plus,61491.0,9705.0,9,1,1
Female,25-44,28066.0,24297.0,14,0,0
Female,25-44,19508.0,19221.0,2,0,0
Female,45plus,44937.0,10144.0,4,1,1
Male,45plus,88482.0,17872.0,23,1,1
Male,under25,63993.0,28797.0,5,0,1
Female,under25,36683.0,25214.0,4,1,0
Male,25-44,51368.0,12924.0,21,1,1
Male,25-44,55914.0,11728.0,23,1,1
Female,under25,24474.0,16601.0,20,1,1
Female,under25,65544.0,15007.0,2,1,1
Female,under25,42489.0,23198.0,20,1,0
Female,25-44,43640.0,20438.0,6,1,0
Male,25-44,45357.0,5847.0,0,1,1
Male,under25,62168.0,18752.0,23,1,1
Male,45plus,33672.0,14925.0,6,1,0
Female,25-44,19395.0,16223.0,16,1,0
Male,25-44,49844.0,17494.0,1,1,1
Female,25-44,14345.0,23192.0,4,0,0
Male,45plus,40483.0,21867.0,22,1,1
Female,45plus,62803.0,11502.0,14,1,1
Male,25-44,53686.0,15648.0,24,1,1
Male,under25,60635.0,13309.0,4,1,1
Male,25-44,54305.0,5909.0,22,1,1
Male,under25,81155.0,15344.0,21,1,1
Female,45plus,36176.0,27069.0,23,1,0
Male,under25,50972.0,5728.0,1,1,1
Male,45plus,38428.0,15856.0,2,1,1
Female,25-44,59352.0,15663.0,13,1,1
Female,25-44,44076.0,17726.0,2,1,0
Male,45plus,70783.0,10224.0,1,1,1
Male,under25,37038.0,7449.0,20,1,1
Male,45plus,66107.0,7728.0,17,1,1
Female,under25,53897.0,23986.0,21,1,1
Male,45plus,44513.0,10104.0,23,1,1
Male,25-44,53137.0,13003.0,3,0,1
Male,under25,48919.0,28628.0,20,1,1
Female,45plus,50339.0,11594.0,1,1,0
Male,under25,41897.0,18054.0,9,1,0
Female,under25,34476.0,22383.0,7,0,0
Male,45plus,39974.0,22094.0,5,0,0
Female,25-44,19753.0,8011.0,17,1,1
Male,45plus,57629.0,11720.0,3,1,1
Male,25-44,26473.0,17814.0,20,1,1
Male,25-44,41735.0,27574.0,21,1,1
Female,25-44,54721.0,11431.0,16,1,1
Female,under25,57591.0,13038.0,2,1,1
Male,45plus,18380.0,18517.0,14,0,0
Male,under25,43622.0,19718.0,15,1,1
Female,25-44,51896.0,20082.0,9,1,1
Male,25-44,45780.0,10922.0,9,1,1
Male,25-44,65161.0,12808.0,11,1,1
Male,25-44,32673.0,17293.0,24,1,1
Female,45plus,14264.0,23574.0,0,0,0
Female,45plus,57155.0,14569.0,12,1,1
Female,45plus,36944.0,15866.0,7,1,0
Female,25-44,18622.0,9844.0,13,0,1
Male,25-44,42622.0,27179.0,0,0,0
Male,under25,63458.0,16926.0,22,1,1
Male,45plus,26051.0,22467.0,11,1,0
Male,25-44,80040.0,16179.0,24,1,1
Male,25-44,32432.0,16512.0,3,1,0
Male,under25,46305.0,6998.0,14,1,1
Male,45plus,26713.0,3095.0,16,1,1
Female,45plus,45624.0,23511.0,19,1,1
Male,45plus,42994.0,16468.0,0,1,0
Male,under25,22658.0,17239.0,15,0,1
Female,45plus,87387.0,8506.0,3,1,1
Female,25-44,37570.0,10582.0,10,1,1
Female,25-44,37583.0,22374.0,1,0,0
Female,25-44,59536.0,26441.0,1,1,0
Female,25-44,72214.0,12272.0,19,1,1
Male,25-44,61897.0,20029.0,17,1,1
Male,25-44,26982.0,17140.0,22,1,1
Female,25-44,48209.0,15277.0,17,1,1
Male,25-44,16779.0,27112.0,14,0,0
Male,45plus,58526.0,13281.0,2,1,1
Male,25-44,20472.0,23444.0,19,0,1
Male,25-44,32952.0,18289.0,5,1,0
Male,under25,44952.0,15899.0,2,0,1
Male,45plus,51675.0,24232.0,18,1,1
Female,under25,41086.0,17741.0,14,1,1
Female,25-44,67786.0,15421.0,3,1,0
Male,under25,55849.0,24277.0,13,1,1
Female,25-44,54671.0,23496.0,17,1,1
Male,25-44,26559.0,23212.0,12,1,1
Female,25-44,70491.0,2000.0,17,1,1
Female,25-44,32954.0,18641.0,12,1,0
Male,25-44,71063.0,17273.0,8,1,1
Female,25-44,75333.0,15791.0,5,1,1
Female,under25,52690.0,19659.0,6,0,1
Female,25-44,60480.0,17563.0,20,1,1
Female,25-44,12000.0,20067.0,9,0,0
Female,25-44,42075.0,14392.0,17,1,1
Male,under25,61532.0,24989.0,8,1,1
Female,25-44,58868.0,20674.0,13,1,1
Female,25-44,26704.0,19255.0,15,1,0
Female,under25,40594.0,18962.0,11,0,1
Male,under25,12000.0,22944.0,18,1,1
Female,25-44,51195.0,22130.0,23,1,1
Male,25-44,16750.0,15323.0,21,1,1
Female,25-44,61957.0,21942.0,23,1,1
Male,25-44,62741.0,17044.0,0,1,0
Female,45plus,37884.0,27502.0,18,0,0
Female,25-44,52819.0,22586.0,18,1,1
Male,25-44,41744.0,12246.0,10,1,1
Male,45plus,48629.0,29984.0,7,0,0
Male,25-44,27791.0,3388.0,1,1,1
Female,under25,54337.0,19824.0,20,1,1
Female,25-44,20382.0,11823.0,21,1,1
Male,45plus,17551.0,27293.0,1,0,0
Male,45plus,43171.0,17517.0,14,1,1
Male,25-44,41831.0,11237.0,13,1,1
Male,45plus,49085.0,14401.0,4,1,1
Female,25-44,35257.0,11716.0,13,1,1
Female,under25,73285.0,14165.0,20,1,1
Male,25-44,47409.0,14028.0,8,1,1
Female,25-44,48493.0,11493.0,18,1,1
Male,25-44,47959.0,17620.0,24,1,1
Female,45plus,60044.0,18347.0,11,1,1
Male,25-44,53640.0,10022.0,2,1,1
Female,25-44,51630.0,6050.0,7,1,1
Female,25-44,56040.0,17866.0,3,1,1
Male,under25,17631.0,19192.0,8,0,0
Female,25-44,18197.0,20381.0,16,1,0
Female,45plus,43859.0,19307.0,5,1,0
Male,25-44,42035.0,25436.0,12,1,1
Male,under25,53697.0,21982.0,24,1,1
Female,25-44,45300.0,32079.0,6,0,0
Male,45plus,53728.0,34604.0,21,1,1
Male,45plus,26316.0,5451.0,7,1,1
Male,25-44,44839.0,2817.0,15,1,1
Female,25-44,24884.0,15956.0,3,0,0
Male,25-44,50803.0,19025.0,6,1,1
Male,45plus,16826.0,15545.0,21,1,0
Female,45plus,50225.0,20221.0,14,1,0
Male,45plus,22965.0,14379.0,14,1,1
Female,25-44,39247.0,11836.0,12,1,1
Male,under25,58424.0,12743.0,6,1,1
Female,25-44,48411.0,14799.0,23,1,1
Female,under25,20315.0,21061.0,9,1,0
Male,under25,34914.0,13080.0,0,1,0
Female,25-44,22479.0,14266.0,22,1,0
Male,25-44,19579.0,19421.0,1,0,0
Male,45plus,46765.0,14807.0,22,1,1
Male,45plus,53404.0,22700.0,6,1,0
Female,45plus,51609.0,10483.0,1,1,0
Male,45plus,54039.0,9182.0,5,1,1
Male,45plus,44821.0,17828.0,16,1,1
Male,under25,40899.0,18426.0,13,1,1
Male,25-44,28904.0,10810.0,3,0,1
Male,under25,38399.0,24062.0,7,1,1
Male,under25,25180.0,27550.0,5,0,0
Male,under25,32323.0,12233.0,16,1,1
Male,45plus,46334.0,24924.0,21,1,1
Female,45plus,43233.0,2000.0,6,1,1
Male,45plus,90971.0,22457.0,22,1,1
Female,45plus,24813.0,10853.0,10,1,0
Male,45plus,43124.0,21856.0,2,0,0
Male,under25,23644.0,10232.0,8,1,0
Male,45plus,39183.0,15589.0,21,1,1
Male,45plus,39794.0,11139.0,20,1,1
Male,45plus,57673.0,14717.0,18,1,1
Female,under25,38255.0,26980.0,9,1,0
Male,under25,42130.0,15352.0,19,1,1
Male,45plus,38545.0,28662.0,17,0,1
Female,under25,23984.0,13685.0,19,1,1
Male,25-44,35218.0,24951.0,13,1,0
Male,25-44,39271.0,6246.0,12,1,1
Male,under25,46107.0,14281.0,24,1,1
Male,under25,53384.0,12783.0,23,1,1
Male,45plus,41481.0,25226.0,13,1,0
Female,45plus,41217.0,17111.0,5,0,0
Female,45plus,19188.0,3472.0,10,1,0
Male,25-44,53096.0,8139.0,12,1,1
Female,25-44,34562.0,9924.0,16,1,1
Female,25-44,56207.0,21604.0,7,1,1
Male,25-44,64747.0,20830.0,1,1,1
Female,under25,42181.0,14198.0,20,1,1
Female,45plus,29650.0,12709.0,23,1,1
Female,45plus,44750.0,20298.0,2,0,0
Female,25-44,50231.0,9223.0,7,1,1
Male,25-44,40267.0,18746.0,10,1,0
Male,25-44,36539.0,18235.0,19,1,1
Male,under25,53453.0,14352.0,19,1,1
Male,25-44,52464.0,18386.0,8,1,1
Male,25-44,39806.0,16613.0,7,0,1
Female,25-44,20189.0,18985.0,10,1,0
Male,25-44,51846.0,7995.0,6,1,1
Male,45plus,33490.0,19687.0,10,1,0
Female,25-44,48215.0,22160.0,6,1,0
Male,under25,47267.0,17926.0,1,1,1
Male,under25,16666.0,19607.0,17,1,1
Female,under25,46216.0,15340.0,19,1,1
Male,25-44,52718.0,21348.0,7,1,1
Male,45plus,54557.0,16391.0,10,1,1
Male,45plus,46760.0,9112.0,10,1,1
Female,25-44,15342.0,20921.0,0,0,0
Male,25-44,64156.0,6195.0,13,1,1
Male,under25,51165.0,17697.0,11,1,1
Male,25-44,26950.0,13695.0,23,1,1
Male,25-44,33184.0,13311.0,9,1,1
Female,45plus,48468.0,17032.0,19,1,1
Male,25-44,55197.0,11744.0,9,1,1
Female,25-44,37681.0,19073.0,4,0,0
Male,25-44,57383.0,16341.0,8,1,1
Male,under25,18108.0,12296.0,22,0,1
Female,45plus,29363.0,24029.0,6,0,0
Male,under25,14035.0,17229.0,21,1,0
Male,under25,31539.0,19785.0,16,1,1
Female,under25,67621.0,24500.0,18,1,1
Male,45plus,75867.0,24401.0,18,1,1
Male,25-44,48519.0,19479.0,12,1,1
Female,25-44,35424.0,14184.0,15,1,1
Male,25-44,41675.0,7422.0,1,0,1
Male,under25,52100.0,17240.0,17,1,1
Male,45plus,21555.0,22568.0,17,0,1
Male,under25,36413.0,18126.0,2,1,1
Male,under25,66523.0,2000.0,12,1,1
Female,25-44,29314.0,21220.0,12,1,0
Male,under25,33765.0,21589.0,7,0,0
Female,under25,45198.0,14193.0,1,1,1
Male,45plus,49247.0,21930.0,0,0,0
Male,25-44,35625.0,19768.0,5,0,0
Male,25-44,46154.0,11887.0,5,1,1
Female,25-44,54119.0,23628.0,5,1,0
Male,45plus,74422.0,8395.0,15,1,1
Male,under25,43106.0,15657.0,10,1,1
Female,under25,44381.0,15058.0,2,0,0
Female,25-44,67912.0,11047.0,2,1,1
Male,25-44,36763.0,17823.0,16,1,1
Female,45plus,25135.0,23862.0,23,1,0
Male,25-44,48754.0,23486.0,20,1,1
Male,under25,61143.0,20342.0,18,1,1
Male,25-44,50416.0,5824.0,7,1,1
Male,25-44,43545.0,7984.0,17,1,1
Male,under25,23274.0,16997.0,2,1,0
Female,25-44,44124.0,15795.0,4,1,0
Male,under25,63497.0,13012.0,3,1,1
Female,45plus,26488.0,27432.0,4,0,0
Female,45plus,41329.0,16635.0,8,1,1
Female,25-44,39188.0,19254.0,1,0,0
Female,45plus,34534.0,21927.0,20,1,1
Female,45plus,48719.0,16330.0,17,1,1
Female,under25,51650.0,31546.0,15,1,1
Male,25-44,51492.0,10358.0,4,1,1
Male,25-44,30348.0,12364.0,21,1,1
Male,under25,20310.0,10343.0,0,0,0
Male,25-44,48936.0,25376.0,24,1,1
Male,25-44,37411.0,20813.0,18,1,1
Female,45plus,72575.0,12735.0,5,1,1
Male,25-44,73268.0,10817.0,4,1,1
Female,45plus,74860.0,24309.0,17,1,1
Male,25-44,30898.0,18170.0,20,1,1
Male,under25,53541.0,24463.0,11,0,1
Male,45plus,58064.0,15639.0,1,1,1
Male,under25,56375.0,19069.0,12,1,1
Male,under25,39684.0,17801.0,11,1,1
Male,25-44,64187.0,12255.0,8,1,1
Male,25-44,45007.0,15135.0,22,1,1
Male,25-44,46922.0,8894.0,8,1,1
Male,under25,21932.0,18965.0,6,0,0
Male,25-44,54671.0,20567.0,16,1,1
Male,25-44,41094.0,21941.0,15,1,1
Male,under25,51972.0,19999.0,15,1,1
Male,25-44,48527.0,15231.0,12,1,1
Male,under25,47714.0,25312.0,7,1,0
Male,25-44,44314.0,21354.0,6,0,1
Female,25-44,56799.0,24331.0,2,0,0
Female,45plus,42017.0,24708.0,4,0,0
Female,25-44,23172.0,15246.0,14,1,0
Male,25-44,53534.0,18327.0,10,1,1
Male,25-44,32865.0,20647.0,18,1,1
Male,45plus,25136.0,9105.0,20,1,0
Female,under25,29666.0,9238.0,13,1,1
Female,under25,49250.0,8204.0,2,1,1
Female,25-44,43552.0,15351.0,0,0,1
Female,under25,13010.0,14000.0,5,0,0
Male,under25,39245.0,7386.0,7,1,1
Female,under25,62538.0,16896.0,1,1,1
Female,25-44,38231.0,15426.0,19,1,1
Male,25-44,42518.0,23093.0,9,1,1
Female,25-44,60645.0,28078.0,18,1,1
Male,45plus,56932.0,18739.0,5,1,1
Female,25-44,60326.0,11820.0,0,1,0
Female,45plus,12000.0,19880.0,3,0,0
Male,45plus,71003.0,16056.0,11,1,1
Female,45plus,54546.0,14559.0,11,1,1
Male,45plus,81922.0,10830.0,10,1,1
Female,25-44,33265.0,13215.0,23,1,1
Female,25-44,18548.0,14933.0,16,1,1
Female,25-44,45108.0,20825.0,18,1,1
Female,under25,40869.0,19066.0,3,0,0
Male,25-44,54805.0,26953.0,11,1,1
Male,under25,61124.0,20046.0,15,1,1
Male,under25,43691.0,18546.0,14,1,1
Male,45plus,41389.0,14163.0,23,1,1
Male,25-44,52841.0,9775.0,11,1,1
Male,25-44,41155.0,12581.0,9,1,1
Male,25-44,39900.0,11801.0,23,1,1
Male,25-44,60557.0,2000.0,8,1,1
Female,45plus,63897.0,9948.0,14,1,1
Male,25-44,61259.0,25613.0,0,0,1
Female,25-44,42477.0,18212.0,4,1,1
Male,25-44,12903.0,13741.0,1,0,0
Male,25-44,42777.0,18391.0,10,1,1
Male,25-44,33630.0,4280.0,23,1,1
Male,45plus,43054.0,17693.0,1,0,1
Male,25-44,34934.0,23665.0,24,1,1
Male,25-44,44689.0,15273.0,21,1,1
Male,25-44,29411.0,5368.0,0,1,1
Male,25-44,25789.0,13516.0,0,0,1
Female,45plus,63340.0,23676.0,22,1,1
Male,45plus,30455.0,17552.0,14,1,0
Female,25-44,45005.0,7490.0,4,1,0
Male,25-44,59318.0,30206.0,23,1,1
Female,25-44,58715.0,8477.0,14,1,1
Female,under25,56923.0,14542.0,15,1,1
Female,25-44,49543.0,9776.0,16,1,1
Female,45plus,55860.0,9784.0,5,1,0
Male,25-44,65596.0,13287.0,8,1,1
Male,under25,51375.0,19817.0,3,1,1
Male,45plus,17442.0,23743.0,13,0,0
Female,45plus,37072.0,13683.0,24,1,1
Female,25-44,55446.0,9939.0,15,1,1
Male,25-44,35594.0,18872.0,17,1,0
Female,25-44,69302.0,19048.0,4,1,1
Male,45plus,44052.0,17442.0,13,1,1
Female,under25,46279.0,17654.0,24,1,1
Female,under25,61871.0,15325.0,2,1,1
Male,25-44,42257.0,16589.0,5,1,1
Female,under25,47644.0,14910.0,17,1,1
Female,25-44,58487.0,22421.0,0,1,1
Male,45plus,22916.0,29371.0,5,0,0
Male,under25,40721.0,17078.0,23,1,1
Male,25-44,57437.0,15961.0,0,1,1
Female,45plus,45984.0,17535.0,10,1,1
Male,25-44,67010.0,12052.0,8,1,1
Female,25-44,21361.0,20590.0,9,0,0
Female,25-44,19650.0,18647.0,6,0,0
Male,under25,56545.0,13477.0,6,1,1
Male,under25,57987.0,21412.0,19,1,1
Female,25-44,42101.0,16114.0,0,1,0
Female,25-44,51006.0,10180.0,3,1,1
Male,25-44,56178.0,18110.0,6,1,1
Male,under25,32792.0,17422.0,20,0,1
Male,45plus,34397.0,21763.0,9,1,0
Female,under25,47846.0,20989.0,0,1,1
Male,45plus,58561.0,15345.0,13,1,1
Female,25-44,27511.0,13167.0,15,1,1
Male,25-44,42031.0,16010.0,11,1,1
Female,25-44,41336.0,18180.0,2,1,0
Male,under25,51269.0,18903.0,21,1,1
Male,25-44,44870.0,17808.0,21,1,1
Female,25-44,36812.0,15455.0,22,1,0
Female,under25,63728.0,21981.0,24,1,1
Male,25-44,36911.0,11954.0,7,0,1
Male,25-44,40619.0,30876.0,10,1,1
Male,25-44,21128.0,20578.0,23,0,1
Male,25-44,34296.0,9235.0,11,1,1
Male,under25,52741.0,17111.0,21,1,1
Female,25-44,49809.0,20636.0,16,1,1
Male,under25,53993.0,13904.0,23,1,1
Female,25-44,53265.0,7029.0,0,1,0
Male,25-44,76316.0,9766.0,17,1,1
Male,25-44,33782.0,19253.0,20,1,1
Female,25-44,20709.0,5472.0,4,1,1
Male,45plus,29242.0,7304.0,18,1,1
Female,25-44,34445.0,19221.0,4,0,0
Male,45plus,30385.0,14665.0,22,1,1
Female,25-44,46405.0,11825.0,22,1,1
Female,25-44,63790.0,13032.0,0,1,1
Female,under25,68095.0,7175.0,12,1,1
Male,25-44,52565.0,18907.0,9,1,1
Male,25-44,77119.0,11161.0,22,1,1
Male,45plus,39654.0,12785.0,8,1,1
Male,25-44,20512.0,18081.0,18,1,0
Male,25-44,60798.0,14460.0,2,1,1
Male,under25,17421.0,11772.0,5,0,0
Male,under25,33675.0,4063.0,24,1,1
Male,45plus,52802.0,18205.0,9,1,1
Male,under25,43464.0,16474.0,19,1,1
Male,under25,42136.0,12896.0,24,1,1
Male,45plus,27288.0,9776.0,24,1,1
Female,45plus,44838.0,16077.0,0,1,0
Male,25-44,60055.0,18883.0,5,1,1
Male,25-44,45300.0,16587.0,17,1,1
Male,45plus,32547.0,25828.0,23,0,1
Female,25-44,26287.0,20229.0,24,1,1
Male,25-44,32856.0,15356.0,18,1,1
Female,25-44,50885.0,20430.0,2,0,1
Female,45plus,50154.0,16292.0,18,1,1
Male,45plus,32992.0,16271.0,6,1,0
Female,25-44,12000.0,23778.0,20,1,0
Female,under25,51300.0,10612.0,13,1,1
Male,25-44,31534.0,16140.0,4,0,0
Male,25-44,55336.0,23138.0,21,1,1
Female,45plus,33658.0,17854.0,24,1,1
Female,under25,30181.0,13786.0,12,0,1
Male,under25,47298.0,5763.0,20,1,1
Male,45plus,80365.0,2378.0,1,1,1
Female,25-44,56235.0,28457.0,6,1,0
Male,45plus,47043.0,17851.0,3,1,0
Female,under25,50383.0,12496.0,7,1,1
Male,45plus,18733.0,18097.0,9,0,0
Female,under25,28165.0,10314.0,10,1,0
Female,under25,12000.0,14013.0,8,0,0
Female,25-44,70948.0,10354.0,13,1,1
Female,25-44,67911.0,7520.0,5,1,1
Female,25-44,50892.0,3370.0,8,1,1
Female,under25,47027.0,6414.0,21,1,1
Female,under25,21726.0,22128.0,14,1,0
Male,45plus,41711.0,10079.0,0,0,1
Female,25-44,71886.0,19209.0,8,1,1
Male,25-44,46971.0,21740.0,20,1,1
Female,45plus,36530.0,16099.0,4,0,0
Female,under25,18629.0,14209.0,23,1,1
Male,45plus,65705.0,16798.0,7,1,1
Male,25-44,43949.0,13500.0,15,1,1
Male,25-44,18649.0,23223.0,11,0,0
Female,under25,31136.0,27259.0,15,0,0
Male,45plus,25837.0,24699.0,19,1,0
Male,25-44,43024.0,3091.0,3,1,1
Female,25-44,48110.0,13378.0,8,1,0
Female,45plus,37452.0,16025.0,14,1,1
Male,25-44,56656.0,18778.0,6,1,1
Male,45plus,46182.0,5636.0,9,1,1
Female,45plus,60935.0,5539.0,22,1,1
Female,45plus,39642.0,23841.0,5,1,0
Female,45plus,90680.0,12645.0,4,1,1
Male,45plus,36533.0,7076.0,14,1,1
Male,under25,31450.0,9378.0,2,1,1
Male,45plus,29605.0,18343.0,0,1,0
Female,45plus,41836.0,11065.0,21,1,1
Male,25-44,19207.0,17450.0,6,0,1
Male,25-44,49418.0,10128.0,3,1,1
Female,45plus,16420.0,5535.0,16,1,0
Female,25-44,47425.0,24546.0,12,1,1
Female,25-44,24731.0,18389.0,11,0,0
Male,25-44,39281.0,13997.0,10,1,1
Male,under25,54068.0,12872.0,3,1,1
Male,45plus,79561.0,24789.0,21,1,1
Male,under25,28830.0,19549.0,0,0,0
Male,25-44,42745.0,22881.0,12,1,0
Male,45plus,34144.0,12498.0,6,0,1
Female,25-44,31952.0,16304.0,16,0,1
Female,45plus,34275.0,18413.0,13,1,0
Female,under25,57361.0,12700.0,9,1,1
Male,45plus,37679.0,15427.0,13,1,0
Male,45plus,78740.0,12498.0,5,1,1
Male,under25,51240.0,18394.0,3,1,0
Male,25-44,29850.0,8072.0,22,1,1
Male,25-44,39499.0,19432.0,15,1,1
Male,25-44,32972.0,17864.0,16,1,1
Female,45plus,57001.0,14780.0,24,1,1
Male,25-44,20418.0,18697.0,22,0,1
Female,25-44,24886.0,13810.0,14,0,0
Male,25-44,36127.0,11979.0,19,1,1
Male,25-44,55244.0,19262.0,13,1,1
Male,45plus,63496.0,19522.0,5,1,1
Male,under25,65708.0,12956.0,15,1,1
Male,25-44,52947.0,12442.0,22,1,1
Female,under25,43757.0,14902.0,21,1,1
Male,45plus,56919.0,12688.0,12,1,1
Male,25-44,27832.0,25151.0,23,1,1
Female,25-44,17330.0,17899.0,4,0,0
Male,25-44,51550.0,16088.0,1,0,1
Female,25-44,29915.0,10404.0,10,0,0
Male,45plus,44020.0,20434.0,5,1,0
Female,25-44,46794.0,12330.0,23,1,1
Male,25-44,48722.0,12084.0,2,1,1
Male,45plus,59067.0,20636.0,13,1,1
Female,25-44,57481.0,18324.0,19,1,1
Female,25-44,47925.0,2000.0,2,1,1
Male,25-44,38370.0,15053.0,1,1,0
Female,under25,46616.0,16753.0,13,1,1
Male,45plus,36057.0,13962.0,22,1,1
Male,45plus,42054.0,16962.0,0,1,1
Male,45plus,84273.0,5142.0,0,1,1
Female,45plus,47733.0,2000.0,23,1,1
Male,25-44,51754.0,10147.0,15,1,1
Female,25-44,34418.0,17693.0,17,1,1
Male,25-44,60301.0,2000.0,6,1,1
Female,45plus,56404.0,10939.0,7,1,1
Female,45plus,56510.0,4463.0,11,1,1
Male,25-44,48223.0,14544.0,5,1,1
Male,25-44,60513.0,27747.0,11,1,1
Male,45plus,64075.0,14697.0,23,1,1
Female,45plus,49246.0,15355.0,18,1,1
Male,45plus,43281.0,21035.0,21,1,1
Male,25-44,58419.0,16128.0,12,1,1
Male,25-44,31438.0,14710.0,19,1,1
Female,25-44,34231.0,21560.0,10,1,1
Male,25-44,44200.0,18831.0,15,1,1
Male,45plus,18880.0,17732.0,18,0,0
Female,25-44,57414.0,15167.0,20,1,1
Male,25-44,30556.0,13924.0,23,1,1
Female,25-44,37928.0,21503.0,2,0,0
Male,25-44,41801.0,13981.0,19,1,1
Male,25-44,45589.0,23388.0,17,1,1
Female,under25,39845.0,9717.0,18,1,1
Female,45plus,43989.0,24603.0,0,1,0
Female,25-44,44106.0,18832.0,12,1,1
Male,25-44,38295.0,10189.0,24,1,1
Male,25-44,33402.0,19054.0,22,1,1
Male,25-44,61222.0,12098.0,5,1,1
Male,45plus,13434.0,16201.0,12,0,0
Male,45plus,41914.0,13080.0,21,1,1
Male,under25,37967.0,15203.0,23,1,1
Male,45plus,51282.0,21649.0,8,0,0
Male,45plus,23186.0,19111.0,20,0,0
Male,25-44,37503.0,9248.0,20,1,1
Male,25-44,43465.0,9591.0,3,1,0
Female,25-44,61051.0,17625.0,0,1,1
Female,45plus,49983.0,18059.0,1,1,0
Male,25-44,27248.0,11953.0,3,1,0
Female,25-44,37688.0,25548.0,18,1,0
Female,45plus,58291.0,20881.0,9,1,1
Male,45plus,26988.0,12247.0,17,1,1
Male,25-44,43820.0,11666.0,2,1,1
Male,45plus,44863.0,14633.0,15,1,1
Male,under25,39213.0,14009.0,18,1,1
Female,45plus,85436.0,23537.0,24,1,1
Female,25-44,38809.0,21907.0,7,1,1
Male,under25,51746.0,16210.0,13,1,1
Female,45plus,33505.0,20067.0,12,1,0
Male,25-44,52916.0,20938.0,8,1,1
Female,under25,58062.0,16350.0,15,1,1
Female,25-44,36181.0,18416.0,14,1,1
Male,25-44,44179.0,19565.0,20,1,1
Male,under25,31571.0,18926.0,0,0,0
Female,25-44,27834.0,11327.0,5,0,0
Female,45plus,60552.0,11934.0,14,1,1
Male,45plus,36690.0,14268.0,14,1,0
Male,under25,12000.0,11760.0,22,1,1
Male,25-44,71480.0,7161.0,16,1,1
Female,45plus,32969.0,20056.0,0,1,0
Female,under25,41304.0,18078.0,12,1,0
Female,25-44,69614.0,7964.0,21,1,1
Female,under25,42874.0,14554.0,21,1,1
Female,25-44,42550.0,14894.0,20,1,1
Female,under25,26577.0,17092.0,11,1,0
Male,45plus,20477.0,9508.0,2,0,0
Female,45plus,42504.0,7876.0,5,1,1
Male,25-44,50442.0,19118.0,21,1,1
Male,25-44,49583.0,6796.0,8,0,1
Female,25-44,37781.0,14604.0,19,1,1
Female,under25,45304.0,14044.0,0,1,1
Female,45plus,17442.0,15260.0,12,0,0
Male,25-44,51903.0,17516.0,23,1,1
Male,45plus,47421.0,25591.0,6,1,1
Male,25-44,74605.0,6403.0,0,1,1
Male,under25,45112.0,21259.0,7,1,0
Male,25-44,30860.0,2000.0,1,1,0
Male,25-44,44239.0,24362.0,15,1,1
Male,45plus,40083.0,3743.0,4,1,1
Female,25-44,51521.0,30618.0,6,1,0
Male,25-44,45403.0,13661.0,14,1,1
Male,25-44,26101.0,23742.0,8,0,0
Female,25-44,20464.0,22505.0,16,1,0
Male,45plus,48944.0,13381.0,23,1,1
Female,under25,65747.0,13842.0,23,1,1
Female,under25,46190.0,10977.0,18,1,1
Male,under25,57199.0,20724.0,24,1,1
Female,25-44,60192.0,13459.0,18,1,1
Female,25-44,49002.0,11086.0,1,1,0
Female,under25,32783.0,19224.0,23,1,1
Female,25-44,47930.0,10617.0,14,1,1
Female,25-44,63106.0,14026.0,0,1,1
Female,under25,52948.0,16643.0,15,1,1
Male,45plus,56224.0,12145.0,6,1,0
Female,25-44,38062.0,13051.0,13,1,0
Female,25-44,41965.0,25210.0,16,0,0
Female,25-44,43219.0,14775.0,0,0,1
Female,25-44,44230.0,13842.0,10,1,0
Male,45plus,62519.0,14949.0,1,1,1
Female,25-44,12000.0,18727.0,2,0,0
Female,25-44,45458.0,9797.0,5,1,1
Male,45plus,43808.0,18563.0,19,1,1
Male,45plus,24427.0,17535.0,10,1,0
Male,45plus,55077.0,5268.0,1,1,1
Male,25-44,34132.0,26766.0,18,1,1
Female,under25,39645.0,24765.0,13,0,0
Male,25-44,72732.0,11197.0,3,1,1
Male,25-44,60150.0,9265.0,14,1,1
Female,25-44,53617.0,17368.0,6,1,1
Female,45plus,50712.0,7445.0,15,1,0
Female,25-44,42530.0,24186.0,23,1,1
Female,25-44,74991.0,13189.0,7,1,1
Female,25-44,57033.0,25731.0,18,1,1
Female,25-44,33757.0,11054.0,0,1,0
Female,25-44,23998.0,15327.0,10,1,0
Male,45plus,53503.0,23603.0,22,1,1
Female,25-44,44162.0,14061.0,1,1,1
Male,45plus,23566.0,17633.0,23,1,1
Male,25-44,51429.0,22556.0,2,0,1
Male,45plus,40965.0,12664.0,12,1,1
Female,25-44,52960.0,8430.0,4,1,1
Female,45plus,51626.0,7248.0,0,1,0
Male,45plus,35876.0,19501.0,8,0,1
Female,25-44,54493.0,18333.0,14,1,1
Male,25-44,37531.0,22370.0,18,1,1
Female,45plus,38507.0,14356.0,7,1,0
Female,25-44,37016.0,7416.0,12,1,0
Female,45plus,61965.0,2000.0,4,1,1
Female,45plus,40791.0,33208.0,18,1,0
Male,45plus,65587.0,19162.0,4,1,1
Male,25-44,71752.0,16821.0,21,1,1
Female,25-44,33919.0,17672.0,4,0,0
Female,45plus,12000.0,7412.0,16,1,0
Male,25-44,60668.0,11231.0,8,1,1
Male,under25,39870.0,26460.0,24,1,1
Male,under25,32007.0,19950.0,7,1,0
Male,45plus,36169.0,11418.0,23,1,1
Male,25-44,38778.0,8639.0,20,1,1
Male,25-44,64458.0,12906.0,11,1,1
Female,25-44,47399.0,14107.0,12,1,1
Male,45plus,64254.0,28295.0,8,1,1
Male,25-44,52413.0,14870.0,10,1,1
Male,45plus,40362.0,8863.0,11,1,1
Male,45plus,39145.0,15648.0,3,1,1
Female,45plus,53424.0,17586.0,8,1,1
Male,45plus,57306.0,8317.0,21,1,1
Female,25-44,59952.0,18413.0,24,1,1
Female,25-44,41077.0,23253.0,1,1,0
Male,under25,47628.0,16832.0,18,1,1
Female,45plus,53761.0,11218.0,5,1,0
Female,25-44,39241.0,12827.0,16,1,1
Male,25-44,27976.0,6047.0,15,1,1
Male,45plus,32906.0,15197.0,21,1,1
Female,under25,41384.0,17865.0,17,1,0
Female,45plus,54933.0,10620.0,20,1,1
Male,under25,63885.0,27638.0,20,1,1
Female,25-44,24659.0,20754.0,16,1,0
Male,25-44,36040.0,5243.0,10,1,1
Female,25-44,39632.0,5366.0,8,1,1
Male,25-44,56921.0,10096.0,8,1,1
Male,45plus,37078.0,25439.0,8,0,0
Female,25-44,38554.0,21346.0,7,0,1
Female,25-44,23820.0,25742.0,7,0,0
Female,45plus,52251.0,16061.0,14,1,1
Male,45plus,42579.0,14743.0,6,1,1
Male,under25,35189.0,8515.0,8,0,1
Female,45plus,41107.0,18098.0,17,1,0
Female,under25,61905.0,14823.0,8,1,1
Male,25-44,29927.0,14592.0,2,1,1
Female,25-44,32375.0,25708.0,0,0,0
Male,45plus,63784.0,15242.0,19,1,1
Male,under25,46137.0,23986.0,23,1,1
Male,under25,55046.0,6472.0,17,1,1
Male,45plus,51026.0,32129.0,1,0,0
Male,under25,44470.0,13760.0,14,0,1
Female,25-44,39776.0,20243.0,6,0,0
Male,45plus,57473.0,21198.0,8,1,1
Male,25-44,62435.0,13016.0,23,1,1
Male,25-44,61263.0,20914.0,20,1,1
Male,25-44,27218.0,21226.0,18,1,1
Male,45plus,64574.0,11721.0,12,1,1
Female,25-44,39631.0,11792.0,14,1,0
Male,under25,33675.0,16272.0,22,1,1
Female,25-44,42460.0,15307.0,16,1,1
Female,25-44,57467.0,24359.0,14,1,1
Male,45plus,53107.0,20216.0,2,1,1
Female,25-44,41169.0,15577.0,24,1,1
Female,under25,57565.0,19636.0,20,1,1
Female,25-44,47098.0,3720.0,9,1,1
Female,under25,36405.0,12308.0,6,1,0
Female,25-44,34379.0,17727.0,24,1,1
Female,45plus,51154.0,22692.0,23,1,1
Female,45plus,43762.0,17199.0,10,1,1
Male,under25,24367.0,24749.0,5,0,0
Female,25-44,57707.0,21208.0,19,1,1
Female,under25,37796.0,13070.0,15,1,1
Female,under25,68882.0,15160.0,22,1,1
Male,25-44,23955.0,18451.0,13,0,1
Male,25-44,42289.0,13308.0,13,1,1
Male,45plus,34500.0,25188.0,3,0,0
Male,45plus,30369.0,9348.0,15,1,1
Male,25-44,37698.0,17897.0,9,1,1
Male,45plus,71559.0,20413.0,5,1,1
Male,25-44,47151.0,14119.0,19,1,1
Male,25-44,33124.0,12767.0,8,0,1
Male,45plus,17571.0,15544.0,5,0,0
Female,under25,19180.0,20872.0,24,1,1
Male,25-44,36953.0,13001.0,24,1,1
Male,45plus,35495.0,9586.0,12,1,1
Male,25-44,41639.0,22904.0,7,1,1
Male,45plus,12000.0,18396.0,4,0,0
Male,25-44,43625.0,22047.0,15,1,1
Female,45plus,60416.0,20556.0,15,1,1
Female,under25,69343.0,29079.0,15,1,1
Male,under25,16583.0,22690.0,19,0,0
Female,25-44,32979.0,11656.0,11,0,1
Male,45plus,32186.0,18822.0,17,1,0
Male,under25,47186.0,12655.0,16,1,1
Male,45plus,26703.0,13275.0,19,1,1
Male,25-44,70234.0,7525.0,18,1,1
Female,25-44,45653.0,14283.0,0,1,1
Female,25-44,43153.0,19270.0,15,1,1
Female,under25,68891.0,15604.0,24,1,1
Male,45plus,44759.0,9404.0,13,1,1
Female,25-44,51005.0,6862.0,13,1,1
Male,25-44,33738.0,28671.0,15,0,0
Male,25-44,24442.0,17951.0,13,0,1
Male,25-44,35845.0,11056.0,10,1,1
Female,25-44,77805.0,18771.0,24,1,1
Female,45plus,54495.0,29135.0,1,0,0
Male,25-44,49118.0,19723.0,20,1,1
Female,25-44,30354.0,2000.0,3,1,1
Female,25-44,58669.0,31914.0,5,1,1
Female,25-44,24635.0,4905.0,15,0,1
Male,25-44,21494.0,14764.0,15,1,1
Female,25-44,36617.0,9200.0,23,1,1
Female,25-44,74317.0,11560.0,7,1,1
Female,45plus,73468.0,17706.0,0,1,0
Male,45plus,38231.0,3574.0,6,1,1
Female,45plus,34887.0,15459.0,13,0,0
Male,45plus,20395.0,22884.0,8,1,0
Female,25-44,46170.0,10941.0,6,1,0
Male,45plus,47430.0,7658.0,22,1,1
Male,under25,56843.0,15164.0,14,1,1
Male,25-44,58661.0,13970.0,16,1,1
Male,25-44,42039.0,12429.0,18,1,1
Male,under25,53340.0,8870.0,10,1,1
Male,45plus,34490.0,19115.0,18,1,1
Male,45plus,53056.0,19572.0,24,1,1
Male,25-44,37392.0,9606.0,18,1,1
Female,25-44,51892.0,10436.0,7,1,1
Female,25-44,50678.0,16819.0,19,1,1
Female,25-44,46032.0,10210.0,5,1,1
Male,45plus,56918.0,17072.0,1,1,1
Male,45plus,21444.0,24808.0,11,0,0
Female,25-44,29026.0,15641.0,12,1,1
Male,25-44,40949.0,8718.0,11,1,1
Male,25-44,23351.0,18353.0,6,1,0
Female,under25,38897.0,14934.0,6,1,0
Female,25-44,39381.0,15099.0,23,1,1
Male,under25,64645.0,18852.0,7,1,1
Female,under25,47138.0,20146.0,19,1,1
Male,25-44,60441.0,16213.0,6,1,1
Female,under25,49525.0,15636.0,2,1,0
Male,45plus,36965.0,28381.0,1,0,0
Male,under25,47006.0,23203.0,6,1,0
Female,45plus,55941.0,21001.0,21,1,1
Male,25-44,62901.0,16787.0,11,1,1
Female,under25,43015.0,9966.0,17,1,1
Male,under25,20287.0,22764.0,24,0,1
Female,45plus,19233.0,16866.0,1,0,0
Female,25-44,40104.0,12537.0,2,0,1
Male,25-44,12000.0,14541.0,23,1,0
Female,under25,71927.0,10203.0,14,1,1
Male,45plus,53954.0,22344.0,15,1,1
Male,under25,35465.0,20098.0,8,0,1
Male,25-44,28355.0,17090.0,20,1,1
Female,45plus,60422.0,15743.0,16,1,1
Female,25-44,28295.0,11916.0,6,1,1
Female,25-44,29727.0,3220.0,16,1,1
Female,45plus,33511.0,7522.0,0,0,0
Female,25-44,46711.0,11544.0,6,1,1
Male,under25,54312.0,10642.0,5,1,1
Female,25-44,62890.0,17736.0,19,1,1
Female,under25,60675.0,20869.0,18,1,1
Male,45plus,45012.0,15229.0,2,0,0
Female,25-44,60308.0,24454.0,22,1,1
Male,25-44,34935.0,11303.0,20,1,1
Male,25-44,17687.0,15187.0,10,1,0
Male,25-44,34933.0,15694.0,5,1,1
Male,25-44,32906.0,22553.0,10,1,0
Male,under25,35520.0,16635.0,14,1,1
Female,45plus,30609.0,16801.0,15,1,0
Female,25-44,38083.0,6071.0,8,1,0
Male,45plus,54300.0,10601.0,2,1,1
Male,25-44,70729.0,22576.0,15,1,1
Male,under25,19120.0,3548.0,17,1,1
Male,45plus,25684.0,24058.0,6,0,0
Female,45plus,33128.0,18998.0,15,1,0
Male,25-44,56486.0,11515.0,14,1,1
Female,under25,41926.0,11008.0,12,1,0
Female,45plus,34138.0,27376.0,0,0,0
Female,25-44,55751.0,24468.0,7,1,0
Female,25-44,59346.0,15283.0,9,1,1
Male,25-44,44719.0,16808.0,20,1,1
Female,under25,32757.0,12123.0,20,1,1
Female,under25,49054.0,16809.0,21,1,1
Female,under25,41501.0,11957.0,11,1,1
Female,45plus,41385.0,15529.0,8,1,1
Female,25-44,37314.0,26862.0,12,1,0
Female,25-44,58875.0,15426.0,19,1,1
Male,45plus,48748.0,9712.0,15,1,1
Female,25-44,60536.0,7802.0,15,1,1
Female,25-44,65045.0,16763.0,10,1,1
Male,25-44,51885.0,11435.0,17,1,1
Female,25-44,37403.0,17480.0,21,1,1
Male,25-44,60605.0,6283.0,16,1,1
Female,45plus,51985.0,20142.0,10,0,0
Male,45plus,84051.0,9639.0,20,1,1
Male,25-44,49652.0,16278.0,23,1,1
Female,25-44,55465.0,13970.0,19,1,1
Male,45plus,49356.0,26310.0,21,1,1
Male,under25,43514.0,17029.0,6,1,0
Male,45plus,41118.0,27673.0,10,1,0
Male,25-44,49414.0,19364.0,6,1,1
Female,45plus,52818.0,24552.0,9,1,0
Female,45plus,62316.0,14747.0,18,1,1
Male,25-44,49633.0,18073.0,16,1,1
Female,under25,38057.0,23312.0,0,0,0
Male,45plus,40097.0,21430.0,18,1,1
Female,25-44,25156.0,19186.0,4,0,0
Male,25-44,69918.0,14032.0,4,1,1
Male,25-44,36882.0,15047.0,13,1,1
Male,25-44,59512.0,22826.0,6,1,1
Female,25-44,49148.0,24075.0,24,1,1
Male,under25,49556.0,12443.0,3,1,1
Male,25-44,43238.0,11537.0,3,0,1
Female,45plus,33183.0,10575.0,19,1,1
Female,under25,30472.0,20978.0,7,1,0
Male,25-44,70927.0,10423.0,17,1,1
Female,25-44,46709.0,20906.0,17,1,1
Female,45plus,61879.0,19274.0,4,1,1
Male,25-44,65774.0,12729.0,14,1,1
Female,45plus,38837.0,25383.0,13,0,0
Male,25-44,51353.0,7226.0,2,1,1
Female,25-44,45675.0,25957.0,19,1,1
Male,45plus,27642.0,17913.0,21,1,1
Female,45plus,42218.0,3559.0,23,1,1
Male,25-44,53813.0,25551.0,2,1,0
Male,25-44,37515.0,21833.0,4,1,0
Female,25-44,40127.0,13431.0,20,1,1
Male,under25,42399.0,10212.0,7,1,1
Female,45plus,76673.0,6586.0,15,1,1
Female,45plus,17489.0,30493.0,8,0,0
Female,25-44,52525.0,10460.0,5,1,1
Male,25-44,41200.0,8418.0,15,1,1
Female,25-44,35390.0,17608.0,5,1,0
Male,under25,40832.0,6173.0,3,1,1
Male,45plus,55011.0,10111.0,13,1,1
Female,25-44,55868.0,21970.0,4,0,1
Female,25-44,47790.0,18785.0,4,1,0
Male,25-44,61391.0,13682.0,19,1,1
Male,45plus,64032.0,16110.0,13,1,1
Female,under25,57246.0,13345.0,13,1,1
Female,25-44,36807.0,15628.0,3,1,0
Male,25-44,52417.0,11429.0,4,1,1
Female,under25,52488.0,12519.0,9,1,1
Male,25-44,32766.0,12336.0,9,1,1
Male,25-44,21458.0,11645.0,11,1,0
Female,under25,14658.0,22263.0,3,0,0
Female,under25,46048.0,20621.0,22,1,1
Male,45plus,49471.0,10406.0,9,1,1
Male,25-44,27273.0,8834.0,20,1,1
Male,25-44,60690.0,15056.0,10,1,1
Female,25-44,47283.0,28932.0,11,1,1
Male,45plus,65242.0,9834.0,2,1,1
Male,45plus,50558.0,15033.0,16,1,1
Female,45plus,29005.0,16532.0,1,0,0
Male,25-44,51874.0,15348.0,18,1,1
Female,25-44,55052.0,13251.0,22,1,1
Male,25-44,36786.0,22930.0,9,0,1
Female,25-44,23369.0,18727.0,22,1,1
Male,25-44,46504.0,21075.0,17,1,1
Male,under25,29987.0,19536.0,0,1,0
Male,25-44,61813.0,21364.0,5,1,1
Female,25-44,38892.0,25506.0,16,0,1
Female,under25,70869.0,23986.0,17,1,1
Male,25-44,13138.0,29949.0,2,0,0
Male,45plus,47022.0,23304.0,17,1,1
Female,25-44,66441.0,11983.0,20,1,1
Male,45plus,31645.0,21084.0,2,0,0
Male,25-44,42612.0,20263.0,21,1,1
Female,45plus,38954.0,27522.0,13,1,0
Male,45plus,34743.0,10197.0,15,1,1
Male,under25,48669.0,19348.0,1,1,1
Male,45plus,25569.0,11914.0,15,1,0
Male,under25,43335.0,19075.0,11,1,1
Male,25-44,52740.0,14712.0,9,1,1
Female,45plus,41774.0,18877.0,19,1,1
Female,25-44,29997.0,7538.0,6,1,0
Male,25-44,60453.0,20759.0,1,1,1
Female,25-44,55954.0,17236.0,12,1,1
Male,under25,29382.0,16913.0,18,1,1
Female,under25,25588.0,27701.0,3,0,0
Male,under25,30721.0,13705.0,24,1,1
Female,under25,53179.0,18054.0,16,1,1
Male,25-44,49134.0,16602.0,23,1,1
Male,25-44,56851.0,17188.0,11,1,1
Male,25-44,40108.0,29331.0,3,0,0
Male,25-44,31129.0,16383.0,4,0,0
Male,under25,58783.0,12596.0,12,1,1
Female,25-44,36698.0,27225.0,14,1,1
Female,45plus,47798.0,14154.0,18,1,1
Male,45plus,21751.0,6369.0,19,1,1
Female,25-44,36453.0,11555.0,19,1,1
Female,under25,60141.0,8520.0,14,1,1
Female,45plus,34256.0,5200.0,0,1,0
Female,45plus,57218.0,13822.0,13,1,0
Female,25-44,12000.0,15579.0,20,1,1
Male,25-44,36609.0,23083.0,21,1,1
Female,under25,42430.0,19776.0,20,1,1
Female,25-44,71138.0,19503.0,0,1,1
Male,45plus,27464.0,10641.0,10,1,1
Male,25-44,55065.0,21310.0,15,1,1
Male,25-44,60854.0,24347.0,6,1,1
Female,25-44,34178.0,18367.0,10,0,0
Male,45plus,39397.0,18535.0,2,0,0
Female,25-44,47124.0,8412.0,4,1,1
Female,45plus,22778.0,22327.0,0,0,0
Female,25-44,38173.0,26685.0,24,1,1
Male,25-44,64142.0,17938.0,21,1,1
Female,25-44,52840.0,12434.0,10,1,1
Female,25-44,42649.0,15028.0,0,1,0
Male,45plus,46696.0,13477.0,8,1,1
Female,25-44,53714.0,13837.0,10,1,1
Male,25-44,56586.0,19888.0,4,0,1
Female,25-44,36654.0,17677.0,16,1,1
Male,25-44,68021.0,22024.0,24,1,1
Male,25-44,64745.0,18225.0,21,1,1
Male,45plus,55159.0,10815.0,21,1,1
Male,25-44,32356.0,12996.0,20,1,1
Male,25-44,29697.0,12623.0,1,1,1
Female,25-44,40101.0,14881.0,13,1,0
Male,under25,45911.0,26768.0,14,1,0
Male,25-44,18473.0,27729.0,2,0,0
Female,25-44,52420.0,21020.0,3,0,1
Female,25-44,64312.0,16713.0,14,1,1
Male,45plus,53647.0,7830.0,17,1,1
Female,45plus,34859.0,17320.0,5,1,0
Male,45plus,33084.0,11260.0,12,1,0
Female,25-44,49498.0,25783.0,1,1,0
Male,25-44,42700.0,6363.0,2,1,1
Female,45plus,51646.0,18307.0,14,1,1
Female,25-44,54026.0,10755.0,13,1,1
Female,25-44,61378.0,15943.0,18,1,1
Female,25-44,28018.0,19996.0,22,1,1
Female,45plus,48324.0,22132.0,4,1,1
Male,under25,39548.0,15636.0,8,1,0
Female,25-44,43520.0,20567.0,21,1,1
Female,under25,57966.0,12025.0,1,1,1
Female,25-44,59597.0,17473.0,20,1,1
Male,25-44,65977.0,22013.0,23,1,1
Male,25-44,51384.0,17993.0,2,1,1
Female,25-44,43350.0,12824.0,3,1,1
Male,45plus,41207.0,14326.0,17,1,1
Male,45plus,18979.0,22094.0,11,0,0
Male,25-44,65096.0,9449.0,24,1,1
Female,45plus,40172.0,10334.0,13,1,1
Male,25-44,52588.0,19610.0,16,1,1
Male,45plus,55185.0,13365.0,5,1,1
Male,under25,26320.0,7282.0,8,0,1
Female,25-44,31150.0,24105.0,4,0,0
Female,25-44,68205.0,9402.0,3,1,1
Male,under25,49357.0,14803.0,2,1,1
Male,25-44,36291.0,12283.0,22,1,1
Female,under25,43105.0,14214.0,1,1,0
Male,25-44,61294.0,10692.0,12,1,1
Female,under25,59015.0,20286.0,12,1,1
Male,under25,23009.0,16665.0,1,0,0
Female,45plus,69514.0,21902.0,21,1,1
Male,25-44,59492.0,12345.0,12,1,1
Female,45plus,42713.0,28798.0,3,0,0
Male,25-44,27124.0,4572.0,3,0,1
Female,under25,60810.0,6489.0,17,1,1
Female,25-44,52146.0,26519.0,15,1,1
Female,25-44,23133.0,18844.0,10,0,0
Male,under25,41519.0,18048.0,10,1,1
Male,45plus,91893.0,18588.0,0,1,1
Female,25-44,45248.0,19427.0,0,0,0
Female,45plus,33870.0,17799.0,13,1,0
Male,25-44,29873.0,10205.0,9,1,1
Male,25-44,71581.0,20909.0,6,1,1
Male,25-44,57716.0,19964.0,9,1,1
Female,45plus,66112.0,24571.0,15,1,0
Female,25-44,48723.0,26585.0,7,1,0
Female,under25,63810.0,17983.0,8,1,1
Female,under25,32275.0,8635.0,7,1,1
Male,25-44,47439.0,26635.0,16,1,1
Male,45plus,49306.0,9891.0,1,1,1
Male,45plus,65737.0,18028.0,22,1,1
Female,45plus,49783.0,14460.0,13,1,0
Male,45plus,35617.0,13416.0,6,0,1
Male,45plus,45961.0,20586.0,18,1,1
Male,25-44,19854.0,17467.0,23,1,1
Male,25-44,12000.0,19079.0,1,0,0
Female,under25,57470.0,11106.0,5,1,1
Male,25-44,39379.0,14956.0,3,0,1
Male,25-44,41079.0,11383.0,1,1,0
Female,25-44,57464.0,14806.0,18,1,1
Male,45plus,65955.0,15287.0,4,1,1
Male,45plus,53017.0,27066.0,9,1,0
Male,25-44,73921.0,14444.0,20,1,1
Female,45plus,52540.0,3246.0,15,1,1
Male,25-44,49533.0,24371.0,16,1,1
Female,under25,48606.0,18696.0,2,0,1
Female,25-44,25718.0,15214.0,24,1,1
Female,25-44,59340.0,13377.0,2,1,1
Male,25-44,12000.0,10318.0,17,1,1
Female,25-44,36206.0,27628.0,15,0,0
Male,under25,45344.0,16311.0,10,1,1
Male,25-44,33154.0,5573.0,20,1,1
Male,45plus,38224.0,17966.0,22,1,1
Male,under25,72591.0,23237.0,1,1,1
Male,25-44,61560.0,16939.0,23,1,1
Male,25-44,34713.0,10590.0,6,1,1
Male,25-44,37957.0,10054.0,19,1,1
Male,25-44,25845.0,10496.0,20,1,1
Female,under25,55575.0,25130.0,13,1,1
Female,25-44,41254.0,15570.0,21,1,1
Male,25-44,15503.0,5928.0,20,1,1
Female,25-44,46512.0,18305.0,13,1,1
Male,25-44,51585.0,16846.0,4,1,1
Male,25-44,59447.0,13307.0,10,1,1
Male,25-44,43900.0,9878.0,22,1,1
Male,25-44,39410.0,9617.0,5,1,1
Male,25-44,74794.0,22520.0,24,1,1
Male,under25,45099.0,17485.0,4,1,1
Male,25-44,55793.0,18872.0,16,1,1
Male,25-44,36907.0,17469.0,16,1,0
Male,under25,55349.0,17966.0,4,1,1
Male,under25,23166.0,13190.0,11,0,1
Male,25-44,38069.0,14765.0,3,1,1
Male,25-44,26876.0,22989.0,9,1,0
Male,45plus,35925.0,24488.0,23,1,1
Male,45plus,63757.0,8667.0,1,1,1
Male,45plus,35815.0,14750.0,21,1,1
Male,25-44,55774.0,21036.0,16,1,1
Female,25-44,67759.0,27292.0,18,1,1
Male,25-44,44586.0,26692.0,7,0,0
Male,25-44,59907.0,11225.0,23,1,1
Male,25-44,52966.0,23650.0,6,1,1
Female,25-44,46747.0,16352.0,12,1,1
Female,under25,56255.0,22266.0,0,1,0
Female,25-44,72599.0,20730.0,22,1,1
Female,under25,35441.0,8416.0,17,1,1
Male,under25,30612.0,19300.0,4,0,0
Female,45plus,29731.0,22034.0,16,1,0
Male,under25,59916.0,15879.0,4,1,1
Female,25-44,61941.0,14522.0,11,1,1
Male,45plus,36944.0,6570.0,12,1,1
Male,25-44,12960.0,20102.0,23,0,1
Female,25-44,34879.0,17252.0,8,0,1
Male,25-44,53218.0,10467.0,0,1,1
Female,25-44,43999.0,14045.0,10,1,1
Male,25-44,47705.0,16927.0,23,1,1
Female,45plus,37150.0,12648.0,19,1,1
Female,45plus,60211.0,16016.0,1,1,0
Male,45plus,50148.0,5500.0,1,1,1
Female,45plus,53797.0,24097.0,18,1,0
Female,25-44,47386.0,16095.0,18,1,1
Female,45plus,52866.0,9404.0,13,1,1
Male,25-44,51879.0,2000.0,2,1,1
Male,25-44,31079.0,22175.0,7,0,0
Female,45plus,50596.0,19349.0,21,1,1
Male,45plus,56873.0,17264.0,3,1,1
Male,45plus,62327.0,21182.0,5,1,0
Male,25-44,51242.0,21165.0,11,1,1
Female,25-44,30521.0,17167.0,18,1,1
Male,25-44,32830.0,14475.0,20,1,1
Female,25-44,38473.0,13497.0,14,1,1
Female,45plus,47842.0,18526.0,12,1,0
Male,45plus,43166.0,24382.0,9,1,1
Male,25-44,28144.0,15383.0,1,0,0
Female,25-44,28054.0,24859.0,6,0,0
Male,25-44,13522.0,18239.0,5,0,0
Female,under25,12000.0,18284.0,1,0,0
Female,25-44,43023.0,30431.0,18,1,0
Female,45plus,79803.0,25916.0,8,1,1
Male,25-44,71952.0,26072.0,12,1,1
Female,45plus,30327.0,11214.0,5,0,0
Female,25-44,47249.0,29153.0,14,1,1
Male,45plus,23031.0,15507.0,3,0,0
Female,25-44,25318.0,14635.0,16,1,1
Female,25-44,27038.0,3045.0,18,1,1
Female,25-44,41618.0,17958.0,7,0,0
Male,45plus,42263.0,9500.0,5,1,1
Male,45plus,48791.0,18450.0,19,1,1
Male,25-44,54948.0,9031.0,5,1,1
Male,under25,39947.0,26786.0,4,1,1
Male,25-44,45543.0,19309.0,8,0,1
Female,45plus,28593.0,29679.0,24,0,0
Male,25-44,24833.0,9862.0,11,1,1
Female,25-44,22515.0,25295.0,6,0,0
Male,25-44,54739.0,5184.0,12,1,1
Male,25-44,39931.0,17248.0,8,1,0
Male,45plus,16933.0,12210.0,16,1,1
Male,45plus,44054.0,13312.0,10,1,1
Female,45plus,26268.0,12901.0,14,1,0
Female,45plus,69906.0,10512.0,10,1,1
Female,45plus,36318.0,8442.0,12,1,1
Male,25-44,55223.0,13345.0,11,1,1
Female,45plus,61334.0,16696.0,9,1,1
Male,under25,30676.0,22982.0,24,1,1
Female,25-44,46141.0,17772.0,6,1,0
Male,45plus,53302.0,22999.0,20,1,1
Male,25-44,46733.0,7131.0,17,1,1
Male,25-44,50417.0,13402.0,13,1,1
Male,25-44,25056.0,20266.0,7,0,0
Male,25-44,53311.0,18059.0,12,1,1
Female,45plus,37708.0,10833.0,21,1,1
Female,25-44,50242.0,21604.0,4,1,1
Female,under25,58800.0,12812.0,14,1,1
Male,25-44,55032.0,11336.0,19,1,1
Female,25-44,50231.0,18922.0,15,1,1
Male,under25,54632.0,16037.0,3,1,1
Male,25-44,55326.0,12863.0,12,1,1
Male,25-44,67433.0,12659.0,4,1,1
Male,under25,44489.0,9581.0,23,1,1
Female,25-44,47459.0,13626.0,8,1,1
Male,25-44,58981.0,22600.0,10,1,1
Male,45plus,37644.0,17467.0,21,1,1
Female,25-44,24971.0,21752.0,10,1,0
Male,25-44,52398.0,19096.0,4,1,1
Female,45plus,41910.0,12327.0,22,1,1
Male,25-44,26887.0,6105.0,16,1,1
Female,under25,52508.0,10439.0,15,1,1
Female,45plus,66467.0,11973.0,1,1,1
Female,under25,20554.0,11509.0,11,1,0
Female,45plus,60335.0,21886.0,11,1,0
Female,45plus,12000.0,21824.0,6,0,0
Female,45plus,38996.0,29271.0,14,1,0
Male,45plus,72608.0,11418.0,6,1,1
Male,25-44,40075.0,25585.0,11,1,0
Female,45plus,46349.0,25548.0,20,1,1
Male,25-44,56443.0,14606.0,18,1,1
Male,25-44,19253.0,18841.0,6,0,0
Male,25-44,46081.0,23444.0,5,1,0
Male,under25,45963.0,15646.0,0,1,1
Male,under25,72935.0,15182.0,8,1,1
Female,under25,26464.0,12236.0,0,1,0
Female,under25,39277.0,2000.0,3,1,1
Female,25-44,31075.0,16423.0,24,1,1
Male,45plus,29484.0,11741.0,21,1,1
Male,25-44,61911.0,9548.0,13,1,1
Female,45plus,45400.0,18533.0,19,1,1
Male,45plus,36666.0,7292.0,12,1,1
Female,45plus,37232.0,20836.0,15,1,0
Male,25-44,36552.0,18902.0,22,1,1
Female,45plus,37893.0,13599.0,1,1,0
Male,45plus,26033.0,15620.0,8,0,1
Female,45plus,41119.0,8859.0,2,1,1
Female,45plus,39612.0,20502.0,19,1,1
Male,25-44,33633.0,17124.0,20,1,1
Female,25-44,47326.0,17571.0,18,1,1
Male,45plus,48598.0,19011.0,15,1,1
Female,25-44,36650.0,12146.0,11,1,1
Female,45plus,42838.0,6886.0,0,1,0
Male,under25,77379.0,21744.0,19,1,1
Male,under25,76806.0,20132.0,22,1,1
Female,25-44,29189.0,12788.0,24,1,1
Male,under25,31283.0,18455.0,8,1,0
Female,45plus,29109.0,23548.0,5,0,0
Female,under25,60856.0,22832.0,16,1,1
Female,45plus,39022.0,12613.0,0,0,0
Male,25-44,48595.0,7067.0,1,1,1
Female,45plus,74955.0,8097.0,20,1,1
Female,25-44,44843.0,14130.0,23,1,1
Male,under25,55594.0,24774.0,10,1,0
Male,under25,52806.0,11629.0,12,1,1
Male,25-44,36177.0,12422.0,13,1,1
Male,45plus,60887.0,12299.0,3,1,1
Female,45plus,32254.0,12810.0,5,1,0
Male,25-44,65098.0,15933.0,7,1,1
Female,25-44,36188.0,8320.0,21,1,1
Male,under25,37830.0,22506.0,10,1,0
Male,25-44,28673.0,15131.0,18,1,1
Male,25-44,31136.0,30875.0,4,0,0
Female,25-44,38599.0,8959.0,23,1,1
Female,25-44,12000.0,25539.0,22,1,0
Male,45plus,41500.0,24348.0,11,1,1
Female,under25,37380.0,13530.0,5,1,0
Male,25-44,56850.0,13630.0,24,1,1
Male,25-44,51345.0,10472.0,20,1,1
Male,under25,34385.0,10541.0,12,1,0
Female,under25,38122.0,15996.0,6,1,0
Female,25-44,41481.0,16124.0,15,1,1
Female,under25,67289.0,6386.0,9,1,1
Male,45plus,32665.0,29761.0,16,0,1
Male,45plus,34204.0,14443.0,20,1,1
Female,45plus,28071.0,16394.0,12,0,0
Male,25-44,22769.0,12243.0,1,0,0
Female,under25,49605.0,14398.0,14,1,1
Female,under25,48044.0,13853.0,21,1,1
Male,25-44,64241.0,15982.0,5,1,1
Female,45plus,60621.0,15912.0,23,1,1
Female,45plus,80957.0,20829.0,9,1,1
Male,25-44,43892.0,17363.0,17,1,1
Female,25-44,41092.0,20226.0,17,1,1
Female,25-44,25497.0,15941.0,4,0,0
Male,25-44,55449.0,17388.0,0,0,1
Female,45plus,46778.0,14552.0,23,1,1
Male,25-44,54769.0,22019.0,17,1,1
Female,25-44,27913.0,17936.0,15,1,0
Female,25-44,50274.0,15052.0,7,1,1
Female,under25,48078.0,14873.0,2,1,1
Male,25-44,47086.0,15345.0,6,1,1
Female,45plus,34751.0,16183.0,13,1,1
Male,under25,62840.0,15662.0,17,1,1
Male,25-44,75755.0,12647.0,7,1,1
Male,25-44,28345.0,20589.0,5,0,1
Female,under25,55807.0,20968.0,6,1,0
Male,under25,12000.0,26703.0,24,1,0
Male,25-44,55029.0,12378.0,15,1,1
Female,under25,16948.0,19999.0,24,1,0
Male,25-44,37125.0,4545.0,0,0,1
Male,45plus,25305.0,20974.0,11,0,1
Male,45plus,41766.0,7261.0,11,1,0
Male,45plus,57582.0,10094.0,10,1,1
Female,25-44,17140.0,17993.0,9,0,0
Male,45plus,39608.0,12271.0,1,1,1
Male,25-44,37299.0,11450.0,0,1,0
Female,25-44,68716.0,13091.0,19,1,1
Female,25-44,51476.0,20378.0,11,1,1
Female,25-44,27342.0,10403.0,4,1,1
Female,45plus,37931.0,15675.0,8,1,0
Female,25-44,68342.0,13728.0,23,1,1
Male,25-44,55715.0,20919.0,11,1,1
Female,45plus,31226.0,21088.0,24,1,0
Female,under25,40994.0,4988.0,4,1,1
Male,45plus,41473.0,22271.0,3,1,0
Male,45plus,36930.0,12335.0,14,1,0
Male,45plus,19347.0,17418.0,17,1,0
Female,45plus,34836.0,10367.0,24,1,1
Female,25-44,65838.0,18227.0,11,1,1
Female,25-44,39283.0,31308.0,5,0,0
Male,45plus,43451.0,16763.0,13,1,0
Male,45plus,47108.0,13241.0,7,1,1
Male,25-44,78272.0,14607.0,4,1,1
Male,under25,45133.0,7186.0,2,1,1
Female,25-44,61409.0,24694.0,18,1,1
Female,25-44,36027.0,17877.0,16,1,0
Female,25-44,41109.0,9707.0,4,1,0
Female,45plus,45188.0,9902.0,13,1,1
Female,45plus,33388.0,16092.0,22,1,1
Male,25-44,41944.0,21592.0,20,1,1
Male,25-44,58321.0,9094.0,11,1,1
Male,25-44,32995.0,22680.0,1,0,0
Male,25-44,45001.0,15450.0,15,1,1
Male,25-44,55631.0,10419.0,12,1,1
Male,under25,32633.0,13194.0,23,1,1
Female,25-44,61431.0,26491.0,13,1,1
Male,25-44,46093.0,7671.0,18,1,1
Female,25-44,42523.0,11609.0,13,1,1
Female,under25,14878.0,21716.0,13,0,0
Female,25-44,39396.0,17299.0,7,1,1
Female,under25,50574.0,11253.0,10,1,1
Male,25-44,71180.0,21789.0,7,0,1
Female,25-44,53518.0,22074.0,11,1,1
Male,25-44,61893.0,17988.0,23,1,1
Female,under25,26863.0,12326.0,8,1,1
Male,45plus,43098.0,13250.0,11,1,1
Male,25-44,63311.0,17708.0,23,1,1
Female,25-44,31684.0,8128.0,3,0,1
Female,25-44,59478.0,23967.0,6,1,1
Male,45plus,56000.0,26201.0,12,1,1
Female,45plus,49121.0,14584.0,10,1,0
Male,25-44,40069.0,18137.0,8,1,1
Female,25-44,30206.0,23115.0,19,1,1
Male,25-44,71631.0,27733.0,12,1,1
Male,25-44,54478.0,25342.0,9,1,0
Male,25-44,50109.0,5587.0,11,1,1
Male,under25,38807.0,14107.0,22,1,1
Male,45plus,45568.0,19004.0,24,1,1
Male,45plus,47471.0,13035.0,6,1,1
Male,25-44,50998.0,26697.0,1,0,0
Male,45plus,56015.0,25776.0,0,1,1
Male,25-44,33263.0,11104.0,11,1,1
Male,25-44,23001.0,15026.0,15,1,1
Female,45plus,46264.0,11503.0,1,1,1
Female,25-44,18792.0,14829.0,12,1,0
Male,25-44,40145.0,14647.0,9,1,1
Female,25-44,37362.0,21726.0,23,1,1
Male,under25,52376.0,10669.0,15,1,1
Male,25-44,74739.0,2000.0,10,1,1
Female,25-44,15831.0,6373.0,14,1,0
Female,25-44,79113.0,9830.0,3,1,1
Female,under25,41504.0,12066.0,11,1,1
Male,25-44,50217.0,17123.0,8,1,1
Female,45plus,23778.0,9521.0,4,0,0
Male,under25,59953.0,8733.0,9,1,1
Male,25-44,45622.0,10423.0,15,1,1
Male,45plus,44078.0,9306.0,14,1,1
Female,45plus,15939.0,12673.0,24,1,0
Male,under25,46107.0,12416.0,6,1,1
Female,45plus,57687.0,20134.0,17,1,1
Female,45plus,41456.0,10063.0,13,1,1
Female,25-44,62613.0,13854.0,21,1,1
Female,45plus,61993.0,12730.0,22,1,1
Female,45plus,35384.0,20853.0,17,1,0
Male,25-44,68927.0,15074.0,10,1,1
Male,25-44,45679.0,22304.0,13,1,1
Female,45plus,45746.0,9086.0,16,1,1
Male,45plus,46485.0,15704.0,20,1,1
Male,25-44,46040.0,12545.0,5,1,1
Male,45plus,12000.0,8644.0,21,1,0
Male,45plus,42217.0,15595.0,20,1,1
Male,45plus,24541.0,26398.0,2,0,0
Male,45plus,69395.0,10883.0,6,1,1
Female,under25,68791.0,15235.0,5,1,1
Male,under25,57779.0,8127.0,14,1,1
Female,25-44,41423.0,7245.0,5,1,1
Female,25-44,29880.0,11276.0,7,1,0
Male,25-44,35136.0,13300.0,4,1,0
Female,45plus,74140.0,13567.0,1,1,1
Female,45plus,34617.0,14644.0,11,1,0
Female,25-44,12000.0,6110.0,7,0,0
Male,45plus,60452.0,12244.0,12,1,1
Male,under25,67508.0,19011.0,5,1,1
Male,25-44,69888.0,7851.0,7,1,1
Female,under25,60575.0,13869.0,22,1,1
Female,25-44,63023.0,17757.0,20,1,1
Female,25-44,45794.0,11306.0,6,1,1
Female,45plus,13856.0,18049.0,4,0,0
Female,25-44,45418.0,6873.0,24,1,1
Female,25-44,54324.0,21331.0,17,1,1
Male,under25,42971.0,18195.0,12,0,1
Female,under25,42287.0,16334.0,17,1,0
Male,45plus,30538.0,22749.0,5,0,0
Male,45plus,29974.0,14024.0,10,0,0
Male,25-44,72572.0,12293.0,9,1,1
Female,25-44,73115.0,24235.0,18,1,1
Male,25-44,44960.0,27045.0,4,0,1
Male,25-44,49223.0,11839.0,12,1,1
Male,25-44,30287.0,15318.0,20,1,1
Male,under25,54639.0,22270.0,4,1,1
Male,25-44,71395.0,15531.0,2,1,1
Female,25-44,22062.0,19568.0,20,0,1
Female,25-44,51958.0,20682.0,21,1,1
Male,under25,53085.0,12626.0,10,1,1
Male,25-44,52914.0,18516.0,1,1,1
Male,25-44,69642.0,15963.0,13,1,1
Male,25-44,75540.0,8699.0,7,1,1
Female,25-44,41498.0,10062.0,14,1,1
Female,25-44,55098.0,12085.0,3,1,1
Female,45plus,46264.0,21571.0,20,1,1
Male,45plus,35518.0,21768.0,17,1,1
Female,under25,49062.0,20499.0,16,1,1
Male,45plus,55072.0,18641.0,12,1,1
Male,45plus,48254.0,18477.0,5,1,0
Female,25-44,31782.0,17665.0,23,1,1
Female,25-44,38047.0,18446.0,6,1,0
Female,25-44,38161.0,18852.0,9,0,0
Female,under25,32363.0,7573.0,23,1,1
Female,45plus,49703.0,11259.0,1,1,0
Female,25-44,51272.0,9826.0,3,1,1
Male,25-44,59693.0,22643.0,19,1,1
Male,25-44,32136.0,25925.0,9,0,0
Male,under25,36338.0,2986.0,14,1,1
Male,under25,68319.0,25389.0,14,1,1
Male,25-44,42533.0,16520.0,20,1,1
Male,25-44,45452.0,22076.0,15,1,1
Female,45plus,42373.0,19039.0,10,1,0
Female,25-44,61995.0,24642.0,13,1,1
Female,25-44,62577.0,17258.0,18,1,1
Male,45plus,61698.0,7819.0,9,1,1
Female,under25,45399.0,15366.0,4,0,0
Male,25-44,31913.0,19094.0,12,1,0
Male,45plus,73878.0,14704.0,24,1,1
Male,25-44,57845.0,19946.0,2,1,1
Male,under25,38150.0,15606.0,4,1,1
Male,25-44,66357.0,12427.0,24,1,1
Female,under25,36966.0,9484.0,20,1,1
Female,25-44,66161.0,13649.0,2,1,1
Female,under25,67174.0,17227.0,5,1,1
Male,25-44,31178.0,4244.0,17,1,1
Female,under25,53726.0,11320.0,19,1,1
Female,under25,56733.0,4020.0,18,1,1
Male,25-44,84224.0,12298.0,21,1,1
Female,under25,33865.0,23184.0,12,1,1
Male,45plus,66488.0,8883.0,21,1,1
Male,25-44,45260.0,20219.0,14,1,1
Male,25-44,26380.0,33093.0,11,0,0
Male,under25,43200.0,24721.0,15,1,1
Male,25-44,45037.0,16801.0,10,0,1
Male,25-44,29117.0,21151.0,15,1,1
Male,45plus,49683.0,7782.0,20,1,1
Female,25-44,59367.0,6560.0,23,1,1
Male,25-44,48573.0,16172.0,14,1,1
Male,25-44,36872.0,18392.0,0,0,1
Male,45plus,42773.0,22566.0,15,1,0
Female,25-44,44932.0,12587.0,6,1,1
Female,25-44,48260.0,17160.0,5,0,1
Female,45plus,61647.0,16955.0,22,1,1
Male,45plus,49079.0,15212.0,11,1,1
Male,25-44,23960.0,15565.0,19,1,1
Female,45plus,36565.0,10872.0,9,1,1
Male,45plus,47490.0,17678.0,15,1,1
Female,under25,61862.0,17170.0,16,1,1
Female,45plus,64468.0,13360.0,22,1,1
Male,25-44,71620.0,19995.0,4,1,1
Female,25-44,46959.0,22167.0,14,1,1
Female,25-44,56450.0,20064.0,10,1,1
Male,45plus,23183.0,9745.0,11,1,0
Male,25-44,51448.0,16598.0,21,1,1
Male,25-44,28871.0,10531.0,3,1,1
Female,under25,44062.0,16579.0,13,1,1
Male,25-44,90448.0,10555.0,9,1,1
Male,45plus,49553.0,23663.0,22,1,1
Female,45plus,32043.0,20700.0,5,1,0
Male,under25,51117.0,22918.0,5,0,1
Male,45plus,37244.0,22310.0,2,0,0
Female,45plus,30589.0,14376.0,10,1,0
Male,25-44,76547.0,13446.0,0,1,1
Male,under25,61002.0,26450.0,12,1,1
Male,25-44,50183.0,15009.0,5,1,1
Male,under25,39123.0,7873.0,10,1,1
Male,25-44,40338.0,22045.0,15,0,1
Female,25-44,68137.0,16863.0,17,1,1
Female,45plus,49599.0,25036.0,1,0,0
Male,25-44,12000.0,17458.0,3,0,0
Female,45plus,81314.0,15880.0,7,1,1
Female,45plus,47746.0,25157.0,12,1,1
Female,under25,50151.0,6769.0,22,1,1
Female,25-44,61300.0,12488.0,3,1,1
Female,45plus,51981.0,10676.0,1,1,0
Female,45plus,56204.0,2830.0,15,1,1
Male,25-44,38644.0,21239.0,24,1,1
Male,25-44,26553.0,12655.0,20,0,1
Male,25-44,49203.0,21432.0,14,1,1
Male,45plus,66474.0,18335.0,0,1,0
Female,45plus,35283.0,19643.0,14,0,0
Male,under25,34080.0,13268.0,11,0,1
Male,under25,63315.0,11415.0,11,1,1
Male,under25,38141.0,16539.0,12,1,1
Male,45plus,38842.0,21515.0,14,1,0
Female,45plus,39403.0,15698.0,18,1,1
Female,45plus,44025.0,11788.0,4,1,0
Male,under25,21395.0,8806.0,1,0,0
Male,25-44,36910.0,17225.0,1,0,0
Male,under25,48456.0,12676.0,10,1,1
Male,25-44,48349.0,15570.0,12,1,1
Female,25-44,62370.0,14567.0,19,1,1
Female,45plus,72591.0,13333.0,10,1,1
Male,under25,67687.0,17763.0,13,1,1
Male,25-44,58720.0,19327.0,24,1,1
Female,45plus,42769.0,27792.0,18,1,0
Female,25-44,35654.0,20548.0,17,1,1
Male,under25,45268.0,25562.0,9,1,0
Male,45plus,53784.0,11088.0,3,1,1
Male,25-44,57329.0,6394.0,23,1,1
Female,25-44,54346.0,15913.0,13,1,1
Male,25-44,43182.0,21148.0,1,0,1
Male,45plus,56803.0,20207.0,12,1,1
Female,25-44,63913.0,23268.0,2,1,1
Female,25-44,58202.0,2000.0,24,1,1
Male,25-44,44520.0,23518.0,13,1,1
Male,under25,32492.0,18013.0,19,1,1
Male,45plus,32136.0,6736.0,11,1,1
Female,under25,34782.0,20341.0,0,0,0
Male,25-44,48856.0,17017.0,15,1,1
Female,25-44,52797.0,18287.0,16,1,1
Female,25-44,23782.0,21995.0,5,0,0
Male,25-44,37440.0,18582.0,17,1,1
Female,25-44,48649.0,7163.0,5,1,1
Male,25-44,31505.0,15142.0,17,1,1
Male,under25,51509.0,6294.0,18,1,1
Female,45plus,40389.0,19894.0,3,1,0
Male,45plus,34149.0,24388.0,7,0,0
Male,25-44,45798.0,8551.0,4,1,1
Male,25-44,50884.0,11971.0,18,1,1
Male,under25,32272.0,10706.0,5,1,0
Male,under25,41361.0,13277.0,16,1,1
Female,25-44,52015.0,18475.0,10,0,0
Female,45plus,33569.0,13342.0,2,0,0
Female,45plus,20134.0,19915.0,22,1,0
Female,25-44,21951.0,22392.0,17,0,0
Male,45plus,38729.0,22611.0,6,0,0
Female,25-44,25224.0,9291.0,21,1,1
Male,25-44,39784.0,24316.0,17,1,1
Male,25-44,69974.0,24796.0,20,1,1
Female,25-44,24321.0,25316.0,4,0,0
Male,45plus,40761.0,15053.0,0,1,0
Male,25-44,76985.0,11489.0,1,1,1
Male,25-44,51122.0,10095.0,13,1,1
Male,25-44,39484.0,9389.0,19,1,1
Male,45plus,42647.0,16070.0,22,1,1
Male,25-44,51440.0,21087.0,24,1,1
Female,25-44,70437.0,23839.0,14,1,1
Male,under25,37037.0,13087.0,15,0,1
Male,45plus,33636.0,15768.0,7,1,1
Male,25-44,24318.0,15375.0,0,0,0
Female,25-44,46546.0,12188.0,4,1,0
Male,45plus,23915.0,20414.0,1,0,0
Male,under25,38043.0,18177.0,17,1,1
Male,25-44,31370.0,16851.0,12,0,1
Female,25-44,61112.0,18150.0,19,1,1
Female,25-44,37374.0,19693.0,3,1,1
Female,25-44,50954.0,19633.0,22,1,1
Female,25-44,20939.0,10969.0,17,1,1
Male,under25,46973.0,21378.0,22,1,1
Male,under25,26953.0,17532.0,16,1,0
Male,under25,38615.0,13392.0,8,1,1
Male,45plus,78168.0,17405.0,15,1,1
Male,25-44,58983.0,18067.0,15,1,1
Male,25-44,43074.0,22491.0,4,0,0
Male,25-44,92984.0,9723.0,2,1,1
Female,45plus,31272.0,23950.0,16,1,0
Male,under25,62478.0,16139.0,2,1,1
Female,25-44,22010.0,12963.0,2,0,0
Female,25-44,41341.0,12779.0,1,1,1
Male,25-44,24783.0,9992.0,15,1,1
Male,45plus,48859.0,5555.0,23,1,1
Female,45plus,45840.0,20064.0,12,1,1
Female,45plus,40385.0,27885.0,3,0,0
Male,under25,61381.0,6294.0,12,1,1
Male,under25,36494.0,10297.0,12,1,1
Female,under25,49903.0,20509.0,14,1,1
Female,45plus,57308.0,15726.0,10,1,1
Male,45plus,22752.0,21007.0,13,0,0
Male,45plus,33774.0,15390.0,8,0,1
Female,25-44,45808.0,12516.0,22,1,1
Male,45plus,54452.0,14645.0,13,1,1
Female,25-44,66319.0,2000.0,7,1,1
Male,45plus,41762.0,9139.0,0,1,1
Male,25-44,40253.0,21690.0,16,1,1
Male,under25,31911.0,23151.0,9,0,0
Male,under25,49950.0,24437.0,6,1,1
Female,45plus,40543.0,18645.0,11,0,1
Male,25-44,40890.0,2464.0,12,1,1
Female,25-44,43592.0,12190.0,20,1,1
Male,25-44,53274.0,23948.0,13,1,1
Female,25-44,36544.0,25738.0,17,1,0
Female,45plus,33418.0,24176.0,16,1,0
Female,under25,51476.0,14582.0,21,1,1
Male,under25,12000.0,8161.0,0,0,0
Female,45plus,35945.0,15756.0,9,1,0
Male,25-44,27730.0,16089.0,17,1,1
Female,under25,63049.0,25393.0,3,1,1
Male,under25,38386.0,17367.0,11,1,0
Male,25-44,36589.0,16100.0,10,1,0
Male,25-44,44271.0,16441.0,20,1,1
Female,under25,36069.0,18399.0,24,1,1
Female,25-44,38960.0,19759.0,2,0,0
Male,45plus,46457.0,11653.0,5,0,1
Female,45plus,38669.0,9654.0,19,1,1
Female,45plus,38562.0,24223.0,4,0,0
Male,25-44,29848.0,6154.0,12,0,1
Male,25-44,27693.0,25826.0,23,1,1
Female,45plus,45910.0,4536.0,24,1,1
Female,45plus,49599.0,12493.0,23,1,1
Male,25-44,23578.0,21831.0,3,0,0
Female,25-44,56399.0,16002.0,3,1,1
Male,25-44,56461.0,8101.0,4,1,1
Female,25-44,59620.0,18559.0,19,1,1
Female,25-44,49498.0,16402.0,4,1,0
Female,under25,54556.0,14704.0,10,1,1
Male,45plus,77775.0,12256.0,20,1,1
Male,25-44,40477.0,15792.0,12,1,1
Male,25-44,29315.0,12508.0,23,1,1
Male,25-44,21989.0,30607.0,12,0,0
Female,45plus,71335.0,14560.0,9,1,1
Male,45plus,71532.0,13757.0,24,1,1
Male,under25,31131.0,12750.0,13,1,1
Male,25-44,34090.0,26662.0,4,0,0
Male,25-44,40140.0,6166.0,15,1,1
Male,45plus,63364.0,18157.0,19,1,1
Female,25-44,25690.0,14564.0,20,0,1
Female,45plus,15501.0,7460.0,0,1,0
Male,25-44,77513.0,11086.0,2,1,1
Female,under25,49686.0,17902.0,15,1,1
Female,under25,51816.0,10814.0,18,1,1
Male,under25,41923.0,17557.0,16,1,1
Female,25-44,51987.0,26375.0,9,1,1
Male,25-44,22287.0,17024.0,18,1,0
Male,45plus,32386.0,7279.0,14,1,1
Male,under25,46577.0,10919.0,23,1,1
Male,45plus,12000.0,14288.0,9,0,0
Female,under25,40462.0,13887.0,18,1,1
Female,25-44,39538.0,16912.0,3,1,1
Female,45plus,40460.0,17875.0,18,0,1
Female,45plus,36734.0,26383.0,18,1,0
Female,25-44,30062.0,15978.0,6,0,0
Female,45plus,17670.0,9087.0,1,0,0
Male,under25,47171.0,22923.0,24,1,1
Male,under25,40498.0,23578.0,1,0,0
Female,25-44,24371.0,17395.0,11,1,0
Male,under25,45938.0,14522.0,0,1,1
Male,25-44,40576.0,19735.0,10,1,1
Male,25-44,38085.0,14734.0,20,1,1
Female,45plus,12647.0,3666.0,12,0,0
Male,45plus,55242.0,19381.0,5,0,1
Male,45plus,26504.0,21354.0,9,0,0
Male,45plus,45949.0,24647.0,2,0,0
Male,under25,32876.0,11615.0,14,1,1
Female,under25,39169.0,17357.0,0,0,0
Male,25-44,62284.0,17487.0,8,1,1
Female,25-44,52974.0,16512.0,1,0,1
Female,25-44,61951.0,16689.0,5,1,1
Male,25-44,49956.0,16223.0,1,1,1
Female,25-44,50942.0,17270.0,23,1,1
Female,25-44,18283.0,20444.0,19,1,1
Female,25-44,40237.0,23322.0,23,1,1
Male,25-44,41626.0,11462.0,17,1,1
Male,25-44,63355.0,14966.0,12,1,1
Female,45plus,37407.0,13464.0,4,1,0
Female,25-44,48973.0,12606.0,24,1,1
Female,45plus,48386.0,6304.0,22,1,1
Female,45plus,62365.0,16145.0,10,1,1
Male,under25,42994.0,18876.0,5,1,1
Female,25-44,57417.0,15069.0,9,1,1
Male,25-44,19427.0,15946.0,9,1,1
Female,25-44,20790.0,18511.0,22,1,1
Male,under25,12000.0,24467.0,1,0,0
Male,45plus,56790.0,13481.0,15,1,1
Female,45plus,55105.0,8970.0,19,1,1
Female,under25,58452.0,15457.0,19,1,1
Female,25-44,34840.0,27301.0,4,1,0
Male,under25,36547.0,9035.0,10,1,1
Male,45plus,43184.0,19901.0,8,1,0
Female,25-44,66655.0,22947.0,10,1,1
Male,under25,70407.0,2000.0,2,1,1
Male,45plus,56907.0,18461.0,2,1,1
Female,25-44,49965.0,19620.0,0,0,0
Male,25-44,65031.0,14396.0,24,1,1
Female,25-44,41162.0,12121.0,10,1,1
Male,25-44,39136.0,12456.0,5,1,1
Female,25-44,43065.0,14029.0,19,1,1
Female,25-44,30319.0,14187.0,12,0,1
Female,25-44,42375.0,13055.0,9,1,1
Female,45plus,28239.0,13933.0,2,0,0
Male,25-44,60375.0,23145.0,9,1,1
Female,45plus,53155.0,8713.0,16,1,1
Female,25-44,66443.0,5506.0,15,1,1
Female,45plus,20561.0,23241.0,9,0,0
Female,25-44,73525.0,14848.0,15,1,1
Female,45plus,21413.0,13671.0,19,1,0
Female,25-44,27025.0,15333.0,23,1,0
Female,under25,35688.0,17256.0,13,1,0
Male,under25,64616.0,12856.0,5,1,1
Male,under25,48384.0,19036.0,3,1,1
Female,45plus,41343.0,10226.0,3,1,0
Male,45plus,33111.0,14189.0,0,1,0
Female,45plus,24361.0,2712.0,13,1,1
Female,under25,61989.0,23033.0,5,1,1
Male,45plus,56980.0,14943.0,5,1,1
Female,45plus,65287.0,20021.0,18,1,1
Female,25-44,50952.0,18859.0,7,1,1
Female,25-44,12000.0,19299.0,20,1,0
Male,25-44,26331.0,15953.0,3,0,0
Female,under25,51973.0,18329.0,8,1,1
Male,25-44,39454.0,10232.0,1,1,1
Female,45plus,36617.0,8973.0,13,1,1
Male,under25,28452.0,15393.0,3,0,0
Female,25-44,59214.0,11921.0,6,1,1
Female,25-44,51843.0,24553.0,18,1,1
Female,45plus,52518.0,18251.0,22,1,1
Male,45plus,35496.0,11701.0,13,1,1
Female,45plus,47644.0,14371.0,24,1,1
Female,25-44,24934.0,16798.0,18,1,1
Male,25-44,43053.0,15592.0,18,1,1
Female,25-44,12000.0,17630.0,24,1,1
Female,25-44,21478.0,16412.0,2,0,0
Female,under25,40165.0,7656.0,5,1,0
Female,25-44,80627.0,3095.0,10,1,1
Female,45plus,17989.0,13758.0,15,1,0
Female,25-44,26346.0,19363.0,24,1,1
Female,45plus,48252.0,13826.0,2,1,1
Male,25-44,71541.0,23419.0,5,1,1
Male,25-44,48033.0,15719.0,7,0,1
Female,under25,55532.0,24143.0,16,1,1
Male,under25,39936.0,22911.0,23,1,1
Female,25-44,37341.0,22308.0,23,1,1
Male,25-44,46233.0,8779.0,18,1,1
Male,under25,35126.0,16103.0,19,1,1
Male,under25,55864.0,23337.0,10,0,1
Male,25-44,20906.0,17634.0,15,1,0
Male,45plus,58350.0,19326.0,4,1,1
Male,45plus,45590.0,7673.0,12,1,1
Female,25-44,41779.0,27513.0,7,1,0
Male,under25,20355.0,11252.0,23,0,1
Male,under25,30303.0,4033.0,9,1,0
Male,under25,62980.0,13893.0,9,1,1
Male,25-44,41871.0,2000.0,10,1,1
Male,under25,49176.0,9489.0,22,1,1
Female,25-44,31807.0,31351.0,23,1,0
Female,45plus,44564.0,13720.0,10,1,0
Male,25-44,24418.0,7433.0,24,1,1
Female,45plus,46498.0,16152.0,18,1,1
Male,under25,50560.0,10613.0,21,1,1
Male,25-44,49809.0,21187.0,22,1,1
Female,45plus,31446.0,10663.0,8,1,0
Male,25-44,39869.0,17624.0,13,1,1
Female,25-44,53058.0,9118.0,7,1,1
Male,45plus,41828.0,31594.0,7,1,0
Male,25-44,40690.0,19022.0,11,1,1
Male,25-44,73552.0,15127.0,1,1,1
Male,25-44,30735.0,14242.0,5,1,0
Female,under25,61206.0,12678.0,20,1,1
Male,under25,27680.0,11435.0,4,1,1
Female,under25,54822.0,11270.0,15,1,1
Female,45plus,55622.0,26070.0,19,1,1
Female,25-44,37345.0,12684.0,6,0,1
Male,25-44,26738.0,3223.0,11,0,1
Male,25-44,15444.0,9004.0,21,1,0
Male,25-44,35773.0,21566.0,20,1,1
Female,45plus,52893.0,14486.0,23,1,1
Male,25-44,28836.0,15196.0,15,1,1
Female,25-44,46454.0,23019.0,22,1,1
Female,45plus,22854.0,11337.0,9,1,0
Male,45plus,41492.0,19795.0,15,1,0
Female,45plus,27794.0,11993.0,16,1,0
Male,25-44,43830.0,19455.0,24,1,1
Female,under25,37484.0,13653.0,9,1,0
Male,25-44,27145.0,14551.0,21,1,1
Female,25-44,35117.0,20921.0,12,1,1
Female,45plus,30988.0,20488.0,2,1,0
Female,under25,25291.0,15007.0,16,1,0
Male,25-44,61241.0,13170.0,24,1,1
Female,45plus,39597.0,25595.0,11,1,0
Male,45plus,12000.0,19536.0,13,1,0
Female,25-44,35651.0,13653.0,23,1,1
Male,45plus,58721.0,12081.0,23,1,1
Male,under25,33580.0,22149.0,10,1,0
Male,25-44,67466.0,16692.0,19,1,1
Male,under25,32150.0,15019.0,15,1,1
Male,45plus,52551.0,16690.0,16,1,1
Female,45plus,60550.0,18027.0,18,1,1
Male,under25,51753.0,15660.0,8,1,1
Female,under25,24383.0,23222.0,7,0,0
Male,25-44,30863.0,23556.0,0,0,0
Female,25-44,62551.0,19191.0,21,1,1
Female,45plus,32931.0,24248.0,6,0,0
Male,under25,59635.0,16051.0,16,1,1
Female,45plus,38546.0,20142.0,17,1,0
Female,25-44,47122.0,22027.0,17,1,1
Female,25-44,24208.0,22114.0,21,1,0
Male,under25,35876.0,21496.0,21,1,1
Male,45plus,31870.0,19787.0,0,1,0
Female,25-44,48384.0,27743.0,21,1,1
Male,25-44,46398.0,12762.0,5,1,1
Female,25-44,51940.0,15069.0,16,1,1
Male,45plus,37642.0,14713.0,16,1,1
Female,45plus,31047.0,13792.0,1,1,0
Male,45plus,47741.0,4067.0,7,1,1
Male,25-44,29556.0,24249.0,22,0,1
Female,45plus,61176.0,9844.0,3,1,1
Female,25-44,43282.0,17019.0,5,1,1
Female,45plus,40108.0,7469.0,2,1,1
Female,25-44,51933.0,19724.0,4,0,1
Male,25-44,43855.0,11288.0,15,1,1
Male,45plus,20129.0,9184.0,21,1,1
Male,45plus,29079.0,17166.0,14,1,1
Male,25-44,60866.0,11796.0,7,1,1
Male,25-44,46258.0,12555.0,21,1,1
Female,45plus,19776.0,17031.0,9,0,0
Male,45plus,50282.0,20800.0,7,1,1
Male,45plus,36611.0,11090.0,12,1,1
Male,under25,31883.0,10053.0,3,1,1
Male,25-44,27827.0,16141.0,8,1,1
Male,45plus,59999.0,19236.0,19,1,1
Female,45plus,15518.0,24777.0,15,1,0
Male,45plus,32437.0,9572.0,24,1,1
Female,25-44,46802.0,14092.0,19,1,1
Female,25-44,68675.0,23055.0,9,1,1
Female,25-44,53308.0,27839.0,19,1,1
Female,45plus,32310.0,10041.0,21,1,1
Male,25-44,67940.0,11567.0,15,1,1
Male,25-44,24673.0,18287.0,19,0,1
Male,45plus,48980.0,12534.0,12,1,1
Female,45plus,52317.0,11445.0,22,1,1
Female,25-44,31783.0,17467.0,5,0,0
Male,45plus,55464.0,25297.0,10,1,1
Male,under25,37292.0,8143.0,6,1,1
Female,under25,55427.0,24990.0,2,1,0
Female,25-44,17406.0,12551.0,15,1,0
Female,under25,50025.0,18075.0,2,1,0
Female,45plus,38818.0,25545.0,5,0,0
Female,45plus,62246.0,17952.0,19,1,1
Female,under25,44340.0,14215.0,6,1,1
Male,45plus,63738.0,20309.0,21,1,1
Male,25-44,52614.0,14961.0,1,1,1
Female,45plus,43087.0,19128.0,11,1,0
Female,45plus,56815.0,14772.0,1,1,0
Male,25-44,56911.0,21167.0,1,0,1
Female,under25,52079.0,7635.0,19,1,1
Male,under25,12000.0,9919.0,1,0,0
Female,25-44,30262.0,7546.0,22,1,1
Male,45plus,65762.0,15661.0,14,1,1
Female,25-44,26161.0,6823.0,12,1,1
Male,25-44,58237.0,11849.0,22,1,1
Male,under25,55597.0,9355.0,9,1,1
Male,45plus,34114.0,24878.0,9,1,0
Female,25-44,15072.0,10056.0,10,1,0
Male,45plus,36466.0,8281.0,16,1,1
Male,25-44,76170.0,17490.0,21,1,1
Female,25-44,32051.0,26121.0,13,1,0
Male,under25,33086.0,15304.0,7,1,0
Male,25-44,30036.0,15768.0,22,1,1
Male,25-44,63222.0,23745.0,14,1,1
Female,45plus,41356.0,21269.0,20,1,1
Male,45plus,35611.0,18552.0,10,1,1
Male,25-44,66202.0,12506.0,4,1,1
Male,25-44,53692.0,18736.0,23,1,1
Male,under25,31211.0,7835.0,16,1,1
Male,25-44,26646.0,12258.0,7,0,0
Male,45plus,62373.0,24589.0,21,1,1
Male,45plus,45252.0,23812.0,0,1,1
Male,45plus,21764.0,18625.0,23,1,1
Female,under25,18253.0,4424.0,14,1,1
Male,25-44,28259.0,8751.0,14,1,1
Male,25-44,26408.0,11923.0,0,0,0
Female,45plus,14309.0,14970.0,4,0,0
Female,25-44,28507.0,8498.0,18,1,1
Female,45plus,31214.0,14522.0,13,1,0
Male,under25,38060.0,26604.0,3,0,1
Male,25-44,70394.0,18405.0,16,1,1
Male,45plus,40997.0,17313.0,18,1,1
Male,25-44,42486.0,9895.0,6,1,1
Male,25-44,52639.0,6166.0,17,1,1
Female,25-44,41440.0,8631.0,24,1,1
Male,45plus,51002.0,5924.0,12,1,1
Female,under25,49209.0,16450.0,5,1,1
Male,45plus,46839.0,18303.0,24,1,1
Male,25-44,86497.0,10208.0,22,1,1
Female,25-44,58667.0,16888.0,11,1,1
Female,25-44,28774.0,24814.0,10,0,0
Male,25-44,50553.0,27746.0,20,1,1
Female,45plus,33124.0,20622.0,0,0,0
Male,45plus,51694.0,14951.0,7,0,1
Male,45plus,24372.0,20429.0,13,0,0
Female,45plus,28383.0,24111.0,16,0,0
Male,25-44,50159.0,3957.0,15,1,1
Male,25-44,59965.0,24892.0,9,1,1
Male,45plus,52540.0,12732.0,21,1,1
Male,under25,57812.0,12790.0,16,1,1
Male,45plus,50607.0,13870.0,13,1,1
Male,25-44,47587.0,17921.0,23,1,1
Female,25-44,37445.0,9332.0,2,1,1
Female,25-44,57195.0,14291.0,17,1,1
Male,25-44,60373.0,19152.0,23,1,1
Male,under25,44053.0,17311.0,16,1,1
Female,25-44,43246.0,18285.0,14,0,1
Male,25-44,68871.0,14056.0,9,1,1
Male,25-44,44694.0,20162.0,6,1,1
Female,25-44,46135.0,22338.0,13,1,1
Male,25-44,52263.0,21979.0,22,1,1
Male,25-44,43533.0,18566.0,11,0,1
Male,45plus,32695.0,21633.0,3,0,0
Male,under25,50669.0,21226.0,12,1,1
Male,25-44,44419.0,32059.0,2,0,0
Female,under25,72634.0,23308.0,23,1,1
Male,25-44,56827.0,15468.0,13,1,1
Female,25-44,36068.0,10530.0,5,1,1
Female,25-44,55936.0,14433.0,15,1,1
Male,25-44,49618.0,14009.0,13,1,1
Male,25-44,64641.0,19069.0,12,1,1
Male,under25,37133.0,11798.0,14,1,1
Female,25-44,47830.0,23153.0,23,1,1
Male,25-44,43514.0,7663.0,21,1,1
Female,25-44,45877.0,6205.0,6,1,1
Female,25-44,31722.0,15189.0,5,0,0
Female,45plus,53639.0,10945.0,24,1,1
Female,25-44,51269.0,8451.0,16,1,1
Female,25-44,64278.0,12178.0,0,1,1
Female,25-44,44850.0,11431.0,13,1,1
Female,under25,38822.0,16061.0,2,0,0
Female,25-44,56839.0,12277.0,0,1,1
Female,45plus,33087.0,12765.0,4,1,0
Female,45plus,61275.0,15971.0,6,1,0
Male,25-44,61243.0,22085.0,1,1,0
Female,under25,63859.0,24824.0,20,1,1
Male,45plus,50649.0,16887.0,10,1,1
Female,under25,37703.0,17353.0,13,1,1
Male,25-44,46638.0,14901.0,21,1,1
Female,45plus,50701.0,18887.0,20,1,1
Female,25-44,36598.0,18341.0,20,1,1
Female,under25,64997.0,23955.0,4,1,0
Male,25-44,53701.0,4668.0,18,1,1
Female,25-44,31617.0,14593.0,24,1,1
Female,under25,73243.0,18035.0,0,1,1
Female,25-44,46461.0,15842.0,21,1,1
Female,25-44,28588.0,10365.0,21,1,1
Female,25-44,32546.0,8204.0,21,1,1
Female,25-44,67317.0,20838.0,9,1,1
Male,45plus,72375.0,11458.0,4,1,1
Female,25-44,60142.0,5471.0,18,1,1
Male,45plus,64790.0,21139.0,15,1,1
Female,25-44,63249.0,18754.0,18,1,1
Female,under25,53354.0,15305.0,6,1,1
Male,25-44,49936.0,10513.0,4,1,1
Male,25-44,53098.0,15319.0,22,1,1
Male,25-44,56040.0,23294.0,12,1,1
Female,45plus,33876.0,6312.0,21,1,1
Male,45plus,55979.0,6616.0,23,1,1
Male,45plus,66879.0,12233.0,11,1,1
Female,25-44,41904.0,15840.0,6,1,0
Male,25-44,40301.0,13022.0,22,1,1
Female,25-44,52148.0,19857.0,17,1,1
Male,25-44,35255.0,22533.0,16,1,1
Male,45plus,25248.0,17673.0,23,1,1
Male,45plus,62216.0,19363.0,6,1,1
Male,25-44,38236.0,17633.0,9,1,1
Male,45plus,45277.0,16057.0,0,1,1
Female,45plus,35848.0,8239.0,9,1,0
Male,25-44,64151.0,9832.0,11,1,1
Male,45plus,57798.0,7894.0,11,1,1
Male,under25,41389.0,15109.0,3,1,1
Male,under25,27302.0,17394.0,20,1,1
Female,25-44,39796.0,7304.0,12,1,1
Male,25-44,53552.0,16436.0,10,1,1
Female,25-44,47830.0,10749.0,21,1,1
Male,45plus,46636.0,9585.0,12,1,1
Male,25-44,48175.0,12248.0,22,1,1
Male,25-44,56382.0,9277.0,5,1,1
Male,25-44,44372.0,19640.0,21,1,1
Female,under25,51750.0,14992.0,24,1,1
Male,45plus,30196.0,20891.0,18,1,0
Male,25-44,83308.0,13339.0,22,1,1
Female,45plus,40742.0,13566.0,18,1,1
Female,25-44,48054.0,27240.0,15,1,1
Female,under25,53497.0,6262.0,19,1,1
Female,under25,38838.0,23707.0,24,1,1
Female,under25,45117.0,25927.0,15,1,1
Female,45plus,44935.0,20595.0,17,1,1
Female,25-44,31289.0,14017.0,1,0,0
Male,25-44,51579.0,24561.0,23,1,1
Female,25-44,20262.0,14069.0,19,0,1
Male,45plus,71291.0,11765.0,4,1,1
Female,25-44,56895.0,13670.0,7,1,1
Female,45plus,54587.0,12579.0,5,1,1
Male,45plus,18950.0,10320.0,7,0,0
Female,25-44,33112.0,22660.0,22,1,1
Female,25-44,65840.0,11359.0,11,1,1
Male,25-44,107269.0,15822.0,10,1,1
Male,25-44,62920.0,7337.0,19,1,1
Female,45plus,60554.0,16185.0,9,0,1
Female,25-44,52875.0,9064.0,22,1,1
Male,45plus,32288.0,8917.0,18,1,1
Male,25-44,59928.0,15344.0,6,1,1
Female,25-44,28482.0,22342.0,15,0,1
Male,45plus,26841.0,18642.0,12,1,1
Male,25-44,25897.0,19055.0,8,1,0
Male,under25,59636.0,15220.0,22,1,1
Male,25-44,44139.0,13986.0,9,1,1
Female,25-44,46513.0,20747.0,2,1,0
Female,45plus,44769.0,12621.0,10,1,0
Female,25-44,28114.0,21007.0,12,1,1
Female,45plus,34939.0,23416.0,3,0,0
Male,25-44,35694.0,10952.0,18,1,1
Male,25-44,23921.0,11833.0,5,0,0
Male,under25,37437.0,12726.0,2,0,0
Male,45plus,28780.0,7198.0,13,1,1
Male,25-44,53665.0,13184.0,4,1,1
Male,25-44,54915.0,23809.0,19,1,1
Male,25-44,25595.0,9727.0,1,1,1
Male,25-44,40551.0,23951.0,10,1,1
Female,45plus,72841.0,13399.0,1,1,1
Female,25-44,30289.0,28684.0,9,0,0
Female,45plus,51400.0,11909.0,23,1,1
Female,under25,46583.0,15136.0,16,1,1
Female,under25,61393.0,10539.0,13,1,1
Male,25-44,49432.0,11874.0,3,1,1
Female,45plus,38531.0,24029.0,7,0,1
Male,25-44,46001.0,18847.0,9,1,1
Male,25-44,46221.0,22173.0,14,1,1
Male,25-44,43625.0,8106.0,5,1,1
Male,25-44,25213.0,19929.0,24,1,1
Male,25-44,63646.0,10171.0,16,1,1
Female,45plus,60997.0,7976.0,7,1,1
Female,25-44,29337.0,17433.0,2,0,0
Female,25-44,40489.0,17371.0,14,1,1
Female,25-44,41624.0,16320.0,11,1,1
Male,25-44,27652.0,20305.0,16,0,1
Male,25-44,16998.0,21241.0,14,1,0
Female,45plus,34941.0,24818.0,16,1,0
Male,25-44,39654.0,8858.0,20,1,1
Male,45plus,23381.0,25012.0,13,1,0
Male,under25,47655.0,27294.0,18,1,1
Female,45plus,62443.0,13803.0,8,1,1
Female,under25,57632.0,5989.0,23,1,1
Male,45plus,43100.0,7699.0,10,0,1
Female,25-44,17394.0,13229.0,16,1,0
Male,under25,55736.0,28085.0,24,1,1
Male,25-44,47196.0,16102.0,8,1,1
Male,25-44,51365.0,12297.0,2,1,1
Male,25-44,74042.0,11888.0,5,1,1
Female,25-44,32628.0,8064.0,6,1,1
Male,45plus,12000.0,21247.0,1,0,0
Female,45plus,29198.0,15448.0,13,1,0
Male,25-44,52291.0,28599.0,6,1,1
Female,45plus,45404.0,19769.0,2,0,1
Female,25-44,26765.0,20980.0,3,1,0
Female,under25,23704.0,14547.0,6,1,0
Female,25-44,39681.0,9454.0,9,1,1
Female,under25,26309.0,10759.0,24,1,1
Male,25-44,52810.0,7785.0,17,1,1
Female,25-44,38829.0,21462.0,17,1,1
Female,25-44,35593.0,13691.0,17,1,1
Male,25-44,33626.0,21715.0,20,1,1
Male,45plus,48947.0,16815.0,7,0,1
Male,25-44,45639.0,14243.0,2,1,1
Male,45plus,48029.0,8982.0,12,1,1
Male,25-44,47702.0,17810.0,0,1,1
Male,25-44,43917.0,14688.0,5,1,1
Female,25-44,29503.0,21413.0,18,0,0
Male,45plus,34044.0,11708.0,12,1,1
Female,under25,39080.0,19697.0,17,1,1
Male,25-44,75978.0,25845.0,12,1,1
Female,45plus,24767.0,17635.0,13,1,0
Male,45plus,38715.0,20712.0,7,1,0
Male,25-44,46474.0,19431.0,5,1,1
Male,under25,40450.0,27389.0,6,0,0
Female,under25,61110.0,18229.0,19,1,1
Male,25-44,40373.0,20200.0,24,1,1
Female,45plus,41482.0,15782.0,2,0,0
Male,25-44,57219.0,11354.0,13,1,1
Female,under25,72161.0,8751.0,11,1,1
Male,under25,66112.0,23602.0,14,1,1
Female,25-44,42950.0,9950.0,5,1,1
Male,25-44,44257.0,20475.0,0,0,1
Male,under25,45701.0,18496.0,5,0,0
Male,under25,47205.0,21507.0,4,1,1
Male,25-44,32290.0,12912.0,1,1,0
Male,under25,59049.0,11256.0,8,1,1
Female,25-44,48099.0,18270.0,17,1,1
Male,under25,44327.0,14246.0,24,1,1
Male,25-44,25933.0,8614.0,16,1,1
Female,45plus,45934.0,27631.0,4,0,0
Male,45plus,16602.0,11252.0,9,1,0
Male,45plus,36275.0,10038.0,7,1,0
Female,25-44,36554.0,14547.0,5,1,0
Female,under25,49305.0,23517.0,24,1,1
Female,25-44,73198.0,3000.0,16,1,1
Male,45plus,53579.0,23019.0,12,1,1
Female,under25,66726.0,10531.0,10,1,1
Male,25-44,54678.0,17587.0,7,1,1
Female,25-44,61876.0,11944.0,10,1,1
Female,25-44,72857.0,27952.0,15,1,1
Female,45plus,34022.0,16748.0,23,1,0
Male,25-44,33043.0,11751.0,12,1,1
Male,25-44,55032.0,14193.0,4,1,1
Female,45plus,44945.0,16538.0,23,1,1
Male,under25,48305.0,17066.0,7,1,1
Male,under25,41270.0,18633.0,2,1,1
Female,25-44,36056.0,15992.0,13,1,0
Female,25-44,69311.0,7737.0,19,1,1
Male,25-44,28502.0,13958.0,6,0,1
Male,under25,55296.0,19640.0,6,1,1
Male,45plus,52863.0,11981.0,7,1,1
Male,25-44,21315.0,20037.0,20,1,1
Male,25-44,32538.0,16190.0,23,1,1
Female,25-44,35060.0,14694.0,21,1,1
Female,45plus,53469.0,23165.0,5,0,0
Male,25-44,39494.0,5571.0,21,1,1
Male,45plus,43716.0,11948.0,7,1,0
Female,under25,23135.0,23395.0,21,1,0
Female,25-44,79889.0,26980.0,24,1,1
Female,45plus,46068.0,29716.0,17,1,1
Male,25-44,52485.0,16302.0,23,1,1
Female,25-44,36891.0,18747.0,3,0,0
Male,45plus,35211.0,20905.0,16,1,1
Male,under25,73690.0,23650.0,1,1,1
Female,25-44,16249.0,17879.0,16,0,0
Male,45plus,49180.0,21557.0,8,0,1
Male,45plus,26827.0,18759.0,24,1,1
Male,45plus,38925.0,19133.0,12,1,1
Male,45plus,35429.0,10490.0,19,1,1
Male,under25,30210.0,14025.0,7,1,1
Female,45plus,45532.0,12863.0,1,0,0
Male,25-44,12000.0,8867.0,18,0,1
Male,25-44,40268.0,6090.0,5,1,1
Female,25-44,43646.0,13458.0,18,1,1
Male,45plus,24611.0,14417.0,11,0,0
Female,25-44,67698.0,16630.0,24,1,1
Male,45plus,36083.0,19334.0,8,0,0
Female,under25,41438.0,17129.0,10,1,1
Male,under25,36117.0,14459.0,18,1,1
Female,25-44,43777.0,10509.0,19,1,1
Male,under25,64622.0,21262.0,3,1,1
Female,25-44,82095.0,15389.0,18,1,1
Male,25-44,56185.0,13397.0,12,1,1
Female,25-44,61320.0,14881.0,24,1,1
Male,under25,70746.0,11604.0,15,1,1
Male,under25,48733.0,12816.0,19,1,1
Male,25-44,68554.0,12625.0,8,1,1
Male,25-44,56886.0,14276.0,7,1,1
Male,25-44,47160.0,19935.0,19,1,1
Female,25-44,50255.0,18443.0,0,1,1
Male,25-44,17679.0,25280.0,14,0,0
Male,25-44,49382.0,23270.0,24,1,1
Male,under25,21844.0,27739.0,24,1,1
Male,25-44,20621.0,19355.0,17,0,1
Male,25-44,47893.0,19259.0,12,1,1
Female,25-44,28289.0,13076.0,20,1,1
Male,25-44,44893.0,20956.0,0,0,1
Female,25-44,47077.0,12063.0,19,1,1
Male,45plus,47746.0,7177.0,4,1,1
Male,25-44,31438.0,25158.0,18,1,0
Female,25-44,58480.0,8505.0,8,1,1
Male,45plus,43661.0,18633.0,18,1,1
Male,25-44,51616.0,10718.0,15,1,1
Female,25-44,27053.0,22760.0,23,1,1
Female,45plus,42325.0,23578.0,19,1,1
Female,under25,61459.0,19175.0,22,1,1
Male,45plus,59553.0,23478.0,3,1,0
Female,25-44,33041.0,16044.0,9,1,1
Female,25-44,36817.0,29405.0,10,0,0
Female,25-44,30170.0,20477.0,0,0,0
Male,under25,35154.0,10597.0,0,1,1
Male,45plus,24014.0,16418.0,0,0,0
Male,under25,42927.0,15085.0,19,1,1
Male,25-44,54497.0,14497.0,11,1,1
Female,25-44,33224.0,6057.0,18,1,1
Male,45plus,43641.0,18321.0,20,1,1
Male,under25,41693.0,7685.0,0,0,1
Male,45plus,60827.0,2000.0,21,1,1
Male,25-44,35826.0,13936.0,5,1,1
Male,45plus,36372.0,11465.0,10,1,1
Male,under25,32310.0,10831.0,24,1,1
Male,under25,27937.0,2000.0,7,1,1
Female,25-44,52938.0,10895.0,23,1,1
Male,under25,42973.0,14958.0,12,1,1
Male,25-44,45822.0,12195.0,0,1,1
Male,under25,64120.0,18324.0,20,1,1
Male,45plus,64981.0,24356.0,1,1,1
Male,45plus,20306.0,19098.0,15,0,1
Male,45plus,54718.0,22158.0,11,1,1
Male,45plus,48385.0,22655.0,3,0,0
Male,45plus,38076.0,9887.0,12,0,1
Female,25-44,49915.0,18635.0,9,0,1
Male,25-44,19104.0,21971.0,2,0,0
Male,45plus,66940.0,13384.0,13,1,1
Female,45plus,52724.0,11256.0,1,1,0
Male,45plus,32022.0,19182.0,13,1,1
Male,45plus,36219.0,7110.0,5,1,0
Male,25-44,19453.0,9472.0,20,1,1
Male,45plus,40291.0,11999.0,23,1,1
Male,45plus,37759.0,18703.0,23,1,1
Female,25-44,25123.0,17313.0,23,1,1
Female,45plus,56651.0,22194.0,2,1,0
Female,25-44,64152.0,10469.0,12,1,1
Male,45plus,44590.0,10147.0,5,1,0
Male,under25,40415.0,19143.0,2,0,1
Male,45plus,51525.0,11208.0,9,1,1
Male,under25,44705.0,12379.0,10,1,1
Male,25-44,28767.0,4859.0,7,1,1
Male,under25,35210.0,17745.0,2,1,1
Male,25-44,40553.0,25248.0,10,0,1
Male,25-44,48723.0,9824.0,3,1,1
Male,45plus,45140.0,22130.0,1,1,0
